variant,rebalance,model,absolute_filter,core_share,tilt_share,cost_bps,full_total_return,full_cagr,full_volatility,full_sharpe,full_sortino,full_max_drawdown,full_calmar,pre2018_total_return,pre2018_cagr,pre2018_volatility,pre2018_sharpe,pre2018_sortino,pre2018_max_drawdown,pre2018_calmar,holdout_total_return,holdout_cagr,holdout_volatility,holdout_sharpe,holdout_sortino,holdout_max_drawdown,holdout_calmar,2009_2013_cagr,2009_2013_sharpe,2009_2013_max_drawdown,2014_2017_cagr,2014_2017_sharpe,2014_2017_max_drawdown,2018_2021_cagr,2018_2021_sharpe,2018_2021_max_drawdown,2022_2026_cagr,2022_2026_sharpe,2022_2026_max_drawdown,cash_exposure_mean_weight,annualized_turnover,full_cagr_alpha_vs_same_freq_ew,holdout_cagr_alpha_vs_same_freq_ew,full_mdd_improvement_vs_same_freq_ew,holdout_mdd_improvement_vs_same_freq_ew,positive_era_count,worst_era_cagr,median_era_sharpe,robustness_score
monthly_classic_6_12minus1_top3_ma200_r12_core050_0bp,monthly,classic_6_12minus1,ma200_r12,0.5,0.5,0.0,5.89645236464522,0.11806348468627026,0.1858511889707068,0.7105310068725134,0.9169735746092154,-0.3107850245361726,0.37988794621771976,1.465539268197309,0.10979316292430807,0.18359263895403283,0.6732530246316515,0.878967750532663,-0.255434694652788,0.4298287007313151,1.7971375080501786,0.12667207599276176,0.18810209674892409,0.7473695123568431,0.9542362765241831,-0.31078502453617196,0.40758745110647543,0.1264174974778649,0.7342308130131961,-0.255434694652788,0.09115684212108688,0.5968330343203073,-0.23906341976731238,0.024881970874252923,0.23737175196212604,-0.31078502453617196,0.22292965089028915,1.098596440877282,-0.2488139834367621,0.0787117004463893,2.9039115251835494,0.0032832794940322874,0.008152845866705727,0.04388333583969706,0.0438833358396965,4,0.024881970874252923,0.6655319236667517,10.815766459203932
monthly_classic_6_12minus1_top3_ma200_r12_core075_0bp,monthly,classic_6_12minus1,ma200_r12,0.75,0.25,0.0,5.767263268422963,0.11684224109386365,0.1844547289884631,0.7083245139326888,0.929180192790062,-0.329107422275534,0.3550276693426909,1.48851151988441,0.11098195120335563,0.18754555813216836,0.6688323219487392,0.8866139930894416,-0.25700635761105517,0.4318257035933407,1.7194020258091114,0.12299604597789782,0.18128058487064352,0.7497796165072381,0.9730952922840479,-0.3291074222755349,0.3737261381936358,0.12388892298943732,0.7203876324199584,-0.2549002524366758,0.096589931641615,0.6060837757866177,-0.2570063576110553,0.020026886473674343,0.2058831019383955,-0.3291074222755349,0.220484327945478,1.158328687643985,-0.23270533569484553,0.03934136156422066,1.631005494975388,0.0020620359016256806,0.004476815851841787,0.02556093810033566,0.025560938100333552,4,0.020026886473674343,0.663235704103288,10.742070930779958
monthly_classic_6_12minus1_top3_ma200_r12_core075_10bp,monthly,classic_6_12minus1,ma200_r12,0.75,0.25,10.0,5.583889248015512,0.11507051480169483,0.18444379075872525,0.6995086705384379,0.9176167143211108,-0.33088109047263836,0.34776999385889773,1.4529522091358804,0.10913763561335799,0.1875351443088188,0.6597848901101132,0.8746687937501599,-0.25809480646715544,0.4228587049358027,1.684067477341877,0.12129431202893803,0.18126907940633238,0.7412034945126237,0.9618726562842632,-0.3308810904726367,0.36657976391361313,0.12233719025897849,0.7130015549734038,-0.2568599165758517,0.09440154867963857,0.5949909964748553,-0.2580948064671561,0.01871429516560741,0.1979425640990592,-0.3308810904726367,0.21838900471614942,1.1491760482952742,-0.232733764861366,0.03934136156422066,1.631005494975388,0.000717830193553981,0.00314171926149176,0.02416644161581505,0.02416644161581538,4,0.01871429516560741,0.6539962757241295,10.688854458602451
monthly_classic_6_12minus1_top3_ma200_r12_core025_0bp,monthly,classic_6_12minus1,ma200_r12,0.25,0.75,0.0,5.937131413391438,0.11844356970362413,0.19212430100867828,0.6954279976157538,0.8781198514355082,-0.2964692819752138,0.39951380093916966,1.4261730060732773,0.1077330309880653,0.1846796031244843,0.6600503368671237,0.8410215797779101,-0.25964714488636587,0.4149209152105812,1.8592896697911403,0.12954677365806244,0.1993549563846678,0.7295043065043033,0.9164033749336291,-0.29646928197521416,0.4369652491312506,0.12786944047142512,0.7271821783232659,-0.25964714488636587,0.08511042602113772,0.5735443310891574,-0.24419251108822881,0.028954658466378014,0.26238410410511137,-0.29646928197521416,0.22456172318486223,1.0332328116399034,-0.2655121316333723,0.11812832469612242,4.165609983603311,0.003663364511386158,0.011027543532006412,0.05819907840065586,0.0581990784006543,4,0.028954658466378014,0.6503632547062117,10.797501381175417
monthly_classic_6_12minus1_top3_ma200_r12_core050_10bp,monthly,classic_6_12minus1,ma200_r12,0.5,0.5,10.0,5.567229194183002,0.11490725185821304,0.18582697091693287,0.6949639091976952,0.8967443847216735,-0.3130126085118141,0.36710103278116374,1.40403671951871,0.10656156164074271,0.1835693678766936,0.6570446638571565,0.8575882469468765,-0.25885874933961805,0.41165910718720133,1.7317507843631472,0.12358616234698117,0.18807691248689126,0.7324321477763701,0.9350998606603537,-0.313012608511812,0.39482806438551965,0.1238990762576806,0.7222329973810842,-0.25885874933961805,0.08709968094902276,0.5752017954135381,-0.24020654548149012,0.02251441932144882,0.2226883913388182,-0.313012608511812,0.21911822616437648,1.083182470116977,-0.24884079685876148,0.0787117004463893,2.9039115251835494,0.000554567250072191,0.0054335695795348915,0.042034923576639294,0.04203492357664007,4,0.02251441932144882,0.6487173963973112,10.719360490776577
monthly_classic_6_12minus1_top3_none_core100_0bp,monthly,classic_6_12minus1,none,1.0,0.0,0.0,5.554292295073818,0.11478020519223797,0.1880858186322828,0.6880683096844511,0.9142388432762099,-0.3546683603758697,0.3236268526197162,1.4946720512175404,0.11129910085312944,0.19629679776232387,0.649061409817554,0.8678685513433491,-0.27983797458467374,0.39772693830533856,1.6273162004901494,0.11851923012605603,0.17941626805235686,0.7326097875642879,0.9693665205190864,-0.35466836037586846,0.3341691658101455,0.12030051990015544,0.687249120809397,-0.25553847418701514,0.10139463300691531,0.6037445592682752,-0.27983797458467274,0.014394118815186374,0.1716934578340231,-0.35466836037586846,0.21722252231506278,1.2025974888342748,-0.21853505751000957,0.0,0.3940620233842833,0.0,0.0,0.0,0.0,4,0.014394118815186374,0.6454968400388361,10.570165499453816
monthly_classic_6_12minus1_top3_ma200_core100_0bp,monthly,classic_6_12minus1,ma200,1.0,0.0,0.0,5.554292295073818,0.11478020519223797,0.1880858186322828,0.6880683096844511,0.9142388432762099,-0.3546683603758697,0.3236268526197162,1.4946720512175404,0.11129910085312944,0.19629679776232387,0.649061409817554,0.8678685513433491,-0.27983797458467374,0.39772693830533856,1.6273162004901494,0.11851923012605603,0.17941626805235686,0.7326097875642879,0.9693665205190864,-0.35466836037586846,0.3341691658101455,0.12030051990015544,0.687249120809397,-0.25553847418701514,0.10139463300691531,0.6037445592682752,-0.27983797458467274,0.014394118815186374,0.1716934578340231,-0.35466836037586846,0.21722252231506278,1.2025974888342748,-0.21853505751000957,0.0,0.3940620233842833,0.0,0.0,0.0,0.0,4,0.014394118815186374,0.6454968400388361,10.570165499453816
monthly_classic_6_12minus1_top3_ma200_r12_core100_0bp,monthly,classic_6_12minus1,ma200_r12,1.0,0.0,0.0,5.554292295073818,0.11478020519223797,0.1880858186322828,0.6880683096844511,0.9142388432762099,-0.3546683603758697,0.3236268526197162,1.4946720512175404,0.11129910085312944,0.19629679776232387,0.649061409817554,0.8678685513433491,-0.27983797458467374,0.39772693830533856,1.6273162004901494,0.11851923012605603,0.17941626805235686,0.7326097875642879,0.9693665205190864,-0.35466836037586846,0.3341691658101455,0.12030051990015544,0.687249120809397,-0.25553847418701514,0.10139463300691531,0.6037445592682752,-0.27983797458467274,0.014394118815186374,0.1716934578340231,-0.35466836037586846,0.21722252231506278,1.2025974888342748,-0.21853505751000957,0.0,0.3940620233842833,0.0,0.0,0.0,0.0,4,0.014394118815186374,0.6454968400388361,10.570165499453816
monthly_long_6_12_top3_none_core100_0bp,monthly,long_6_12,none,1.0,0.0,0.0,5.554292295073818,0.11478020519223797,0.1880858186322828,0.6880683096844511,0.9142388432762099,-0.3546683603758697,0.3236268526197162,1.4946720512175404,0.11129910085312944,0.19629679776232387,0.649061409817554,0.8678685513433491,-0.27983797458467374,0.39772693830533856,1.6273162004901494,0.11851923012605603,0.17941626805235686,0.7326097875642879,0.9693665205190864,-0.35466836037586846,0.3341691658101455,0.12030051990015544,0.687249120809397,-0.25553847418701514,0.10139463300691531,0.6037445592682752,-0.27983797458467274,0.014394118815186374,0.1716934578340231,-0.35466836037586846,0.21722252231506278,1.2025974888342748,-0.21853505751000957,0.0,0.3940620233842833,0.0,0.0,0.0,0.0,4,0.014394118815186374,0.6454968400388361,10.570165499453816
monthly_long_6_12_top3_ma200_core100_0bp,monthly,long_6_12,ma200,1.0,0.0,0.0,5.554292295073818,0.11478020519223797,0.1880858186322828,0.6880683096844511,0.9142388432762099,-0.3546683603758697,0.3236268526197162,1.4946720512175404,0.11129910085312944,0.19629679776232387,0.649061409817554,0.8678685513433491,-0.27983797458467374,0.39772693830533856,1.6273162004901494,0.11851923012605603,0.17941626805235686,0.7326097875642879,0.9693665205190864,-0.35466836037586846,0.3341691658101455,0.12030051990015544,0.687249120809397,-0.25553847418701514,0.10139463300691531,0.6037445592682752,-0.27983797458467274,0.014394118815186374,0.1716934578340231,-0.35466836037586846,0.21722252231506278,1.2025974888342748,-0.21853505751000957,0.0,0.3940620233842833,0.0,0.0,0.0,0.0,4,0.014394118815186374,0.6454968400388361,10.570165499453816
monthly_long_6_12_top3_ma200_r12_core100_0bp,monthly,long_6_12,ma200_r12,1.0,0.0,0.0,5.554292295073818,0.11478020519223797,0.1880858186322828,0.6880683096844511,0.9142388432762099,-0.3546683603758697,0.3236268526197162,1.4946720512175404,0.11129910085312944,0.19629679776232387,0.649061409817554,0.8678685513433491,-0.27983797458467374,0.39772693830533856,1.6273162004901494,0.11851923012605603,0.17941626805235686,0.7326097875642879,0.9693665205190864,-0.35466836037586846,0.3341691658101455,0.12030051990015544,0.687249120809397,-0.25553847418701514,0.10139463300691531,0.6037445592682752,-0.27983797458467274,0.014394118815186374,0.1716934578340231,-0.35466836037586846,0.21722252231506278,1.2025974888342748,-0.21853505751000957,0.0,0.3940620233842833,0.0,0.0,0.0,0.0,4,0.014394118815186374,0.6454968400388361,10.570165499453816
monthly_classic_6_12minus1_top3_ma200_r12_core075_20bp,monthly,classic_6_12minus1,ma200_r12,0.75,0.25,20.0,5.405446786208065,0.11330122378074936,0.18443468065937366,0.6906849352662575,0.9059287531353114,-0.3326503416676818,0.3406015554132136,1.4178927999407587,0.10729594720477809,0.18752682006115678,0.6507292023756885,0.8625361553889886,-0.25918183238666603,0.41397942987263975,1.6491855992809308,0.11959484078007576,0.1812591293466527,0.7326199970189419,0.9506376612164515,-0.3326503416676796,0.3595211722330109,0.12078721654143632,0.7056089328659176,-0.25881478714071526,0.0922170378014624,0.5838874636877783,-0.25918183238666637,0.01740318554192366,0.18999819926922576,-0.3326503416676796,0.21629685215828975,1.1400126819688567,-0.23276219402788634,0.03934136156422066,1.631005494975388,-0.0006240283453260442,0.0018087766441063913,0.022776148582895117,0.022776148582898448,4,0.01740318554192366,0.6447481982768479,10.635637435742575
monthly_classic_6_12minus1_top3_none_core100_10bp,monthly,classic_6_12minus1,none,1.0,0.0,10.0,5.510934888131941,0.11435268460814085,0.18808671031849994,0.6859699201309892,0.9114867333981235,-0.3550475320884534,0.32207711439507214,1.485186156250744,0.11081046979002718,0.19629776553171008,0.6467643689942233,0.8648756907022641,-0.2799534508551884,0.3958174812688633,1.6198982606416141,0.11815259276744627,0.17941707246855848,0.7307263966475113,0.9668389193679046,-0.3550475320884521,0.33277964804445176,0.1196716416020911,0.6843367684992018,-0.25609868412163195,0.10106518030136713,0.6021774637120273,-0.2799534508551871,0.014097528365708323,0.16999041671374432,-0.3550475320884521,0.2167851995031449,1.2005545069661685,-0.21856492342265588,0.0,0.3940620233842833,0.0,0.0,0.0,0.0,4,0.014097528365708323,0.6432571161056145,10.56120660372093
monthly_classic_6_12minus1_top3_ma200_core100_10bp,monthly,classic_6_12minus1,ma200,1.0,0.0,10.0,5.510934888131941,0.11435268460814085,0.18808671031849994,0.6859699201309892,0.9114867333981235,-0.3550475320884534,0.32207711439507214,1.485186156250744,0.11081046979002718,0.19629776553171008,0.6467643689942233,0.8648756907022641,-0.2799534508551884,0.3958174812688633,1.6198982606416141,0.11815259276744627,0.17941707246855848,0.7307263966475113,0.9668389193679046,-0.3550475320884521,0.33277964804445176,0.1196716416020911,0.6843367684992018,-0.25609868412163195,0.10106518030136713,0.6021774637120273,-0.2799534508551871,0.014097528365708323,0.16999041671374432,-0.3550475320884521,0.2167851995031449,1.2005545069661685,-0.21856492342265588,0.0,0.3940620233842833,0.0,0.0,0.0,0.0,4,0.014097528365708323,0.6432571161056145,10.56120660372093
monthly_classic_6_12minus1_top3_ma200_r12_core100_10bp,monthly,classic_6_12minus1,ma200_r12,1.0,0.0,10.0,5.510934888131941,0.11435268460814085,0.18808671031849994,0.6859699201309892,0.9114867333981235,-0.3550475320884534,0.32207711439507214,1.485186156250744,0.11081046979002718,0.19629776553171008,0.6467643689942233,0.8648756907022641,-0.2799534508551884,0.3958174812688633,1.6198982606416141,0.11815259276744627,0.17941707246855848,0.7307263966475113,0.9668389193679046,-0.3550475320884521,0.33277964804445176,0.1196716416020911,0.6843367684992018,-0.25609868412163195,0.10106518030136713,0.6021774637120273,-0.2799534508551871,0.014097528365708323,0.16999041671374432,-0.3550475320884521,0.2167851995031449,1.2005545069661685,-0.21856492342265588,0.0,0.3940620233842833,0.0,0.0,0.0,0.0,4,0.014097528365708323,0.6432571161056145,10.56120660372093
monthly_long_6_12_top3_none_core100_10bp,monthly,long_6_12,none,1.0,0.0,10.0,5.510934888131941,0.11435268460814085,0.18808671031849994,0.6859699201309892,0.9114867333981235,-0.3550475320884534,0.32207711439507214,1.485186156250744,0.11081046979002718,0.19629776553171008,0.6467643689942233,0.8648756907022641,-0.2799534508551884,0.3958174812688633,1.6198982606416141,0.11815259276744627,0.17941707246855848,0.7307263966475113,0.9668389193679046,-0.3550475320884521,0.33277964804445176,0.1196716416020911,0.6843367684992018,-0.25609868412163195,0.10106518030136713,0.6021774637120273,-0.2799534508551871,0.014097528365708323,0.16999041671374432,-0.3550475320884521,0.2167851995031449,1.2005545069661685,-0.21856492342265588,0.0,0.3940620233842833,0.0,0.0,0.0,0.0,4,0.014097528365708323,0.6432571161056145,10.56120660372093
monthly_long_6_12_top3_ma200_core100_10bp,monthly,long_6_12,ma200,1.0,0.0,10.0,5.510934888131941,0.11435268460814085,0.18808671031849994,0.6859699201309892,0.9114867333981235,-0.3550475320884534,0.32207711439507214,1.485186156250744,0.11081046979002718,0.19629776553171008,0.6467643689942233,0.8648756907022641,-0.2799534508551884,0.3958174812688633,1.6198982606416141,0.11815259276744627,0.17941707246855848,0.7307263966475113,0.9668389193679046,-0.3550475320884521,0.33277964804445176,0.1196716416020911,0.6843367684992018,-0.25609868412163195,0.10106518030136713,0.6021774637120273,-0.2799534508551871,0.014097528365708323,0.16999041671374432,-0.3550475320884521,0.2167851995031449,1.2005545069661685,-0.21856492342265588,0.0,0.3940620233842833,0.0,0.0,0.0,0.0,4,0.014097528365708323,0.6432571161056145,10.56120660372093
monthly_long_6_12_top3_ma200_r12_core100_10bp,monthly,long_6_12,ma200_r12,1.0,0.0,10.0,5.510934888131941,0.11435268460814085,0.18808671031849994,0.6859699201309892,0.9114867333981235,-0.3550475320884534,0.32207711439507214,1.485186156250744,0.11081046979002718,0.19629776553171008,0.6467643689942233,0.8648756907022641,-0.2799534508551884,0.3958174812688633,1.6198982606416141,0.11815259276744627,0.17941707246855848,0.7307263966475113,0.9668389193679046,-0.3550475320884521,0.33277964804445176,0.1196716416020911,0.6843367684992018,-0.25609868412163195,0.10106518030136713,0.6021774637120273,-0.2799534508551871,0.014097528365708323,0.16999041671374432,-0.3550475320884521,0.2167851995031449,1.2005545069661685,-0.21856492342265588,0.0,0.3940620233842833,0.0,0.0,0.0,0.0,4,0.014097528365708323,0.6432571161056145,10.56120660372093
monthly_classic_6_12minus1_top3_none_core100_20bp,monthly,classic_6_12minus1,none,1.0,0.0,20.0,5.467856674620955,0.1139252521260754,0.18808796996107996,0.6838702126161988,0.9087055950044457,-0.35542649025057693,0.3205311231747462,1.475733632714093,0.11032191387616108,0.19629938422937354,0.6444652137679492,0.8618476372563814,-0.28006891198294004,0.3939098884451737,1.6125010336957626,0.11778606413596937,0.17941793295236863,0.7288427948575888,0.9643108553490379,-0.35542649025057804,0.33139359999005535,0.11904286297306022,0.6814204752360874,-0.25665849104026384,0.10073581682137811,0.6006102275262319,-0.28006891198294037,0.013801016506697295,0.16828732524118806,-0.35542649025057804,0.21634801897615819,1.1985111348099509,-0.21859478933530185,0.0,0.3940620233842833,0.0,0.0,0.0,0.0,4,0.013801016506697295,0.6410153513811596,10.55223954482311
monthly_classic_6_12minus1_top3_ma200_core100_20bp,monthly,classic_6_12minus1,ma200,1.0,0.0,20.0,5.467856674620955,0.1139252521260754,0.18808796996107996,0.6838702126161988,0.9087055950044457,-0.35542649025057693,0.3205311231747462,1.475733632714093,0.11032191387616108,0.19629938422937354,0.6444652137679492,0.8618476372563814,-0.28006891198294004,0.3939098884451737,1.6125010336957626,0.11778606413596937,0.17941793295236863,0.7288427948575888,0.9643108553490379,-0.35542649025057804,0.33139359999005535,0.11904286297306022,0.6814204752360874,-0.25665849104026384,0.10073581682137811,0.6006102275262319,-0.28006891198294037,0.013801016506697295,0.16828732524118806,-0.35542649025057804,0.21634801897615819,1.1985111348099509,-0.21859478933530185,0.0,0.3940620233842833,0.0,0.0,0.0,0.0,4,0.013801016506697295,0.6410153513811596,10.55223954482311
monthly_classic_6_12minus1_top3_ma200_r12_core100_20bp,monthly,classic_6_12minus1,ma200_r12,1.0,0.0,20.0,5.467856674620955,0.1139252521260754,0.18808796996107996,0.6838702126161988,0.9087055950044457,-0.35542649025057693,0.3205311231747462,1.475733632714093,0.11032191387616108,0.19629938422937354,0.6444652137679492,0.8618476372563814,-0.28006891198294004,0.3939098884451737,1.6125010336957626,0.11778606413596937,0.17941793295236863,0.7288427948575888,0.9643108553490379,-0.35542649025057804,0.33139359999005535,0.11904286297306022,0.6814204752360874,-0.25665849104026384,0.10073581682137811,0.6006102275262319,-0.28006891198294037,0.013801016506697295,0.16828732524118806,-0.35542649025057804,0.21634801897615819,1.1985111348099509,-0.21859478933530185,0.0,0.3940620233842833,0.0,0.0,0.0,0.0,4,0.013801016506697295,0.6410153513811596,10.55223954482311
monthly_long_6_12_top3_none_core100_20bp,monthly,long_6_12,none,1.0,0.0,20.0,5.467856674620955,0.1139252521260754,0.18808796996107996,0.6838702126161988,0.9087055950044457,-0.35542649025057693,0.3205311231747462,1.475733632714093,0.11032191387616108,0.19629938422937354,0.6444652137679492,0.8618476372563814,-0.28006891198294004,0.3939098884451737,1.6125010336957626,0.11778606413596937,0.17941793295236863,0.7288427948575888,0.9643108553490379,-0.35542649025057804,0.33139359999005535,0.11904286297306022,0.6814204752360874,-0.25665849104026384,0.10073581682137811,0.6006102275262319,-0.28006891198294037,0.013801016506697295,0.16828732524118806,-0.35542649025057804,0.21634801897615819,1.1985111348099509,-0.21859478933530185,0.0,0.3940620233842833,0.0,0.0,0.0,0.0,4,0.013801016506697295,0.6410153513811596,10.55223954482311
monthly_long_6_12_top3_ma200_core100_20bp,monthly,long_6_12,ma200,1.0,0.0,20.0,5.467856674620955,0.1139252521260754,0.18808796996107996,0.6838702126161988,0.9087055950044457,-0.35542649025057693,0.3205311231747462,1.475733632714093,0.11032191387616108,0.19629938422937354,0.6444652137679492,0.8618476372563814,-0.28006891198294004,0.3939098884451737,1.6125010336957626,0.11778606413596937,0.17941793295236863,0.7288427948575888,0.9643108553490379,-0.35542649025057804,0.33139359999005535,0.11904286297306022,0.6814204752360874,-0.25665849104026384,0.10073581682137811,0.6006102275262319,-0.28006891198294037,0.013801016506697295,0.16828732524118806,-0.35542649025057804,0.21634801897615819,1.1985111348099509,-0.21859478933530185,0.0,0.3940620233842833,0.0,0.0,0.0,0.0,4,0.013801016506697295,0.6410153513811596,10.55223954482311
monthly_long_6_12_top3_ma200_r12_core100_20bp,monthly,long_6_12,ma200_r12,1.0,0.0,20.0,5.467856674620955,0.1139252521260754,0.18808796996107996,0.6838702126161988,0.9087055950044457,-0.35542649025057693,0.3205311231747462,1.475733632714093,0.11032191387616108,0.19629938422937354,0.6444652137679492,0.8618476372563814,-0.28006891198294004,0.3939098884451737,1.6125010336957626,0.11778606413596937,0.17941793295236863,0.7288427948575888,0.9643108553490379,-0.35542649025057804,0.33139359999005535,0.11904286297306022,0.6814204752360874,-0.25665849104026384,0.10073581682137811,0.6006102275262319,-0.28006891198294037,0.013801016506697295,0.16828732524118806,-0.35542649025057804,0.21634801897615819,1.1985111348099509,-0.21859478933530185,0.0,0.3940620233842833,0.0,0.0,0.0,0.0,4,0.013801016506697295,0.6410153513811596,10.55223954482311
monthly_long_6_12_top3_ma200_r12_core075_0bp,monthly,long_6_12,ma200_r12,0.75,0.25,0.0,5.587551965850322,0.115106356008984,0.18607407181020177,0.6951903280031336,0.9085014199991699,-0.3405656539919638,0.33798580291276265,1.3957963491308858,0.1061230367157191,0.18851918226520664,0.6425381767362794,0.8501605203840641,-0.275175289198222,0.38565612858963355,1.7496293531960911,0.12443636935254387,0.18357129434181355,0.7499043778373785,0.9677440438901146,-0.34056565399196514,0.3653814408292613,0.11446505080077851,0.6741633723127296,-0.275175289198222,0.09695238292027275,0.6043150500536074,-0.2596845081618496,0.014575089808650521,0.17278572492174096,-0.34056565399196514,0.2290703164947554,1.1795525702775076,-0.2327053356948453,0.03697485449952379,2.0126723842040635,0.0003261508167460292,0.005917139226487844,0.014102706383905872,0.014102706383903318,4,0.014575089808650521,0.6392392111831685,10.600324612554068
monthly_classic_6_12minus1_top3_ma200_core075_0bp,monthly,classic_6_12minus1,ma200,0.75,0.25,0.0,5.60707632940224,0.11529709374171015,0.18633951867687212,0.6954102984295324,0.913758883566313,-0.32423267303416914,0.35559986186080517,1.3938424922306067,0.10601886333912391,0.19064488982643177,0.6370030437098309,0.8453105366257067,-0.26445539787291417,0.4008950628040196,1.7600296806686329,0.1249287062882809,0.18188857869280237,0.7576097395388466,0.9857322709605384,-0.3242326730341689,0.38530572850415795,0.11563383440731356,0.6713736511334595,-0.25476953438895256,0.09538009629279687,0.5950711525139232,-0.2644553978729137,0.023660962790938767,0.22739804593949728,-0.3242326730341689,0.22065656317189775,1.1581609133772035,-0.23270533569484575,0.026989630290131326,1.6990039652614561,0.0005168885494721831,0.00640947616222487,0.030435687341700546,0.030435687341699547,4,0.023660962790938767,0.6332224018236914,10.65493804700152
monthly_long_6_12_top3_ma200_core075_0bp,monthly,long_6_12,ma200,0.75,0.25,0.0,5.681351114744281,0.11601787975341082,0.18866487327071765,0.6926792736818624,0.9084516491750593,-0.3398542137207081,0.341375434140576,1.4078245490723562,0.1067626913434978,0.19285201487354126,0.6354800419907073,0.8442448947727961,-0.2671066980576454,0.39970053959656565,1.774849653110468,0.12562743692367917,0.18434020050618077,0.7534541168282289,0.9754459815160184,-0.3398542137207089,0.3696509616529851,0.1160619672418215,0.6673334063546508,-0.2660630214111218,0.09649139179670785,0.5965956889143245,-0.2671066980576461,0.016617175537492868,0.18495709632411872,-0.3398542137207089,0.2293667238275663,1.1799007260021024,-0.23270533569484542,0.020171099291310772,2.11901348197146,0.0012376745611728523,0.00710820679762314,0.014814146655161564,0.014814146655159566,4,0.016617175537492868,0.6319645476344876,10.580410027080429
monthly_classic_6_12minus1_top3_ma200_r12_core050_20bp,monthly,classic_6_12minus1,ma200_r12,0.5,0.5,20.0,5.2536027975937785,0.11175869910506164,0.1858087155611434,0.6793709513386483,0.8763531162098551,-0.3152336434368911,0.3545265596863091,1.3440437970062589,0.10333803664927377,0.18355267727042013,0.6408092188861328,0.8360312947674655,-0.26226832095142505,0.3940164647960403,1.667869433830833,0.12050757464865836,0.18805708286649855,0.7174703528453905,0.9158257258238288,-0.31523364343688975,0.38228018220010884,0.12138535971943032,0.7102188429045626,-0.26226832095142505,0.08305580295905579,0.5535279768890295,-0.24223897726608845,0.020151602528838408,0.20798830478314687,-0.31523364343688975,0.21531715630993098,1.0677375673727634,-0.2488676102807611,0.0787117004463893,2.9039115251835494,-0.002166553021013762,0.002721510512688985,0.040192846813685845,0.04019284681368829,4,0.020151602528838408,0.6318734098967961,10.622919765187943
monthly_long_6_12_top3_ma200_r12_core075_10bp,monthly,long_6_12,ma200_r12,0.75,0.25,10.0,5.367975908339643,0.1129237993299057,0.18607447285728324,0.6843676481292511,0.8943269539637259,-0.34304021461743495,0.3291853098210089,1.3551506096827652,0.10394028785934784,0.18852653272596195,0.631789383266149,0.8359024696769727,-0.2777401212166226,0.37423576904929734,1.703850820477848,0.12224951317758559,0.1835644879367569,0.739007934620703,0.9536284002372776,-0.34304021461743317,0.3563707926020313,0.1124856339729523,0.6646317864157877,-0.2777401212166226,0.09452365795357665,0.5920760334512991,-0.261002185606126,0.012744999848468774,0.1617180245866805,-0.34304021461743317,0.2265234725459211,1.1686396415391624,-0.23273376486136577,0.03697485449952379,2.0126723842040635,-0.001428885278235148,0.004096920410139315,0.012007317471018464,0.012007317471018908,4,0.012744999848468774,0.6283539099335433,10.533840101373242
monthly_classic_6_12minus1_top3_ma200_r12_core025_10bp,monthly,classic_6_12minus1,ma200_r12,0.25,0.75,10.0,5.467008963296683,0.11391681404663045,0.19208667444752084,0.6738268670738531,0.8506885660864401,-0.29974533617640275,0.38004532614175324,1.3402903962866004,0.10313394308050117,0.18464334693642812,0.6370663764927742,0.8114019280522287,-0.2644909826969659,0.3899336832918208,1.7633361114321904,0.12508488451611055,0.19931595077208636,0.7091656603476533,0.8908664711910522,-0.29974533617640176,0.4173038557053559,0.12439804392822995,0.711085452926377,-0.2644909826969659,0.07921854518798188,0.5411862441002171,-0.24576193840337224,0.025537795462453827,0.24133261928308386,-0.29974533617640176,0.21904615400012073,1.0127514463684513,-0.26553721302983535,0.11812832469612242,4.165609983603311,-0.0004358705615103986,0.0069322917486642766,0.055302195912050656,0.05530219591205032,4,0.025537795462453827,0.6261358485132971,10.656242212182605
monthly_classic_6_12minus1_top3_ma200_core075_10bp,monthly,classic_6_12minus1,ma200,0.75,0.25,10.0,5.420684591856438,0.11345411149841,0.18632795211041084,0.6863193235851162,0.9018195417526474,-0.3260198580473417,0.34799754891597806,1.3565767818178536,0.1040174379264931,0.19063573993209224,0.6272933967417711,0.8324650385407113,-0.2655937441085746,0.3916411445443188,1.724581113331487,0.12324382949408696,0.1818743920802964,0.7491707089028933,0.974671462401625,-0.32601985804734346,0.37802552958657487,0.11386115951839426,0.6630352029542508,-0.25685329265289236,0.09310502214558869,0.5836579120755518,-0.2655937441085763,0.022384377678032363,0.21976240185886298,-0.32601985804734346,0.21855917611460907,1.1490094739785939,-0.23273376486136577,0.026989630290131326,1.6990039652614561,-0.0008985731097308491,0.005091236726640691,0.02902767404111173,0.02902767404110862,4,0.022384377678032363,0.6233465575149013,10.599256701079321
monthly_classic_6_12minus1_top3_none_core075_0bp,monthly,classic_6_12minus1,none,0.75,0.25,0.0,5.701359947648329,0.11621076090966587,0.1927575231827326,0.6829283053571432,0.8987969951584113,-0.35643969211919513,0.32603204266825714,1.409593705371322,0.10685653578121057,0.19809007158749703,0.6242729596327019,0.8346155616221106,-0.28687832278879954,0.3724803419876328,1.7811161411610765,0.12592189669621656,0.18721912268579757,0.7461438905775256,0.966768280467516,-0.3564396921191958,0.3532768641661475,0.11688258225340031,0.6589280656714895,-0.28687832278879954,0.09574894044287463,0.5819397703017458,-0.2692669322996838,0.02313380939119125,0.22138688800762055,-0.3564396921191958,0.2232103018435012,1.160055587745797,-0.23270533569484553,0.0,1.779569496138653,0.0014305557174278949,0.007402666570160532,-0.0017713317433254439,-0.0017713317433273312,4,0.02313380939119125,0.6204339179866176,10.480484592650287
monthly_long_6_12_top3_ma200_core075_10bp,monthly,long_6_12,ma200,0.75,0.25,10.0,5.447088862981568,0.1137182297147159,0.18866205085798995,0.681449549211832,0.8937044077973311,-0.34242987252629564,0.3320920247867199,1.363092139232739,0.10436936759149873,0.1928559559564464,0.623974230480718,0.8289323500862518,-0.26872187335578623,0.3883917832520998,1.7282426935222555,0.12341875964621773,0.18433019927940633,0.7425158521101815,0.9612399187696721,-0.3424298725262962,0.3604205402282479,0.11388132113104787,0.6571659258421261,-0.26872187335578623,0.09384071949640505,0.5834188845173734,-0.26847173639993505,0.014785918625859207,0.17400889984990997,-0.3424298725262962,0.22677691958745694,1.168821160334864,-0.23273376486136577,0.020171099291310772,2.11901348197146,-0.0006344548934249516,0.005266166878771461,0.012617659562157768,0.01261765956215588,4,0.014785918625859207,0.6202924051797498,10.510199189538652
monthly_classic_6_12minus1_top3_ma200_r12_core000_0bp,monthly,classic_6_12minus1,ma200_r12,0.0,1.0,0.0,5.8878300869322,0.1179826511076596,0.20280105521260058,0.6672450999425067,0.8125892586115427,-0.2838647380750208,0.41562982393564757,1.371131560597013,0.10480243915737586,0.19067563964772954,0.630942237107059,0.7614507294933582,-0.26721338918387894,0.3922050443559833,1.9048704852116916,0.13162009809664044,0.2143424894443405,0.702020733899183,0.8669745874502203,-0.2838647380750202,0.4636718846771862,0.12822887722014054,0.7026657783069659,-0.26721338918387894,0.07846586322559279,0.5362657703713837,-0.24951138435926812,0.03224109868484515,0.278740538678388,-0.2838647380750202,0.22538391640135047,0.9687818262268452,-0.2821618769216888,0.15760824813462515,5.411904637318873,0.0032024459154216256,0.013100867970584407,0.07080362230084891,0.07080362230084825,4,0.03224109868484515,0.6194657743391747,10.703527391205203
monthly_long_6_12_top3_ma200_r12_core075_20bp,monthly,long_6_12,ma200_r12,0.75,0.25,20.0,5.15566728975743,0.11074497782349435,0.18607745627660563,0.6735356674886053,0.8801073766119251,-0.34550595463207023,0.32052986739816636,1.315184084964013,0.10176127726155815,0.18853659998907887,0.6210324787588408,0.8215935641126727,-0.28029640687092516,0.36304881106955683,1.6588241210431063,0.12006640538473756,0.18356012446214856,0.7281009931710908,0.939490320504346,-0.3455059546320699,0.34750893226311125,0.11050918619688388,0.6550937063725703,-0.28029640687092516,0.09209971252535554,0.5798264225339286,-0.2623178110575076,0.010917823410538263,0.1506448247754657,-0.3455059546320699,0.22398128200547962,1.1577123748343616,-0.23276219402788634,0.03697485449952379,2.0126723842040635,-0.0031802743025810543,0.0022803412487681918,0.009920535618506698,0.009920535618508142,4,0.010917823410538263,0.6174600644532494,10.467384958751053
monthly_long_6_12_top3_ma200_r12_core050_0bp,monthly,long_6_12,ma200_r12,0.5,0.5,0.0,5.526546872254944,0.11450693293291803,0.1892205421064813,0.6839342442600287,0.8743532569670911,-0.3358624713204038,0.3409339914720078,1.28381415570257,0.10002752775402013,0.18558729778660302,0.6192272186808583,0.8053096209279256,-0.29756441194380645,0.3361542030533874,1.8577399154648844,0.12947576804792327,0.1928143837653355,0.7470675104854804,0.9402650960040547,-0.33586247132040425,0.3855023383199211,0.1074434088860885,0.6409182832030867,-0.29756441194380645,0.0918952064304428,0.5928284330531945,-0.24452277541437484,0.014053743145288067,0.16976136768613265,-0.33586247132040425,0.23991258766518686,1.1376905697437258,-0.2488139834367621,0.07400317895175625,3.6980503224399577,-0.0002732722593199455,0.010956537921867238,0.018805889055465874,0.01880588905546421,4,0.014053743145288067,0.6168733581281407,10.519427782436159
bimonthly_classic_6_12minus1_top3_ma200_r12_core050_0bp,bimonthly,classic_6_12minus1,ma200_r12,0.5,0.5,0.0,5.28767414154374,0.11269050226434096,0.1882630017466764,0.6771417114440116,0.8670821921766306,-0.37033832976641623,0.30429068018808186,1.273445087141845,0.10048170919824595,0.184872110685632,0.622472479756057,0.8066137600568639,-0.2757157319090775,0.36443952074298647,1.765703107194267,0.12519658739114092,0.19159382526151952,0.7301665710801414,0.925017334632086,-0.37033832976641556,0.33806003140454427,0.1148664463280098,0.6732174645590704,-0.2757157319090775,0.08464890680939297,0.5598890008174423,-0.24462005346063698,0.0037321086854729124,0.10798948162934183,-0.37033832976641556,0.2420720692812972,1.1764808721542863,-0.2487666454747569,0.07748436892446871,2.167676796200197,0.0036756208050654493,0.007429718587766976,-0.013933264765817244,-0.013933264765816467,4,0.0037321086854729124,0.6165532326882563,10.404887316505889
bimonthly_classic_6_12minus1_top3_ma200_r12_core075_0bp,bimonthly,classic_6_12minus1,ma200_r12,0.75,0.25,0.0,5.1394618537788865,0.11115005810383427,0.18575384697862604,0.676011687505693,0.8818368014672288,-0.3623174492253812,0.30677533842620114,1.2778212538223501,0.10072845687685938,0.18796600133189054,0.6165270459518034,0.8131687618069053,-0.2649885117385915,0.380123863544043,1.6953220510505136,0.12183847794531788,0.1835108639773816,0.7371039984025483,0.9509214068130789,-0.36231744922538134,0.33627549047334915,0.10798320804563866,0.6419266072702459,-0.2649885117385915,0.09293928480063984,0.5862669130995913,-0.26036170190193475,0.008979854151723643,0.1395621465268541,-0.36231744922538134,0.22962762941478165,1.1968488347816901,-0.232782857278657,0.038741757517163695,1.201652177818049,0.002135176644558756,0.004071609141943933,-0.005912384224782241,-0.005912384224782241,4,0.008979854151723643,0.6140967601849185,10.429260811641555
monthly_classic_6_12minus1_top3_ma200_core075_20bp,monthly,classic_6_12minus1,ma200,0.75,0.25,20.0,5.239512246938228,0.1116137742813621,0.1863183172283821,0.6772201987412219,0.8897647480136222,-0.32780260111175485,0.3404908133822605,1.3198823412480754,0.10201914853126715,0.19062889268629085,0.617575357746752,0.8194612252801581,-0.2667305256745067,0.38248021396606807,1.689581336086821,0.12156116218810076,0.18186174458529134,0.7407240927485687,0.9635975986491437,-0.32780260111175374,0.3708364783434357,0.1120908537802725,0.6546901240618325,-0.2589316298360742,0.09083414112412136,0.5722336238921473,-0.2667305256745073,0.02110917881859553,0.21212236571053578,-0.32780260111175374,0.21646496889598055,1.1398473936190887,-0.23276219402788634,0.026989630290131326,1.6990039652614561,-0.0023114778447133055,0.003775098052131387,0.027623889138822078,0.027623889138824298,4,0.02110917881859553,0.6134618739769899,10.543573717922465
monthly_long_6_12_top3_none_core075_0bp,monthly,long_6_12,none,0.75,0.25,0.0,5.640955031492573,0.11562680536857495,0.19349402953346514,0.6782908249160312,0.8911265520558694,-0.3642831160427188,0.31740918059736706,1.371652267874162,0.10483044406810915,0.19890870094663354,0.6130788165965759,0.818839098229286,-0.29992579780785655,0.3495212643737548,1.8001385875363862,0.1268121749837927,0.1878680150102981,0.7485669816196946,0.9674510264231307,-0.3642831160427181,0.3481143357984286,0.11215816093959252,0.6365752116004453,-0.29992579780785655,0.09682503473765935,0.5845774916321164,-0.2744633561312272,0.018933503954419395,0.19761795609511282,-0.3642831160427181,0.2293667238275663,1.1799007260021024,-0.23270533569484542,0.0,2.2252445741932343,0.0008466001763369757,0.008292944857736684,-0.009614755666849106,-0.009614755666849661,4,0.018933503954419395,0.6105763516162808,10.403432605433823
monthly_classic_6_12minus1_top3_none_core075_10bp,monthly,classic_6_12minus1,none,0.75,0.25,10.0,5.503475098385476,0.11427885788883607,0.19275020439164361,0.6737100051520867,0.8866741365312775,-0.35850175493689973,0.3187679176325104,1.3698704082971118,0.1047345887523623,0.19808592213520124,0.6143598030286117,0.8213389770395255,-0.289667636819408,0.3615681403085379,1.7442323747392545,0.12418023479236617,0.18720834864459512,0.737663380032604,0.9557371513752897,-0.35850175493689995,0.34638668592911964,0.11480891426683337,0.6495555539353028,-0.289667636819408,0.09356052076533405,0.5713476484007483,-0.26997622799127907,0.02171446770584029,0.21335963371873756,-0.35850175493689995,0.2211442542424802,1.1511511838950907,-0.232733764861366,0.0,1.779569496138653,-7.382671930478146e-05,0.006027642024919899,-0.00345422284844632,-0.0034542228484478743,4,0.02171446770584029,0.6104516011680255,10.42282356459351
monthly_long_6_12_top3_ma200_core075_20bp,monthly,long_6_12,ma200,0.75,0.25,20.0,5.220982307828679,0.11142271912204804,0.18866207268232912,0.6702093846259101,0.8788800209397292,-0.3449959818580094,0.32296816479418156,1.3191783706521947,0.10198053942531549,0.1928630725050166,0.6124588049907311,0.8135291250575739,-0.2713717484795629,0.3757964489549496,1.6824078676101344,0.12121389823353446,0.18432269301151155,0.7315664978833144,0.947010124557473,-0.34499598185800917,0.35134872464521266,0.11170428190727777,0.6469910327751464,-0.2713717484795629,0.09119574162359001,0.5702289875723876,-0.26983454975489995,0.012957565097915236,0.16305430842038707,-0.34499598185800917,0.2241919282119944,1.1577267480866706,-0.23276219402788623,0.020171099291310772,2.11901348197146,-0.002502533004027363,0.0034278340975650856,0.010430508392567539,0.010430508392568871,4,0.012957565097915236,0.608610010173767,10.440014342586721
bimonthly_classic_6_12minus1_top3_ma200_r12_core075_10bp,bimonthly,classic_6_12minus1,ma200_r12,0.75,0.25,10.0,5.016964532676365,0.10985021014013863,0.1857598216900459,0.6695240635382307,0.8734124229656259,-0.36384275694184687,0.3019167155159173,1.2538597921591577,0.09937223623079272,0.18796931077146378,0.6098109182703348,0.8043969813453712,-0.26650808715859564,0.37286762022969133,1.6696268124612108,0.12059313426288965,0.1835195472011932,0.7308476590823532,0.9428321501624821,-0.363842756941847,0.33144299827896273,0.10679561508626012,0.6361550438835337,-0.26650808715859564,0.09138453795547496,0.5784049957153928,-0.26112358673472835,0.007914673266187444,0.13322733876921428,-0.363842756941847,0.22820094006252645,1.1905639269822588,-0.23281634542910212,0.038741757517163695,1.201652177818049,0.0011449847857660789,0.0030715612307008477,-0.007205805931928433,-0.007205805931928988,4,0.007914673266187444,0.6072800197994632,10.388819779981201
monthly_classic_6_12minus1_top3_ma200_core050_0bp,monthly,classic_6_12minus1,ma200,0.5,0.5,0.0,5.57718217228364,0.11500483456862987,0.18916331081830415,0.6865069674980377,0.8916245054898096,-0.30057904157096815,0.382610956397892,1.2819379180407813,0.0999231657895554,0.18923211931256864,0.6104306708340089,0.8024086005986356,-0.2551782447237454,0.39158183683617576,1.882279189229958,0.13059611594030107,0.18908944299836333,0.7633776328210179,0.979684240054557,-0.3005790415709686,0.43448177643306013,0.10996186384865081,0.6394257163972636,-0.2551782447237454,0.08876537975290821,0.5746418647456258,-0.2531997182314246,0.03228254355828142,0.28165679564338636,-0.3005790415709686,0.22327441365324718,1.098564198601174,-0.2488139834367621,0.05404394500419657,3.042717362208289,0.00022462937639189384,0.012076885814245042,0.05408931880490153,0.054089318804899866,4,0.03228254355828142,0.6070337905714447,10.64982600315309
monthly_long_6_12_top3_ma200_core050_0bp,monthly,long_6_12,ma200,0.5,0.5,0.0,5.721761113301764,0.11640686619743335,0.19381127974350798,0.6813221656992987,0.8804766526214765,-0.33416205445367075,0.3483545323174099,1.308397109127383,0.10138794477287028,0.1935388440050693,0.6081545679990761,0.801866665440685,-0.2777056958368641,0.3650913405551097,1.9118738221963563,0.1319361047384755,0.19408163934779077,0.7549924149624381,0.9566480340151994,-0.3341620544536711,0.3948267105137977,0.11075967506308926,0.6329321546607166,-0.2777056958368641,0.09100544081913697,0.5778113402014076,-0.2585576527050898,0.018269699870597345,0.19531611593185041,-0.3341620544536711,0.24050983456792308,1.13861869401907,-0.2488139834367621,0.04039832405251935,3.9149085510163295,0.0016266610051953734,0.013416874612419472,0.02050630592219893,0.020506305922197376,4,0.018269699870597345,0.605371747431062,10.493399953781903
bimonthly_classic_6_12minus1_top3_ma200_r12_core050_10bp,bimonthly,classic_6_12minus1,ma200_r12,0.5,0.5,10.0,5.063158771784902,0.11034329085553907,0.1882770802640451,0.6655853827487188,0.8523590245759387,-0.3720634749362204,0.296571145217773,1.2313576719350512,0.09808696679176876,0.18488492623249894,0.6103907183897609,0.7909336175439414,-0.2784166062531228,0.35230286049314485,1.717250958035284,0.12289300962624994,0.19160909755531144,0.7191135776922783,0.9112268287912599,-0.37206347493621983,0.3303011929545533,0.11293772259097934,0.6638865209169661,-0.2784166062531228,0.0817204325420342,0.5442889686408316,-0.24607408317299195,0.001767608609031246,0.0961750025389503,-0.37206347493621983,0.23942526319657476,1.165752671097092,-0.24879829488171779,0.07748436892446871,2.167676796200197,0.001638065501166519,0.005371436594061141,-0.01542652392630195,-0.015426523926301838,4,0.001767608609031246,0.6040877447788988,10.33258607227687
monthly_classic_6_12minus1_top3_ma200_r12_core025_20bp,monthly,classic_6_12minus1,ma200_r12,0.25,0.75,20.0,5.028499106144873,0.10940575151773735,0.1920614135690687,0.6521752799157648,0.8232358077985674,-0.30300756880783974,0.3610660682443873,1.2573976289247621,0.09855112600716631,0.18462101216346988,0.6140270837503558,0.781916953835799,-0.2693058263021666,0.3659450200553402,1.670552599550816,0.12063818704660201,0.1992878732627613,0.688781280272063,0.865167895553257,-0.3030075688078402,0.398135886576179,0.12093545998520883,0.6949576270190672,-0.2693058263021666,0.07335475007332337,0.5087349183304598,-0.24732881180787958,0.022130693755479713,0.2202416746097539,-0.3030075688078402,0.2135521351526466,0.9922178108517319,-0.26556229442629853,0.11812832469612242,4.165609983603311,-0.004519500608338056,0.0028521229106326373,0.05241892144273719,0.052418921442737854,4,0.022130693755479713,0.6018462726747635,10.514909460246969
monthly_classic_6_12minus1_top3_none_core075_20bp,monthly,classic_6_12minus1,none,0.75,0.25,20.0,5.311388032306219,0.11234983438558155,0.19274504898485031,0.6644835465815924,0.8744370222039599,-0.3605576034938971,0.31160023612560767,1.3307911692261358,0.10261611993482367,0.19808446330154567,0.6044380207921702,0.8079450905018483,-0.29244672026360197,0.35088825698687554,1.7078307639211268,0.12244093033865577,0.18719917501503072,0.7291756593517906,0.944691618192966,-0.3605576034938973,0.33958770846092606,0.11273844502618457,0.6401743448856763,-0.29244672026360197,0.09137594983086195,0.560746766455303,-0.27068496321486246,0.02029683818536232,0.20532878638993982,-0.3605576034938973,0.2190812788090688,1.1422363682500696,-0.23276219402788634,0.0,1.779569496138653,-0.0015754177404938563,0.004654866202686403,-0.005131113243320162,-0.005131113243319274,4,0.02029683818536232,0.6004605556704896,10.365169614446014
bimonthly_classic_6_12minus1_top3_ma200_r12_core075_20bp,bimonthly,classic_6_12minus1,ma200_r12,0.75,0.25,20.0,4.8968797787475555,0.10855153825353514,0.1857674793585115,0.6630308501183566,0.8649088655683816,-0.36536471245565383,0.29710460411994655,1.2301434066737382,0.09801728563344536,0.18797457268369558,0.6030887627903442,0.795556061763353,-0.26802491711962373,0.36570213951301667,1.6441706668284355,0.11934888505279195,0.18352963710716666,0.7245863580605514,0.9346526942147633,-0.36536471245565294,0.3266568472106573,0.10560892515554832,0.6303795063563298,-0.26802491711962373,0.0898315644871368,0.5705338829761633,-0.2618849010454495,0.006850401227119329,0.12689109670800156,-0.36536471245565294,0.22677554394896915,1.184271006913181,-0.23284983357954792,0.038741757517163695,1.201652177818049,0.00015595749588714902,0.0020725642823511414,-0.008495952218452896,-0.008495952218452008,4,0.006850401227119329,0.6004566946662465,10.348373918715446
bimonthly_classic_6_12minus1_top3_none_core100_0bp,bimonthly,classic_6_12minus1,none,1.0,0.0,0.0,4.9394624772832785,0.10901488145927551,0.18775891684760654,0.660184892640913,0.8756368637379245,-0.356405065000599,0.30587354716491555,1.2738142922250932,0.10050254281689153,0.1955593828715337,0.5989633535798163,0.7984653979324099,-0.27955946491013783,0.35950327365663426,1.612114145641633,0.11776686880337395,0.1796111021680605,0.7281551988842048,0.9630492524808191,-0.3564050650005991,0.33042984056126135,0.10072363928227279,0.5973916300675932,-0.2556653581083701,0.10075576192046665,0.6007988719518413,-0.27955946491013783,0.013600285987869887,0.16713029055067044,-0.3564050650005991,0.21651670572563408,1.1970048394542072,-0.21864721260956632,0.0,0.28669017107735534,0.0,0.0,0.0,0.0,4,0.013600285987869887,0.5990952510097173,10.387780298906549
bimonthly_classic_6_12minus1_top3_ma200_core100_0bp,bimonthly,classic_6_12minus1,ma200,1.0,0.0,0.0,4.9394624772832785,0.10901488145927551,0.18775891684760654,0.660184892640913,0.8756368637379245,-0.356405065000599,0.30587354716491555,1.2738142922250932,0.10050254281689153,0.1955593828715337,0.5989633535798163,0.7984653979324099,-0.27955946491013783,0.35950327365663426,1.612114145641633,0.11776686880337395,0.1796111021680605,0.7281551988842048,0.9630492524808191,-0.3564050650005991,0.33042984056126135,0.10072363928227279,0.5973916300675932,-0.2556653581083701,0.10075576192046665,0.6007988719518413,-0.27955946491013783,0.013600285987869887,0.16713029055067044,-0.3564050650005991,0.21651670572563408,1.1970048394542072,-0.21864721260956632,0.0,0.28669017107735534,0.0,0.0,0.0,0.0,4,0.013600285987869887,0.5990952510097173,10.387780298906549
bimonthly_classic_6_12minus1_top3_ma200_r12_core100_0bp,bimonthly,classic_6_12minus1,ma200_r12,1.0,0.0,0.0,4.9394624772832785,0.10901488145927551,0.18775891684760654,0.660184892640913,0.8756368637379245,-0.356405065000599,0.30587354716491555,1.2738142922250932,0.10050254281689153,0.1955593828715337,0.5989633535798163,0.7984653979324099,-0.27955946491013783,0.35950327365663426,1.612114145641633,0.11776686880337395,0.1796111021680605,0.7281551988842048,0.9630492524808191,-0.3564050650005991,0.33042984056126135,0.10072363928227279,0.5973916300675932,-0.2556653581083701,0.10075576192046665,0.6007988719518413,-0.27955946491013783,0.013600285987869887,0.16713029055067044,-0.3564050650005991,0.21651670572563408,1.1970048394542072,-0.21864721260956632,0.0,0.28669017107735534,0.0,0.0,0.0,0.0,4,0.013600285987869887,0.5990952510097173,10.387780298906549
bimonthly_long_6_12_top3_none_core100_0bp,bimonthly,long_6_12,none,1.0,0.0,0.0,4.9394624772832785,0.10901488145927551,0.18775891684760654,0.660184892640913,0.8756368637379245,-0.356405065000599,0.30587354716491555,1.2738142922250932,0.10050254281689153,0.1955593828715337,0.5989633535798163,0.7984653979324099,-0.27955946491013783,0.35950327365663426,1.612114145641633,0.11776686880337395,0.1796111021680605,0.7281551988842048,0.9630492524808191,-0.3564050650005991,0.33042984056126135,0.10072363928227279,0.5973916300675932,-0.2556653581083701,0.10075576192046665,0.6007988719518413,-0.27955946491013783,0.013600285987869887,0.16713029055067044,-0.3564050650005991,0.21651670572563408,1.1970048394542072,-0.21864721260956632,0.0,0.28669017107735534,0.0,0.0,0.0,0.0,4,0.013600285987869887,0.5990952510097173,10.387780298906549
bimonthly_long_6_12_top3_ma200_core100_0bp,bimonthly,long_6_12,ma200,1.0,0.0,0.0,4.9394624772832785,0.10901488145927551,0.18775891684760654,0.660184892640913,0.8756368637379245,-0.356405065000599,0.30587354716491555,1.2738142922250932,0.10050254281689153,0.1955593828715337,0.5989633535798163,0.7984653979324099,-0.27955946491013783,0.35950327365663426,1.612114145641633,0.11776686880337395,0.1796111021680605,0.7281551988842048,0.9630492524808191,-0.3564050650005991,0.33042984056126135,0.10072363928227279,0.5973916300675932,-0.2556653581083701,0.10075576192046665,0.6007988719518413,-0.27955946491013783,0.013600285987869887,0.16713029055067044,-0.3564050650005991,0.21651670572563408,1.1970048394542072,-0.21864721260956632,0.0,0.28669017107735534,0.0,0.0,0.0,0.0,4,0.013600285987869887,0.5990952510097173,10.387780298906549
bimonthly_long_6_12_top3_ma200_r12_core100_0bp,bimonthly,long_6_12,ma200_r12,1.0,0.0,0.0,4.9394624772832785,0.10901488145927551,0.18775891684760654,0.660184892640913,0.8756368637379245,-0.356405065000599,0.30587354716491555,1.2738142922250932,0.10050254281689153,0.1955593828715337,0.5989633535798163,0.7984653979324099,-0.27955946491013783,0.35950327365663426,1.612114145641633,0.11776686880337395,0.1796111021680605,0.7281551988842048,0.9630492524808191,-0.3564050650005991,0.33042984056126135,0.10072363928227279,0.5973916300675932,-0.2556653581083701,0.10075576192046665,0.6007988719518413,-0.27955946491013783,0.013600285987869887,0.16713029055067044,-0.3564050650005991,0.21651670572563408,1.1970048394542072,-0.21864721260956632,0.0,0.28669017107735534,0.0,0.0,0.0,0.0,4,0.013600285987869887,0.5990952510097173,10.387780298906549
monthly_long_6_12_top3_none_core075_10bp,monthly,long_6_12,none,0.75,0.25,10.0,5.396650773208718,0.11321281337534761,0.1934928150761209,0.6667877854268442,0.8760215543808726,-0.36706355371963517,0.30842836949652613,1.324527737861005,0.10227366472363575,0.19891416740206866,0.6011377994454864,0.802915581555052,-0.30370565179924036,0.33675258961345267,1.7518066009807258,0.12453957329760512,0.18785960038968905,0.7375289646327627,0.9530976206793442,-0.3670635537196354,0.33928613188529455,0.10959292628537964,0.6249037463153727,-0.30370565179924036,0.09426473381017764,0.5722927611616748,-0.275513085207292,0.016977549190153374,0.18648898227054034,-0.3670635537196354,0.22677691958745694,1.168821160334864,-0.23273376486136577,0.0,2.2252445741932343,-0.0011398712327932436,0.006386980530158848,-0.012016021631181761,-0.012016021631183316,4,0.016977549190153374,0.5985982537385237,10.330667435444836
bimonthly_classic_6_12minus1_top3_none_core100_10bp,bimonthly,classic_6_12minus1,none,1.0,0.0,10.0,4.91097213105965,0.10870522535437255,0.18776040627945567,0.6586535700370423,0.8736486140362996,-0.35663695100991843,0.3048064005890106,1.2671945933769546,0.10012855000195864,0.19556130919578177,0.5971816028245415,0.7961803675281448,-0.27964624446110986,0.3580543346645351,1.607174588509999,0.1175215730321888,0.17961209986018056,0.7268943810321375,0.96134594324676,-0.356636951009918,0.3295271920068668,0.10021464149207349,0.5949761961101565,-0.2559428809659069,0.10053526564921689,0.5997534535592534,-0.27964624446111064,0.01340406371846603,0.16600226614066652,-0.356636951009918,0.2162218279488617,1.1956236994224623,-0.21868236208814018,0.0,0.28669017107735534,0.0,0.0,0.0,0.0,4,0.01340406371846603,0.597364824834705,10.3808585942065
bimonthly_classic_6_12minus1_top3_ma200_core100_10bp,bimonthly,classic_6_12minus1,ma200,1.0,0.0,10.0,4.91097213105965,0.10870522535437255,0.18776040627945567,0.6586535700370423,0.8736486140362996,-0.35663695100991843,0.3048064005890106,1.2671945933769546,0.10012855000195864,0.19556130919578177,0.5971816028245415,0.7961803675281448,-0.27964624446110986,0.3580543346645351,1.607174588509999,0.1175215730321888,0.17961209986018056,0.7268943810321375,0.96134594324676,-0.356636951009918,0.3295271920068668,0.10021464149207349,0.5949761961101565,-0.2559428809659069,0.10053526564921689,0.5997534535592534,-0.27964624446111064,0.01340406371846603,0.16600226614066652,-0.356636951009918,0.2162218279488617,1.1956236994224623,-0.21868236208814018,0.0,0.28669017107735534,0.0,0.0,0.0,0.0,4,0.01340406371846603,0.597364824834705,10.3808585942065
bimonthly_classic_6_12minus1_top3_ma200_r12_core100_10bp,bimonthly,classic_6_12minus1,ma200_r12,1.0,0.0,10.0,4.91097213105965,0.10870522535437255,0.18776040627945567,0.6586535700370423,0.8736486140362996,-0.35663695100991843,0.3048064005890106,1.2671945933769546,0.10012855000195864,0.19556130919578177,0.5971816028245415,0.7961803675281448,-0.27964624446110986,0.3580543346645351,1.607174588509999,0.1175215730321888,0.17961209986018056,0.7268943810321375,0.96134594324676,-0.356636951009918,0.3295271920068668,0.10021464149207349,0.5949761961101565,-0.2559428809659069,0.10053526564921689,0.5997534535592534,-0.27964624446111064,0.01340406371846603,0.16600226614066652,-0.356636951009918,0.2162218279488617,1.1956236994224623,-0.21868236208814018,0.0,0.28669017107735534,0.0,0.0,0.0,0.0,4,0.01340406371846603,0.597364824834705,10.3808585942065
bimonthly_long_6_12_top3_none_core100_10bp,bimonthly,long_6_12,none,1.0,0.0,10.0,4.91097213105965,0.10870522535437255,0.18776040627945567,0.6586535700370423,0.8736486140362996,-0.35663695100991843,0.3048064005890106,1.2671945933769546,0.10012855000195864,0.19556130919578177,0.5971816028245415,0.7961803675281448,-0.27964624446110986,0.3580543346645351,1.607174588509999,0.1175215730321888,0.17961209986018056,0.7268943810321375,0.96134594324676,-0.356636951009918,0.3295271920068668,0.10021464149207349,0.5949761961101565,-0.2559428809659069,0.10053526564921689,0.5997534535592534,-0.27964624446111064,0.01340406371846603,0.16600226614066652,-0.356636951009918,0.2162218279488617,1.1956236994224623,-0.21868236208814018,0.0,0.28669017107735534,0.0,0.0,0.0,0.0,4,0.01340406371846603,0.597364824834705,10.3808585942065
bimonthly_long_6_12_top3_ma200_core100_10bp,bimonthly,long_6_12,ma200,1.0,0.0,10.0,4.91097213105965,0.10870522535437255,0.18776040627945567,0.6586535700370423,0.8736486140362996,-0.35663695100991843,0.3048064005890106,1.2671945933769546,0.10012855000195864,0.19556130919578177,0.5971816028245415,0.7961803675281448,-0.27964624446110986,0.3580543346645351,1.607174588509999,0.1175215730321888,0.17961209986018056,0.7268943810321375,0.96134594324676,-0.356636951009918,0.3295271920068668,0.10021464149207349,0.5949761961101565,-0.2559428809659069,0.10053526564921689,0.5997534535592534,-0.27964624446111064,0.01340406371846603,0.16600226614066652,-0.356636951009918,0.2162218279488617,1.1956236994224623,-0.21868236208814018,0.0,0.28669017107735534,0.0,0.0,0.0,0.0,4,0.01340406371846603,0.597364824834705,10.3808585942065
bimonthly_long_6_12_top3_ma200_r12_core100_10bp,bimonthly,long_6_12,ma200_r12,1.0,0.0,10.0,4.91097213105965,0.10870522535437255,0.18776040627945567,0.6586535700370423,0.8736486140362996,-0.35663695100991843,0.3048064005890106,1.2671945933769546,0.10012855000195864,0.19556130919578177,0.5971816028245415,0.7961803675281448,-0.27964624446110986,0.3580543346645351,1.607174588509999,0.1175215730321888,0.17961209986018056,0.7268943810321375,0.96134594324676,-0.356636951009918,0.3295271920068668,0.10021464149207349,0.5949761961101565,-0.2559428809659069,0.10053526564921689,0.5997534535592534,-0.27964624446111064,0.01340406371846603,0.16600226614066652,-0.356636951009918,0.2162218279488617,1.1956236994224623,-0.21868236208814018,0.0,0.28669017107735534,0.0,0.0,0.0,0.0,4,0.01340406371846603,0.597364824834705,10.3808585942065
monthly_long_6_12_top3_ma200_r12_core050_10bp,monthly,long_6_12,ma200_r12,0.5,0.5,10.0,5.132383866973095,0.1105017382257214,0.18921861531687006,0.6643843064409174,0.8494975505421075,-0.33888006917457947,0.3260791892980719,1.2141784285270845,0.09610234946399498,0.1856013221923573,0.5994692853903817,0.7795474755280907,-0.30248613992705475,0.3177082741284288,1.7695978733983266,0.12538020474736533,0.19279698170133494,0.7277205064666674,0.9162484942648206,-0.338880069174581,0.3699840036410437,0.10405441323503606,0.6244678703504591,-0.30248613992705475,0.0873301061522056,0.5688756940751063,-0.24614465811266628,0.01063951507453087,0.14857458481213556,-0.338880069174581,0.2351263453675394,1.1191135308718672,-0.2488407968587616,0.07400317895175625,3.6980503224399577,-0.003850946382419451,0.0072276119799190575,0.016167462913873942,0.016167462913871056,4,0.01063951507453087,0.5966717822127827,10.39823636667277
bimonthly_classic_6_12minus1_top3_none_core100_20bp,bimonthly,classic_6_12minus1,none,1.0,0.0,20.0,4.882611597536547,0.10839558075764799,0.18776226289214515,0.6571209866841056,0.8716315319574727,-0.35686876023720093,0.30374073843168675,1.2605917142519165,0.09975454521486138,0.1955638927578172,0.5953978861909215,0.7938583433261259,-0.2797330171714596,0.3566062605820957,1.6022441648571997,0.11727632077044081,0.17961314914920462,0.7256333687364609,0.959642179073171,-0.35686876023720093,0.32862590912269946,0.09970562593741783,0.5925573144982331,-0.25622031477929774,0.10031480515328917,0.5987078879414306,-0.2797330171714604,0.013207872368666163,0.1648741971456056,-0.35686876023720093,0.21592700801138154,1.1942421915925139,-0.21871751156671448,0.0,0.28669017107735534,0.0,0.0,0.0,0.0,4,0.013207872368666163,0.5956326012198319,10.373929699747007
bimonthly_classic_6_12minus1_top3_ma200_core100_20bp,bimonthly,classic_6_12minus1,ma200,1.0,0.0,20.0,4.882611597536547,0.10839558075764799,0.18776226289214515,0.6571209866841056,0.8716315319574727,-0.35686876023720093,0.30374073843168675,1.2605917142519165,0.09975454521486138,0.1955638927578172,0.5953978861909215,0.7938583433261259,-0.2797330171714596,0.3566062605820957,1.6022441648571997,0.11727632077044081,0.17961314914920462,0.7256333687364609,0.959642179073171,-0.35686876023720093,0.32862590912269946,0.09970562593741783,0.5925573144982331,-0.25622031477929774,0.10031480515328917,0.5987078879414306,-0.2797330171714604,0.013207872368666163,0.1648741971456056,-0.35686876023720093,0.21592700801138154,1.1942421915925139,-0.21871751156671448,0.0,0.28669017107735534,0.0,0.0,0.0,0.0,4,0.013207872368666163,0.5956326012198319,10.373929699747007
bimonthly_classic_6_12minus1_top3_ma200_r12_core100_20bp,bimonthly,classic_6_12minus1,ma200_r12,1.0,0.0,20.0,4.882611597536547,0.10839558075764799,0.18776226289214515,0.6571209866841056,0.8716315319574727,-0.35686876023720093,0.30374073843168675,1.2605917142519165,0.09975454521486138,0.1955638927578172,0.5953978861909215,0.7938583433261259,-0.2797330171714596,0.3566062605820957,1.6022441648571997,0.11727632077044081,0.17961314914920462,0.7256333687364609,0.959642179073171,-0.35686876023720093,0.32862590912269946,0.09970562593741783,0.5925573144982331,-0.25622031477929774,0.10031480515328917,0.5987078879414306,-0.2797330171714604,0.013207872368666163,0.1648741971456056,-0.35686876023720093,0.21592700801138154,1.1942421915925139,-0.21871751156671448,0.0,0.28669017107735534,0.0,0.0,0.0,0.0,4,0.013207872368666163,0.5956326012198319,10.373929699747007
bimonthly_long_6_12_top3_none_core100_20bp,bimonthly,long_6_12,none,1.0,0.0,20.0,4.882611597536547,0.10839558075764799,0.18776226289214515,0.6571209866841056,0.8716315319574727,-0.35686876023720093,0.30374073843168675,1.2605917142519165,0.09975454521486138,0.1955638927578172,0.5953978861909215,0.7938583433261259,-0.2797330171714596,0.3566062605820957,1.6022441648571997,0.11727632077044081,0.17961314914920462,0.7256333687364609,0.959642179073171,-0.35686876023720093,0.32862590912269946,0.09970562593741783,0.5925573144982331,-0.25622031477929774,0.10031480515328917,0.5987078879414306,-0.2797330171714604,0.013207872368666163,0.1648741971456056,-0.35686876023720093,0.21592700801138154,1.1942421915925139,-0.21871751156671448,0.0,0.28669017107735534,0.0,0.0,0.0,0.0,4,0.013207872368666163,0.5956326012198319,10.373929699747007
bimonthly_long_6_12_top3_ma200_core100_20bp,bimonthly,long_6_12,ma200,1.0,0.0,20.0,4.882611597536547,0.10839558075764799,0.18776226289214515,0.6571209866841056,0.8716315319574727,-0.35686876023720093,0.30374073843168675,1.2605917142519165,0.09975454521486138,0.1955638927578172,0.5953978861909215,0.7938583433261259,-0.2797330171714596,0.3566062605820957,1.6022441648571997,0.11727632077044081,0.17961314914920462,0.7256333687364609,0.959642179073171,-0.35686876023720093,0.32862590912269946,0.09970562593741783,0.5925573144982331,-0.25622031477929774,0.10031480515328917,0.5987078879414306,-0.2797330171714604,0.013207872368666163,0.1648741971456056,-0.35686876023720093,0.21592700801138154,1.1942421915925139,-0.21871751156671448,0.0,0.28669017107735534,0.0,0.0,0.0,0.0,4,0.013207872368666163,0.5956326012198319,10.373929699747007
bimonthly_long_6_12_top3_ma200_r12_core100_20bp,bimonthly,long_6_12,ma200_r12,1.0,0.0,20.0,4.882611597536547,0.10839558075764799,0.18776226289214515,0.6571209866841056,0.8716315319574727,-0.35686876023720093,0.30374073843168675,1.2605917142519165,0.09975454521486138,0.1955638927578172,0.5953978861909215,0.7938583433261259,-0.2797330171714596,0.3566062605820957,1.6022441648571997,0.11727632077044081,0.17961314914920462,0.7256333687364609,0.959642179073171,-0.35686876023720093,0.32862590912269946,0.09970562593741783,0.5925573144982331,-0.25622031477929774,0.10031480515328917,0.5987078879414306,-0.2797330171714604,0.013207872368666163,0.1648741971456056,-0.35686876023720093,0.21592700801138154,1.1942421915925139,-0.21871751156671448,0.0,0.28669017107735534,0.0,0.0,0.0,0.0,4,0.013207872368666163,0.5956326012198319,10.373929699747007
bimonthly_classic_6_12minus1_top3_ma200_core075_0bp,bimonthly,classic_6_12minus1,ma200,0.75,0.25,0.0,5.149813525895113,0.11125877997523337,0.18785763354448307,0.6710765771039252,0.8777053858915019,-0.35715803144778047,0.31151134841972705,1.222149536271472,0.09755771534974755,0.1915203390968387,0.593219504868941,0.7847262703412705,-0.26777710244833863,0.3643243371362159,1.767506608134846,0.12528164119556418,0.18411516027031827,0.7524198839790208,0.9731421867862462,-0.3571580314477798,0.3507736916561028,0.10083950252542229,0.5980831354318288,-0.26498851173859106,0.09428177721760922,0.5877719646383084,-0.2677771024483384,0.015606372356482101,0.17877213334623862,-0.3571580314477798,0.2297165545264379,1.1958268325040549,-0.232782857278657,0.02490243394195395,1.2307777718103434,0.002243898515957854,0.007514772392190228,-0.0007529664471814801,-0.0007529664471807029,4,0.015606372356482101,0.5929275500350686,10.391893180334762
bimonthly_long_6_12_top3_ma200_r12_core075_0bp,bimonthly,long_6_12,ma200_r12,0.75,0.25,0.0,4.691254727165921,0.1062688055305816,0.1877308669823432,0.6467817866669495,0.8404091081076258,-0.3767411605387897,0.2820737860938878,1.212351644776966,0.09699243500178456,0.18918920230877417,0.5953853125320233,0.78498157373639,-0.27877154379100866,0.3479280334096744,1.572491014528421,0.11578754132939562,0.18625807176278752,0.6990819369399949,0.8952346524272148,-0.3767411605387898,0.3073397692033546,0.10430227194083441,0.6220395242577098,-0.27877154379100866,0.08912133598625571,0.5636621713189243,-0.2621647706050393,0.0035669063745611407,0.10816657410584338,-0.3767411605387898,0.22294498885916947,1.152341728953505,-0.232782857278657,0.0355368859696688,1.333881387143082,-0.002746075928693914,-0.0019793274739783318,-0.020336095538190713,-0.020336095538190713,4,0.0035669063745611407,0.592850847788317,10.234207947594387
monthly_classic_6_12minus1_top3_ma200_core050_10bp,monthly,classic_6_12minus1,ma200,0.5,0.5,10.0,5.248571466259106,0.1117069859576092,0.18913920628701145,0.6704744124713693,0.8706745285273464,-0.3028431116713146,0.36886091065808485,1.2191265926605999,0.0963848423249154,0.18921278805704453,0.5930330595425466,0.779342357704558,-0.2588489530980246,0.3723594056353592,1.8157796346207715,0.1275402022224359,0.18906035867344684,0.7487283431200893,0.9608295065882225,-0.30284311167131517,0.4211428205138083,0.1070083285284733,0.6256123487372908,-0.2588489530980246,0.08453668435522999,0.5525649688893092,-0.2553202993832938,0.029980509487392837,0.26767777637922874,-0.30284311167131517,0.21945978466169747,1.0831656265640635,-0.24884079685876126,0.05404394500419657,3.042717362208289,-0.002645698650531658,0.00938760945498962,0.0522044204171388,0.05220442041713691,4,0.029980509487392837,0.5890886588133,10.548991671695417
monthly_classic_6_12minus1_top3_ma200_r12_core000_10bp,monthly,classic_6_12minus1,ma200_r12,0.0,1.0,10.0,5.287585602791253,0.11210695885822552,0.20275074897443307,0.6406490393572313,0.7804597652165496,-0.288195030551582,0.3889968492644091,1.2629676793134421,0.09886369911265391,0.19062709164826358,0.6020969662695165,0.7271344014547286,-0.2734084427949739,0.36159709664412504,1.7784690255491595,0.12579758141702047,0.2142903817746703,0.6773579618178364,0.8364882774074892,-0.2881950305515807,0.43650156345949004,0.12382661696685093,0.6832664453286749,-0.2734084427949739,0.070780292819149,0.4938034548395425,-0.25155555852217626,0.02779134264281602,0.25231858643103283,-0.2881950305515807,0.2181795042809469,0.9442952065261406,-0.28218514256015725,0.15760824813462515,5.411904637318873,-0.0022457257499153283,0.0076449886495741914,0.06685250153687139,0.06685250153687139,4,0.02779134264281602,0.5885349500841087,10.52035257656095
monthly_classic_6_12minus1_top3_none_core050_0bp,monthly,classic_6_12minus1,none,0.5,0.5,0.0,5.786400333309814,0.11702452542043185,0.20053053946254998,0.6679053539440468,0.8762574120397477,-0.3642351596241078,0.3212883828711145,1.3159025496933339,0.10180074130481986,0.2024190103858151,0.5920426289952108,0.7955626737146058,-0.31758206192598326,0.3205494059943029,1.9303479691787908,0.13276648808457292,0.19860194751277932,0.7460331258442231,0.9560940935349224,-0.364235159624107,0.3645076115704721,0.11268881943053688,0.6233570972356168,-0.31758206192598326,0.08967626792756667,0.5532250273831454,-0.25882454347117834,0.03153481564310523,0.26674506441855905,-0.364235159624107,0.2284247111404185,1.1041130868968714,-0.2488139834367621,0.0,3.2012168010548954,0.0022443202281938746,0.01424725795851689,-0.009566799248238111,-0.009566799248238556,4,0.03153481564310523,0.5882910623093811,10.332838611881058
monthly_long_6_12_top3_none_core075_20bp,monthly,long_6_12,none,0.75,0.25,20.0,5.1612684933486035,0.11080336367597576,0.19349475556481394,0.6552739170761309,0.8608116404942592,-0.3698324498353718,0.2996042227373479,1.278324993726271,0.09972199012334104,0.19892331988605705,0.5891865208223482,0.7868829357690468,-0.30746633315820904,0.3243346648689122,1.7042974598947347,0.12227100690363768,0.18785377429103198,0.7264799481371745,0.9387220408162795,-0.3698324498353709,0.3306118945432344,0.10703269361115475,0.6132236389724874,-0.30746633315820904,0.09170971182831078,0.5599953814184888,-0.27656157025828476,0.015024894769531505,0.17535402008959014,-0.3698324498353709,0.2241919282119944,1.1577267480866706,-0.23276219402788623,0.0,2.2252445741932343,-0.0031218884500996413,0.00448494276766831,-0.014405959584794847,-0.014405959584792849,4,0.015024894769531505,0.5866095101954881,10.257936407358331
bimonthly_classic_6_12minus1_top3_none_core075_0bp,bimonthly,classic_6_12minus1,none,0.75,0.25,0.0,5.429671522831061,0.11413459999582742,0.19269523023137988,0.6727767334973844,0.884403096556778,-0.357230561727371,0.31949841985505134,1.2469697555696166,0.09897990183267735,0.19797436186238423,0.5869184282059076,0.7815709561694824,-0.2789922467772753,0.3547765322370942,1.8614855660133727,0.1296473255307622,0.18725828577943038,0.7641833644023825,0.9921287154580785,-0.35723056172737044,0.36292338736041807,0.10284172122423407,0.5947681962479051,-0.2789922467772753,0.09504791054508699,0.5778116459053305,-0.26942707033597035,0.022567404741576924,0.2182434764166141,-0.35723056172737044,0.2313570785503014,1.1935346249921897,-0.232782857278657,0.0,1.28394722417116,0.005119718536551909,0.011880456727388244,-0.0008254967267720126,-0.0008254967267713464,4,0.022567404741576924,0.5862899210766178,10.398382934493357
bimonthly_classic_6_12minus1_top3_ma200_core075_10bp,bimonthly,classic_6_12minus1,ma200,0.75,0.25,10.0,5.0241654599039824,0.10992730746462542,0.18786258100837036,0.6645092613969745,0.8691610346922487,-0.3586897237780534,0.30646907390256095,1.197357722839766,0.09612307778081974,0.19152251455048044,0.5862298337179368,0.775545294176699,-0.2685911566272068,0.35787878866851347,1.7415497246022484,0.12405275348610822,0.18412293822853182,0.7462868749816974,0.965228419213112,-0.3586897237780522,0.34584975610527613,0.0995063114393766,0.5917326375494786,-0.266508087158598,0.09272352805869022,0.58000243819995,-0.26859115662720867,0.014574573922920608,0.17271464383958665,-0.3586897237780522,0.22828894766988816,1.1895444613374884,-0.23281634542910234,0.02490243394195395,1.2307777718103434,0.0012220821102528756,0.006531180453919427,-0.0020527727681349806,-0.0020527727681342034,4,0.014574573922920608,0.5858675378747142,10.350585170903363
bimonthly_long_6_12_top3_ma200_r12_core075_10bp,bimonthly,long_6_12,ma200_r12,0.75,0.25,10.0,4.5653422011385665,0.10483233370488709,0.1877312212451585,0.639672262143923,0.8312104956933939,-0.37851951285268504,0.27695357873316956,1.187602059988074,0.0955546197670265,0.18919113123364537,0.5882906861847318,0.7756662718436068,-0.28046594951931314,0.3406995392160663,1.5440377401952645,0.11434949635070457,0.1862568225906973,0.6919577432119414,0.886151150632344,-0.37851951285268515,0.3020967016704576,0.1030170764414644,0.6158131817769236,-0.28046594951931314,0.08750280279886691,0.5555161737178321,-0.26292181777058343,0.002356412538225161,0.10101860146696606,-0.37851951285268515,0.22127707570556554,1.145156307282155,-0.23281634542910223,0.0355368859696688,1.333881387143082,-0.003872891649485455,-0.003172076681484226,-0.0218825618427666,-0.021882561842767156,4,0.002356412538225161,0.5856646777473778,10.189735408552275
monthly_long_6_12_top3_ma200_core050_10bp,monthly,long_6_12,ma200,0.5,0.5,10.0,5.292773175115984,0.1121599656125305,0.19380262806993512,0.6611313926170275,0.8544466374937866,-0.3373994912820102,0.33242482134859924,1.2305622095256883,0.09703558087269859,0.193543691864613,0.5871914448099151,0.7740714371313875,-0.2825300919946071,0.34345219720719444,1.8211601309492553,0.12778981616886687,0.1940593162982469,0.7355892193723784,0.9323673808328029,-0.3373994912820104,0.37874928525619983,0.10696089850117163,0.6155165319395315,-0.2825300919946071,0.08599345290543514,0.5521969759145379,-0.26114029152736506,0.0148424732903778,0.17449379276677854,-0.3373994912820104,0.23563460976612016,1.119741690515694,-0.2488407968587617,0.04039832405251935,3.9149085510163295,-0.0021927189956103543,0.009637223401420592,0.01764804080644322,0.017648040806441667,4,0.0148424732903778,0.5838567539270347,10.36566970961478
bimonthly_long_6_12_top3_ma200_core075_0bp,bimonthly,long_6_12,ma200,0.75,0.25,0.0,4.80951316449371,0.10759095114399897,0.1903281825944863,0.646990270791299,0.8440880837081771,-0.371698443386727,0.2894576317395494,1.1929361258803008,0.09586571018435674,0.1937531042165333,0.5804665323744144,0.769927754277752,-0.27733572204495216,0.3456666507923501,1.6491939714667478,0.1195952510469247,0.1868347336326366,0.7162687415279307,0.9192233877167231,-0.37169844338672553,0.32175343527735584,0.09928444850128892,0.5858303634582455,-0.27733572204495216,0.09242418701222976,0.5744248947229205,-0.26956209410394405,0.010157874814040513,0.14707065149255918,-0.37169844338672553,0.22381434570962133,1.1549325881163346,-0.2327828572786571,0.01844851717804564,1.3918174235932936,-0.0014239303152765448,0.0018283822435507524,-0.015293378386127987,-0.015293378386126433,4,0.010157874814040513,0.580127629090583,10.232209538058434
bimonthly_classic_6_12minus1_top3_none_core075_10bp,bimonthly,classic_6_12minus1,none,0.75,0.25,10.0,5.292690713097717,0.11274204136809018,0.19269607460097538,0.6661082024448314,0.8757151624929372,-0.35898338266018237,0.31405922060412766,1.2199954771663193,0.09743362798575661,0.19797192145963718,0.5796488307412718,0.7719275146296267,-0.2810165584195533,0.3467184586336359,1.8345511411266027,0.12840923441386942,0.18726251716789197,0.7581418962359605,0.9844350658334466,-0.3589833826601826,0.35770244701110004,0.10130093495937742,0.5877014658924767,-0.2810165584195533,0.09348726588960443,0.5702922121704359,-0.270088146144812,0.021521448964597623,0.21231532735254383,-0.3589833826601826,0.22992590415358882,1.187306863527274,-0.23281634542910234,0.0,1.28394722417116,0.004036816013717637,0.010887661381680624,-0.002346431650263936,-0.002346431650264602,4,0.021521448964597623,0.5789968390314564,10.355184503853078
monthly_long_6_12_top3_ma200_r12_core025_0bp,monthly,long_6_12,ma200_r12,0.25,0.75,0.0,5.37424110175306,0.11298705077222149,0.197243156950796,0.656984944091775,0.8189724524468618,-0.33422133671017595,0.3380605555718891,1.1609386024464485,0.09302700844520762,0.18767053786203683,0.5795651891100073,0.7344999182920675,-0.32700727319001255,0.2844799369069472,1.9497557656365738,0.13363386747207073,0.2064482955355108,0.7294872663571725,0.8990197031717414,-0.3342213367101764,0.39983643410520125,0.09925116811494439,0.5901750687927886,-0.32700727319001255,0.08623792284944098,0.5677376911185222,-0.2522875437215689,0.012834883993309232,0.1622591830285299,-0.3342213367101764,0.2497343078270673,1.088137915162759,-0.2655121316333723,0.1111018589124823,5.373544486653812,-0.001793154420016485,0.015114637346014703,0.02044702366569373,0.020447023665692066,4,0.012834883993309232,0.5789563799556554,10.357324378653892
bimonthly_classic_6_12minus1_top3_ma200_core075_20bp,bimonthly,classic_6_12minus1,ma200,0.75,0.25,20.0,4.901050815708929,0.10859706238315625,0.18786930736844426,0.6579360616671412,0.8605414228870056,-0.36021807950329365,0.30147587964741035,1.172834772884408,0.09468986138319235,0.19152686770858413,0.5792337352573338,0.7663039529161374,-0.26940453521797514,0.3514783494887301,1.715830439272367,0.122824927101719,0.18413208002048578,0.7401489019268339,0.9572227825010359,-0.36021807950329254,0.34097379918043874,0.09817426632969828,0.5853773099527562,-0.26802491711962617,0.09116705802607972,0.5722240236742484,-0.2694045352179748,0.01354361975742413,0.166655352688667,-0.36021807950329254,0.22686263897516534,1.1832542264273784,-0.23284983357954758,0.02490243394195395,1.2307777718103434,0.00020148162550825965,0.005548606331278183,-0.0033493192660927207,-0.0033493192660916105,4,0.01354361975742413,0.5788006668135023,10.309270907685557
bimonthly_long_6_12_top3_ma200_r12_core075_20bp,bimonthly,long_6_12,ma200_r12,0.75,0.25,20.0,4.442179578371395,0.10339730594181562,0.1877336261451415,0.6325558548934552,0.8219304514419503,-0.38029325647706447,0.2718883497952626,1.1631214867737922,0.09411822545138748,0.18919531211016022,0.5811892866494293,0.7662852565034414,-0.28215688430065156,0.3335670000916938,1.515891784926136,0.11291292564936795,0.1862574194881706,0.6848266662732039,0.8769691971757836,-0.38029325647706447,0.2969101442801359,0.1017329503134834,0.609582369618913,-0.28215688430065156,0.08588616661594894,0.5473599893495364,-0.2636783000432854,0.0011470735500189733,0.09386859495231664,-0.38029325647706447,0.21961098307894633,1.1379604070704339,-0.2328498335795477,0.0355368859696688,1.333881387143082,-0.004998274815832371,-0.004363395121072866,-0.023424496239863535,-0.023424496239863535,4,0.0011470735500189733,0.5784711794842248,10.14526313039457
bimonthly_classic_6_12minus1_top3_ma200_core050_0bp,bimonthly,classic_6_12minus1,ma200,0.5,0.5,0.0,5.317369537805617,0.11299502379365856,0.1919437635293222,0.6692812817808913,0.8640336295179586,-0.3600392520411235,0.31384084694396686,1.1644909128800025,0.09419895459776217,0.19128862383660672,0.5773189680644926,0.7561971305756673,-0.27571573190907805,0.3416524474157531,1.9186398982844417,0.13224076812754215,0.19259058451026248,0.7607394687374925,0.9684503202866228,-0.3600392520411223,0.3672954195350848,0.10061176060205668,0.5890348675541585,-0.27571573190907805,0.08733291344718297,0.5640874483448581,-0.25952323965973545,0.017204592410932085,0.18818338303267262,-0.3600392520411223,0.24225282882276833,1.1749062605475975,-0.2487666454747567,0.049808734620285934,2.2281155147972345,0.003980142334383041,0.014473899324168205,-0.003634187040524539,-0.003634187040523207,4,0.017204592410932085,0.5765611579495082,10.340655612785369
monthly_long_6_12_top3_ma200_r12_core050_20bp,monthly,long_6_12,ma200_r12,0.5,0.5,20.0,4.761857832228082,0.10650907205499216,0.18922555593786577,0.6448037525228051,0.8242856213754809,-0.34188497416217556,0.31153481464344446,1.1466342240900635,0.0921893130642728,0.18562446459416326,0.5796858618215459,0.7534998729869831,-0.3073754115208953,0.29992416312065934,1.684135828809156,0.12129762294990032,0.19278820419057882,0.7083383200018046,0.8918232670400497,-0.341884974162177,0.3547907399181615,0.10067421828918577,0.6080013205054329,-0.3073754115208953,0.08278187936940884,0.5448825767079718,-0.2486470441565396,0.007235361926243522,0.1273648069820661,-0.341884974162177,0.23035624906423036,1.100493843806995,-0.2488676102807612,0.07400317895175625,3.6980503224399577,-0.007416180071083245,0.0035115588139309484,0.013541516088401373,0.01354151608840104,4,0.007235361926243522,0.5764419486067023,10.277084819618663
bimonthly_long_6_12_top3_ma200_core075_10bp,bimonthly,long_6_12,ma200,0.75,0.25,10.0,4.675465270383366,0.10609032265193652,0.19032830206465343,0.6396736318724272,0.8345922982756085,-0.3734853650914707,0.28405483204396464,1.1663028681371288,0.0943057019949971,0.19375551177061603,0.5729417649216081,0.7599740512692528,-0.27909032079322005,0.3379038790272804,1.619885406542386,0.11815195664765255,0.18683244887553643,0.7091676865833619,0.9101864159153458,-0.37348536509147046,0.31634962890370794,0.09777512720172177,0.5787217829657174,-0.27909032079322005,0.09079802946805438,0.566389767717241,-0.2703712135601918,0.008979585903816867,0.14020166244715107,-0.37348536509147046,0.22210262104330258,1.1475718914123714,-0.23281634542910234,0.01844851717804564,1.3918174235932936,-0.0026149027024360283,0.0006303836154637477,-0.016848414081552243,-0.016848414081552465,4,0.008979585903816867,0.5725557753414792,10.18611799125562
bimonthly_classic_6_12minus1_top3_none_core075_20bp,bimonthly,classic_6_12minus1,none,0.75,0.25,20.0,5.158589941225725,0.11135082224778525,0.19269880890420546,0.6594332622410628,0.8669296247552896,-0.3607318159855092,0.30868034732001093,1.1933361876093196,0.09588901540395756,0.19797186948120818,0.5723721486035719,0.7622340568610922,-0.2830357542763897,0.33878764062550254,1.8078641003677722,0.12717221431872394,0.18726811139445357,0.7520952276992571,0.9765644261017101,-0.36073181598550774,0.35253950076816354,0.09976172489285218,0.5806282509965309,-0.2830357542763897,0.09192839937589148,0.5627648190997607,-0.2707488341644072,0.020476346738163453,0.20638466812501186,-0.36073181598550774,0.22849603648890193,1.1810714377726728,-0.23284983357954758,0.0,1.28394722417116,0.0029552414901372615,0.00989589354828313,-0.003863055748308253,-0.0038630557483068095,4,0.020476346738163453,0.5716965350481458,10.311982648860486
monthly_classic_6_12minus1_top3_ma200_core050_20bp,monthly,classic_6_12minus1,ma200,0.5,0.5,20.0,4.936256329453209,0.10841756890143106,0.18912141289719325,0.6544159312974573,0.8495825335325882,-0.3051005542226003,0.35535028501564103,1.1580182002713353,0.09285638268152963,0.18920077219503534,0.5756096363312538,0.7561445511475983,-0.2625030032868595,0.35373455358168804,1.7507906692848145,0.12449142600192387,0.1890365679539826,0.7340539891983403,0.9418385596101198,-0.3051005542226004,0.40803408672635616,0.1040614927401009,0.6117837787411827,-0.2625030032868595,0.08032247483972577,0.5304449812291303,-0.2574355488742851,0.02768287250590551,0.253680012534671,-0.3051005542226004,0.21565553919588787,1.067736498219037,-0.2488676102807611,0.05404394500419657,3.042717362208289,-0.005507683224644344,0.006705361865954496,0.05032593602797664,0.050325936027977636,4,0.02768287250590551,0.5711143799851566,10.448122638113926
bimonthly_long_6_12_top3_none_core075_0bp,bimonthly,long_6_12,none,0.75,0.25,0.0,5.039054380819266,0.11008644201980022,0.1937595432915191,0.6508550301103252,0.8534472651642897,-0.3656664132122164,0.3010570236755953,1.197005305096333,0.09610258141228534,0.19909288618326876,0.5712647365018756,0.761849878242388,-0.28363404527110125,0.3388259731670406,1.748766407987556,0.124395444805951,0.18826667985051043,0.7356358549975488,0.9486656099257857,-0.3656664132122168,0.34018832551010725,0.0995948511863991,0.5779519528633065,-0.28363404527110125,0.09257816687713127,0.5635492169996434,-0.27412322519483145,0.019551175942386978,0.20104661797205983,-0.3656664132122168,0.22381434570962133,1.1549325881163346,-0.2327828572786571,0.0,1.4305545724754183,0.0010715605605247092,0.006628576002577047,-0.009261348211617393,-0.009261348211617726,4,0.019551175942386978,0.5707505849314749,10.256068917725784
monthly_classic_6_12minus1_top3_none_core050_10bp,monthly,classic_6_12minus1,none,0.5,0.5,10.0,5.430140291682531,0.11354881296029862,0.20051478816516075,0.651968028931453,0.8552618450235275,-0.3669886505299014,0.3094068789221233,1.247967842163893,0.0980203985328334,0.20241253003922244,0.5746643486009831,0.771937236096499,-0.3224760015306518,0.3039618392301246,1.860423610638883,0.12959870625211045,0.19857647325351035,0.7315854357537552,0.9377389725394089,-0.3669886505299006,0.3531409106657137,0.1091366177302815,0.6078431328540762,-0.3224760015306518,0.08561470554351258,0.5333970480625888,-0.26015501466420876,0.028951427318608225,0.25258073087005123,-0.3669886505299006,0.22467004244037048,1.0892873892283763,-0.24884079685876148,0.0,3.2012168010548954,-0.0008038716478422359,0.011446113484664178,-0.011941118441447962,-0.011941118441448517,4,0.028951427318608225,0.5706200904583325,10.230248291913203
monthly_long_6_12_top3_none_core050_0bp,monthly,long_6_12,none,0.5,0.5,0.0,5.655067599002157,0.11576368321803931,0.20210513652308792,0.6585420572573722,0.8593033790288036,-0.3814181761417935,0.30350856477013766,1.242661013519296,0.09772085288620391,0.20410845245878678,0.5701942280085921,0.7650087091911024,-0.34252812100124774,0.2852929347831501,1.9674870873858419,0.13442192224387206,0.2000568852511669,0.7496181534528165,0.9518629387354178,-0.38141817614179396,0.35242662948999076,0.10317973235685107,0.5799518967030853,-0.34252812100124774,0.09184369817185334,0.5589518020411518,-0.26931308529343745,0.02311380838472399,0.22052908789571424,-0.38141817614179396,0.24050983456792308,1.13861869401907,-0.2488139834367621,0.0,4.133318226564951,0.0009834780258013431,0.01590269211781603,-0.026749815765923834,-0.0267498157659255,4,0.02311380838472399,0.5694518493721186,10.17403012457035
monthly_classic_6_12minus1_top3_ma200_core025_0bp,monthly,classic_6_12minus1,ma200,0.25,0.75,0.0,5.4658771510130615,0.11390554641459594,0.19632581335647464,0.6634376719404088,0.849456039250996,-0.2805438624940588,0.4060168894873191,1.1608289113195398,0.09302060338134877,0.19210424538676268,0.570578960352797,0.7398269747239068,-0.2592717597258497,0.3587764571031856,1.992313328066595,0.13551833939940483,0.2004886734147221,0.753582164222886,0.9542985173892206,-0.2805438624940598,0.4830557981009984,0.10328777698594882,0.5945463701536086,-0.2592717597258497,0.08156483525248204,0.5416026533551966,-0.24419251108822837,0.040249869202009014,0.3292890940532675,-0.2805438624940598,0.22507896131358618,1.0335529750241206,-0.2655121316333723,0.08117656246633558,4.375705348350394,-0.0008746587776420345,0.0169991092733488,0.07412449788181086,0.07412449788180864,4,0.040249869202009014,0.5680745117544026,10.573517752281123
monthly_long_6_12_top3_ma200_core025_0bp,monthly,long_6_12,ma200,0.25,0.75,0.0,5.674254952986601,0.11594934341384544,0.20314790821352863,0.6571790466402483,0.8367091461730798,-0.33126143308808675,0.3500236726410979,1.1981741235160213,0.09518481679157231,0.19827107565098667,0.569131736445041,0.7426322432610031,-0.29280570900221814,0.3250784184363401,2.036272186805206,0.1374401463122812,0.20794669409005387,0.7423171647290645,0.9245879036020436,-0.33126143308808675,0.4148993290013753,0.10440098099750061,0.587797560284158,-0.29280570900221814,0.08494967351123184,0.5472629486209263,-0.2522875437215696,0.019353224634683475,0.20159302853233152,-0.33126143308808675,0.2506360726161956,1.0897660184528202,-0.2655121316333725,0.060693745965629944,5.701887914101762,0.0011691382216074686,0.018920916186225156,0.02340692728778293,0.02340692728778171,4,0.019353224634683475,0.5675302544525421,10.344059419028044
bimonthly_classic_6_12minus1_top3_none_core050_0bp,bimonthly,classic_6_12minus1,none,0.5,0.5,0.0,5.909272424313886,0.11879936394008528,0.2005802331764299,0.6755421854122194,0.8848785328796704,-0.36012534988874634,0.3298833697122016,1.2140758214095482,0.09709206992825115,0.20280455504055023,0.5690435674258034,0.76052713880754,-0.3029927116559188,0.32044358228164166,2.120612382603605,0.14105948336250207,0.19832073271425152,0.7846644101044566,1.007875622144351,-0.36012534988874634,0.3916955121489771,0.10456050740112932,0.5860960585148073,-0.3029927116559188,0.08904141007553745,0.5488557748234882,-0.25936969052900993,0.0312227670968932,0.2652507560398909,-0.36012534988874634,0.24557522988139002,1.1719731476173405,-0.2487666454747567,0.0,2.3332712438881957,0.009784482480809764,0.023292614559128122,-0.0037202848881473516,-0.0037202848881472406,4,0.0312227670968932,0.5674759166691478,10.371365306280381
bimonthly_long_6_12_top3_ma200_core075_20bp,bimonthly,long_6_12,ma200,0.75,0.25,20.0,4.544469643901854,0.10459125598095143,0.1903306835757953,0.6323494867062085,0.8250180513547418,-0.3752676879188529,0.27871106239119636,1.1399837395209778,0.09274735897951625,0.1937605572685061,0.5654094866228463,0.7499627818238402,-0.2808411828384889,0.33024842739269844,1.5908933519013373,0.11671013619560378,0.18683203650777883,0.702059422005609,0.9010479417817275,-0.37526768791885234,0.3110050237547793,0.09626728520247241,0.5716074659332478,-0.2808411828384889,0.08917377696094775,0.5583445401430142,-0.27117966375310165,0.00780237615910262,0.13333015663686007,-0.37526768791885234,0.2203928107024422,1.1402001361234624,-0.23284983357954747,0.01844851717804564,1.3918174235932936,-0.003804324776696566,-0.0005661845748370364,-0.018398927681651966,-0.01839892768165141,4,0.00780237615910262,0.564976003038131,10.140024302119425
bimonthly_classic_6_12minus1_top3_ma200_core050_10bp,bimonthly,classic_6_12minus1,ma200,0.5,0.5,10.0,5.085620342303983,0.11058177005811687,0.19195401501096016,0.6576415498660713,0.8490719849693987,-0.3617920206818558,0.3056501076217977,1.1216111576525694,0.09164946084550829,0.19129588403078268,0.5648322671316834,0.7398123256593757,-0.2784166062531247,0.3291810143040981,1.8683957097196635,0.12996330214635288,0.1926036929619865,0.7499389247021748,0.9549404675250366,-0.3617920206818561,0.35922102953353097,0.09839368292882211,0.5786623634688174,-0.2784166062531247,0.08439337575651296,0.5488678202022271,-0.2610707207782127,0.015293953415209005,0.17696804675745167,-0.3617920206818561,0.23960412369716022,1.1641928931798486,-0.2487982948817179,0.049808734620285934,2.2281155147972345,0.0018765447037443206,0.01244172911416408,-0.005155069671937351,-0.005155069671938128,4,0.015293953415209005,0.5637650918355223,10.267130456123732
bimonthly_long_6_12_top3_none_core075_10bp,bimonthly,long_6_12,none,0.75,0.25,10.0,4.8958777723947255,0.10854059749388334,0.19376119058254335,0.6434642848712444,0.8438031621645828,-0.3676681345822407,0.29521350175535754,1.1692436023638577,0.09447878117435327,0.1990989204036263,0.5636374459991237,0.7516907899125979,-0.28596139323746306,0.3303899876298961,1.717941759039828,0.12292610691815087,0.18826364067444207,0.7284943735510363,0.939544290726172,-0.36766813458224,0.3343398444301535,0.09792406666219988,0.5702848034157079,-0.28596139323746306,0.0909996316752455,0.5559668112188076,-0.2746505007431397,0.018322974889755317,0.19408875880404952,-0.36766813458224,0.22210262104330258,1.1475718914123714,-0.23281634542910234,0.0,1.4305545724754183,-0.0001646278604892082,0.005404533885962071,-0.011031183572322245,-0.011031183572322023,4,0.018322974889755317,0.5631258073172578,10.208698128893179
monthly_long_6_12_top3_ma200_core050_20bp,monthly,long_6_12,ma200,0.5,0.5,20.0,4.8909713828301955,0.10792713162846779,0.1938036690202672,0.6409067617426957,0.8281448560338716,-0.3406223476784679,0.3168527619049415,1.1553133366081072,0.09269816755765281,0.19355909546197428,0.5661984924611354,0.7461102222394322,-0.28732465091505066,0.3226251811754906,1.733232000550338,0.12365678749307474,0.19404581433572338,0.7161490025445452,0.9077031371566362,-0.3406223476784678,0.363031927693133,0.10317320743926262,0.5980831642227761,-0.28732465091505066,0.0810018360082938,0.5265321415859259,-0.2637151047375783,0.011425319624387198,0.15364553077822404,-0.3406223476784678,0.23077614006663882,1.1008204233643781,-0.2488676102807611,0.04039832405251935,3.9149085510163295,-0.0059981204976076175,0.005870723357105367,0.014804142572109047,0.014804142572110268,4,0.011425319624387198,0.5623076529043509,10.237965712232198
monthly_classic_6_12minus1_top3_ma200_r12_core000_20bp,monthly,classic_6_12minus1,ma200_r12,0.0,1.0,20.0,4.739240637973195,0.1062575889985038,0.2027208265071172,0.613978035259797,0.7479205222447172,-0.29250167052616316,0.36327173382416444,1.159654255210202,0.09295199504342433,0.19060200983235534,0.5731664246107973,0.6920668223813201,-0.2795557391751713,0.3324989689629661,1.6574812260467864,0.12000079495754279,0.2142559558791218,0.6526293290325557,0.8059641543151385,-0.29250167052616294,0.41025678500119633,0.11943832560726309,0.6638206365943602,-0.2795557391751713,0.0631427145819321,0.4511898890711447,-0.2535953753111142,0.02335801622928102,0.2258291891844222,-0.29250167052616294,0.21101173008924645,0.9197383800579428,-0.2822084081986257,0.15760824813462515,5.411904637318873,-0.007667663127571611,0.0022147308215734185,0.06292481972441377,0.0629248197244151,4,0.02335801622928102,0.5575052628327525,10.337081037681692
bimonthly_long_6_12_top3_none_core075_20bp,bimonthly,long_6_12,none,0.75,0.25,20.0,4.756051392955859,0.10699641119910441,0.19376516217098247,0.6360660353179154,0.8340847810069083,-0.3696641037149715,0.28944225345072644,1.1418228049833936,0.0928567978270205,0.19910767080668917,0.5560030328392712,0.7414822371640861,-0.28828199205906013,0.32210405222951627,1.687454526846579,0.1214582899144665,0.18826251234519145,0.7213453398664301,0.9303207098644574,-0.3696641037149725,0.3285639278844241,0.09625514554249315,0.5626113850062241,-0.28828199205906013,0.0894228844936309,0.5483762046995301,-0.27517753253108324,0.017095933963225507,0.18712768385351247,-0.3696641037149725,0.2203928107024422,1.1402001361234624,-0.23284983357954747,0.0,1.4305545724754183,-0.0013991695585435782,0.004181969144025688,-0.01279534347777056,-0.012795343477771559,4,0.017095933963225507,0.5554937948528771,10.161332921478365
bimonthly_classic_6_12minus1_top3_none_core050_10bp,bimonthly,classic_6_12minus1,none,0.5,0.5,10.0,5.644077356868843,0.11625914255483827,0.20058180558419716,0.6638986691250225,0.8697289245428216,-0.36232173204202256,0.3208726727475303,1.1664927044360294,0.09431688122175563,0.20280149917770957,0.556275399216162,0.7434057007940102,-0.30664791607823616,0.3075738535190053,2.0667434712633366,0.1387579161343686,0.19832683459697878,0.7741654131702478,0.9948259546736714,-0.362321732042023,0.38296879227292696,0.10192289408508048,0.5745131188824698,-0.30664791607823616,0.0860957336039212,0.5345582901890105,-0.2606480250640437,0.02927539371635346,0.25454299375670647,-0.362321732042023,0.2429173189897622,1.1614320797621995,-0.2487982948817179,0.0,2.3332712438881957,0.007553917200465721,0.02123634310217981,-0.005684781032104125,-0.005684781032105013,4,0.02927539371635346,0.5545357045357402,10.295296301515336
monthly_classic_6_12minus1_top3_none_core050_20bp,monthly,classic_6_12minus1,none,0.5,0.5,20.0,5.092439309859869,0.11008240724904272,0.2005058122951978,0.6360067073727655,0.8341469984919914,-0.3697312942531574,0.29773624510579993,1.1819947317815163,0.09425122011272946,0.2024141658885609,0.5572626099796177,0.7483147134828878,-0.3273372234277996,0.28793309580179277,1.7921420804190706,0.12643858015484044,0.19855639045357376,0.7171145658130345,0.9190649119908587,-0.3697312942531571,0.3419742448640748,0.10559403752015406,0.5923103462507892,-0.3273372234277996,0.08156636611890677,0.5135383453784614,-0.261483556840447,0.026373590265601043,0.23840161569335008,-0.3697312942531571,0.22092536009187236,1.0744319425939242,-0.24886761028076132,0.0,3.2012168010548954,-0.0038428448770326806,0.00865251601887107,-0.014304804002580496,-0.014304804002579052,4,0.026373590265601043,0.5529243458146254,10.127661791367506
bimonthly_long_6_12_top3_ma200_core050_0bp,bimonthly,long_6_12,ma200,0.5,0.5,0.0,4.63896161258629,0.10567589075330774,0.19700359596317343,0.6227134605601575,0.8004951721034231,-0.38971048384841145,0.2711651216301722,1.1076639545757967,0.09081038960949028,0.19567942224295548,0.5525082393340944,0.7283212793733229,-0.29989021450993936,0.3028121132858122,1.6754557339864076,0.12087656471190611,0.19831592056589425,0.6920920850725563,0.8688225261161727,-0.38971048384841045,0.3101701640619057,0.09744564145058487,0.565809473920394,-0.29989021450993936,0.08367385707374075,0.5371961135841359,-0.26309737240973075,0.006348314248656228,0.12544338744787595,-0.38971048384841045,0.23042891488987327,1.0991936815596162,-0.2487666454747567,0.03687020643147638,2.5749474694861374,-0.0033389907059677704,0.003109695908532162,-0.03330541884781246,-0.03330541884781135,4,0.006348314248656228,0.551502793752265,10.020418642801488
bimonthly_classic_6_12minus1_top3_ma200_core050_20bp,bimonthly,classic_6_12minus1,ma200,0.5,0.5,20.0,4.862265984452719,0.10817257686722992,0.19196981046720935,0.6459844049597326,0.8339784071393717,-0.3640861201453365,0.2971071152727531,1.0795589700269876,0.08910457007794448,0.1913095865740239,0.5523279137055727,0.7234349444021608,-0.2811088148621288,0.3169753681386557,1.8189948296472922,0.12768941336878492,0.19262145146501372,0.7391220072331309,0.9410513799895984,-0.36408612014533714,0.35071211535834823,0.09617896766392953,0.5682809386472444,-0.2811088148621288,0.0814601798204051,0.5336155299143812,-0.2626158013442874,0.013386185084481639,0.16574562918923666,-0.36408612014533714,0.23695976813606134,1.1534557541313055,-0.2488299442886791,0.049808734620285934,2.2281155147972345,-0.000223003890418072,0.01041309259834411,-0.0072173599081355455,-0.007217359908136212,4,0.013386185084481639,0.5509482342808127,10.19138477283354
monthly_classic_6_12minus1_top3_none_core025_0bp,monthly,classic_6_12minus1,none,0.25,0.75,0.0,5.807067593831733,0.11722084200651728,0.21107694517067419,0.6457725509138681,0.8471855174677823,-0.3744741274601143,0.313027879393357,1.2147822444711043,0.09613685147778606,0.20912286688511694,0.5544111333052918,0.7513116979707726,-0.3498216379338033,0.27481676675465694,2.073470365235506,0.13904726881221774,0.21302351139093267,0.7363892533709429,0.9369998858311754,-0.3744741274601163,0.37131341958204334,0.10772189933155008,0.5833907632907006,-0.3498216379338033,0.0831837025450024,0.518477385230398,-0.24851746229785765,0.03958886171568721,0.3062803637588132,-0.3744741274601163,0.2328644428780573,1.044130556402395,-0.26551213163337195,0.0,4.612278257226985,0.0024406368142793067,0.02052803868616171,-0.01980576708424464,-0.01980576708424786,4,0.03958886171568721,0.5509340742605493,10.15036919047769
bimonthly_classic_6_12minus1_top3_ma200_core025_0bp,bimonthly,classic_6_12minus1,ma200,0.25,0.75,0.0,5.438701780522379,0.11422541770673322,0.19971056180012514,0.6566515119139643,0.8377842124411737,-0.36719584814805173,0.3110749162410955,1.1013219079726495,0.09042722526016878,0.1947781885663141,0.5522897394761664,0.7148186254633554,-0.2894169576595349,0.31244618833477544,2.0641196649086457,0.13864490279463082,0.20451773244278798,0.7565544774897623,0.9533060276207596,-0.3671958481480525,0.37757753387976634,0.10003829951126697,0.5720545272372377,-0.2894169576595349,0.07991518486493199,0.5294788572560428,-0.2521196593215195,0.018393734365856895,0.1947442176737523,-0.3671958481480525,0.2541253842453415,1.1431237883167034,-0.26547201274413124,0.07472860862127846,3.219403724799948,0.005210536247457709,0.020878033991256872,-0.010790783147452743,-0.010790783147453409,4,0.018393734365856895,0.5507666922466403,10.230345796582803
monthly_long_6_12_top3_ma200_r12_core025_10bp,monthly,long_6_12,ma200_r12,0.25,0.75,10.0,4.822536611082129,0.1071791989748283,0.19723701600922322,0.6297368371208295,0.7850989349964071,-0.3386416173563468,0.3164974222942169,1.0663467103885642,0.08739377241467072,0.1876903180540323,0.5513298550677931,0.6984805530475044,-0.3338724641979073,0.26175795187130774,1.8177926684855525,0.12763364095161633,0.20641842461721457,0.7030953891897689,0.8669155621420749,-0.3386416173563458,0.37689886419751534,0.09448555296610195,0.5675127046334842,-0.3338724641979073,0.07957110553137325,0.5321088806427894,-0.25457000928322715,0.00785406104289077,0.13146554273598962,-0.3386416173563458,0.24269596545475913,1.0635284918970227,-0.2655372130298356,0.1111018589124823,5.373544486653812,-0.0071734856333125485,0.00948104818417006,0.01640591473210662,0.016405914732106286,4,0.00785406104289077,0.5498107926381368,10.17950888035472
monthly_long_6_12_top3_none_core050_10bp,monthly,long_6_12,none,0.5,0.5,10.0,5.207447375960084,0.11128282641800347,0.20210074958118185,0.6380877034606416,0.8326536778429974,-0.3850309055996304,0.28902310126169334,1.1612019190132057,0.09304238280340105,0.2041194072181419,0.5487442954118561,0.7360705997479114,-0.34929106194698833,0.26637493179691507,1.8722200000610631,0.1301378843612313,0.20003653647432007,0.7302023276776403,0.9274778561419339,-0.38503090559962994,0.3379933466861845,0.0986196119828131,0.5598837787300079,-0.34929106194698833,0.08700356021787381,0.5356966347329692,-0.27133488126660876,0.019419211757470745,0.19999699477753632,-0.38503090559962994,0.23563460976612016,1.119741690515694,-0.2488407968587617,0.0,4.133318226564951,-0.0030698581901373867,0.01198529159378503,-0.02998337351117697,-0.029983373511177858,4,0.019419211757470745,0.5477902067314886,10.043110118834576
bimonthly_classic_6_12minus1_top3_none_core025_0bp,bimonthly,classic_6_12minus1,none,0.25,0.75,0.0,6.37076244339487,0.12300847911128265,0.21105596583829464,0.670596770473584,0.8791071003875622,-0.36723750769376007,0.3349561973769292,1.1753702688675114,0.09483870609372125,0.2098531884963785,0.5468289803217982,0.7368470818040869,-0.32909558224163526,0.2881798213386129,2.3882794799949387,0.15199966572179968,0.2122396296029061,0.7931527816188315,1.0133175867588846,-0.36723750769376007,0.4139001668875077,0.1058770870809087,0.5732242030451713,-0.32909558224163526,0.08273791531997143,0.5148471848365975,-0.24963345340599485,0.03956037356763997,0.30652534273596405,-0.36723750769376007,0.25916867376393915,1.141202575810897,-0.26547201274413124,0.0,3.375127367322857,0.01399359765200714,0.034232796918425734,-0.010832442693161082,-0.01083244269316097,4,0.03956037356763997,0.5440356939408844,10.305421559318614
monthly_classic_6_12minus1_top3_ma200_core025_10bp,monthly,classic_6_12minus1,ma200,0.25,0.75,10.0,5.006391290512195,0.10917021858885123,0.19629037677510125,0.6412160762873398,0.8208803497406585,-0.2839043450248784,0.38453169351559136,1.076012872511631,0.08797976841082789,0.1920759053002587,0.5459878028086902,0.7077041473781789,-0.2673169089083719,0.32912159866768725,1.893234126841159,0.13109354656191252,0.20044605903738036,0.7336477013638244,0.9290604011513176,-0.28390434502487805,0.4617525193227494,0.09918414476591897,0.5758672486069152,-0.2673169089083719,0.07542208732203304,0.5088598011434965,-0.24576193840337213,0.03691767610471386,0.30931794033092863,-0.28390434502487805,0.21955921331137662,1.0131034140711377,-0.26553721302983535,0.08117656246633558,4.375705348350394,-0.005182466019289622,0.012940953794466248,0.07114318706357503,0.07114318706357403,4,0.03691767610471386,0.5423635248752059,10.426283317660339
bimonthly_classic_6_12minus1_top3_none_core050_20bp,bimonthly,classic_6_12minus1,none,0.5,0.5,20.0,5.388934332060936,0.11372340494685651,0.20058917568983273,0.6522364830288235,0.8544510474564659,-0.3650561783708933,0.3115230249063603,1.1199067413069197,0.09154718405422613,0.20280539381895765,0.5434882192598401,0.7262972463813053,-0.3102859561445499,0.2950413392592539,2.0137808459074713,0.13645995873750083,0.1983375524151004,0.7636492893354471,0.9813044169230948,-0.36505617837089266,0.3738053670163039,0.0992901384677134,0.5629166027188502,-0.3102859561445499,0.08315638868852737,0.5202333628448832,-0.2619249364791626,0.02733091585878422,0.24382500035040608,-0.36505617837089266,0.2402637919591213,1.150868288382903,-0.2488299442886791,0.0,2.3332712438881957,0.005327824189208519,0.01918363796706002,-0.008187418133692392,-0.008187418133691726,4,0.02733091585878422,0.5415749827818668,10.217021225012536
bimonthly_long_6_12_top3_ma200_core050_10bp,bimonthly,long_6_12,ma200,0.5,0.5,10.0,4.400578876191481,0.10290567774421033,0.19700557380844144,0.60963077160635,0.7838075076275731,-0.3917814992689793,0.2626608911758745,1.0614686626302197,0.08799578130224406,0.19568800546736806,0.5389893718922778,0.7104615263854887,-0.30304634555738774,0.29037070597368525,1.6197724826439517,0.11814636818516111,0.19831133679789864,0.6794438391709998,0.853253593218634,-0.39178149926897887,0.301561886933429,0.09485775909190997,0.5539574270032609,-0.30304634555738774,0.08058703490071162,0.5215089206269318,-0.2646341139411761,0.004137307751504116,0.11263702304521848,-0.39178149926897887,0.2271698735249814,1.0864458752849597,-0.2487982948817179,0.03687020643147638,2.5749474694861374,-0.0057995476101622145,0.0006247951529723128,-0.03514454825906088,-0.03514454825906088,4,0.004137307751504116,0.5377331738150963,9.938104439363336
bimonthly_long_6_12_top3_none_core050_0bp,bimonthly,long_6_12,none,0.5,0.5,0.0,5.097837059795792,0.1107111296346508,0.20289707357322895,0.6334216515431206,0.8254300012544394,-0.37792159480566156,0.29294734981096204,1.1169716729595942,0.09137088923394088,0.2050080242211471,0.5390273557694573,0.7222387010554652,-0.31194450836843146,0.29290751009479077,1.8804528363248427,0.1305130242706687,0.2007554739133596,0.7299971550537572,0.9258664633101517,-0.3779215948056617,0.3453441826677893,0.09807405127860047,0.5542243529132915,-0.31194450836843146,0.08416004252396792,0.5210968999981115,-0.26883905792484064,0.02515987566183142,0.23143631052616556,-0.3779215948056617,0.23042891488987327,1.0991936815596162,-0.2487666454747567,0.0,2.6529177273963263,0.0016962481753752812,0.01274615546729474,-0.02151652980506258,-0.02151652980506258,4,0.02515987566183142,0.5376606264557016,10.086958098519023
monthly_long_6_12_top3_ma200_core025_10bp,monthly,long_6_12,ma200,0.25,0.75,10.0,5.062941525045275,0.10977107856190149,0.20313163429299666,0.6291257278159708,0.8008897453544216,-0.33603291099594523,0.32666764167997236,1.091407598506842,0.08890808561235031,0.19827411623600383,0.5394378401393408,0.7033809960583411,-0.2996716816266948,0.2966849758033005,1.8989765215417194,0.13135362655871763,0.2079116767041182,0.7158397872201975,0.8919829150876688,-0.3360329109959451,0.39089512443709024,0.09901526858360876,0.5639694864130975,-0.2996716816266948,0.07761538886633579,0.5094810266256785,-0.2545700092832266,0.01433649219125721,0.17141463468859622,-0.3360329109959451,0.24346113267009906,1.0647515559564913,-0.26553721302983535,0.060693745965629944,5.701887914101762,-0.0045816060462393615,0.013201033791271355,0.019014621092508177,0.019014621092506956,4,0.01433649219125721,0.5367252565193881,10.157511143354698
bimonthly_classic_6_12minus1_top3_ma200_core025_10bp,bimonthly,classic_6_12minus1,ma200,0.25,0.75,10.0,5.100183079656652,0.11073594307278234,0.19972718797202363,0.6404835006838822,0.817065353430195,-0.3697547365634213,0.2994848533976484,1.0416960424412425,0.08677400496326904,0.19479446563587327,0.5346403285199838,0.6918489038395563,-0.2932468248885204,0.29590773914178514,1.9878017848154803,0.1353196926363771,0.20453450811620746,0.7417891359969014,0.9346640246869214,-0.3697547365634214,0.3659714920600258,0.09693951597539985,0.5580919364301629,-0.2932468248885204,0.07561707079322066,0.5067659770550719,-0.2551732740838474,0.015611166765201467,0.17875817213978645,-0.3697547365634214,0.25024888200725215,1.1288260968289237,-0.2655014224112031,0.07472860862127846,3.219403724799948,0.0020307177184097913,0.01779811960418831,-0.013117785553502848,-0.013117785553503403,4,0.015611166765201467,0.5324289567426174,10.123047529845964
monthly_long_6_12_top3_ma200_r12_core000_0bp,monthly,long_6_12,ma200_r12,0.0,1.0,0.0,5.1372352230982266,0.11055249153995605,0.20956841765216022,0.6197064725241047,0.7452853097117665,-0.35680960960576336,0.30983608222352754,1.029483879360742,0.0851365317609456,0.19457186739841534,0.5276282360391592,0.6363302528154643,-0.35680960960576336,0.2386049295449537,2.0240374341043603,0.13690774694292118,0.22367625125256152,0.7034178256202722,0.8506077384248698,-0.33425482153821784,0.4095909411654291,0.08990542946976654,0.5284012508600727,-0.35680960960576336,0.07999543594765601,0.5301137110944819,-0.2601779246143784,0.010923860583520462,0.15110892627521685,-0.33425482153821784,0.258521126755499,1.0378279596353468,-0.2821618769216889,0.1482875194667193,7.035627048710667,-0.004227713652281917,0.018388516816865152,-0.0021412492298936714,0.020413538837650624,4,0.010923860583520462,0.5292574809772773,10.134723402333313
monthly_long_6_12_top3_none_core050_20bp,monthly,long_6_12,none,0.5,0.5,20.0,4.789719468018024,0.10681759312154893,0.2021069224222143,0.6176001912834294,0.8058185238488679,-0.38862415095510705,0.27486092374605986,1.0826570881412976,0.08838116557429898,0.20414235976273745,0.5272656749581223,0.7070994702909585,-0.3559888380333063,0.24826948525287765,1.7799677157535103,0.1258679765716506,0.2000252627018753,0.7107503036385662,0.902704867404914,-0.3886241509551074,0.32388099468936626,0.09407557327489857,0.539796989845942,-0.3559888380333063,0.08218227240532028,0.5123967967587846,-0.27335210985810143,0.015736261158781017,0.1794413975894692,-0.3886241509551074,0.23077614006663882,1.1008204233643781,-0.2488676102807611,0.0,4.133318226564951,-0.007107659004526479,0.008081912435681238,-0.03319766070453012,-0.03319766070452934,4,0.015736261158781017,0.5260968933023633,9.912252683079839
monthly_classic_6_12minus1_top3_none_core025_10bp,monthly,classic_6_12minus1,none,0.25,0.75,10.0,5.298174682142383,0.11221511462166633,0.21105312283256075,0.6239536135693127,0.8183495968785182,-0.3784085070275143,0.2965449046141743,1.1218819095511408,0.09072802871862895,0.20911711663544638,0.5301943364302444,0.7181287430216727,-0.35658762787398224,0.2544340342360172,1.9682022613005383,0.13445362016997064,0.21298142760724895,0.7169597674523833,0.9122018181363208,-0.37840850702751383,0.3553134183640185,0.10271984161803527,0.5624666424613397,-0.35658762787398224,0.07728134567327949,0.48971832196045467,-0.25048296011586213,0.03583792074547376,0.28661151457839895,-0.37840850702751383,0.22742647753842937,1.024570130958805,-0.26553721302983546,0.0,4.612278257226985,-0.002137569986474519,0.01630102740252437,-0.023360974939060863,-0.02336097493906175,4,0.03583792074547376,0.5260924822108972,10.002965900590727
bimonthly_classic_6_12minus1_top3_none_core025_10bp,bimonthly,classic_6_12minus1,none,0.25,0.75,10.0,5.9650155678265175,0.1193216101142145,0.2110593203442393,0.6545861253703029,0.858105824423329,-0.37045522110318374,0.32209455641868134,1.1082485830431512,0.09084565953002643,0.20985302871997502,0.5290214739571081,0.7127141869708281,-0.33424242207509947,0.2717957193046391,2.303697497461557,0.14862778496662443,0.21224609889651058,0.7789163064097497,0.9953127786410464,-0.3704552211031842,0.40120310499072875,0.10214737453879486,0.5576669930810255,-0.33424242207509947,0.07842787437536058,0.493982159287637,-0.25230606034381864,0.03670755606365739,0.29151694332532563,-0.3704552211031842,0.2552739089550442,1.127206979362259,-0.2655014224112031,0.0,3.375127367322857,0.010616384759841946,0.031106211934435635,-0.013818270093265306,-0.013818270093266194,4,0.03670755606365739,0.5258245761843312,10.19562109882006
monthly_long_6_12_top3_none_core025_0bp,monthly,long_6_12,none,0.25,0.75,0.0,5.5964041089088745,0.11519290042016017,0.2135446324305314,0.6320460019238399,0.822710163476725,-0.39963139335771647,0.28824787625492965,1.1093387573019702,0.08998176230371979,0.21170534621480538,0.5229521235122584,0.7075890690994814,-0.3854332641909388,0.23345614056586447,2.1272379014863567,0.1413401306173927,0.21537440969568666,0.7403758907888327,0.929457919582186,-0.39963139335771625,0.3536762450763646,0.09338355585543678,0.5209648379530483,-0.3854332641909388,0.08645668864996425,0.5278705183325613,-0.26439088535890665,0.02692981364835001,0.23982038508253647,-0.39963139335771625,0.2506360726161956,1.0897660184528202,-0.2655121316333725,0.0,6.033474174264184,0.0004126952279221996,0.02282090049133667,-0.044963032981846784,-0.044963032981847784,4,0.02692981364835001,0.5244176781428047,9.919381559346595
bimonthly_long_6_12_top3_none_core050_10bp,bimonthly,long_6_12,none,0.5,0.5,10.0,4.832420568272673,0.1078441250628488,0.20290209110361845,0.6203277476423887,0.8085381110379245,-0.3804329614852855,0.2834773428721949,1.0685068610092716,0.08842818337751446,0.2050234350540884,0.5255332823657198,0.7041371962058305,-0.31618492757769245,0.27967235520986694,1.819628340718633,0.12771879568084255,0.2007497932195983,0.7173213557585334,0.9101470432595378,-0.3804329614852857,0.33571958429207355,0.09516321010483697,0.5414576831799855,-0.31618492757769245,0.08116594766553797,0.5066551947484068,-0.2698460548657877,0.022827949403221304,0.21862395275345564,-0.3804329614852857,0.2271698735249814,1.0864458752849597,-0.2487982948817179,0.0,2.6529177273963263,-0.0008611002915237531,0.010197222648653748,-0.023796010475367058,-0.023796010475367724,4,0.022827949403221304,0.5240564389641962,10.003031963322655
bimonthly_long_6_12_top3_ma200_core050_20bp,bimonthly,long_6_12,ma200,0.5,0.5,20.0,4.172145929917224,0.10014082839883454,0.19701488772893813,0.5965261321766524,0.7668985031439904,-0.3938465529869304,0.2542635644246902,1.0162585403481534,0.08518672077820466,0.1957046895480683,0.5254499393321527,0.6924501726819497,-0.3061901444958176,0.27821509708771264,1.565219601760068,0.1154213826316608,0.1983133335477454,0.66677288267572,0.8373920278985715,-0.39384655298693005,0.2930618073366535,0.09227444913510308,0.5420944080463146,-0.3061901444958176,0.07750707222591746,0.5057851408937857,-0.2661684761040476,0.0019300762996703469,0.09982210802644137,-0.39384655298693005,0.223917659377745,1.073665697558886,-0.248829944288679,0.03687020643147638,2.5749474694861374,-0.008254752358813455,-0.0018549381387800157,-0.036977792749729455,-0.03697779274972912,4,0.0019300762996703469,0.5239397744700501,9.85575999768646
monthly_long_6_12_top3_ma200_core000_0bp,monthly,long_6_12,ma200,0.0,1.0,0.0,5.540845806103086,0.11464790344248055,0.21612123899324617,0.6248999350825761,0.7835532308955268,-0.329769377333895,0.3476608542896884,1.079054331825585,0.0881636529855645,0.20674654668345432,0.5222238722216386,0.6707505308517584,-0.31376879756992215,0.2809828563846205,2.1460677607014076,0.14213487569035022,0.22517610874190114,0.72119912253573,0.8889083798251767,-0.3297693773338941,0.4310129607529856,0.09699412827800646,0.5366786463413551,-0.31376879756992215,0.07833711389138331,0.5069054493683812,-0.2601779246143775,0.019869509569428123,0.20359939288988838,-0.3297693773338941,0.25973032405172103,1.0401692946580046,-0.28216187692168904,0.08106921268642994,7.477552244421773,-0.00013230174975742415,0.023615645564294185,0.024898983041974687,0.024898983041974354,4,0.019869509569428123,0.5217920478548681,10.15136272076907
monthly_long_6_12_top3_ma200_r12_core025_20bp,monthly,long_6_12,ma200_r12,0.25,0.75,20.0,4.318245601004862,0.10139761173393991,0.19724941246120034,0.6024304119596172,0.7511046696465993,-0.34303475919787096,0.29558990456547657,0.9758321654293303,0.08178556986232866,0.18772963442929813,0.5230460349684823,0.6625552941920363,-0.340671847968549,0.24007140698599536,1.6916484578280286,0.121661078526625,0.20640620859932352,0.6766379915498295,0.8344640477540335,-0.34303475919787074,0.35466108102604244,0.08973729817276244,0.5448218426488486,-0.340671847968549,0.07294037958194877,0.49639606427301003,-0.2568473106383863,0.0028946425881735127,0.10062045271131047,-0.34303475919787074,0.23569213108931097,1.0388459073286125,-0.2655622944262984,0.1111018589124823,5.373544486653812,-0.012527640392135497,0.003875014390655629,0.012391731052705968,0.0123917310527073,4,0.0028946425881735127,0.5206089534609293,10.001796518580177
monthly_classic_6_12minus1_top3_ma200_core000_0bp,monthly,classic_6_12minus1,ma200,0.0,1.0,0.0,5.277304405942164,0.1120017834410354,0.2073621511985861,0.6305114584666286,0.7923327429235355,-0.2825314220535031,0.3964223965850622,1.032463035527599,0.08532029727116797,0.19904739730319598,0.5210968229633562,0.6589868033456396,-0.2825314220535031,0.3019851620433596,2.0885208223787766,0.13969263156761413,0.21541675813753466,0.7335610413509505,0.9197819997078927,-0.2821618769216888,0.49507975028952766,0.09561576828019969,0.5417994943640633,-0.2825314220535031,0.07379298299854775,0.4972951698544392,-0.249511384359268,0.04755448835836007,0.3666091705459485,-0.26183511505942714,0.22607323672522028,0.9695604543863098,-0.28216187692168926,0.10840086577604702,5.6947966490848865,-0.0027784217512025755,0.021173401441558104,0.07213693832236656,0.07250648345417965,4,0.04755448835836007,0.5195473321092512,10.366758574313643
bimonthly_classic_6_12minus1_top3_ma200_core000_0bp,bimonthly,classic_6_12minus1,ma200,0.0,1.0,0.0,5.511333946922939,0.11495154999255752,0.21070639091067409,0.6363764366925001,0.8019465851961094,-0.3744967413380288,0.3069493998314922,1.0331628047600914,0.0862434932802143,0.2017178355077329,0.5205941052423039,0.6620549833602207,-0.30567136782581206,0.2821444935901241,2.202563971600533,0.14449440799724056,0.21931956768288952,0.7440812677777342,0.9333782962886474,-0.3744967413380291,0.3858362224487734,0.09911704578815717,0.5499162838424825,-0.30567136782581206,0.07203455407907766,0.48540240299028065,-0.2544421789352005,0.019172725397925916,0.19846035340298854,-0.3744967413380291,0.2653335596860431,1.1069544460397522,-0.2821190943497781,0.09967161932199084,4.20506126103196,0.005936668533282008,0.026727539193866612,-0.018091676337429807,-0.01809167633743003,4,0.019172725397925916,0.5176593434163815,10.08593914403578
bimonthly_classic_6_12minus1_top3_none_core000_0bp,bimonthly,classic_6_12minus1,none,0.0,1.0,0.0,6.80653219912585,0.12676104528704957,0.22373980354085254,0.6603209728191646,0.8683314262320125,-0.3744388052995081,0.33853607984262013,1.1311332095091382,0.09221951798498162,0.2188824208373409,0.5218994542999581,0.7104543515857675,-0.3550313454580971,0.25975035490455284,2.663089742252156,0.162463878692356,0.2284788806050389,0.7934093587013582,1.0123483013475427,-0.374438805299508,0.4338863290689211,0.10678861058168554,0.5578718651121,-0.3550313454580971,0.07613911210519131,0.4771281682751436,-0.2432857899921982,0.04757426504426965,0.3413978025524524,-0.374438805299508,0.27213438313156657,1.1072226702811143,-0.2821190943497781,0.0,4.4123449363764875,0.017746163827774053,0.044697009888982064,-0.01803374029890914,-0.018033740298908918,4,0.04757426504426965,0.5175000166936218,10.223070836599414
monthly_classic_6_12minus1_top3_ma200_core025_20bp,monthly,classic_6_12minus1,ma200,0.25,0.75,20.0,4.579310803756602,0.1044521936209084,0.19626799870886774,0.6189452720846061,0.7921919703189965,-0.2872506891821852,0.3636273037961656,0.9944747548289803,0.08295896883962528,0.1920629566459901,0.5213476047189108,0.6755146159626535,-0.2756580139917616,0.30094887370879997,1.7973835167620518,0.12668356538321035,0.20041424720484877,0.7136662912002848,0.9036655592290331,-0.28725068918218544,0.4410209275524584,0.0950934092342508,0.5571627920563879,-0.2756580139917616,0.0693100307634249,0.4760234723767358,-0.24872796992823587,0.033594556295267974,0.2893031614677621,-0.28725068918218544,0.21406107148834574,0.9926023396869105,-0.26556229442629864,0.08117656246633558,4.375705348350394,-0.009473058505166998,0.00889750124724098,0.06817580106839172,0.0681758010683926,4,0.033594556295267974,0.5165931322165618,10.278984582667233
bimonthly_long_6_12_top3_ma200_core025_0bp,bimonthly,long_6_12,ma200,0.25,0.75,0.0,4.431787936624761,0.10327483227858991,0.20734851126225134,0.5910792835881407,0.749509116753627,-0.41064741691960627,0.2514927113222494,1.0187028467041732,0.08534000987836388,0.20113509786310194,0.5173310520369067,0.6763371417849562,-0.3247637460511442,0.26277566666854624,1.690731796159577,0.12161677916792835,0.2133803276966256,0.6611805002077965,0.8165808960312928,-0.4106474169196066,0.2961586367210427,0.09520734113355878,0.5400350716322125,-0.3247637460511442,0.07451256183782062,0.49029352612098115,-0.2572416994901494,0.002175367206310952,0.10369701781848631,-0.4106474169196066,0.23636554870944715,1.0403297552019215,-0.26856090185299963,0.05527261173781908,3.7554461031878312,-0.0057400491806856024,0.0038499103645543986,-0.05424235191900728,-0.0542423519190075,4,0.002175367206310952,0.5151642988765969,9.761823687651157
bimonthly_classic_6_12minus1_top3_ma200_core025_20bp,bimonthly,classic_6_12minus1,ma200,0.25,0.75,20.0,4.779239348628134,0.1072549168510959,0.19975509330704716,0.6242829289224443,0.7963269664491752,-0.3723048730504581,0.288083569716155,0.9837184498517373,0.08313024635836586,0.1948239384922971,0.5169588499409622,0.6688217569488918,-0.2970590587868195,0.27984417205746004,1.9133364914058553,0.13200201890154695,0.20456074133538626,0.7269926034569737,0.9160523280033911,-0.3723048730504579,0.35455356203102106,0.09384729596766239,0.5441152553946824,-0.2970590587868195,0.0713325818487065,0.4839862645449621,-0.25821701050174817,0.012834660856112068,0.16275652062863977,-0.3723048730504579,0.24638153218318082,1.1144860727955082,-0.2655308320782751,0.07472860862127846,3.219403724799948,-0.0011406639065520974,0.014725698131106135,-0.015436112813257186,-0.015436112813256964,4,0.012834660856112068,0.5140507599698223,10.015682061931113
bimonthly_long_6_12_top3_none_core050_20bp,bimonthly,long_6_12,none,0.5,0.5,20.0,4.5784113719746955,0.1049828492364353,0.20291462051613593,0.6072120115497446,0.7914423149805295,-0.38293557968193437,0.2741527682636173,1.0211221424398635,0.0854915691188518,0.20504714165392132,0.5120205213174518,0.6859426702560455,-0.32040214875412565,0.26682582951232775,1.7600565323778512,0.12492997528642147,0.20075082255826274,0.7046212865293774,0.8941356333767028,-0.38293557968193515,0.32624279882842916,0.0922582428719183,0.5286783006496721,-0.32040214875412565,0.07817826839271547,0.4921857593973678,-0.27085217781860227,0.020500133127037357,0.2057991180607078,-0.38293557968193515,0.223917659377745,1.073665697558886,-0.248829944288679,0.0,2.6529177273963263,-0.0034127315212126863,0.007653654515980657,-0.026066819444733436,-0.026066819444734213,4,0.020500133127037357,0.51043203002352,9.919102546621097
monthly_classic_6_12minus1_top3_none_core000_0bp,monthly,classic_6_12minus1,none,0.0,1.0,0.0,5.762750329155875,0.11679918368671416,0.22402514978057575,0.6194005465368412,0.814189516676758,-0.3849015285016043,0.30345211706850195,1.1074686174334105,0.08987016053001406,0.21798331825556963,0.5136018112021347,0.7029479514767518,-0.3813563122984879,0.23565929717631792,2.208944737403449,0.1447585796237323,0.22995067749832854,0.721110315013154,0.9151671265951288,-0.3849015285016042,0.37609250393800125,0.10198472675879011,0.5415660780657444,-0.3813563122984879,0.07627855010192586,0.4791308182499515,-0.23835230389842377,0.04728781938335502,0.33944305340138087,-0.3849015285016042,0.23652826142654915,0.9858484411323842,-0.28216187692168904,0.0,6.01276526820043,0.002018978494476187,0.026239349497676256,-0.030233168125734622,-0.030233168125735732,4,0.04728781938335502,0.510348448157848,9.949992958063847
bimonthly_classic_6_12minus1_top3_none_core025_20bp,bimonthly,classic_6_12minus1,none,0.25,0.75,20.0,5.581328096479496,0.11564412592083229,0.21107432559937367,0.6385407414747499,0.8370561638130677,-0.37365883103000763,0.30949121582930067,1.0431468333127478,0.08686400579566045,0.20986685335651822,0.51117987589308,0.6885429934449747,-0.33935398893894053,0.2559687188804189,2.2211723549053746,0.14526352316875824,0.2122619056571511,0.7646470604930867,0.9772517638559686,-0.3736588310300072,0.3887597752429211,0.09842740066111055,0.5420874462902676,-0.33935398893894053,0.07413143225000018,0.47306318518674517,-0.25497165282816736,0.03386086449948866,0.2764852728460704,-0.3736588310300072,0.25138838192650326,1.113171414165266,-0.2655308320782751,0.0,3.375127367322857,0.0072485451631842945,0.027987202398317423,-0.0167900707928067,-0.016790070792806255,4,0.03386086449948866,0.5075753157385063,10.085784777949655
monthly_long_6_12_top3_ma200_core025_20bp,monthly,long_6_12,ma200,0.25,0.75,20.0,4.507228880011,0.10362248929056861,0.20313550428303248,0.6010083088046786,0.7650577186444665,-0.34077288538102357,0.3040807932083759,0.989750075131981,0.08266250956989407,0.19829945426424425,0.5096875371579132,0.6643383161342922,-0.3064761021562076,0.2697192668150089,1.767799307481209,0.12529544038853935,0.20789473696117716,0.6892935460890983,0.8590540905797373,-0.340772885381024,0.3676801933594111,0.09365183289988721,0.5401112463042024,-0.3064761021562076,0.07032488819497873,0.47159210841443094,-0.2582287745980755,0.009341250025943104,0.14117945813675165,-0.340772885381024,0.23632205472780998,1.0396610301416391,-0.26556229442629853,0.060693745965629944,5.701887914101762,-0.010302762835506796,0.007509376252569977,0.01465360486955336,0.014653604869554027,4,0.009341250025943104,0.5058516773593167,9.97103950151299
bimonthly_long_6_12_top3_none_core025_0bp,bimonthly,long_6_12,none,0.25,0.75,0.0,5.114901147048399,0.11089140869673852,0.21475894483874317,0.610855013898318,0.7939227023155245,-0.39346725091731727,0.28183135556570404,1.0342188884555608,0.08630925657711286,0.21308131375951464,0.5041994370609906,0.6813518450800905,-0.341990491121972,0.25237326422134465,2.0060192547376325,0.13612020220738286,0.2164147840041386,0.7160331966579491,0.8975920613411441,-0.3934672509173165,0.34595052546314015,0.09616121127177468,0.5284023993374773,-0.341990491121972,0.07550408952609367,0.474866654959054,-0.26371094983218923,0.030422595908076167,0.2574319634993279,-0.3934672509173165,0.23636554870944715,1.0403297552019215,-0.26856090185299963,0.0,3.871577427958549,0.0018765272374630104,0.01835333340400891,-0.03706218591671828,-0.037062185916717394,4,0.030422595908076167,0.5016345271482656,9.888968709319508
monthly_classic_6_12minus1_top3_none_core025_20bp,monthly,classic_6_12minus1,none,0.25,0.75,20.0,4.827035356544175,0.10722862005428246,0.2110429809738045,0.6020907181306726,0.7894477262634061,-0.38232042346072626,0.28046793598850855,1.0328172123572763,0.08534212837502797,0.20912787965123264,0.5059362545448163,0.6849251140449305,-0.36328814410478294,0.23491580928226713,1.8664826926505014,0.12987589401114596,0.21295020705985027,0.6974870189845346,0.8873642058157065,-0.3823204234607258,0.33970430571174437,0.09773693749817913,0.5415128976748821,-0.36328814410478294,0.07140698386443978,0.46089796213736195,-0.25244431815126367,0.03209852466720142,0.2669088054764135,-0.3823204234607258,0.22200927732764364,1.0049594685088228,-0.26556229442629853,0.0,4.612278257226985,-0.006696632071792941,0.012089829875176594,-0.026893933210149323,-0.02689393321014777,4,0.03209852466720142,0.501205429906122,9.8555962780685
bimonthly_classic_6_12minus1_top3_none_core000_10bp,bimonthly,classic_6_12minus1,none,0.0,1.0,10.0,6.2494839327749965,0.12192691674043288,0.2237455821549331,0.6405721847141443,0.8422837913105724,-0.37865155046748966,0.3220029512355088,1.0456366794298146,0.08701833364605016,0.21888831107883644,0.49958793857959244,0.6798289786250449,-0.3615446356962736,0.24068489767098222,2.543876586528389,0.1580127756535603,0.22848400867054217,0.7761094678543318,0.9904525936312447,-0.3786515504674898,0.41730391822897595,0.10196750571612756,0.5388728134226682,-0.3615446356962736,0.0704869265236725,0.45009417713632577,-0.24684340930855042,0.04381361465587186,0.32267561411705437,-0.3786515504674898,0.26698674605116146,1.0904777717011487,-0.28214586273635767,0.0,4.4123449363764875,0.01322169138606033,0.040491202621371514,-0.022014599457571227,-0.022014599457571782,4,0.04381361465587186,0.494483495279497,10.081434856167379
bimonthly_classic_6_12minus1_top3_ma200_core000_10bp,bimonthly,classic_6_12minus1,ma200,0.0,1.0,10.0,5.067780025033854,0.11039242358432988,0.21072984274404064,0.6163587164007603,0.7766472753570766,-0.37783933438466333,0.2921676319489376,0.9582491338270873,0.0814997355048146,0.20174647282726518,0.49836254368934174,0.6336848292705437,-0.31056202833346325,0.2624265945909684,2.098574088566226,0.1401221680142517,0.21933800416421195,0.7260723113163543,0.9107016204988719,-0.3778393343846631,0.37085119325241805,0.09514273612648205,0.5329070488003294,-0.31056202833346325,0.06640385627164469,0.4555778425424857,-0.2569411514507228,0.0155303175056134,0.1783640552289021,-0.3778393343846631,0.26021675419929524,1.0897896003607859,-0.28214586273635767,0.09967161932199084,4.20506126103196,0.0016871982299573318,0.022600594982062905,-0.021202383374744893,-0.021202383374745115,4,0.0155303175056134,0.4942424456714075,9.946813171212195
monthly_long_6_12_top3_none_core025_10bp,monthly,long_6_12,none,0.25,0.75,10.0,4.958823582723201,0.10866065830138028,0.2135359172319765,0.6037874528291683,0.7858204934126655,-0.4048054466351323,0.26842686827610934,0.9986702669861451,0.08322170417488195,0.21172185124428683,0.49283469287243886,0.6664305853332991,-0.394741448802838,0.21082585684192692,1.981394020389701,0.13503709751509896,0.21534036554896863,0.7139839633015137,0.8965998566890913,-0.40480544663513274,0.3335851793437287,0.08687490104201734,0.49351549506169706,-0.394741448802838,0.07936867817768278,0.4941128997413684,-0.2673934549020006,0.021494827350509338,0.21069042209803518,-0.40480544663513274,0.24346113267009906,1.0647515559564913,-0.26553721302983535,0.0,6.033474174264184,-0.005692026306760578,0.016884504747652684,-0.04975791454667888,-0.04975791454668066,4,0.021494827350509338,0.49381419740153276,9.730296944172705
monthly_long_6_12_top3_ma200_r12_core000_10bp,monthly,long_6_12,ma200_r12,0.0,1.0,10.0,4.45116789252689,0.10297009102415688,0.20955673325792643,0.5861296427656291,0.7054049440631749,-0.3654060010037842,0.2817963874191834,0.9142567600412912,0.0778390384923413,0.19459614903060204,0.49207691652541696,0.593768487992913,-0.3654060010037842,0.213020690077652,1.847668090465207,0.12901347261199114,0.22363306060721144,0.671434306319985,0.8124524342738637,-0.3400494199310279,0.3793962437523314,0.08380821842175457,0.5006597274967981,-0.3654060010037842,0.07126736416286339,0.4836930833206749,-0.2631644596797811,0.0044040636886726325,0.11205787356607047,-0.3400494199310279,0.24922063354785506,1.0085364286836123,-0.28218514256015725,0.1482875194667193,7.035627048710667,-0.011382593583983969,0.010860879844544868,-0.010358468915330765,0.014998112157424193,4,0.0044040636886726325,0.49217640540873653,9.904516297559681
monthly_classic_6_12minus1_top3_ma200_core000_10bp,monthly,classic_6_12minus1,ma200,0.0,1.0,10.0,4.703012550281617,0.10585281253893575,0.20731711788357943,0.6031151036037843,0.7579192862268462,-0.2922059190754873,0.36225416950431505,0.9293727877866993,0.07881815243226864,0.1990115548758125,0.4902332048337594,0.6200870659423693,-0.2922059190754873,0.2697349618434905,1.9558893887084872,0.13390694418881632,0.2153626197268637,0.7093629734124363,0.8891489731321824,-0.2821851425601575,0.47453577099747357,0.09039906262807529,0.5190898639074432,-0.2922059190754873,0.06578276095179603,0.454580228183816,-0.2515555585221765,0.043195597917996764,0.3415018056799069,-0.26631938847759984,0.2188638571559096,0.9451205927020375,-0.2821851425601576,0.10840086577604702,5.6947966490848865,-0.008499872069205106,0.01575435142137005,0.06284161301296609,0.0728623895282946,4,0.043195597917996764,0.48683504604562955,10.193980654194112
monthly_long_6_12_top3_ma200_core000_10bp,monthly,long_6_12,ma200,0.0,1.0,10.0,4.766543637911133,0.10656105771106428,0.21609623907712922,0.5903163357923028,0.7402834953989065,-0.3360594908509701,0.3170898623967747,0.9478476846070325,0.08000565817006566,0.20674536129729662,0.48495039588502087,0.6226642080280004,-0.3183680549365593,0.2512992648901545,1.960469488185136,0.13411052955316816,0.22512877711707316,0.6890615977791015,0.8495161639808237,-0.33605949085096964,0.3990678234189237,0.09006224467619295,0.507492555308719,-0.3183680549365593,0.06872618141022313,0.45796331150286246,-0.2631644596797812,0.013276905544083117,0.16526607321141956,-0.33605949085096964,0.25024416242397307,1.010387853178265,-0.28218514256015725,0.08106921268642994,7.477552244421773,-0.007791626897076576,0.015957936785721882,0.018988041237483322,0.018988041237482434,4,0.013276905544083117,0.4827279334057907,9.910200825526214
bimonthly_long_6_12_top3_none_core025_10bp,bimonthly,long_6_12,none,0.25,0.75,10.0,4.730339558250713,0.10670861929117303,0.2147694758081717,0.5927949756563735,0.7705628365626387,-0.3971172525846254,0.2687080921230777,0.9669924793148492,0.08206157335005893,0.21311024930382166,0.4853578979086123,0.6557146874150992,-0.34796190038094754,0.2358349384234831,1.913249348185985,0.13199809267307194,0.2164070639825808,0.6987590892104667,0.8765312510398057,-0.3971172525846246,0.33239072796250146,0.09201730360128169,0.5111674344756795,-0.34796190038094754,0.07111770531595929,0.45382091507368977,-0.26520108356045957,0.026983694415688486,0.2393542592426182,-0.3971172525846246,0.23155655336720082,1.023318052103596,-0.2707904214936049,0.0,3.871577427958549,-0.001996606063199513,0.014476519640883145,-0.040480301574706945,-0.04048030157470661,4,0.026983694415688486,0.4824941747746846,9.76772032708822
monthly_classic_6_12minus1_top3_none_core000_10bp,monthly,classic_6_12minus1,none,0.0,1.0,10.0,5.111204494966765,0.11027972248836959,0.2239938656919843,0.5925923321214251,0.778652850295501,-0.38996213293836757,0.282795977284797,0.9929576645873539,0.08286384381688294,0.21798096871717584,0.4833050271643199,0.6610487421275554,-0.3897804655517295,0.2125910637917428,2.066399554569606,0.1387431077248349,0.22989112676592952,0.6976438521064846,0.8851450333836224,-0.38996213293836757,0.3557861033311223,0.09556182888290343,0.5159922084724986,-0.3897804655517295,0.06856945947464599,0.4420151318563451,-0.24096859912879864,0.04236892744081522,0.3150353385931524,-0.38996213293836757,0.22941689061922155,0.9625733179736864,-0.28218514256015736,0.0,6.01276526820043,-0.004072962119771262,0.020590514957388617,-0.03491460084991416,-0.03491460084991549,4,0.04236892744081522,0.47900367016442186,9.760697438871121
monthly_long_6_12_top3_none_core000_0bp,monthly,long_6_12,none,0.0,1.0,0.0,5.467000339580906,0.11391672820120635,0.22740544239861527,0.6019096141449708,0.7843566717608651,-0.42648091300924706,0.26710862016639975,0.9732877019808415,0.08162465780477413,0.2214567645778218,0.4738462556295926,0.648173366139463,-0.42648091300924706,0.19139111579186738,2.277271901653844,0.14755867090638297,0.2332390293642012,0.7250975883006519,0.9056980836653453,-0.41762771390119846,0.35332585935925725,0.08278809781639307,0.4624737621146508,-0.42648091300924706,0.08067025844710618,0.4927839710368001,-0.25970037098910004,0.030376493951693506,0.25539129533315924,-0.41762771390119846,0.25973032405172103,1.0401692946580046,-0.28216187692168904,0.0,7.925631866517763,-0.0008634769910316198,0.02903944078032694,-0.07181255263337738,-0.06295935352533,4,0.030376493951693506,0.47762886657572545,9.653224622448665
bimonthly_classic_6_12minus1_top3_none_core000_20bp,bimonthly,classic_6_12minus1,none,0.0,1.0,20.0,5.7316961832362425,0.1171088190941183,0.22377036456823174,0.620771692881728,0.816309747016369,-0.3828398486714413,0.30589506160478813,0.9634854776773261,0.08183648275781996,0.21891727365049354,0.47722732194272105,0.6493744035711007,-0.3679992481056452,0.22238220099386274,2.4284420535666023,0.15357477162000155,0.2285042418702041,0.7587601928452344,0.968250926981189,-0.3828398486714415,0.40114625515851554,0.09716262055767744,0.5198427333979794,-0.3679992481056452,0.06485823566395288,0.422978336318245,-0.250388710459039,0.04006348750646693,0.30391314456667445,-0.3828398486714415,0.2618550054316655,1.0736764458836154,-0.28217263112293745,0.0,4.4123449363764875,0.008713238336470308,0.03629845084956074,-0.02597108843424034,-0.025971088434240563,4,0.04006348750646693,0.4714105348581122,9.939775044400678
bimonthly_classic_6_12minus1_top3_ma200_core000_20bp,bimonthly,classic_6_12minus1,ma200,0.0,1.0,20.0,4.65406373915618,0.1058476532158028,0.21077179002147003,0.5962931211678183,0.7513242848532699,-0.38116683473502966,0.27769376443620397,0.8860241194524834,0.07677192852544845,0.20179706989920998,0.4760854789294977,0.6054022328421038,-0.315423396327852,0.24339325940695752,1.9978745663112498,0.13576284102556957,0.2193717758350181,0.7080168846921868,0.8878016287857201,-0.38116683473502944,0.35617695101921965,0.09117915465146953,0.5158789525202173,-0.315423396327852,0.06079668651619774,0.42565092576390867,-0.25943459275619296,0.011898265192816337,0.15824173387844287,-0.38116683473502944,0.2551156753918853,1.0725645490226807,-0.28217263112293745,0.09967161932199084,4.20506126103196,-0.0025479275418451852,0.018486520255128758,-0.024298074497828726,-0.024298074497828503,4,0.011898265192816337,0.47076493914206297,9.807607782787008
bimonthly_long_6_12_top3_none_core000_0bp,bimonthly,long_6_12,none,0.0,1.0,0.0,5.090126685139703,0.11062951497413143,0.22891952906767846,0.5858532759969537,0.7625892516776551,-0.4090094268419592,0.2704815774744443,0.9492551469581385,0.08091947466293159,0.22305996946807635,0.4685705367658723,0.6403781994182319,-0.37152538836299576,0.2178033512581108,2.124335310666486,0.14121724589277074,0.23462331273654846,0.6978641853834441,0.8716089536290966,-0.4090094268419584,0.34526648195650805,0.09385628962775017,0.5022198201966885,-0.37152538836299576,0.06661304071299856,0.4265153070518025,-0.25874290631790176,0.03533562556715775,0.27886445479298466,-0.4090094268419584,0.24162871231914518,0.9842981618750032,-0.29900362349521614,0.0,5.088470341120443,0.0016146335148559121,0.02345037708939679,-0.05260436184136019,-0.052604361841359304,4,0.03533562556715775,0.4643675636242455,9.682001713613108
bimonthly_long_6_12_top3_none_core025_20bp,bimonthly,long_6_12,none,0.25,0.75,20.0,4.369660845822935,0.10253797892469807,0.2147953148464258,0.5746957480002499,0.7471733554574649,-0.40074830841490217,0.25586628008555085,0.9019288925332973,0.07782661069141916,0.21315611915117796,0.46648441151942993,0.6301047099463024,-0.3538853106859092,0.21992043281077056,1.8232710838472692,0.1278876333282295,0.21641304666648223,0.6814405994991058,0.855102273274177,-0.40074830841490205,0.3191220789778733,0.08788531486477913,0.4939127576776935,-0.3538853106859092,0.06674514206122484,0.43272256865432623,-0.2666893250666904,0.023553639379090274,0.22124945317814249,-0.40074830841490205,0.2267622751488081,1.0062516634654601,-0.27301496948127046,0.0,3.871577427958549,-0.005857601832949921,0.010611312557788688,-0.04387954817770123,-0.04387954817770112,4,0.023553639379090274,0.46331766316600986,9.64649563757679
monthly_long_6_12_top3_none_core025_20bp,monthly,long_6_12,none,0.25,0.75,20.0,4.38243531337648,0.10216154789611531,0.2135489273307958,0.5754680460449928,0.7488597460247189,-0.40993835777269316,0.24921197531059755,0.8937208020530545,0.07649784293276785,0.2117632923172041,0.4626674700355261,0.6253187187300707,-0.4039177082564378,0.18938967361193576,1.8422538885041422,0.12876436376816103,0.21532485192032927,0.6875245172819692,0.8634459032408585,-0.40993835777269316,0.3141066487844,0.08039921813367279,0.46603833718254245,-0.4039177082564378,0.07232120210024151,0.46026641653547085,-0.27038603251869275,0.0160848779123155,0.18150909240188176,-0.40993835777269316,0.23632205472780998,1.0396610301416391,-0.26556229442629853,0.0,6.033474174264184,-0.011763704229960092,0.010978299632191657,-0.05451186752211623,-0.05451186752211512,4,0.0160848779123155,0.4631523768590067,9.541384209177174
monthly_classic_6_12minus1_top3_ma200_core000_20bp,monthly,classic_6_12minus1,ma200,0.0,1.0,20.0,4.180861562812944,0.09973294398949073,0.20729360708634212,0.5756470706290782,0.7232783846138459,-0.30269339375036364,0.3294850368348051,0.8314295380184087,0.07234942424871882,0.19900158106228066,0.459298754561212,0.5807761886139413,-0.30269339375036364,0.23901884131764903,1.8288620748241229,0.1281463961409559,0.2153259747379405,0.6850970735806523,0.858684993196277,-0.2822084081986259,0.4540842597813847,0.08520315320745886,0.4963472175384315,-0.30269339375036364,0.05782501942767593,0.4117133237442783,-0.25359537531111376,0.038852049359800134,0.3163200106444332,-0.27077919130083383,0.21169120295107202,0.9206116424624008,-0.2822084081986259,0.10840086577604702,5.6947966490848865,-0.014192308136584675,0.010360332004986539,0.052733096500213295,0.07321808205195213,4,0.038852049359800134,0.4540302706413549,10.021032167340575
monthly_classic_6_12minus1_top3_none_core000_20bp,monthly,classic_6_12minus1,none,0.0,1.0,20.0,4.521953339306899,0.10379280452414119,0.2239849028662969,0.5657202457353337,0.7431545061992888,-0.39809809164540744,0.26072168317900696,0.8845708391616567,0.07589611495196746,0.21800597977605196,0.4529507357910285,0.6192211188375076,-0.39809809164540744,0.19064676908717612,1.930085314152112,0.13275471463324684,0.22984907040691407,0.6741139162388288,0.8552188308860815,-0.39498497806541577,0.3361006671278029,0.0891705893631134,0.49038031016729994,-0.39809809164540744,0.06090833089320702,0.4048051647555513,-0.24357766704054584,0.037469674071933357,0.29056878342905884,-0.39498497806541577,0.22234081734777011,0.9392303658199935,-0.2822084081986258,0.0,6.01276526820043,-0.010132447601934214,0.01496865049727747,-0.042671601394830505,-0.03955848781483773,4,0.037469674071933357,0.4475927374614256,9.571503244518558
monthly_long_6_12_top3_ma200_core000_20bp,monthly,long_6_12,ma200,0.0,1.0,20.0,4.083270288270907,0.09852498106372498,0.21610444148915708,0.555639352050041,0.6967591041063996,-0.3422950140188893,0.2878364481765076,0.824798144501014,0.07190047093125185,0.20678163908554792,0.4475953853971293,0.574325638448891,-0.3264874109444381,0.22022432878273498,1.7856616928229645,0.12613512352951362,0.22511075060154975,0.6568250396611857,0.8100891730597536,-0.3422950140188894,0.3684982788634862,0.08316729625291597,0.4782661324455871,-0.3264874109444381,0.05919081005082627,0.4088510506353368,-0.26614208246862625,0.006721323811645252,0.1268406903326813,-0.3422950140188894,0.24082009520135594,0.9805023662549478,-0.282208408198626,0.08106921268642994,7.477552244421773,-0.015400271062350424,0.008349059393544245,0.013131476231687644,0.013131476231688644,4,0.006721323811645252,0.44355859154046196,9.669226178904303
bimonthly_long_6_12_top3_none_core000_10bp,bimonthly,long_6_12,none,0.0,1.0,10.0,4.591720229186902,0.10513578423968584,0.2289371734391124,0.5635791812859363,0.733580809640662,-0.41373612928520176,0.2541131334634117,0.8652148533734894,0.07538008888881986,0.22310609320177624,0.44496865350907383,0.6078663669359337,-0.37906379304076465,0.19885858336439288,1.9978960434898672,0.13576378449910487,0.23461370855512417,0.676863274741372,0.8456077777108596,-0.41373612928520076,0.3281409934724816,0.08848453031440817,0.4811342584442698,-0.37906379304076465,0.06085813861301426,0.39928625762986053,-0.2607180842513177,0.030788607884342012,0.25623486023391945,-0.41373612928520076,0.23526403882469604,0.9639459170355237,-0.3018332522309922,0.0,5.088470341120443,-0.003569441114686711,0.01824221146691607,-0.057099178275283324,-0.05709917827528277,4,0.030788607884342012,0.44021025803706515,9.525727900548844
monthly_long_6_12_top3_none_core000_10bp,monthly,long_6_12,none,0.0,1.0,10.0,4.658530595360136,0.10535248896238247,0.22739166265271304,0.5670484380924423,0.7388008373472383,-0.43794432560592333,0.2405613745916692,0.8384988753812705,0.0728264461265471,0.2214787868900795,0.43605637275645664,0.5959932096201145,-0.43794432560592333,0.16629156234822123,2.0777993237481156,0.1392331800234532,0.23319044854035081,0.6930533569073972,0.8659469456785788,-0.4242538109059111,0.3281836873218604,0.07438173499738832,0.42869888408298773,-0.43794432560592333,0.07136812647315738,0.4492771543029109,-0.2636938603215254,0.023204787519950587,0.21869617313728804,-0.4242538109059111,0.25024416242397307,1.010387853178265,-0.28218514256015725,0.0,7.925631866517763,-0.00900019564575838,0.021080587256006922,-0.08289679351746992,-0.069206278817459,4,0.023204787519950587,0.4389880191929493,9.410002703554484
bimonthly_long_6_12_top3_none_core000_20bp,bimonthly,long_6_12,none,0.0,1.0,20.0,4.133597861051674,0.09966294947519483,0.228979908692242,0.5412492048289579,0.7046359813934926,-0.4184302300376741,0.23818295696805056,0.7847017429179062,0.06986237245338756,0.22318032513517325,0.421323457082255,0.5754033629175698,-0.3865221957184539,0.18074608192559247,1.8764458159033977,0.1303305577342837,0.2346263318076373,0.6557985113749853,0.8197473597131932,-0.4184302300376733,0.31147500438137415,0.08313276092638056,0.46002329923032503,-0.3865221957184539,0.055127167512421416,0.37198081787155546,-0.262689969787375,0.026256937246948553,0.2335601161377279,-0.4184302300376733,0.22892495078134711,0.9435197821242308,-0.30465456265349744,0.0,5.088470341120443,-0.008732631282453163,0.013054236963842891,-0.06156146980047317,-0.06156146980047239,4,0.026256937246948553,0.41600205855094025,9.369542140479002
monthly_long_6_12_top3_none_core000_20bp,monthly,long_6_12,none,0.0,1.0,20.0,3.9504329492367196,0.09684515194982701,0.22741362391754777,0.5320993971767709,0.6931493778712243,-0.44919342268708173,0.215597885139319,0.7127789629333803,0.06408989957277922,0.221542484822824,0.3981990826684232,0.5438000709220308,-0.44919342268708173,0.14267773376865692,1.8902929428549347,0.1309601600119339,0.23317192593564176,0.6609105620726896,0.8260592723552113,-0.4308103776952318,0.30398562057058676,0.06603075025722704,0.39489165948051047,-0.44919342268708173,0.062136093855075014,0.4056340988303126,-0.26766979993362094,0.016076455824846292,0.1819149881299814,-0.4308103776952318,0.24082009520135594,0.9805023662549478,-0.282208408198626,0.0,7.925631866517763,-0.01708010017624839,0.01317409587596452,-0.0937669324365048,-0.07538388744465374,4,0.016076455824846292,0.40026287915541153,9.167139777855215
bimonthly_classic_6_12minus1_top3_ma200_r12_core025_0bp,bimonthly,classic_6_12minus1,ma200_r12,0.25,0.75,0.0,5.380107777741894,0.11363398560167903,0.1950395262878993,0.6648359156053678,0.8349645621254351,-0.38251107398334594,0.29707371454199133,1.2606985566438813,0.09976060473174386,0.18636611215373597,0.6153535834927212,0.7784642923990397,-0.2894169576595328,0.34469509160241135,1.8221842133669979,0.12783727809261736,0.20334663283258964,0.7114536420097093,0.8901729974073013,-0.3825110739833455,0.33420543034574574,0.12136517316279938,0.6893178706145302,-0.2894169576595328,0.07589268737414478,0.5206486439061506,-0.24504772251581863,-0.0021492031418035573,0.07451125886462319,-0.3825110739833455,0.25384997312474056,1.1448385017239948,-0.26547201274413146,0.1162458475203227,3.1267264818882556,0.004619104142403518,0.01007040928924341,-0.026106008982746953,-0.026106008982746398,3,-0.0021492031418035573,0.6049832572603404,8.302270472967676
bimonthly_classic_6_12minus1_top3_ma200_r12_core050_20bp,bimonthly,classic_6_12minus1,ma200_r12,0.5,0.5,20.0,4.846558159948919,0.10799990753673261,0.18829657123972715,0.6540119825102686,0.8375415298281464,-0.37432116927208137,0.2885220404358994,1.1900284798026286,0.09569621505676462,0.18490378509735192,0.5982910768999095,0.7752640651710835,-0.28110881486212824,0.34042409912936916,1.669626543156106,0.12059312115533505,0.19162917465285773,0.7080445925691558,0.8971983343029792,-0.3743211692720807,0.322164844135973,0.11101144749325464,0.6545476863817118,-0.28110881486212824,0.07879826674466517,0.5286546557713178,-0.24752609824780547,-0.0001937996134245834,0.08435591059228544,-0.3743211692720807,0.23678278695545418,1.1550001472671936,-0.248829944288679,0.07748436892446871,2.167676796200197,-0.0003956732209153824,0.0033168003848942362,-0.017452409034880434,-0.017452409034879768,3,-0.0001937996134245834,0.5916011710765148,8.258099147359687
bimonthly_classic_6_12minus1_top3_ma200_r12_core025_10bp,bimonthly,classic_6_12minus1,ma200_r12,0.25,0.75,10.0,5.054075126709355,0.11024661150213322,0.19506430880158498,0.6487361970544521,0.8147888199965744,-0.38500109694762585,0.28635401918642006,1.2009638254730044,0.096332639456707,0.18639556928335566,0.5981556311121451,0.7565826784779914,-0.2932468248885203,0.3285036061117746,1.7506472649128217,0.12448462847906794,0.20336713525220548,0.6963330122661067,0.8714556197761812,-0.3850010969476252,0.3233357760952109,0.11869076918708221,0.6767833172455243,-0.2932468248885203,0.07161684927835843,0.49710639301443965,-0.24695914208291414,-0.004990369308534803,0.05763959354940663,-0.3850010969476252,0.2499762446506224,1.1305109405102651,-0.2655014224112032,0.1162458475203227,3.1267264818882556,0.0015413861477606705,0.006963055446879141,-0.02836414593770742,-0.028364145937707197,3,-0.004990369308534803,0.586944855129982,8.196225485887485
bimonthly_classic_6_12minus1_top3_ma200_r12_core000_0bp,bimonthly,classic_6_12minus1,ma200_r12,0.0,1.0,0.0,5.414110287637293,0.11397781767525728,0.2056098841308047,0.6426066993096193,0.7811447393651395,-0.39473342946756995,0.28874630108981264,1.239677634114928,0.0985635124713069,0.19223211326651835,0.5965316175523924,0.7175583503646559,-0.30567136782581206,0.32244927999757467,1.8638542395285276,0.12975571256677654,0.21817488941349675,0.6856727329198523,0.8460038555029021,-0.39473342946756984,0.3287173137116751,0.12747121731674693,0.6918321428953718,-0.30567136782581206,0.06667863841483368,0.46977906377249024,-0.25444217893520116,-0.00867094499789256,0.04158238635344864,-0.39473342946756984,0.2649607744774791,1.108529225505453,-0.282119094349778,0.15504422759297215,4.077961820335287,0.004962936215981761,0.01198884376340259,-0.038328364466970966,-0.038328364466970744,3,-0.00867094499789256,0.580805603333931,8.143480850965004
bimonthly_long_6_12_top3_ma200_r12_core050_0bp,bimonthly,long_6_12,ma200_r12,0.5,0.5,0.0,4.403881152662423,0.10294483345243677,0.19243768223129085,0.6196514948491388,0.7875290376510674,-0.399532053658472,0.25766351537950966,1.144165067421406,0.09299606071985256,0.18736549830075305,0.5794174763859017,0.7504182939580244,-0.3027334543369453,0.30718792187515237,1.5202729187082515,0.1131374696008498,0.1973818902883307,0.6582967948852768,0.8230255399663249,-0.3995320536584712,0.28317495070761506,0.1073848022220103,0.6330118804573497,-0.3027334543369453,0.07712145370330425,0.5134381588505487,-0.2482661209001802,-0.006980382246632111,0.04662931063840407,-0.3995320536584712,0.22867332194652135,1.0940654811228863,-0.24876664547475702,0.07108416654186556,2.456012923985512,-0.006070048006838746,-0.004629399202524143,-0.04312698865787301,-0.04312698865787212,3,-0.006980382246632111,0.5732250196539492,8.00967654264455
bimonthly_classic_6_12minus1_top3_ma200_r12_core025_20bp,bimonthly,classic_6_12minus1,ma200_r12,0.25,0.75,20.0,4.744488550346925,0.10686713874036524,0.19510026720396867,0.6326043294349095,0.7945538192268846,-0.38748248216094183,0.2757986326101259,1.1427639075929306,0.09291276872213783,0.1864377604396926,0.5809234328472441,0.7347691412961063,-0.2970590587868195,0.312775409380178,1.6808779679325525,0.12113973036538206,0.203397404083527,0.6811827214674766,0.8525551334403612,-0.38748248216094106,0.31263279230018615,0.11602093381157119,0.6642346109838934,-0.2970590587868195,0.06735454218670056,0.47349386079026773,-0.2488673675500107,-0.00782504560744779,0.04075983369709458,-0.38748248216094106,0.24611162508211604,1.1161399845538145,-0.2655308320782751,0.1162458475203227,3.1267264818882556,-0.0015284420172827495,0.0038634095949412472,-0.0306137219237409,-0.030613721923740123,3,-0.00782504560744779,0.5688642358870806,8.090107538156245
bimonthly_long_6_12_top3_ma200_r12_core050_10bp,bimonthly,long_6_12,ma200_r12,0.5,0.5,10.0,4.185774297112483,0.10030897636177616,0.19244106972991407,0.6068740824200476,0.7714227498850117,-0.4015702965096395,0.2497918228356023,1.1013343707602985,0.0904279792196121,0.18737499031181085,0.5665576173233057,0.7337737232598022,-0.30576280267211553,0.29574552047975067,1.467848225047681,0.11042762613782386,0.19737950226565187,0.6455905037124549,0.8073857923349904,-0.4015702965096388,0.27498952760609197,0.10524725484042485,0.6227377217666811,-0.30576280267211553,0.07405869705301682,0.4972904117806986,-0.2497097957275567,-0.009240400674627613,0.03322330283669795,-0.4015702965096388,0.22550550341454367,1.081634307562824,-0.248798294881718,0.07108416654186556,2.456012923985512,-0.008396248992596389,-0.007093946894364933,-0.044933345499721056,-0.044933345499720834,3,-0.009240400674627613,0.5600140667736898,7.929890922221392
bimonthly_classic_6_12minus1_top3_ma200_r12_core000_10bp,bimonthly,classic_6_12minus1,ma200_r12,0.0,1.0,10.0,4.989938021597914,0.10956007124455347,0.20564687496577566,0.6226827219771377,0.757116998223147,-0.39795105134804065,0.27531042039824705,1.1630174121859396,0.09411208829626849,0.19228405952411476,0.5748260468824411,0.6916588040262256,-0.3105620283334626,0.3030379753806111,1.7692509490917656,0.1253638583895258,0.2181987853641155,0.6672457837416429,0.8234155430318993,-0.39795105134804065,0.31502331245227666,0.12404969272055233,0.6766438877941787,-0.3105620283334626,0.061087532074571405,0.4386332691789831,-0.2569411514507227,-0.012359906487045214,0.020412575281751336,-0.39795105134804065,0.25984757666796887,1.0913211785841102,-0.2821458627363579,0.15504422759297215,4.077961820335287,0.0008548458901809219,0.007842285357336998,-0.04131410033812222,-0.04131410033812266,3,-0.012359906487045214,0.5576385784865809,8.005697340842472
bimonthly_long_6_12_top3_ma200_r12_core050_20bp,bimonthly,long_6_12,ma200_r12,0.5,0.5,20.0,3.976357766924945,0.09767797455791993,0.19245134902143907,0.5940758448613861,0.7551176089202912,-0.4036026072343093,0.24201522192153113,1.0593350679247564,0.08786444316388287,0.18739181407749492,0.5536773974766971,0.71690372528698,-0.3087808260815996,0.284552782239994,1.4164876539201323,0.10772297773269668,0.19738359208237147,0.6328631347587209,0.7915932385778791,-0.4036026072343093,0.2669035724790516,0.10311270854895493,0.612453726372809,-0.3087808260815996,0.07100274708232601,0.48110575339898476,-0.2511514743312713,-0.011496385784015573,0.019812084281652518,-0.4036026072343093,0.22234415083991244,1.069172591313116,-0.24882994428867922,0.07108416654186556,2.456012923985512,-0.010717606199728058,-0.009553343037744133,-0.046733846997108364,-0.046733846997108364,3,-0.011496385784015573,0.5467797398858969,7.850076439533636
bimonthly_long_6_12_top3_ma200_r12_core025_0bp,bimonthly,long_6_12,ma200_r12,0.25,0.75,0.0,4.084287338118732,0.0990466973057944,0.20149914645200673,0.5827097261242491,0.7235376804926906,-0.42491102103799616,0.23309985479745302,1.0699518847731615,0.08851679968702353,0.19008993497502505,0.5517065502699329,0.6974109630742641,-0.3289663827379087,0.2690755175356197,1.456234550918516,0.10982043383791429,0.2123031072077625,0.6121862317163788,0.7513057700851162,-0.4249110210379956,0.2584551315464565,0.10996628063991043,0.6303617393087357,-0.3289663827379087,0.0647675085612156,0.45117325608774816,-0.25646376728307985,-0.018040415005915023,-0.013291985842811424,-0.4249110210379956,0.23370807523953885,1.032850870556911,-0.26856090185299897,0.10665890600978732,3.574690498116351,-0.009968184153481108,-0.007946434965459659,-0.06850595603739718,-0.06850595603739651,3,-0.018040415005915023,0.540767497698242,7.718233971976215
bimonthly_classic_6_12minus1_top3_ma200_r12_core000_20bp,bimonthly,classic_6_12minus1,ma200_r12,0.0,1.0,20.0,4.593453095635105,0.10515567175618412,0.20570229400422424,0.6027119111772621,0.7329028035558693,-0.40115397019859755,0.262132945372883,1.088907083337181,0.08967419814661315,0.1923574859673732,0.5530704335320946,0.6657741308165183,-0.3154233963278522,0.2842978649985921,1.6776935844839733,0.12098523485641932,0.2182384837242553,0.6487758896078354,0.8004151355145055,-0.4011539701985972,0.3015930137660704,0.12063541126152555,0.6614345861578689,-0.3154233963278522,0.05551973173447955,0.407381715460159,-0.2594345927561932,-0.01603787227720188,-0.0007676837068757496,-0.4011539701985972,0.2547500290591955,1.0740513661203945,-0.2821726311229372,0.15504422759297215,4.077961820335287,-0.00323990900146387,0.0037089140859785097,-0.04428520996139662,-0.04428520996139629,3,-0.01603787227720188,0.5344081508090139,7.867824221468242
bimonthly_long_6_12_top3_ma200_r12_core025_10bp,bimonthly,long_6_12,ma200_r12,0.25,0.75,10.0,3.788337274130579,0.09522536666341397,0.20150868539763667,0.5649396685353713,0.7016030285571639,-0.4278035243410857,0.22259135618408613,1.010545004577617,0.08482776804942715,0.19011350554697545,0.5333992867268096,0.6740031614898091,-0.3332251747226026,0.2545659046320347,1.381611584534781,0.1058572820920729,0.21230014793003274,0.5948458694814276,0.7305247365719376,-0.4278035243410847,0.24744368867722008,0.10697354432261652,0.6164606834343178,-0.3332251747226026,0.06029289126697268,0.42693669131572476,-0.25758817264448297,-0.021316531100341263,-0.03239167623224956,-0.4278035243410847,0.2290399752100214,1.0162661167056424,-0.27079042149360477,0.10665890600978732,3.574690498116351,-0.01347985869095858,-0.011664290940115896,-0.07116657333116727,-0.07116657333116672,3,-0.021316531100341263,0.5216986873750213,7.601573413711002
bimonthly_long_6_12_top3_ma200_r12_core025_20bp,bimonthly,long_6_12,ma200_r12,0.25,0.75,20.0,3.5093914952056577,0.09141419365226766,0.2015325607932526,0.5471323690511616,0.6797786977677295,-0.4306835668869414,0.21225373030372613,0.9527934399470182,0.0811480347099347,0.190152706583449,0.5150542214485513,0.65108581339552,-0.3374608355814094,0.2404665257529076,1.3092004525209844,0.10190522357290344,0.21231040419923444,0.5774690762432044,0.7094519418883183,-0.4306835668869413,0.23661275100299928,0.10398652710799228,0.6025420579357056,-0.3374608355814094,0.05583291931817613,0.4026281955334404,-0.25871172717712876,-0.02458410824208168,-0.05149744651727109,-0.4306835668869413,0.2243857862961407,0.9996299095528373,-0.2730149694812709,0.10665890600978732,3.574690498116351,-0.01698138710538033,-0.015371097197537376,-0.0738148066497405,-0.07381480664974038,3,-0.02458410824208168,0.502585126734573,7.484871787815541
bimonthly_long_6_12_top3_ma200_r12_core000_0bp,bimonthly,long_6_12,ma200_r12,0.0,1.0,0.0,3.7398138459079533,0.09457768698815117,0.21433636668353773,0.5408641932464234,0.6493094788774749,-0.44965069838605864,0.21033590591012308,0.990449863771645,0.08355809161875594,0.1970720220131976,0.5152986857556318,0.6210731460785497,-0.35692899621006446,0.2341028397972443,1.3812776861038922,0.10583930377182682,0.23032120571117465,0.5658028374220423,0.6833427269111897,-0.44965069838605864,0.23538116175893467,0.11204187781491504,0.6170375207436913,-0.35692899621006446,0.052070688468499826,0.3801877099143324,-0.26596212844638123,-0.029612598698413817,-0.06800825014085785,-0.44965069838605864,0.23805495691597578,0.974735580228141,-0.2990036234952157,0.14227821033004584,4.68913694125379,-0.014437194471124348,-0.011927565031547127,-0.09324563338545966,-0.09324563338545955,3,-0.029612598698413817,0.49861261532901185,7.385373299284218
bimonthly_long_6_12_top3_ma200_core025_10bp,bimonthly,long_6_12,ma200,0.25,0.75,10.0,4.100117465817004,0.09924514364493087,0.2073546139922369,0.5729435984211153,0.7265576044474127,-0.41361827354605374,0.2399438080771365,0.9548903956827337,0.08128331734218408,0.20115443563724197,0.49826179237962503,0.6511343754600596,-0.3292162116339027,0.24689949786729617,1.6089020014013626,0.11760740211502063,0.21337390003284215,0.6439167002521096,0.7956926892899743,-0.41361827354605407,0.2843380228507378,0.09154582570809233,0.5239850150527778,-0.3292162116339027,0.06998916706331904,0.4670574032989637,-0.2595164779671446,-0.0010530269123976144,0.08547454985539554,-0.41361827354605407,0.23155655336720082,1.023318052103596,-0.2707904214936049,0.05527261173781908,3.7554461031878312,-0.009460081709441681,8.582908283183421e-05,-0.056981322536135304,-0.05698132253613608,3,-0.0010530269123976144,0.4955212091758708,7.642182796125958
bimonthly_long_6_12_top3_ma200_core025_20bp,bimonthly,long_6_12,ma200,0.25,0.75,20.0,3.7884446031277665,0.09522679240191612,0.2073757185346523,0.5547688451803189,0.7036811547317485,-0.4165764401023062,0.22859380232480153,0.893040761210748,0.07723818300279661,0.2011904369147175,0.4791565095772774,0.626131357700357,-0.3336433554471707,0.2314992393577775,1.5294989422547927,0.11360919988683094,0.2133809172561325,0.6266123755419422,0.7746103690420084,-0.4165764401023069,0.27272113578705914,0.08789349287252324,0.5079184640652823,-0.3336433554471707,0.06548057627163106,0.44374857215028496,-0.2617860922541133,-0.004273373678575942,0.06723588496188533,-0.4165764401023069,0.2267622751488081,1.0062516634654601,-0.27301496948127046,0.05527261173781908,3.7554461031878312,-0.013168788355731875,-0.0036671208836098756,-0.05970767986510528,-0.059707679865105945,3,-0.004273373678575942,0.4758335181077836,7.5225030028061965
bimonthly_long_6_12_top3_ma200_r12_core000_10bp,bimonthly,long_6_12,ma200_r12,0.0,1.0,10.0,3.3811817190316082,0.08958741468943532,0.21435433622377467,0.5189435287859245,0.6232650406987433,-0.4533154120203199,0.19762710976484418,0.9161190060808253,0.07876103346199015,0.19711522754052968,0.4922090989522448,0.5933311812661336,-0.3623036820234712,0.21738954741533031,1.2864872719950524,0.10064300075410149,0.2303177392499483,0.5447567572800811,0.6582815721944218,-0.45331541202032066,0.22201539609156282,0.10819282932721808,0.6001200810615059,-0.3623036820234712,0.04622183814082281,0.34830483059543105,-0.26743465122169474,-0.03386592948368383,-0.09192929774885615,-0.45331541202032066,0.23188321419652924,0.954897896530645,-0.30183325223099244,0.14227821033004584,4.68913694125379,-0.01911781066493723,-0.01687857227808731,-0.09667846101040145,-0.09667846101040267,3,-0.03386592948368383,0.4742124558284685,7.2344332928099515
bimonthly_long_6_12_top3_ma200_core000_0bp,bimonthly,long_6_12,ma200,0.0,1.0,0.0,4.192569253317134,0.10039265767300765,0.22082512556691036,0.5560313926894294,0.6962938004399164,-0.43125013288105296,0.23279449678615605,0.9267633878677743,0.07945796446724551,0.20977043540657062,0.47797763995351933,0.6170547188210372,-0.34967188731299326,0.22723578117139925,1.6949698577485601,0.12182147964428958,0.2313532223607285,0.6281613498374435,0.7708846337663411,-0.43125013288105374,0.28248450343756776,0.0925696687544435,0.5114318411673641,-0.34967188731299326,0.06494798054021778,0.43640120451607595,-0.2659621284463807,-0.0023571209922366165,0.08323742292664439,-0.43125013288105374,0.24162871231914518,0.9842981618750032,-0.29900362349521614,0.07366310157325533,4.93371904799501,-0.008622223786267869,0.004054610840915629,-0.07484506788045397,-0.07484506788045464,3,-0.0023571209922366165,0.47391652284172003,7.480711135132537
monthly_long_6_12_top3_ma200_r12_core000_20bp,monthly,long_6_12,ma200_r12,0.0,1.0,20.0,3.8412554681312505,0.09543241238185218,0.2095756443282766,0.5524684031039415,0.6649827937625594,-0.37389452291503833,0.25523886158540415,0.8054704423549182,0.07058367982998104,0.19465347894734242,0.45645695760291505,0.5506292696180787,-0.37389452291503833,0.1887796571067185,1.6814371227350025,0.12116684191815885,0.22361843936741882,0.639356736159643,0.7739344524169102,-0.3457974155580342,0.3503983444255203,0.07773941235295889,0.47287992378349064,-0.37389452291503833,0.06260142370730559,0.43714345177564773,-0.2661420824686268,-0.0020790590371604356,0.07292259338020034,-0.3457974155580342,0.23997983582872728,0.9791449970884512,-0.2822084081986257,0.1482875194667193,7.035627048710667,-0.018492839744223222,0.0033807777821894813,-0.018468032664461398,0.009629074692543815,3,-0.0020790590371604356,0.4550116877795692,7.674540460684647
bimonthly_long_6_12_top3_ma200_r12_core000_20bp,bimonthly,long_6_12,ma200_r12,0.0,1.0,20.0,3.0493338367066833,0.08461443023599502,0.21439596781779993,0.49697168438329664,0.5970401496947743,-0.45695923814584505,0.1851684421116553,0.8444814328180024,0.07397961184673796,0.19718491705941293,0.4690666229025385,0.5654639382158807,-0.3676400359409636,0.20122838813620875,1.1953779336884498,0.09546578039141962,0.23033564288205471,0.5236614548086991,0.6330326407487319,-0.45695923814584416,0.20891530889884435,0.10435299691314248,0.5831774323840103,-0.3676400359409636,0.04039825934991059,0.3163204196119591,-0.2689056955487522,-0.038104729873644216,-0.11585305012950979,-0.45695923814584416,0.22573562318399332,0.9349908787733713,-0.30465456265349733,0.14227821033004584,4.68913694125379,-0.02378115052165297,-0.021810540379021193,-0.10009047790864412,-0.10009047790864323,3,-0.038104729873644216,0.4497489259979847,7.083475361087583
bimonthly_long_6_12_top3_ma200_core000_10bp,bimonthly,long_6_12,ma200,0.0,1.0,10.0,3.780019323943357,0.09511478088856862,0.22083704798410486,0.5336535197735592,0.6682844960818004,-0.4350531665229974,0.21862794758796622,0.8473350019015178,0.07417318422075425,0.20980453914226416,0.45401187461588655,0.5858882302756646,-0.35532303078566185,0.2087485971757824,1.5875216563444825,0.11654153179743387,0.2313449799675119,0.6071823223145394,0.7453109917739523,-0.4350531665229973,0.26787882669341145,0.08783940841161897,0.49180920561133823,-0.35532303078566185,0.05901524188761487,0.40611500313444204,-0.2674346512216945,-0.006583019635629239,0.06036798347463995,-0.4350531665229973,0.23526403882469604,0.9639459170355237,-0.3018332522309922,0.07366310157325533,4.93371904799501,-0.01359044446580393,-0.0009800412347549248,-0.07841621551307898,-0.07841621551307931,3,-0.006583019635629239,0.44896210437289014,7.326331654121354
bimonthly_long_6_12_top3_ma200_core000_20bp,bimonthly,long_6_12,ma200,0.0,1.0,20.0,3.399838031849625,0.0898563425571135,0.22087355542643844,0.5112211535620381,0.6402699886109772,-0.43883466399943516,0.20476126871606742,0.7710926042682902,0.0689080610865791,0.20986636370886094,0.42999709431920724,0.5547449005206457,-0.3609319325896372,0.19091705350694022,1.48425069431498,0.11128089960391718,0.23135852777988017,0.5861465891874712,0.719760005369263,-0.4388346639994348,0.25358274706407535,0.08312444922660633,0.4721661138914009,-0.3609319325896372,0.053108146356767305,0.3757208356426119,-0.26890569554875265,-0.010795103069002665,0.03747510644005166,-0.4388346639994348,0.22892495078134711,0.9435197821242308,-0.30465456265349744,0.07366310157325533,4.93371904799501,-0.01853923820053449,-0.005995421166523629,-0.08196590376223423,-0.0819659037622339,3,-0.010795103069002665,0.4239434747670064,7.17193534324705
