variant,rebalance,model,top_k,absolute_filter,cost_bps,full_total_return,full_cagr,full_volatility,full_sharpe,full_sortino,full_max_drawdown,full_calmar,pre2018_total_return,pre2018_cagr,pre2018_volatility,pre2018_sharpe,pre2018_sortino,pre2018_max_drawdown,pre2018_calmar,holdout_total_return,holdout_cagr,holdout_volatility,holdout_sharpe,holdout_sortino,holdout_max_drawdown,holdout_calmar,2009_2013_cagr,2009_2013_sharpe,2009_2013_max_drawdown,2014_2017_cagr,2014_2017_sharpe,2014_2017_max_drawdown,2018_2021_cagr,2018_2021_sharpe,2018_2021_max_drawdown,2022_2026_cagr,2022_2026_sharpe,2022_2026_max_drawdown,cash_exposure_mean_weight,annualized_turnover,signal_count,full_cagr_alpha_vs_same_freq_ew,holdout_cagr_alpha_vs_same_freq_ew,full_mdd_improvement_vs_same_freq_ew,holdout_mdd_improvement_vs_same_freq_ew,positive_era_count,worst_era_cagr,median_era_sharpe
monthly_classic_6_12minus1_top3_ma200_r12_0bp,monthly,classic_6_12minus1,3,ma200_r12,0.0,5.8878300869322,0.1179826511076596,0.20280105521260058,0.6672450999425067,0.8125892586115427,-0.2838647380750208,0.41562982393564757,1.371131560597013,0.10480243915737586,0.19067563964772954,0.630942237107059,0.7614507294933582,-0.26721338918387894,0.3922050443559833,1.9048704852116916,0.13162009809664044,0.2143424894443405,0.702020733899183,0.8669745874502203,-0.2838647380750202,0.4636718846771862,0.12822887722014054,0.7026657783069659,-0.26721338918387894,0.07846586322559279,0.5362657703713837,-0.24951138435926812,0.03224109868484515,0.278740538678388,-0.2838647380750202,0.22538391640135047,0.9687818262268452,-0.2821618769216888,0.15760824813462515,5.411904637318873,209,0.0032024459154216256,0.013100867970584407,0.07080362230084891,0.07080362230084825,4,0.03224109868484515,0.6194657743391747
monthly_classic_6_12minus1_top3_ma200_r12_10bp,monthly,classic_6_12minus1,3,ma200_r12,10.0,5.287585602791253,0.11210695885822552,0.20275074897443307,0.6406490393572313,0.7804597652165496,-0.288195030551582,0.3889968492644091,1.2629676793134421,0.09886369911265391,0.19062709164826358,0.6020969662695165,0.7271344014547286,-0.2734084427949739,0.36159709664412504,1.7784690255491595,0.12579758141702047,0.2142903817746703,0.6773579618178364,0.8364882774074892,-0.2881950305515807,0.43650156345949004,0.12382661696685093,0.6832664453286749,-0.2734084427949739,0.070780292819149,0.4938034548395425,-0.25155555852217626,0.02779134264281602,0.25231858643103283,-0.2881950305515807,0.2181795042809469,0.9442952065261406,-0.28218514256015725,0.15760824813462515,5.411904637318873,209,-0.0022457257499153283,0.0076449886495741914,0.06685250153687139,0.06685250153687139,4,0.02779134264281602,0.5885349500841087
monthly_medium_3_6_12_top3_ma200_r12_0bp,monthly,medium_3_6_12,3,ma200_r12,0.0,3.788062474258621,0.09473319307489314,0.2035802389734156,0.5593792776726576,0.6739103498296346,-0.3552379779515017,0.2666752964341736,1.217681658284938,0.09630240803151313,0.19199960778975309,0.586693818131966,0.704665600965653,-0.3202185342718308,0.30073964410118387,1.1590395791799488,0.09334774325695827,0.21463771115770963,0.5363634942011923,0.6522078491505928,-0.35523797795150114,0.2627752353373168,0.10301844716953568,0.5922225330624076,-0.3202185342718308,0.08896052469852078,0.5831545606502629,-0.256591251141554,0.0043850384071915105,0.11089965779266785,-0.35523797795150114,0.1766478433434855,0.7990659807034524,-0.2821618769216887,0.1614277450093406,7.7964940981585125,209,-0.02004701211734483,-0.02517148686909776,-0.0005696175756320088,-0.0005696175756326749,4,0.0043850384071915105,0.5876885468563353
monthly_classic_6_12minus1_top3_ma200_r12_20bp,monthly,classic_6_12minus1,3,ma200_r12,20.0,4.739240637973195,0.1062575889985038,0.2027208265071172,0.613978035259797,0.7479205222447172,-0.29250167052616316,0.36327173382416444,1.159654255210202,0.09295199504342433,0.19060200983235534,0.5731664246107973,0.6920668223813201,-0.2795557391751713,0.3324989689629661,1.6574812260467864,0.12000079495754279,0.2142559558791218,0.6526293290325557,0.8059641543151385,-0.29250167052616294,0.41025678500119633,0.11943832560726309,0.6638206365943602,-0.2795557391751713,0.0631427145819321,0.4511898890711447,-0.2535953753111142,0.02335801622928102,0.2258291891844222,-0.29250167052616294,0.21101173008924645,0.9197383800579428,-0.2822084081986257,0.15760824813462515,5.411904637318873,209,-0.007667663127571611,0.0022147308215734185,0.06292481972441377,0.0629248197244151,4,0.02335801622928102,0.5575052628327525
bimonthly_classic_6_12minus1_top3_ma200_r6_0bp,bimonthly,classic_6_12minus1,3,ma200_r6,0.0,5.323795122927307,0.1130607396693355,0.20505089165319054,0.6396628591224001,0.7905890030314472,-0.3744967413380289,0.30190046317995706,1.0943461343859457,0.09000459168907216,0.1937633216680365,0.5520270003646005,0.6927576712854566,-0.308017847958709,0.29220576757337,2.0194603552394303,0.1367080842771209,0.215747814733087,0.7202261198698259,0.8839961358815278,-0.3744967413380291,0.3650447899457825,0.09830503005927493,0.5547794834083245,-0.308017847958709,0.08097376178561921,0.5576113041564429,-0.2544421789352006,0.003763288949955923,0.1112729220322178,-0.3744967413380291,0.26584204551633617,1.1198133685886222,-0.282119094349778,0.14888939381728686,4.235209688494901,105,0.004045858210059983,0.018941215473746942,-0.01809167633742992,-0.01809167633743003,4,0.003763288949955923,0.5561953937823837
quarterly_current_top3_none_0bp,quarterly,current,3,none,0.0,3.80600436600505,0.09593847587515336,0.2179082324962268,0.5415058312484755,0.7070396288679455,-0.37933565132003155,0.25291183557701935,1.2104326654266537,0.09786253106564446,0.21157577389062138,0.5576826724731846,0.7631470828737014,-0.3515338453399355,0.2783872232018251,1.174236945180775,0.09423735048244541,0.2240043143430121,0.5267976803790799,0.6619579399057434,-0.3793356513200309,0.24842734964276003,0.07475441974082098,0.4444806004255466,-0.3515338453399355,0.12509740588746254,0.6996635069015104,-0.24490321528045966,0.04410967588659509,0.32830222459735575,-0.3793356513200309,0.13968096269297847,0.6650937008314852,-0.2946616182054538,0.0,5.698939739984824,70,-0.013311113277568953,-0.02552851188393257,-0.02628807339058048,-0.026288073390580258,4,0.04410967588659509,0.5547871506285159
monthly_classic_6_12minus1_top3_ma200_r6_0bp,monthly,classic_6_12minus1,3,ma200_r6,0.0,4.616263871423944,0.10487363637803648,0.20167408281929697,0.6097335884997246,0.7538887941868305,-0.3075395247993401,0.34100864416196014,1.0081306662970437,0.08381235659131092,0.19140800564930346,0.5266211311758273,0.6582279431957605,-0.3075395247993401,0.27252547992325815,1.7967621657709443,0.12665454459139291,0.211523296904743,0.6871363580548896,0.8463912239621741,-0.2999163197349888,0.42229960911532605,0.08275315654540005,0.4898575098558081,-0.3075395247993401,0.08547665600262722,0.5928064339586233,-0.2139347638808362,0.012407460600834863,0.1595942764832633,-0.2999163197349888,0.23587256341860363,1.009247650557272,-0.2821618769216888,0.15255225207262182,5.958774708313445,209,-0.009906568814201488,0.008135314465336885,0.04712883557652958,0.054752040640879684,4,0.012407460600834863,0.5413319719072157
monthly_medium_3_6_12_top3_none_0bp,monthly,medium_3_6_12,3,none,0.0,4.5419782386697864,0.10402374362148148,0.22385816472890616,0.5668758825506749,0.7371502826277728,-0.4085669643513572,0.25460635023839984,1.2132829302619665,0.09605116540903058,0.22027373644866283,0.5368183395619816,0.7264247964721219,-0.3284828422124876,0.2924084702935486,1.5039628521482382,0.11229978168331511,0.22741791826601707,0.5964109974175124,0.7482957440126897,-0.4085669643513581,0.2748626087809192,0.11107419580166922,0.577006383475709,-0.3284828422124876,0.07916827541538529,0.48565863368348106,-0.25891376601708205,0.035973847960954375,0.2853892036622812,-0.4085669643513581,0.1829673557571676,0.8084283703663601,-0.28216187692168904,0.0,8.878094473899665,209,-0.010756461570756493,-0.006219448442740916,-0.053898603975487513,-0.05389860397548962,4,0.035973847960954375,0.531332508579595
quarterly_current_top3_none_10bp,quarterly,current,3,none,10.0,3.3698080124623733,0.08987025634374768,0.21796587899298536,0.5152485275607992,0.6726701539417412,-0.3838739681495086,0.2341139639579458,1.106022676301193,0.09162734041463194,0.21163498939375053,0.530038278765506,0.7250555398996918,-0.3588520626512939,0.2553345792069995,1.0749102379738193,0.08832053857193789,0.22406053797227418,0.5018166178652433,0.6305440274250794,-0.3838739681495078,0.23007691560251775,0.06894804227913909,0.41936716961004405,-0.3588520626512939,0.118324709462996,0.6687674001100593,-0.24842163338347079,0.039046068478197915,0.30202094119727657,-0.3838739681495078,0.13295274819741776,0.6406712832742599,-0.29466161820545367,0.0,5.698939739984824,70,-0.019101989338550673,-0.0312220868645523,-0.03061572871800322,-0.03061572871800322,4,0.039046068478197915,0.5300192264421519
monthly_long_6_12_top3_ma200_r12_0bp,monthly,long_6_12,3,ma200_r12,0.0,5.1372352230982266,0.11055249153995605,0.20956841765216022,0.6197064725241047,0.7452853097117665,-0.35680960960576336,0.30983608222352754,1.029483879360742,0.0851365317609456,0.19457186739841534,0.5276282360391592,0.6363302528154643,-0.35680960960576336,0.2386049295449537,2.0240374341043603,0.13690774694292118,0.22367625125256152,0.7034178256202722,0.8506077384248698,-0.33425482153821784,0.4095909411654291,0.08990542946976654,0.5284012508600727,-0.35680960960576336,0.07999543594765601,0.5301137110944819,-0.2601779246143784,0.010923860583520462,0.15110892627521685,-0.33425482153821784,0.258521126755499,1.0378279596353468,-0.2821618769216889,0.1482875194667193,7.035627048710667,209,-0.004227713652281917,0.018388516816865152,-0.0021412492298936714,0.020413538837650624,4,0.010923860583520462,0.5292574809772773
monthly_long_6_12_top3_ma200_0bp,monthly,long_6_12,3,ma200,0.0,5.540845806103086,0.11464790344248055,0.21612123899324617,0.6248999350825761,0.7835532308955268,-0.329769377333895,0.3476608542896884,1.079054331825585,0.0881636529855645,0.20674654668345432,0.5222238722216386,0.6707505308517584,-0.31376879756992215,0.2809828563846205,2.1460677607014076,0.14213487569035022,0.22517610874190114,0.72119912253573,0.8889083798251767,-0.3297693773338941,0.4310129607529856,0.09699412827800646,0.5366786463413551,-0.31376879756992215,0.07833711389138331,0.5069054493683812,-0.2601779246143775,0.019869509569428123,0.20359939288988838,-0.3297693773338941,0.25973032405172103,1.0401692946580046,-0.28216187692168904,0.08106921268642994,7.477552244421773,209,-0.00013230174975742415,0.023615645564294185,0.024898983041974687,0.024898983041974354,4,0.019869509569428123,0.5217920478548681
monthly_classic_6_12minus1_top3_ma200_0bp,monthly,classic_6_12minus1,3,ma200,0.0,5.277304405942164,0.1120017834410354,0.2073621511985861,0.6305114584666286,0.7923327429235355,-0.2825314220535031,0.3964223965850622,1.032463035527599,0.08532029727116797,0.19904739730319598,0.5210968229633562,0.6589868033456396,-0.2825314220535031,0.3019851620433596,2.0885208223787766,0.13969263156761413,0.21541675813753466,0.7335610413509505,0.9197819997078927,-0.2821618769216888,0.49507975028952766,0.09561576828019969,0.5417994943640633,-0.2825314220535031,0.07379298299854775,0.4972951698544392,-0.249511384359268,0.04755448835836007,0.3666091705459485,-0.26183511505942714,0.22607323672522028,0.9695604543863098,-0.28216187692168926,0.10840086577604702,5.6947966490848865,209,-0.0027784217512025755,0.021173401441558104,0.07213693832236656,0.07250648345417965,4,0.04755448835836007,0.5195473321092512
bimonthly_classic_6_12minus1_top3_ma200_0bp,bimonthly,classic_6_12minus1,3,ma200,0.0,5.511333946922939,0.11495154999255752,0.21070639091067409,0.6363764366925001,0.8019465851961094,-0.3744967413380288,0.3069493998314922,1.0331628047600914,0.0862434932802143,0.2017178355077329,0.5205941052423039,0.6620549833602207,-0.30567136782581206,0.2821444935901241,2.202563971600533,0.14449440799724056,0.21931956768288952,0.7440812677777342,0.9333782962886474,-0.3744967413380291,0.3858362224487734,0.09911704578815717,0.5499162838424825,-0.30567136782581206,0.07203455407907766,0.48540240299028065,-0.2544421789352005,0.019172725397925916,0.19846035340298854,-0.3744967413380291,0.2653335596860431,1.1069544460397522,-0.2821190943497781,0.09967161932199084,4.20506126103196,105,0.005936668533282008,0.026727539193866612,-0.018091676337429807,-0.01809167633743003,4,0.019172725397925916,0.5176593434163815
bimonthly_classic_6_12minus1_top3_none_0bp,bimonthly,classic_6_12minus1,3,none,0.0,6.80653219912585,0.12676104528704957,0.22373980354085254,0.6603209728191646,0.8683314262320125,-0.3744388052995081,0.33853607984262013,1.1311332095091382,0.09221951798498162,0.2188824208373409,0.5218994542999581,0.7104543515857675,-0.3550313454580971,0.25975035490455284,2.663089742252156,0.162463878692356,0.2284788806050389,0.7934093587013582,1.0123483013475427,-0.374438805299508,0.4338863290689211,0.10678861058168554,0.5578718651121,-0.3550313454580971,0.07613911210519131,0.4771281682751436,-0.2432857899921982,0.04757426504426965,0.3413978025524524,-0.374438805299508,0.27213438313156657,1.1072226702811143,-0.2821190943497781,0.0,4.4123449363764875,105,0.017746163827774053,0.044697009888982064,-0.01803374029890914,-0.018033740298908918,4,0.04757426504426965,0.5175000166936218
monthly_medium_3_6_12_top3_ma200_0bp,monthly,medium_3_6_12,3,ma200,0.0,3.741362608776896,0.09411326566497791,0.2137754461109754,0.5399617425293276,0.6788391667858076,-0.34697368073393464,0.27124035882463826,1.0559765279014965,0.08676239397775931,0.20788610003192676,0.5141569695980723,0.6579130012893216,-0.2989517432911496,0.29022207070142847,1.3061365460316425,0.10173559749064753,0.2195590595907914,0.5650231486328555,0.7006465786277725,-0.34697368073393375,0.29320839919457864,0.09567124431613916,0.5285565362842728,-0.2989517432911496,0.07683837360971313,0.499138093004664,-0.25659125114155434,0.014804514528700352,0.17414845913097046,-0.34697368073393375,0.1829673557571676,0.8084283703663601,-0.28216187692168904,0.07795425633010249,8.590059918638914,209,-0.020666939527260064,-0.016783632635408496,0.007694679641935043,0.00769467964193471,4,0.014804514528700352,0.5138473146444684
monthly_classic_6_12minus1_top3_none_0bp,monthly,classic_6_12minus1,3,none,0.0,5.762750329155875,0.11679918368671416,0.22402514978057575,0.6194005465368412,0.814189516676758,-0.3849015285016043,0.30345211706850195,1.1074686174334105,0.08987016053001406,0.21798331825556963,0.5136018112021347,0.7029479514767518,-0.3813563122984879,0.23565929717631792,2.208944737403449,0.1447585796237323,0.22995067749832854,0.721110315013154,0.9151671265951288,-0.3849015285016042,0.37609250393800125,0.10198472675879011,0.5415660780657444,-0.3813563122984879,0.07627855010192586,0.4791308182499515,-0.23835230389842377,0.04728781938335502,0.33944305340138087,-0.3849015285016042,0.23652826142654915,0.9858484411323842,-0.28216187692168904,0.0,6.01276526820043,209,0.002018978494476187,0.026239349497676256,-0.030233168125734622,-0.030233168125735732,4,0.04728781938335502,0.510348448157848
monthly_classic_6_12minus1_top3_ma200_r6_10bp,monthly,classic_6_12minus1,3,ma200_r6,10.0,4.0798078432028655,0.09848172348837192,0.20164441121666532,0.5802226918420806,0.7177010445624811,-0.3186787885624498,0.30903130996769484,0.9038581798491119,0.0771615105021688,0.19139110003733115,0.4937147417550064,0.6173606719512098,-0.3186787885624498,0.24212942081976022,1.668165043472638,0.12052197016416244,0.2114816038123941,0.6606619281309289,0.8138569646374081,-0.30702694348047355,0.3925452561196065,0.07714862979937887,0.4647934952268657,-0.3186787885624498,0.07756241224244986,0.5474590868052565,-0.21632078642031372,0.007714783389020541,0.13019420323169145,-0.30702694348047355,0.22826546663694436,0.9834602097909796,-0.2821851425601575,0.15255225207262182,5.958774708313445,209,-0.015870961119768934,0.0023693773967161658,0.03636874352600361,0.04802058860797853,4,0.007714783389020541,0.5061262910160611
quarterly_current_top3_none_20bp,quarterly,current,3,none,20.0,2.972610384713101,0.08382623173051829,0.21806349592509863,0.4889154757113821,0.63801897066039,-0.38838591786193055,0.2158323149098267,1.0063876634240159,0.0854175749676711,0.21173769694209332,0.5023061529984535,0.6867574864081758,-0.3660998559524823,0.23331769619367954,0.9799814647652068,0.08242686791345522,0.2241534678130081,0.47677000305421985,0.598861874881599,-0.38838591786193044,0.2122292908229428,0.06316362331405445,0.39419121497946197,-0.3660998559524823,0.1115820661296405,0.6377453310041367,-0.2519293284409404,0.03400018450511011,0.2757269550553742,-0.38838591786193044,0.12625349242528028,0.616154451022723,-0.2946616182054538,0.0,5.698939739984824,70,-0.02486866336265403,-0.0368925524470336,-0.03491707593595572,-0.034917075935957165,4,0.03400018450511011,0.5051728330010925
quarterly_current_top3_ma200_0bp,quarterly,current,3,ma200,0.0,2.8391364845238374,0.08166683527596286,0.2119053486945092,0.4871831687681147,0.6173318156286005,-0.41824076259139786,0.19526273520055631,0.9460465683345125,0.08152320413237346,0.202430005402221,0.49766350354490596,0.6532467180557014,-0.417376647563406,0.1953228687045526,0.9727875719898491,0.08197011683067901,0.2208905160629577,0.4785528627163544,0.5912996236550078,-0.4182407625913982,0.19598787149008717,0.049475013684651126,0.337357378605531,-0.417376647563406,0.11936524326170384,0.7085084629562796,-0.2485205579440094,0.01895083914694662,0.1972688726816606,-0.4182407625913982,0.13968096269297847,0.6650937008314852,-0.2946616182054538,0.08163996406848976,5.260409029147613,70,-0.027582753876759458,-0.03779574553569898,-0.06519318466194679,-0.06519318466194757,4,0.01895083914694662,0.5012255397185081
quarterly_classic_6_12minus1_top3_none_0bp,quarterly,classic_6_12minus1,3,none,0.0,4.5142650075174435,0.10476581723607081,0.22356625583615777,0.5702585208396496,0.7514184646808713,-0.39431821236053843,0.2656885072817278,1.011853585999663,0.08576521723163277,0.21720133207312203,0.49657710212634354,0.6786101616025906,-0.3454208215782715,0.2482919727877452,1.740887828960704,0.12402128280730751,0.22969053116200577,0.6397216028349203,0.817386875382056,-0.39431821236053854,0.3145208081180654,0.09031865771560144,0.49647820936605047,-0.3454208215782715,0.08106772516495853,0.5002380933924906,-0.22704073436348515,0.039406308733827444,0.30110364468292067,-0.39431821236053854,0.20288794467866467,0.8723940280878404,-0.2831319975002369,0.0,3.8974207068264217,70,-0.004483771916651502,0.004255420440929525,-0.04127063443108736,-0.041270634431087916,4,0.039406308733827444,0.49835815137927053
bimonthly_classic_6_12minus1_top3_none_10bp,bimonthly,classic_6_12minus1,3,none,10.0,6.2494839327749965,0.12192691674043288,0.2237455821549331,0.6405721847141443,0.8422837913105724,-0.37865155046748966,0.3220029512355088,1.0456366794298146,0.08701833364605016,0.21888831107883644,0.49958793857959244,0.6798289786250449,-0.3615446356962736,0.24068489767098222,2.543876586528389,0.1580127756535603,0.22848400867054217,0.7761094678543318,0.9904525936312447,-0.3786515504674898,0.41730391822897595,0.10196750571612756,0.5388728134226682,-0.3615446356962736,0.0704869265236725,0.45009417713632577,-0.24684340930855042,0.04381361465587186,0.32267561411705437,-0.3786515504674898,0.26698674605116146,1.0904777717011487,-0.28214586273635767,0.0,4.4123449363764875,105,0.01322169138606033,0.040491202621371514,-0.022014599457571227,-0.022014599457571782,4,0.04381361465587186,0.494483495279497
bimonthly_classic_6_12minus1_top3_ma200_10bp,bimonthly,classic_6_12minus1,3,ma200,10.0,5.067780025033854,0.11039242358432988,0.21072984274404064,0.6163587164007603,0.7766472753570766,-0.37783933438466333,0.2921676319489376,0.9582491338270873,0.0814997355048146,0.20174647282726518,0.49836254368934174,0.6336848292705437,-0.31056202833346325,0.2624265945909684,2.098574088566226,0.1401221680142517,0.21933800416421195,0.7260723113163543,0.9107016204988719,-0.3778393343846631,0.37085119325241805,0.09514273612648205,0.5329070488003294,-0.31056202833346325,0.06640385627164469,0.4555778425424857,-0.2569411514507228,0.0155303175056134,0.1783640552289021,-0.3778393343846631,0.26021675419929524,1.0897896003607859,-0.28214586273635767,0.09967161932199084,4.20506126103196,105,0.0016871982299573318,0.022600594982062905,-0.021202383374744893,-0.021202383374745115,4,0.0155303175056134,0.4942424456714075
monthly_long_6_12_top3_ma200_r12_10bp,monthly,long_6_12,3,ma200_r12,10.0,4.45116789252689,0.10297009102415688,0.20955673325792643,0.5861296427656291,0.7054049440631749,-0.3654060010037842,0.2817963874191834,0.9142567600412912,0.0778390384923413,0.19459614903060204,0.49207691652541696,0.593768487992913,-0.3654060010037842,0.213020690077652,1.847668090465207,0.12901347261199114,0.22363306060721144,0.671434306319985,0.8124524342738637,-0.3400494199310279,0.3793962437523314,0.08380821842175457,0.5006597274967981,-0.3654060010037842,0.07126736416286339,0.4836930833206749,-0.2631644596797811,0.0044040636886726325,0.11205787356607047,-0.3400494199310279,0.24922063354785506,1.0085364286836123,-0.28218514256015725,0.1482875194667193,7.035627048710667,209,-0.011382593583983969,0.010860879844544868,-0.010358468915330765,0.014998112157424193,4,0.0044040636886726325,0.49217640540873653
monthly_medium_3_6_12_top3_none_10bp,monthly,medium_3_6_12,3,none,10.0,3.7719561387433425,0.0945200321686448,0.22385512967874757,0.5271897197827645,0.6853113663668795,-0.4152901596748122,0.22759998031895948,1.0530784119892376,0.08658544141240698,0.22026471002422587,0.49650375433275035,0.6711075645379802,-0.34228646562425047,0.2529619196438147,1.3242931740340866,0.10273790422516416,0.22742074067893767,0.5573278887696533,0.6994992968575457,-0.41529015967481253,0.24738824610150098,0.1015392828427546,0.5393715606736349,-0.34228646562425047,0.06973468401225902,0.4414477977476644,-0.263884909544025,0.02877678956007812,0.24811305210685486,-0.41529015967481253,0.17108868781711983,0.7675382169963891,-0.2821851425601575,0.0,8.878094473899665,209,-0.019832652439496057,-0.015414688542282118,-0.06024262758635879,-0.06024262758636045,4,0.02877678956007812,0.49040967921064965
monthly_current_top3_none_0bp,monthly,current,3,none,0.0,4.677504254157227,0.10556635226307076,0.21856066965292914,0.5817156829286041,0.7560123508849348,-0.3809379122549258,0.2771221998833898,1.011498374978581,0.08402202282345006,0.21552430461207353,0.4914915886297495,0.6557710603859066,-0.35051871784147004,0.2397076633763419,1.8225249022225447,0.1278530642167004,0.221575419142194,0.6704391006856995,0.8501666695888179,-0.38093791225492657,0.3356270407948793,0.09404071365756717,0.5183400141134334,-0.35051871784147004,0.07280636346789193,0.4580626569199804,-0.2919835385874072,0.041963412001404965,0.3190887441276612,-0.38093791225492657,0.20798551244247365,0.9109205931617165,-0.291605268098478,0.0,12.493381348066364,209,-0.00921385292916721,0.009333834090644366,-0.026269551879056108,-0.026269551879058106,4,0.041963412001404965,0.4882013355167069
monthly_classic_6_12minus1_top3_ma200_10bp,monthly,classic_6_12minus1,3,ma200,10.0,4.703012550281617,0.10585281253893575,0.20731711788357943,0.6031151036037843,0.7579192862268462,-0.2922059190754873,0.36225416950431505,0.9293727877866993,0.07881815243226864,0.1990115548758125,0.4902332048337594,0.6200870659423693,-0.2922059190754873,0.2697349618434905,1.9558893887084872,0.13390694418881632,0.2153626197268637,0.7093629734124363,0.8891489731321824,-0.2821851425601575,0.47453577099747357,0.09039906262807529,0.5190898639074432,-0.2922059190754873,0.06578276095179603,0.454580228183816,-0.2515555585221765,0.043195597917996764,0.3415018056799069,-0.26631938847759984,0.2188638571559096,0.9451205927020375,-0.2821851425601576,0.10840086577604702,5.6947966490848865,209,-0.008499872069205106,0.01575435142137005,0.06284161301296609,0.0728623895282946,4,0.043195597917996764,0.48683504604562955
bimonthly_medium_3_6_12_top3_none_0bp,bimonthly,medium_3_6_12,3,none,0.0,4.8304177569278774,0.10782202727779633,0.22344768969312512,0.58294105243707,0.760686841304812,-0.4120784369516117,0.26165413574032104,1.0036536724928369,0.08439361941097823,0.2179372528308936,0.48940004578229956,0.6652907204901075,-0.2996937549111883,0.2815995262763735,1.9098929804939835,0.13184679281818523,0.22882082763026446,0.6724803409395623,0.8469927700216978,-0.4120784369516105,0.3199555739764848,0.09982095467276553,0.5351396418671613,-0.2996937549111883,0.06731477921234941,0.43147034783785715,-0.2552448929173867,0.030628331466682868,0.25605677881923644,-0.4120784369516105,0.22749521685373275,0.9611466655444718,-0.3085501595457112,0.0,5.894023064022968,105,-0.001192854181479186,0.014079924014811285,-0.05567337195101274,-0.05567337195101141,4,0.030628331466682868,0.4833049948525092
monthly_long_6_12_top3_ma200_10bp,monthly,long_6_12,3,ma200,10.0,4.766543637911133,0.10656105771106428,0.21609623907712922,0.5903163357923028,0.7402834953989065,-0.3360594908509701,0.3170898623967747,0.9478476846070325,0.08000565817006566,0.20674536129729662,0.48495039588502087,0.6226642080280004,-0.3183680549365593,0.2512992648901545,1.960469488185136,0.13411052955316816,0.22512877711707316,0.6890615977791015,0.8495161639808237,-0.33605949085096964,0.3990678234189237,0.09006224467619295,0.507492555308719,-0.3183680549365593,0.06872618141022313,0.45796331150286246,-0.2631644596797812,0.013276905544083117,0.16526607321141956,-0.33605949085096964,0.25024416242397307,1.010387853178265,-0.28218514256015725,0.08106921268642994,7.477552244421773,209,-0.007791626897076576,0.015957936785721882,0.018988041237483322,0.018988041237482434,4,0.013276905544083117,0.4827279334057907
bimonthly_current_top3_none_0bp,bimonthly,current,3,none,0.0,5.292022840685238,0.1127351820340341,0.21687176849964274,0.6147253912087374,0.8103592615496822,-0.34921090435999014,0.3228283556627403,0.9373419969670584,0.08014722731476809,0.2106640949554286,0.479800989944715,0.6574137880936471,-0.2996686345328299,0.2674528398332847,2.2477605144241237,0.14635566782573228,0.2228937400789364,0.7428959384873425,0.9466621638239314,-0.34921090435999136,0.4191039454909417,0.07829063724949248,0.46168528761119587,-0.2996686345328299,0.08269094948202427,0.5032469335076003,-0.273203622279484,0.04717987667961876,0.34238639784519787,-0.34921090435999136,0.2398577273213911,1.0226681951777283,-0.2693741053560592,0.0,6.988035715385759,105,0.0037203005747585838,0.028588799022358335,0.007194160640608849,0.0071941606406077385,4,0.04717987667961876,0.4824661105593981
monthly_classic_6_12minus1_top3_none_10bp,monthly,classic_6_12minus1,3,none,10.0,5.111204494966765,0.11027972248836959,0.2239938656919843,0.5925923321214251,0.778652850295501,-0.38996213293836757,0.282795977284797,0.9929576645873539,0.08286384381688294,0.21798096871717584,0.4833050271643199,0.6610487421275554,-0.3897804655517295,0.2125910637917428,2.066399554569606,0.1387431077248349,0.22989112676592952,0.6976438521064846,0.8851450333836224,-0.38996213293836757,0.3557861033311223,0.09556182888290343,0.5159922084724986,-0.3897804655517295,0.06856945947464599,0.4420151318563451,-0.24096859912879864,0.04236892744081522,0.3150353385931524,-0.38996213293836757,0.22941689061922155,0.9625733179736864,-0.28218514256015736,0.0,6.01276526820043,209,-0.004072962119771262,0.020590514957388617,-0.03491460084991416,-0.03491460084991549,4,0.04236892744081522,0.47900367016442186
quarterly_classic_6_12minus1_top3_none_10bp,quarterly,classic_6_12minus1,3,none,10.0,4.1669464336115425,0.10057959765042801,0.22354289150943263,0.5528462050866862,0.7282676210037461,-0.3971654324000975,0.25324358427323024,0.943342583152174,0.08134620883574284,0.21719770354288692,0.4773620963468623,0.6522639959018939,-0.3506888126359543,0.23196123145276187,1.6587933997877844,0.1200649047499569,0.2296484795252811,0.6239939118332324,0.7969042064083202,-0.39716543240009716,0.3023045183574932,0.08615435465609034,0.47965869978697834,-0.3506888126359543,0.07634042408877617,0.4777200998247233,-0.22860526476200727,0.036754243645025664,0.287720361240446,-0.39716543240009716,0.19763827366541542,0.854840698959707,-0.283131997500237,0.0,3.8974207068264217,70,-0.008392648031870342,0.0005222793134667114,-0.043907192968592135,-0.04390719296859258,4,0.036754243645025664,0.4786893998058508
monthly_long_6_12_top3_none_0bp,monthly,long_6_12,3,none,0.0,5.467000339580906,0.11391672820120635,0.22740544239861527,0.6019096141449708,0.7843566717608651,-0.42648091300924706,0.26710862016639975,0.9732877019808415,0.08162465780477413,0.2214567645778218,0.4738462556295926,0.648173366139463,-0.42648091300924706,0.19139111579186738,2.277271901653844,0.14755867090638297,0.2332390293642012,0.7250975883006519,0.9056980836653453,-0.41762771390119846,0.35332585935925725,0.08278809781639307,0.4624737621146508,-0.42648091300924706,0.08067025844710618,0.4927839710368001,-0.25970037098910004,0.030376493951693506,0.25539129533315924,-0.41762771390119846,0.25973032405172103,1.0401692946580046,-0.28216187692168904,0.0,7.925631866517763,209,-0.0008634769910316198,0.02903944078032694,-0.07181255263337738,-0.06295935352533,4,0.030376493951693506,0.47762886657572545
quarterly_current_top3_ma200_10bp,quarterly,current,3,ma200,10.0,2.5163578282363464,0.07613755829785518,0.2119467854387314,0.46228711679243134,0.5858628199634625,-0.4224110684830753,0.1802451781656043,0.8640552356020956,0.0760571626987061,0.202477429857498,0.4719802296344345,0.6195585043901042,-0.4224110684830753,0.18005485266244503,0.8864021629168903,0.0763671915896087,0.22092659927306385,0.45432430768758153,0.5614294768389368,-0.42210561262517987,0.18091963078780715,0.044425205161362724,0.3144256710785469,-0.4224110684830753,0.11337419343109612,0.6790787436755816,-0.25051808698622613,0.014513975109750943,0.17271776304135397,-0.42210561262517987,0.13295274819741776,0.6406712832742599,-0.29466161820545367,0.08163996406848976,5.260409029147613,70,-0.03283468738444317,-0.043175433846881495,-0.06915282905156994,-0.06884737319367529,4,0.014513975109750943,0.4775484771764034
monthly_medium_3_6_12_top3_ma200_10bp,monthly,medium_3_6_12,3,ma200,10.0,3.1024515915167594,0.08499928067484386,0.21377151739715844,0.49975517603774966,0.6283584647216789,-0.3535088740649822,0.240444545839659,0.9125869714017776,0.07773046180662924,0.20787849278998285,0.47305590475439296,0.6050573998871601,-0.31126456551539206,0.24972473714739452,1.1449751843232363,0.092519510738029,0.21955865923290568,0.5256415037493717,0.6520897398001799,-0.35350887406498266,0.2617176470682371,0.08706679253629956,0.49264702319450115,-0.31126456551539206,0.06726825016799864,0.45028796681600364,-0.26006191437302195,0.00826354150241726,0.13534780690621043,-0.35350887406498266,0.17108868781711983,0.7675382169963891,-0.2821851425601575,0.07795425633010249,8.590059918638914,209,-0.029353403933296995,-0.025633082029417276,0.0015386580234711955,0.0015386580234694192,4,0.00826354150241726,0.4714674950052524
bimonthly_classic_6_12minus1_top3_none_20bp,bimonthly,classic_6_12minus1,3,none,20.0,5.7316961832362425,0.1171088190941183,0.22377036456823174,0.620771692881728,0.816309747016369,-0.3828398486714413,0.30589506160478813,0.9634854776773261,0.08183648275781996,0.21891727365049354,0.47722732194272105,0.6493744035711007,-0.3679992481056452,0.22238220099386274,2.4284420535666023,0.15357477162000155,0.2285042418702041,0.7587601928452344,0.968250926981189,-0.3828398486714415,0.40114625515851554,0.09716262055767744,0.5198427333979794,-0.3679992481056452,0.06485823566395288,0.422978336318245,-0.250388710459039,0.04006348750646693,0.30391314456667445,-0.3828398486714415,0.2618550054316655,1.0736764458836154,-0.28217263112293745,0.0,4.4123449363764875,105,0.008713238336470308,0.03629845084956074,-0.02597108843424034,-0.025971088434240563,4,0.04006348750646693,0.4714105348581122
monthly_classic_6_12minus1_top3_ma200_r6_20bp,monthly,classic_6_12minus1,3,ma200_r6,20.0,3.594226242916953,0.09212174808719809,0.2016376015991933,0.5506406693826384,0.6810994093966234,-0.3296477292817367,0.27945512710771725,0.8049189895145858,0.07054592686731675,0.1914011225931346,0.46073770839154266,0.5759980766864224,-0.3296477292817367,0.21400398243612345,1.5453919370378548,0.11441825972439101,0.2114591072620215,0.6341194859618619,0.7812248182441538,-0.31406953184473974,0.36430869002904004,0.07156892263979908,0.439699840453866,-0.3296477292817367,0.06969869990205169,0.5019347601513964,-0.2187012463441863,0.003040944818054836,0.10074596202868055,-0.31406953184473974,0.220699022154357,0.9575915690417014,-0.2822084081986257,0.15255225207262182,5.958774708313445,209,-0.02180350403887732,-0.0033678044115783567,0.025778760968840242,0.04135695840583831,4,0.003040944818054836,0.4708173003026312
bimonthly_classic_6_12minus1_top3_ma200_20bp,bimonthly,classic_6_12minus1,3,ma200,20.0,4.65406373915618,0.1058476532158028,0.21077179002147003,0.5962931211678183,0.7513242848532699,-0.38116683473502966,0.27769376443620397,0.8860241194524834,0.07677192852544845,0.20179706989920998,0.4760854789294977,0.6054022328421038,-0.315423396327852,0.24339325940695752,1.9978745663112498,0.13576284102556957,0.2193717758350181,0.7080168846921868,0.8878016287857201,-0.38116683473502944,0.35617695101921965,0.09117915465146953,0.5158789525202173,-0.315423396327852,0.06079668651619774,0.42565092576390867,-0.25943459275619296,0.011898265192816337,0.15824173387844287,-0.38116683473502944,0.2551156753918853,1.0725645490226807,-0.28217263112293745,0.09967161932199084,4.20506126103196,105,-0.0025479275418451852,0.018486520255128758,-0.024298074497828726,-0.024298074497828503,4,0.011898265192816337,0.47076493914206297
bimonthly_long_6_12_top3_none_0bp,bimonthly,long_6_12,3,none,0.0,5.090126685139703,0.11062951497413143,0.22891952906767846,0.5858532759969537,0.7625892516776551,-0.4090094268419592,0.2704815774744443,0.9492551469581385,0.08091947466293159,0.22305996946807635,0.4685705367658723,0.6403781994182319,-0.37152538836299576,0.2178033512581108,2.124335310666486,0.14121724589277074,0.23462331273654846,0.6978641853834441,0.8716089536290966,-0.4090094268419584,0.34526648195650805,0.09385628962775017,0.5022198201966885,-0.37152538836299576,0.06661304071299856,0.4265153070518025,-0.25874290631790176,0.03533562556715775,0.27886445479298466,-0.4090094268419584,0.24162871231914518,0.9842981618750032,-0.29900362349521614,0.0,5.088470341120443,105,0.0016146335148559121,0.02345037708939679,-0.05260436184136019,-0.052604361841359304,4,0.03533562556715775,0.4643675636242455
quarterly_classic_6_12minus1_top3_none_20bp,quarterly,classic_6_12minus1,3,none,20.0,3.841139054423267,0.0964044191410014,0.2235395336848753,0.5353823288193633,0.7050081199987842,-0.4000022431362722,0.24100969630852415,0.8770850701542103,0.07693981265821903,0.21721733167254026,0.4580973964870784,0.6258162969714512,-0.3559202131337461,0.21617151771401905,1.5790728035706607,0.11611818531282614,0.22962339905449364,0.6082155041479975,0.7763359008467595,-0.4000022431362721,0.2902938353604862,0.08200115304695821,0.4628016228684837,-0.3559202131337461,0.07162775638829189,0.4551327366128448,-0.2301683694781672,0.03410649089588813,0.27430953080859694,-0.4000022431362721,0.19240545079480453,0.837218535319159,-0.28313199750023677,0.0,3.8974207068264217,70,-0.01229047595217092,-0.003201235047662676,-0.046533401210297365,-0.04653340121029881,4,0.03410649089588813,0.45896717974066426
monthly_classic_6_12minus1_top3_ma200_20bp,monthly,classic_6_12minus1,3,ma200,20.0,4.180861562812944,0.09973294398949073,0.20729360708634212,0.5756470706290782,0.7232783846138459,-0.30269339375036364,0.3294850368348051,0.8314295380184087,0.07234942424871882,0.19900158106228066,0.459298754561212,0.5807761886139413,-0.30269339375036364,0.23901884131764903,1.8288620748241229,0.1281463961409559,0.2153259747379405,0.6850970735806523,0.858684993196277,-0.2822084081986259,0.4540842597813847,0.08520315320745886,0.4963472175384315,-0.30269339375036364,0.05782501942767593,0.4117133237442783,-0.25359537531111376,0.038852049359800134,0.3163200106444332,-0.27077919130083383,0.21169120295107202,0.9206116424624008,-0.2822084081986259,0.10840086577604702,5.6947966490848865,209,-0.014192308136584675,0.010360332004986539,0.052733096500213295,0.07321808205195213,4,0.038852049359800134,0.4540302706413549
quarterly_current_top3_ma200_20bp,quarterly,current,3,ma200,20.0,2.220299182661856,0.07062843910483174,0.21202417994589265,0.43732661753744145,0.5540944452790293,-0.4274086588196969,0.1652480305379739,0.7854030891480388,0.07061060915426842,0.20256249817976488,0.4462260427325723,0.5855856476098013,-0.4274086588196969,0.16520631413800071,0.8036818700692046,0.07078518777779497,0.22099717367156868,0.430036539116238,0.5313014606651388,-0.4259500157031978,0.1661819114173202,0.03939223697859151,0.2914570277112348,-0.4274086588196969,0.10740621816891438,0.6495172486754434,-0.25251312143464866,0.010091110712158624,0.1481666397889014,-0.4259500157031978,0.12625349242528028,0.616154451022723,-0.2946616182054538,0.08163996406848976,5.260409029147613,70,-0.038066455988340575,-0.04853423258269385,-0.07393981689372209,-0.07248117377722452,4,0.010091110712158624,0.4538057393669789
bimonthly_medium_3_6_12_top3_none_10bp,bimonthly,medium_3_6_12,3,none,10.0,4.281374896797364,0.1014769363270569,0.22345249975441367,0.556532544122998,0.726127192327814,-0.4183311747700258,0.24257560145462032,0.8959778816980533,0.07743290092176669,0.2179461155570161,0.4591706946157238,0.6240396523289492,-0.3094755239247904,0.25020686592515357,1.785567778916982,0.12613072124427416,0.22882120677723616,0.6497024707953599,0.8182231856369444,-0.418331174770024,0.3015092559468322,0.09283402843449151,0.50705008185964,-0.3094755239247904,0.06034943093039846,0.39822241792149343,-0.25673355024437317,0.025608432238046763,0.23064472316667953,-0.418331174770024,0.22108789068491808,0.939721709555729,-0.31039339547216527,0.0,5.894023064022968,105,-0.007228289027315649,0.00860914821208536,-0.06169422376010736,-0.061694223760106026,4,0.025608432238046763,0.4526362498905667
monthly_medium_3_6_12_top3_none_20bp,monthly,medium_3_6_12,3,none,20.0,3.1082913757063615,0.08508848067557961,0.22389149357679244,0.48741669339145105,0.6333403253581499,-0.42194288180609807,0.20165876554514703,0.9043194402648005,0.07719163360028292,0.2202966932187292,0.45610094291718667,0.6158139778728283,-0.35582100264085503,0.2169395089873198,1.1573541123621038,0.09324874045280507,0.22746139724625403,0.5181595492390202,0.6504005097123673,-0.4219428818060974,0.22099849167655172,0.092076079097126,0.5016652573383686,-0.35582100264085503,0.06037400149179484,0.39711925752741317,-0.2688273013705159,0.021623602105447004,0.21079792189176233,-0.4219428818060974,0.15931653469247364,0.7265308561511189,-0.28220840819862614,0.0,8.878094473899665,209,-0.02883677145049579,-0.024537323683164303,-0.06651639155552114,-0.06651639155551936,4,0.021623602105447004,0.4493922574328909
monthly_classic_6_12minus1_top3_none_20bp,monthly,classic_6_12minus1,3,none,20.0,4.521953339306899,0.10379280452414119,0.2239849028662969,0.5657202457353337,0.7431545061992888,-0.39809809164540744,0.26072168317900696,0.8845708391616567,0.07589611495196746,0.21800597977605196,0.4529507357910285,0.6192211188375076,-0.39809809164540744,0.19064676908717612,1.930085314152112,0.13275471463324684,0.22984907040691407,0.6741139162388288,0.8552188308860815,-0.39498497806541577,0.3361006671278029,0.0891705893631134,0.49038031016729994,-0.39809809164540744,0.06090833089320702,0.4048051647555513,-0.24357766704054584,0.037469674071933357,0.29056878342905884,-0.39498497806541577,0.22234081734777011,0.9392303658199935,-0.2822084081986258,0.0,6.01276526820043,209,-0.010132447601934214,0.01496865049727747,-0.042671601394830505,-0.03955848781483773,4,0.037469674071933357,0.4475927374614256
bimonthly_current_top3_none_10bp,bimonthly,current,3,none,10.0,4.595790262663605,0.10518248543410902,0.21691179846786895,0.5824053246386455,0.7673418206540117,-0.35615438304561553,0.29532834759649007,0.8128517935337218,0.07181610341741718,0.21071535939076816,0.4421579417031933,0.6051710981591779,-0.31583503619501696,0.227384853443154,2.0867334454053554,0.1396161346109297,0.22292210149546246,0.7156002241068841,0.911753074590094,-0.356154383045615,0.39201015418374946,0.06991809863156195,0.4251601693555828,-0.31583503619501696,0.07436456798454172,0.46416619224282213,-0.27744634280556413,0.041566059316608284,0.3137413278671711,-0.356154383045615,0.23199338544545411,0.995897936496367,-0.273270195698163,0.0,6.988035715385759,105,-0.003522739920263529,0.0220945615787409,0.0004825679643029046,0.00048256796430301563,4,0.041566059316608284,0.4446631807992025
monthly_long_6_12_top3_ma200_20bp,monthly,long_6_12,3,ma200,20.0,4.083270288270907,0.09852498106372498,0.21610444148915708,0.555639352050041,0.6967591041063996,-0.3422950140188893,0.2878364481765076,0.824798144501014,0.07190047093125185,0.20678163908554792,0.4475953853971293,0.574325638448891,-0.3264874109444381,0.22022432878273498,1.7856616928229645,0.12613512352951362,0.22511075060154975,0.6568250396611857,0.8100891730597536,-0.3422950140188894,0.3684982788634862,0.08316729625291597,0.4782661324455871,-0.3264874109444381,0.05919081005082627,0.4088510506353368,-0.26614208246862625,0.006721323811645252,0.1268406903326813,-0.3422950140188894,0.24082009520135594,0.9805023662549478,-0.282208408198626,0.08106921268642994,7.477552244421773,209,-0.015400271062350424,0.008349059393544245,0.013131476231687644,0.013131476231688644,4,0.006721323811645252,0.44355859154046196
bimonthly_long_6_12_top3_none_10bp,bimonthly,long_6_12,3,none,10.0,4.591720229186902,0.10513578423968584,0.2289371734391124,0.5635791812859363,0.733580809640662,-0.41373612928520176,0.2541131334634117,0.8652148533734894,0.07538008888881986,0.22310609320177624,0.44496865350907383,0.6078663669359337,-0.37906379304076465,0.19885858336439288,1.9978960434898672,0.13576378449910487,0.23461370855512417,0.676863274741372,0.8456077777108596,-0.41373612928520076,0.3281409934724816,0.08848453031440817,0.4811342584442698,-0.37906379304076465,0.06085813861301426,0.39928625762986053,-0.2607180842513177,0.030788607884342012,0.25623486023391945,-0.41373612928520076,0.23526403882469604,0.9639459170355237,-0.3018332522309922,0.0,5.088470341120443,105,-0.003569441114686711,0.01824221146691607,-0.057099178275283324,-0.05709917827528277,4,0.030788607884342012,0.44021025803706515
monthly_long_6_12_top3_none_10bp,monthly,long_6_12,3,none,10.0,4.658530595360136,0.10535248896238247,0.22739166265271304,0.5670484380924423,0.7388008373472383,-0.43794432560592333,0.2405613745916692,0.8384988753812705,0.0728264461265471,0.2214787868900795,0.43605637275645664,0.5959932096201145,-0.43794432560592333,0.16629156234822123,2.0777993237481156,0.1392331800234532,0.23319044854035081,0.6930533569073972,0.8659469456785788,-0.4242538109059111,0.3281836873218604,0.07438173499738832,0.42869888408298773,-0.43794432560592333,0.07136812647315738,0.4492771543029109,-0.2636938603215254,0.023204787519950587,0.21869617313728804,-0.4242538109059111,0.25024416242397307,1.010387853178265,-0.28218514256015725,0.0,7.925631866517763,209,-0.00900019564575838,0.021080587256006922,-0.08289679351746992,-0.069206278817459,4,0.023204787519950587,0.4389880191929493
quarterly_medium_3_6_12_top3_none_0bp,quarterly,medium_3_6_12,3,none,0.0,3.2334392644215946,0.08785571027890637,0.22464877580382694,0.49807166304871864,0.653047147513388,-0.43424403278638435,0.20231875085345116,0.8204400922296498,0.07306249701634804,0.22191636531266787,0.4364457831799071,0.5951961064782434,-0.4164787898346629,0.17542909458931383,1.3255032024902027,0.10280445555419204,0.22731904400834715,0.5577426395302446,0.706413545910145,-0.4342440327863837,0.23674350777956302,0.07948583541401555,0.44737913292905457,-0.4164787898346629,0.06620740382978063,0.425317893537429,-0.23712921375166673,0.028634402171973994,0.24623446952744238,-0.4342440327863837,0.17136026132454085,0.7745547114024957,-0.2831319975002369,0.0,4.995676596982551,70,-0.02139387887381594,-0.016961406812185942,-0.08119645485693328,-0.08119645485693305,4,0.028634402171973994,0.43634851323324175
monthly_current_top1_ma200_r6_0bp,monthly,current,1,ma200_r6,0.0,2.7587288990120302,0.07952619370216563,0.254073235103608,0.436770150285806,0.5770558914647019,-0.470128861562358,0.1691582887250951,0.48266997972291614,0.046514523040398714,0.23940348264288697,0.31418281681984184,0.41947427172631135,-0.470128861562358,0.09893994358444427,1.5351082509369172,0.1138952630927097,0.2680497194417742,0.5486494830758241,0.722132634347937,-0.3092251128856571,0.3683247522487768,0.018316515552271095,0.20152375602380318,-0.470128861562358,0.08081671412897662,0.48050248880508684,-0.3003684122111572,0.059304964337035804,0.3915505674372284,-0.3092251128856571,0.1635788502525477,0.6550110405971449,-0.2986226433525412,0.07257304429783223,16.210179076343074,209,-0.035254011490072346,-0.004623967033346332,-0.11546050118648832,0.045443247490211336,4,0.018316515552271095,0.4360265281211576
monthly_medium_3_6_12_top3_ma200_20bp,monthly,medium_3_6_12,3,ma200,20.0,2.549121438403466,0.07595220928544211,0.2138064153770124,0.45946367910456387,0.5775724885147833,-0.3599832593100203,0.21098817048053753,0.7790669042197405,0.06876451524569416,0.20791133032775105,0.4318678044913042,0.551987623249014,-0.3233726706041342,0.21264788739637858,0.9949342152256087,0.08337156568820436,0.21959556748802098,0.48617710121005536,0.603212539306979,-0.35998325931002073,0.23159845223914716,0.0785213297386218,0.45667676416863384,-0.3233726706041342,0.057773487060736484,0.40129934817540036,-0.2676968805495129,0.0017596155599388652,0.09652077937795674,-0.35998325931002073,0.15931653469247364,0.7265308561511189,-0.28220840819862614,0.07795425633010249,8.590059918638914,209,-0.0379730428406333,-0.03441449844776501,-0.004556769059443355,-0.004556769059442689,4,0.0017596155599388652,0.4289880561720171
monthly_current_top3_none_10bp,monthly,current,3,none,10.0,3.5996343157553703,0.09219600444287712,0.21863035382145676,0.5244071282137728,0.6808986287512837,-0.3916075621594409,0.23542958142708187,0.8031761702472584,0.07042654476136256,0.21561756452012618,0.4314312924394003,0.574567314700234,-0.36553359631524296,0.19266777519575903,1.5508513209359114,0.11469514858455909,0.22162164426580752,0.6158390822562619,0.7808635015573113,-0.3916075621594409,0.2928828747639495,0.081641528875261,0.4669507739948447,-0.36553359631524296,0.05776903404773681,0.38620532007005653,-0.3004644903344401,0.03063092401727907,0.25928858791828263,-0.3916075621594409,0.19302899206004387,0.8589091576733671,-0.2977313372475153,0.0,12.493381348066364,209,-0.02215668016526373,-0.0034574441828871816,-0.036560030070987515,-0.03656003007098885,4,0.03063092401727907,0.4265780470324506
bimonthly_medium_3_6_12_top3_none_20bp,bimonthly,medium_3_6_12,3,none,20.0,3.7834560921910336,0.09516049411245242,0.22348895138867486,0.5300501175898202,0.6915072040962299,-0.42452357519026107,0.22415832635396943,0.7939543667683535,0.07050752818418227,0.21799504792694532,0.4288649577785379,0.5826745656910652,-0.3191343603527178,0.22093367854923243,1.6664313099602337,0.12043752117174766,0.22884519504997383,0.6268599985981482,0.7894973947665205,-0.42452357519026174,0.2837004308129892,0.08588190206248769,0.47888682236280644,-0.3191343603527178,0.053420439697215105,0.3648943051593653,-0.25822022250856225,0.02060759807437207,0.2051850862543922,-0.42452357519026174,0.2147074118974246,0.9182272731759195,-0.3122335571209658,0.0,5.894023064022968,105,-0.01323508664519557,0.0031612004013068518,-0.06765481495306014,-0.0676548149530608,4,0.02060759807437207,0.42189056376108586
quarterly_long_6_12_top3_none_0bp,quarterly,long_6_12,3,none,0.0,2.8567270333105914,0.08195543073980893,0.2263565741929788,0.4713617868065843,0.6161931136806265,-0.41958529075603257,0.19532484227971145,0.733970798458653,0.06693334815782381,0.21988730733492448,0.41179543361547666,0.5595137620133155,-0.41958529075603257,0.15952262777663037,1.224216830375044,0.09712475400173881,0.2325828704536058,0.527511676410122,0.6679539289881462,-0.407076869730964,0.2385906968035995,0.06153990848503854,0.3766582050617695,-0.41958529075603257,0.07340005871320598,0.4622192373145368,-0.2448237304383034,0.03379899254018692,0.27273000141704595,-0.407076869730964,0.15513621715625248,0.7009094597169837,-0.28313199750023654,0.0,4.405139840626143,70,-0.027294158412913383,-0.022641108364639173,-0.0665377128265815,-0.05402929180151339,4,0.03379899254018692,0.4194387211881532
bimonthly_long_6_12_top3_none_20bp,bimonthly,long_6_12,3,none,20.0,4.133597861051674,0.09966294947519483,0.228979908692242,0.5412492048289579,0.7046359813934926,-0.4184302300376741,0.23818295696805056,0.7847017429179062,0.06986237245338756,0.22318032513517325,0.421323457082255,0.5754033629175698,-0.3865221957184539,0.18074608192559247,1.8764458159033977,0.1303305577342837,0.2346263318076373,0.6557985113749853,0.8197473597131932,-0.4184302300376733,0.31147500438137415,0.08313276092638056,0.46002329923032503,-0.3865221957184539,0.055127167512421416,0.37198081787155546,-0.262689969787375,0.026256937246948553,0.2335601161377279,-0.4184302300376733,0.22892495078134711,0.9435197821242308,-0.30465456265349744,0.0,5.088470341120443,105,-0.008732631282453163,0.013054236963842891,-0.06156146980047317,-0.06156146980047239,4,0.026256937246948553,0.41600205855094025
monthly_current_top3_ma200_r12_0bp,monthly,current,3,ma200_r12,0.0,2.9522441490652005,0.08266282671750269,0.1943076108945878,0.5178105379866333,0.6130667276011644,-0.38460431172221243,0.21492953718419944,0.6419565044510962,0.05891524711789553,0.18274126824678982,0.4125754121537972,0.4775121202057951,-0.38460431172221243,0.15318405260221876,1.4070334009160796,0.10721958640412588,0.20531123284455838,0.6140595756456487,0.7446097556738682,-0.3063298909538634,0.3500134644721115,0.059635878746957305,0.4040711046778806,-0.38460431172221243,0.05836259359577811,0.425803523995477,-0.26954329768137597,0.00934497449175109,0.13973349949893843,-0.3063298909538634,0.19953797615501956,0.9024619419880633,-0.2646953493859281,0.21038226373203395,9.920377028587554,209,-0.03211737847473528,-0.011299643721930153,-0.02993595134634275,0.04833846942200504,4,0.00934497449175109,0.4149373143366788
quarterly_medium_3_6_12_top3_none_10bp,quarterly,medium_3_6_12,3,none,10.0,2.894683146051265,0.08257394999826562,0.22465940939937024,0.4758017493155454,0.6238027088082697,-0.4380219073648689,0.18851557104764202,0.7458728487521182,0.06779278573008174,0.22194553719814133,0.4137145091994497,0.5641587017148672,-0.4230599590540488,0.160243918809203,1.23079426937363,0.09750046022186165,0.2273117336238376,0.5359242520034377,0.67860204712684,-0.4380219073648688,0.222592657085173,0.07443232185860116,0.42724367637230104,-0.4230599590540488,0.06066957686797658,0.3989397844899611,-0.2401884028323752,0.02430623414268096,0.2241725505293358,-0.4380219073648688,0.16510250823330752,0.752585809896315,-0.283131997500237,0.0,4.995676596982551,70,-0.026398295684032735,-0.02204216521462854,-0.08476366793336354,-0.0847636679333642,4,0.02430623414268096,0.41309173043113107
bimonthly_long_6_12_top1_ma200_r6_0bp,bimonthly,long_6_12,1,ma200_r6,0.0,4.115280536942513,0.09943468449322634,0.2738853994504823,0.49276629800093796,0.6501882069104441,-0.47645045199551916,0.20869889844109432,0.6793429778076512,0.06229980265535806,0.2405465825198791,0.3772551528325168,0.5070254473342956,-0.47645045199551916,0.1307581982437577,2.0460010876517845,0.13786215072263652,0.30358601708382116,0.5903348977297495,0.7782454871033342,-0.4629136561848791,0.29781396353443707,0.03865786461010168,0.2784213170296349,-0.47645045199551916,0.09050613950028663,0.5351701422442273,-0.24592874065527304,0.00018353724760711287,0.11872449157337345,-0.4629136561848791,0.2721519597256423,0.8797037306127701,-0.3356681259491171,0.06838618078561287,6.380501656412684,105,-0.00958019696604917,0.020095281919262575,-0.12004538699492018,-0.10650859118428002,4,0.00018353724760711287,0.4067957296369311
bimonthly_current_top3_none_20bp,bimonthly,current,3,none,20.0,3.9758023581307835,0.09767085902282013,0.2169946305693429,0.5499886783514292,0.7244571958178952,-0.3630323062139834,0.2690417831994535,0.6961944677514145,0.06353705617204475,0.21082063354018776,0.40442956863264484,0.5530792680801973,-0.33165120365271705,0.19157794536026018,1.9335093662503429,0.1329081238394556,0.22298266490662638,0.688212051920836,0.8770031449257937,-0.36303230621398297,0.3661054996056336,0.061598139635189675,0.38857633366697236,-0.33165120365271705,0.06609026498422277,0.42496203397466564,-0.2822568101606232,0.03597583795716841,0.28504665114702554,-0.36303230621398297,0.22416922356121893,0.969011743962141,-0.2771513117728529,0.0,6.988035715385759,105,-0.010724721734827858,0.015631803069014794,-0.006163545976782481,-0.006163545976782037,4,0.03597583795716841,0.406769183820819
bimonthly_current_top3_ma200_0bp,bimonthly,current,3,ma200,0.0,3.723026545123715,0.09435215908409256,0.20963613845480944,0.5469766698916882,0.6927523767083926,-0.40090931703570587,0.23534538878199568,0.6396686071234845,0.05934299019238898,0.1987075915299693,0.3962872155950382,0.5106410406656214,-0.3587044129351813,0.16543702294265444,1.8804762892969338,0.1305140915812033,0.2200088294916124,0.6846129398209335,0.857316323317797,-0.40090931703570454,0.32554516953164214,0.050015081599011246,0.3443273475142389,-0.3587044129351813,0.0704831912412649,0.46288930227169245,-0.29145074848187225,0.016123789326602633,0.18162783521241746,-0.40090931703570454,0.2398577273213911,1.0226681951777283,-0.2693741053560592,0.08995293973163929,6.555762179656496,105,-0.014662722375182957,0.012747222777829359,-0.044504252035106884,-0.04450425203510544,4,0.016123789326602633,0.40360832489296566
monthly_current_top1_ma200_r12_0bp,monthly,current,1,ma200_r12,0.0,2.6507446123140137,0.07770911169774108,0.2464542675424159,0.43550543983686457,0.547027778373236,-0.3923445107107283,0.19806346100515534,0.3733782818204656,0.03730483875854418,0.2263245176988298,0.2788771866281063,0.3467707193433293,-0.3923445107107283,0.09508184195304994,1.6582221814916198,0.12003699977582705,0.2651999434495833,0.573025425088677,0.7318358506114027,-0.29862264335254085,0.40196884746652184,0.028292188598200374,0.23887454614670106,-0.3923445107107283,0.0481600103155535,0.33180424597182984,-0.33384680179828463,0.07465741870269405,0.47375791062821543,-0.22714078780402047,0.16108098560092787,0.648227916417417,-0.2986226433525412,0.14585296889726673,14.310084825636192,209,-0.03707109349449689,0.001517769649771017,-0.037676150334858605,0.05604571702332761,4,0.028292188598200374,0.40278107830002263
monthly_current_top1_ma200_0bp,monthly,current,1,ma200,0.0,3.073834118414677,0.0845604249738281,0.25671552242556733,0.45352052352398664,0.6090113600605678,-0.4654485687770883,0.18167512083236334,0.547379013277667,0.051687988703285725,0.2446630941272393,0.3332506598020024,0.45826384691354216,-0.4654485687770883,0.1110498391671713,1.6327319185914693,0.11878632863103533,0.2683153243185295,0.5651849821328097,0.7460918335403415,-0.3092251128856571,0.38414192017761256,0.04791890907970964,0.31335208063775605,-0.4654485687770883,0.05638188574185765,0.3642377317379644,-0.3612035381448565,0.06939371766653846,0.4381796132829077,-0.3092251128856571,0.1635788502525477,0.6550110405971449,-0.2986226433525412,0.044062205466541,16.685202639019792,209,-0.030219780218409875,0.00026709850497930177,-0.1107802084012186,0.045443247490211336,4,0.04791890907970964,0.40120867251043607
monthly_long_6_12_top3_none_20bp,monthly,long_6_12,3,none,20.0,3.9504329492367196,0.09684515194982701,0.22741362391754777,0.5320993971767709,0.6931493778712243,-0.44919342268708173,0.215597885139319,0.7127789629333803,0.06408989957277922,0.221542484822824,0.3981990826684232,0.5438000709220308,-0.44919342268708173,0.14267773376865692,1.8902929428549347,0.1309601600119339,0.23317192593564176,0.6609105620726896,0.8260592723552113,-0.4308103776952318,0.30398562057058676,0.06603075025722704,0.39489165948051047,-0.44919342268708173,0.062136093855075014,0.4056340988303126,-0.26766979993362094,0.016076455824846292,0.1819149881299814,-0.4308103776952318,0.24082009520135594,0.9805023662549478,-0.282208408198626,0.0,7.925631866517763,209,-0.01708010017624839,0.01317409587596452,-0.0937669324365048,-0.07538388744465374,4,0.016076455824846292,0.40026287915541153
quarterly_long_6_12_top3_none_10bp,quarterly,long_6_12,3,none,10.0,2.5832846464047754,0.07732223148831707,0.22637654517837474,0.451865335475263,0.590590546944082,-0.4250120115526105,0.18192952054661088,0.6683890714583249,0.06210223711046203,0.21992500899415846,0.39064198558462704,0.5306865129391776,-0.4250120115526105,0.14611878116949326,1.1477512096579865,0.09268336649732722,0.23258612438084672,0.5095590878983652,0.6449578062697917,-0.4102499001546084,0.22591929080884166,0.056873433380906446,0.3575952068036999,-0.4250120115526105,0.06835600953597587,0.4381083586132066,-0.24684365070675296,0.030474546858930918,0.2558298192327543,-0.4102499001546084,0.14961788665356734,0.6819157038278324,-0.283131997500237,0.0,4.405139840626143,70,-0.03165001419398128,-0.026859258939162967,-0.07175377212110512,-0.0569916607231038,4,0.030474546858930918,0.3978517827084532
monthly_current_top3_ma200_0bp,monthly,current,3,ma200,0.0,3.257234204496241,0.08732404697451246,0.208207911001986,0.5179126081997185,0.649383120279249,-0.3744011112238852,0.23323661270410662,0.6436656927978543,0.05904243430601741,0.20253001476600926,0.3917677694208271,0.4906052807939389,-0.3744011112238852,0.15769834152738688,1.5900852120661715,0.11666974218337312,0.21377140344513879,0.6389631642152178,0.8029856156016483,-0.33831943065494663,0.3448508468978983,0.05679098329143484,0.3703884068604739,-0.3744011112238852,0.061982378874847255,0.4232881247629745,-0.30180488745245615,0.019740090518286735,0.20405899570901687,-0.33831943065494663,0.20798551244247365,0.9109205931617165,-0.291605268098478,0.09245991774552133,11.423635658013604,209,-0.027456158217725513,-0.0018494879426829147,-0.019732750848015512,0.016348929720921834,4,0.019740090518286735,0.3968382658117242
bimonthly_long_6_12_top1_ma200_0bp,bimonthly,long_6_12,1,ma200,0.0,4.56948963468138,0.10488013505790095,0.27691050226975683,0.5087064148010937,0.6855725312283028,-0.4629136561848788,0.22656522151944,0.7373524646086205,0.0665138693370999,0.24500255514634744,0.3913181192928494,0.5376322601542435,-0.4026814796621614,0.16517737392070578,2.2057338669824933,0.14462570370470984,0.30550332545668696,0.6085071726808223,0.8177605773798576,-0.4629136561848791,0.3124247940677495,0.06898339946104093,0.38746104254443786,-0.4026814796621614,0.06400752860251968,0.4030308510992211,-0.2498797024525552,0.005249394009670505,0.14160109835256598,-0.4629136561848791,0.2807011351355164,0.8963009794371877,-0.335668125949117,0.029578797917652628,6.380501656412684,105,-0.004134746401374567,0.026858834901335893,-0.1065085911842798,-0.10650859118428002,4,0.005249394009670505,0.39524594682182945
quarterly_medium_3_6_12_top3_none_20bp,quarterly,medium_3_6_12,3,none,20.0,2.5825899995178596,0.0773100429024185,0.224702552457251,0.4534683273691324,0.59437419249296,-0.44178055172105246,0.17499648321149577,0.6742572609813158,0.06254128173565077,0.22200735029325147,0.39093172369251455,0.5330447421536592,-0.4295773341483379,0.1455879460205751,1.1398085485488876,0.09221404866236771,0.2273368073339057,0.5140312269608593,0.6506521983139537,-0.441780551721053,0.20873270292937898,0.0693952037920671,0.40706486950653437,-0.4295773341483379,0.05515234564469762,0.3724976313750257,-0.24324006457037073,0.01998996577625367,0.20206797332605272,-0.441780551721053,0.15886868362286943,0.7305242672053015,-0.2831319975002369,0.0,4.995676596982551,70,-0.03138485219075382,-0.027105371698121106,-0.08831170979507763,-0.08831170979507974,4,0.01998996577625367,0.38978125044078005
bimonthly_medium_3_6_12_top1_ma200_r6_0bp,bimonthly,medium_3_6_12,1,ma200_r6,0.0,2.7878784621676282,0.08041809991646232,0.26421878163527784,0.4332191705906768,0.5684072052171883,-0.4534717124209685,0.17733873517078017,0.6556366690077757,0.06054056249043871,0.23666679469280724,0.3723988338195965,0.4992379200930154,-0.37096879028094276,0.1631958376999586,1.2878681857401162,0.10072005702739317,0.28917039257886246,0.486978549810003,0.6358751430851993,-0.4534717124209685,0.22210879812033868,0.053755682133020954,0.3356350985815014,-0.3104540158551933,0.06870946133391942,0.43115754591277206,-0.2676854396901457,0.02337323992415885,0.21823457872340699,-0.4267738333532485,0.17240566371737032,0.657191020702224,-0.4534717124209683,0.058920965451964034,7.453857075248462,105,-0.0285967815428132,-0.017046811775980775,-0.09706664742036952,-0.09706664742036941,4,0.02337323992415885,0.3833963222471367
bimonthly_long_6_12_top1_none_0bp,bimonthly,long_6_12,1,none,0.0,4.380035859517462,0.10266158765067646,0.2798692863866165,0.498892284457347,0.6857539837161704,-0.4629136561848791,0.2217726486981739,0.6782540543771292,0.06221947607262912,0.2516318291103791,0.37114569969766803,0.530973487036038,-0.4230000826358792,0.14709093124737754,2.2057338669824933,0.14462570370470984,0.30550332545668696,0.6085071726808223,0.8177605773798576,-0.4629136561848791,0.3124247940677495,0.06093690197705337,0.3554542369349302,-0.4230000826358792,0.06400752860251968,0.4030308510992211,-0.2498797024525552,0.005249394009670505,0.14160109835256598,-0.4629136561848791,0.2807011351355164,0.8963009794371877,-0.335668125949117,0.0,6.619025082820634,105,-0.006353293808599059,0.026858834901335893,-0.10650859118428013,-0.10650859118428002,4,0.005249394009670505,0.3792425440170757
bimonthly_medium_3_6_12_top1_ma200_0bp,bimonthly,medium_3_6_12,1,ma200,0.0,3.1910850415150716,0.08678397348699396,0.2666778709299965,0.45429121679706846,0.6053860026305329,-0.4534717124209682,0.19137681824446506,0.7128272695981341,0.06474765039336017,0.241194675916079,0.3866625137687827,0.5299892741849489,-0.3742646038371532,0.1729996631515082,1.4468813148324031,0.10932957502663032,0.2899402979196851,0.5141206650747271,0.6769388174944018,-0.45347171242096806,0.241094586568472,0.08452202565355593,0.4479329594459383,-0.3104540158551933,0.04274049595823892,0.30552954311507463,-0.27152240710605313,0.0407695702471238,0.2943048484946062,-0.4267738333532485,0.17240566371737032,0.657191020702224,-0.4534717124209683,0.029578797917652628,7.573118788452437,105,-0.022230907972281555,-0.008437293776743626,-0.09706664742036919,-0.09706664742036897,4,0.0407695702471238,0.37673125128050644
quarterly_long_6_12_top3_none_20bp,quarterly,long_6_12,3,none,20.0,2.3288950637620927,0.0727025867962161,0.226422616268142,0.43232248353923697,0.5648294669698591,-0.4303966531437621,0.16891996316693433,0.6052013157030574,0.057286299838999355,0.219991615388408,0.36944724085219666,0.501741806249469,-0.4303966531437621,0.1331011740462221,1.0738178016656312,0.0882540825407867,0.23261286680131904,0.49155736081892276,0.6218558069002038,-0.41341015772468515,0.2134782633946804,0.05222094369842245,0.3385040113974062,-0.4303966531437621,0.06332872901455056,0.4139322687891745,-0.24886086598568202,0.02715674226365894,0.23889079557731366,-0.41341015772468515,0.14411828521569392,0.6628651925277366,-0.2831319975002369,0.0,4.405139840626143,70,-0.03599230829695621,-0.03106533781970211,-0.07692781121778725,-0.05994131579871187,4,0.02715674226365894,0.37621814009329035
bimonthly_current_top3_ma200_10bp,bimonthly,current,3,ma200,10.0,3.2310047664431476,0.08738248475977395,0.20965406334057254,0.5156517207043814,0.6528993659301784,-0.40807886081327893,0.21413136810278635,0.5455257567684297,0.05206555576034533,0.19873565779154406,0.3607904086817963,0.46455441367744066,-0.3691313192678799,0.1410488708018871,1.73758282442983,0.12386404151865804,0.2200169972621344,0.6569924848598537,0.8226797892618993,-0.40807886081327804,0.3035296689267462,0.043368276868658295,0.31297476864068036,-0.3691313192678799,0.06242928387392266,0.42215879481983726,-0.29465541954370233,0.010669357075180574,0.1517960250991837,-0.40807886081327804,0.23199338544545411,0.995897936496367,-0.273270195698163,0.08995293973163929,6.555762179656496,105,-0.0213227405945986,0.006342468486469244,-0.0514419098033605,-0.05144190980336005,4,0.010669357075180574,0.3675667817302588
monthly_current_top3_none_20bp,monthly,current,3,none,20.0,2.725422635979648,0.07897104307336966,0.21876782958107388,0.46699033840071347,0.6059145830505648,-0.40210560879722756,0.19639378647213276,0.6161979163918123,0.05698413237821787,0.21578561708713806,0.37129419136699643,0.4937783060132953,-0.3827559231203824,0.1488785122217312,1.3050534827421973,0.10167558853838599,0.2217287869673463,0.561107635068286,0.7113530762671122,-0.4021056087972279,0.25285792168509275,0.0693679102557847,0.41552310538955406,-0.3827559231203824,0.042922107267135745,0.3142059148255201,-0.3088561921854529,0.019408985479059337,0.19944318487983934,-0.4021056087972279,0.1782400946664151,0.8067271653979214,-0.3038109588481075,0.0,12.493381348066364,209,-0.03495420905270574,-0.016110475597583385,-0.04667911854665063,-0.046679118546649856,4,0.019408985479059337,0.36486451010753707
monthly_current_top3_ma200_r12_10bp,monthly,current,3,ma200_r12,10.0,2.3438390341873125,0.07225373150216141,0.19437103764706234,0.4666312129414127,0.5525298900742104,-0.3960278349363163,0.18244609375444595,0.5137739980136022,0.049025689352158786,0.18284027444519493,0.35990483294409986,0.41647508957625423,-0.3960278349363163,0.12379354436044228,1.2089420472112478,0.09624844825994128,0.20534321206215367,0.5640791815971598,0.6842133386221044,-0.3128143019190146,0.30768557469875313,0.051676020910466525,0.3640099055700545,-0.3960278349363163,0.04616722914133442,0.3561265271435113,-0.2748842626323964,0.0012048479783757227,0.0867884417757579,-0.3128143019190146,0.18571365358010072,0.8524901116766966,-0.2671783893101748,0.21038226373203395,9.920377028587554,209,-0.04209895310597944,-0.021904144507504997,-0.040980302847862915,0.042233230169437475,4,0.0012048479783757227,0.3600682163567829
monthly_current_top1_ma200_r6_10bp,monthly,current,1,ma200_r6,10.0,1.8599953586208824,0.06261170216558054,0.2540115776386049,0.3729334434415412,0.492321323530173,-0.48683070152693464,0.12861083323052594,0.27468975577920896,0.02841362789787949,0.23933352469944086,0.23956625944284854,0.31945444006164525,-0.48683070152693464,0.05836449469756266,1.24367956646249,0.09823364436888782,0.2679935542220588,0.49432789454611065,0.6502183286708473,-0.3188374467184141,0.3080994575133588,0.002492169650354814,0.140084457773275,-0.48683070152693464,0.05981114817676336,0.3859974755782986,-0.31148240184253184,0.04661430930645327,0.3311385975295546,-0.3188374467184141,0.14508833558151069,0.6024270026413959,-0.2986226433525413,0.07257304429783223,16.210179076343074,209,-0.05174098244256031,-0.019918948398558456,-0.13178316943848123,0.036210085370038,4,0.002492169650354814,0.3585680365539266
bimonthly_current_top1_ma200_0bp,bimonthly,current,1,ma200,0.0,1.7490236140022963,0.06048963870985613,0.2497311980971632,0.36668502091887073,0.4863878433673676,-0.4087181245549951,0.14799842501654692,0.5772962075494741,0.054564226215103595,0.23530875934396372,0.34863291515232897,0.47127972404356666,-0.4087181245549951,0.1335008724521628,0.7428708703187987,0.06653540183667794,0.26337621777328235,0.38392999913985404,0.5040002587124299,-0.3843329443258636,0.17311917393234108,0.038512038237699775,0.279960687057085,-0.4087181245549951,0.07362920052308697,0.43597417161155644,-0.23935785245442576,0.004314557939829156,0.12971244614560548,-0.3843329443258636,0.1234721613103329,0.5521771383666124,-0.2986226433525411,0.057501183151916706,8.765735920492192,105,-0.048525242749419384,-0.051231466966696004,-0.052313059554396135,-0.027927879325264526,4,0.004314557939829156,0.3579674293343207
bimonthly_current_top1_none_0bp,bimonthly,current,1,none,0.0,2.05071770122737,0.06692257593607875,0.25270304776215086,0.3899032640244091,0.5326085281330928,-0.4089097834319336,0.16366098011743602,0.576784940703162,0.054524369690593266,0.23922106606930332,0.3466466916294826,0.487976117505396,-0.4089097834319336,0.13334082944403136,0.9347709522561185,0.07953165033927267,0.26550948636977084,0.4299246470639834,0.5748593084866892,-0.3441992096798464,0.2310628499503188,0.038438536904305876,0.2787893612585301,-0.4089097834319336,0.07362920052308697,0.43597417161155644,-0.23935785245442576,0.03097893258326856,0.2521893087980404,-0.3441992096798464,0.1234721613103329,0.5521771383666124,-0.2986226433525411,0.0,9.481306199716043,105,-0.04209230552319676,-0.03823521846410127,-0.05250471843133464,0.01220585532075269,4,0.03097893258326856,0.35738176643504327
bimonthly_medium_3_6_12_top1_none_0bp,bimonthly,medium_3_6_12,1,none,0.0,2.963503245264101,0.08326572747150163,0.2690417842265481,0.44026872213426965,0.5975815798304701,-0.4534717124209685,0.18361834970249277,0.6198183464143938,0.05783981205216637,0.24638427588771541,0.35662190174008834,0.5072831870978055,-0.374264603837154,0.1545425654982137,1.4468813148324031,0.10932957502663032,0.2899402979196851,0.5141206650747271,0.6769388174944018,-0.45347171242096806,0.241094586568472,0.07138289038145817,0.3957506354690865,-0.3262979460853024,0.04274049595823892,0.30552954311507463,-0.27152240710605313,0.0407695702471238,0.2943048484946062,-0.4267738333532485,0.17240566371737032,0.657191020702224,-0.4534717124209683,0.0,7.811642214860388,105,-0.025749153987773887,-0.008437293776743626,-0.09706664742036952,-0.09706664742036897,4,0.0407695702471238,0.35064008929208057
bimonthly_medium_3_6_12_top1_ma200_r6_10bp,bimonthly,medium_3_6_12,1,ma200_r6,10.0,2.34238770041384,0.0725954749357276,0.2642113171550128,0.4049834329045435,0.531394566761907,-0.45565563945813425,0.1593209183629509,0.5451485336163437,0.05203561646666377,0.23679390421202937,0.33755707942177066,0.45248751171225815,-0.3859005772037417,0.13484202807810475,1.163149773433846,0.09358888620018546,0.2890520213976834,0.4639185269102218,0.6057022372768968,-0.4556556394581338,0.2053938941949264,0.045270001532352167,0.3038556859563491,-0.32542606526807216,0.060138924012929085,0.391381257028864,-0.2706117686731443,0.0167138063122656,0.18850437531217365,-0.43588150685326754,0.16481665608360063,0.6373165021952492,-0.45565563945813414,0.058920965451964034,7.453857075248462,105,-0.03610975041864495,-0.023932686832003336,-0.09901868844821582,-0.09901868844821582,4,0.0167138063122656,0.34761847149260655
monthly_current_top1_none_0bp,monthly,current,1,none,0.0,2.6800005427327656,0.07820635960707101,0.26130499361666837,0.4270110218558661,0.5848129874153781,-0.46108823552705236,0.16961256779339925,0.5666850346642618,0.05319443038225091,0.2475813715945609,0.3381424353335897,0.47961317948126975,-0.46108823552705236,0.11536713861598831,1.3489089774329632,0.10408578263521973,0.2744520886454251,0.5090371342928847,0.6793466839002049,-0.3851856828086846,0.2702223558161621,0.049745290173488055,0.3195044517031345,-0.46108823552705236,0.057517852457948715,0.3672536976984435,-0.35846651862849777,0.03922595392581063,0.2893947922551805,-0.3851856828086846,0.1635788502525477,0.6550110405971449,-0.2986226433525412,0.0,17.160226201696513,209,-0.036573845585166964,-0.014433447490836304,-0.10641987515118267,-0.03051732243281613,4,0.03922595392581063,0.343379074700789
bimonthly_medium_3_6_12_top1_ma200_10bp,bimonthly,medium_3_6_12,1,ma200,10.0,2.6907658857013246,0.07878962909511733,0.2666636143944765,0.4258713615942392,0.5674804456952851,-0.46224372857084284,0.17045040143371495,0.598519342893701,0.05620871909993297,0.24131173432545014,0.3524726218987569,0.48299749258511854,-0.3915592394051729,0.1435509967414407,1.3088653272222297,0.10188667983184874,0.2898160607473644,0.4903110263690405,0.6455071666886031,-0.45565563945813414,0.2236045623247688,0.07578835459683542,0.4162062343414593,-0.3132094416078357,0.03437795674545163,0.26755791855593974,-0.27733276768660287,0.033477510129001464,0.2626426757344573,-0.43588150685326754,0.16481665608360063,0.6373165021952492,-0.45565563945813414,0.029578797917652628,7.573118788452437,105,-0.029915596259255217,-0.01563489320034006,-0.1056067775609244,-0.09901868844821615,4,0.033477510129001464,0.3418820764486995
monthly_medium_3_6_12_top1_ma200_r12_0bp,monthly,medium_3_6_12,1,ma200_r12,0.0,2.27990983841775,0.07105818259325036,0.2632186666795795,0.40004018916063644,0.5161175178751631,-0.41032606494909907,0.17317491785969075,0.5381819689954752,0.050964491824189384,0.22955387476306222,0.3364633512206543,0.4454206913595989,-0.41032606494909907,0.12420486090863257,1.132328882102101,0.0917706782359824,0.2932983233721767,0.45559537315152443,0.5877948833461966,-0.37729234804422196,0.2432349309804345,0.051819147121303644,0.33206361437936915,-0.3514279529660148,0.05021455364030647,0.3464230668299029,-0.3394437678211547,0.006828874386514139,0.141770489003536,-0.3639179900157946,0.1710286606793503,0.6439456261302919,-0.3772923480442224,0.09330819981149858,11.341187558906691,209,-0.04372202259898761,-0.026748551890073635,-0.05565770457322938,-0.022623987668353496,4,0.006828874386514139,0.339243340604636
monthly_current_top3_ma200_10bp,monthly,current,3,ma200,10.0,2.511759602368932,0.0752943444253753,0.2082534840639992,0.4629485197510847,0.5802657129166586,-0.39254503368315297,0.19181071715239165,0.49034338717622905,0.04713833079975127,0.20260478832898254,0.3345693129207979,0.4186013633860749,-0.39254503368315297,0.1200838802046837,1.3563425936506541,0.10449036755629959,0.21378893444868838,0.5861248747505666,0.7366394827935014,-0.34711220485115346,0.3010276391782493,0.04645527084455292,0.3237190149168243,-0.39254503368315297,0.04817252316799503,0.35147498705145575,-0.31058399966268346,0.010326904402790937,0.14708680341315566,-0.34711220485115346,0.19302899206004387,0.8589091576733671,-0.2977313372475153,0.09245991774552133,11.423635658013604,209,-0.03905834018276555,-0.013662225211146684,-0.037497501594699556,0.007935327237298617,4,0.010326904402790937,0.33759700098414
monthly_current_top1_ma200_r12_10bp,monthly,current,1,ma200_r12,10.0,1.8682651320962007,0.06278903335539332,0.24640346207723127,0.3774132663395429,0.4739450597438438,-0.4112734232133788,0.1526698050771368,0.20702174104812898,0.021958204270345227,0.22629650319906397,0.21145218899599103,0.26283521585856984,-0.4112734232133788,0.053390768843706124,1.3763160468058486,0.10557188790960348,0.26512793985759986,0.5226476316369669,0.6672671009493013,-0.29862264335254096,0.353529413323724,0.015794295637146405,0.1861191796547455,-0.4112734232133788,0.029342279612792455,0.24507952217114498,-0.34442897085260105,0.06391850923345288,0.4214561984002158,-0.2333036011362044,0.14312520694664577,0.5970312579970851,-0.2986226433525413,0.14585296889726673,14.310084825636192,209,-0.05156365125274753,-0.012580704857842795,-0.056225891124925376,0.056424888735911116,4,0.015794295637146405,0.3332678602856804
bimonthly_current_top3_ma200_20bp,bimonthly,current,3,ma200,20.0,2.789698505081974,0.08044824300958453,0.20971161216493522,0.4842406153819949,0.6131220960886675,-0.4151710877461958,0.1937713038889753,0.4566679453260767,0.04482806086262614,0.1988119829240974,0.32522466338556216,0.4185899838586161,-0.3794003087649801,0.11815504581045275,1.601621404000665,0.11724531379001735,0.22005707292646975,0.6292828224010895,0.7881544722385557,-0.4151710877461968,0.28240240529873306,0.03675481312575757,0.2816058315677613,-0.3794003087649801,0.054424320188906083,0.3812686137880216,-0.2984235298141483,0.005238272072825456,0.1219247091147026,-0.4151710877461968,0.22416922356121893,0.969011743962141,-0.2771513117728529,0.08995293973163929,6.555762179656496,105,-0.02794733774806346,-3.1006980423464725e-05,-0.05830232750899489,-0.05830232750899589,4,0.005238272072825456,0.33143722267789144
monthly_current_top1_ma200_10bp,monthly,current,1,ma200,10.0,2.0750210342649384,0.06707284694405269,0.2566475888131192,0.38849219141079677,0.5211974696628344,-0.48333333836650105,0.13877140602536467,0.3197071305350665,0.03254228879292076,0.24458827877383585,0.25636909908053035,0.3520536521500605,-0.48333333836650105,0.06732887266353776,1.3300783659615463,0.10305581226398175,0.2682513064117672,0.5109264109201908,0.6739438718853712,-0.3188374467184141,0.32322367816160874,0.0303068574131633,0.2476246636217743,-0.48333333836650105,0.03532977993787734,0.2710299885623881,-0.3726090584591374,0.05658193205827966,0.37799123276960284,-0.3188374467184141,0.14508833558151069,0.6024270026413959,-0.2986226433525413,0.044062205466541,16.685202639019792,209,-0.047279837664088165,-0.015096780503464524,-0.12828580627804764,0.036210085370038,4,0.0303068574131633,0.32451061066599546
bimonthly_current_top1_none_10bp,bimonthly,current,1,none,10.0,1.601838117465065,0.05710585868211826,0.2527338581809325,0.35233149224845234,0.48099215711263593,-0.4275435780121001,0.13356734054487912,0.45107595100474884,0.04435965923958518,0.2392050920961325,0.30524992140980006,0.4294397130910788,-0.4275435780121001,0.10375470834070098,0.793040616284433,0.07005075816449824,0.26558236104042776,0.39569660261346234,0.5287611860472651,-0.3520295758871289,0.1989911159821372,0.02737794985846298,0.23543048019048096,-0.4275435780121001,0.06448309829652654,0.39703539279445743,-0.2454247585516276,0.022214181458018123,0.21302418820804692,-0.3520295758871289,0.11330419500216715,0.5205804810541219,-0.2988781930277513,0.0,9.481306199716043,105,-0.05159936667225429,-0.04747081486769056,-0.07090662700218164,0.004607375122789081,4,0.022214181458018123,0.3162329364924692
bimonthly_medium_3_6_12_top1_none_10bp,bimonthly,medium_3_6_12,1,none,10.0,2.4764011909233967,0.07504717682758111,0.26901407708403957,0.4112171017754676,0.5580431054047986,-0.46224372857084317,0.1623541265981274,0.505675168636118,0.04886643884163977,0.2464689512042567,0.32124187260104775,0.45672193467478556,-0.39155923940517323,0.12479960609759565,1.3088653272222297,0.10188667983184874,0.2898160607473644,0.4903110263690405,0.6455071666886031,-0.45565563945813414,0.2236045623247688,0.06182618895384784,0.361824512489416,-0.33567337212733284,0.03437795674545163,0.26755791855593974,-0.27733276768660287,0.033477510129001464,0.2626426757344573,-0.43588150685326754,0.16481665608360063,0.6373165021952492,-0.45565563945813414,0.0,7.811642214860388,105,-0.03365804852679144,-0.01563489320034006,-0.10560677756092474,-0.09901868844821615,4,0.033477510129001464,0.31469121552267787
bimonthly_medium_3_6_12_top1_ma200_r6_20bp,bimonthly,medium_3_6_12,1,ma200_r6,20.0,1.9485774236032647,0.06481452593992643,0.26425755398310924,0.37666953898765165,0.49428189598477196,-0.4578351942689991,0.14156737348122025,0.441844140100776,0.04358287520992099,0.23698535215784083,0.30267051723173716,0.40562913214246255,-0.4005068089463697,0.10881931152325804,1.0450042702931608,0.08649000254328776,0.28897898044252884,0.44077045781452023,0.5755172140191879,-0.45783519426899966,0.18891077755912059,0.03683697483399606,0.27205436519121995,-0.34014434544433036,0.051620663569014624,0.35151064544900723,-0.2735322391396605,0.010084988535075334,0.1586901624605278,-0.4448623095664609,0.15726169626675923,0.6173571593940541,-0.45783519426899943,0.058920965451964034,7.453857075248462,105,-0.043581054817721565,-0.030786318227153053,-0.10096643403179817,-0.10096643403179872,4,0.010084988535075334,0.3117825053201136
bimonthly_medium_3_6_12_top1_ma200_20bp,bimonthly,medium_3_6_12,1,ma200,20.0,2.2493543840264425,0.07083841829597626,0.26670483080711804,0.3973658006166332,0.5294956428203133,-0.49161608208326557,0.14409296375291944,0.4916377316583498,0.04772171210773868,0.24149397607594114,0.3182299655529734,0.43588636874372155,-0.4084091333439285,0.11684780826767503,1.1783803902667005,0.09447894127071188,0.2897395074769564,0.4664041945293206,0.6140862124646909,-0.4578351942689992,0.20636015416324932,0.06710840981746502,0.3844332654562872,-0.31595935099260497,0.02606590933597519,0.22952462559698128,-0.2831083010472132,0.026222066769455044,0.23086559191563208,-0.4448623095664609,0.15726169626675923,0.6173571593940541,-0.45783519426899943,0.029578797917652628,7.573118788452437,105,-0.037557162461671734,-0.02279737949972893,-0.13474732184606464,-0.10096643403179828,4,0.02606590933597519,0.3076494286859596
monthly_medium_3_6_12_top1_ma200_0bp,monthly,medium_3_6_12,1,ma200,0.0,2.1530573910420143,0.06861944475963799,0.26984798709061253,0.38809640189907024,0.5194153794579766,-0.4122050507291548,0.16646919934206575,0.29366749493227307,0.030169605694462476,0.24249914520232296,0.2467514080719428,0.34450883237871194,-0.4122050507291548,0.07319077153735762,1.4373012411563186,0.1088250891576299,0.2948669298766548,0.5088470083187231,0.6665054986729344,-0.37729234804422185,0.2884370428442261,0.02083471382598412,0.2128485458907095,-0.407879284467053,0.04137498490219382,0.3028646134205449,-0.34154861881322796,0.04116427571266956,0.29758375425831635,-0.33518241127936976,0.1710286606793503,0.6439456261302919,-0.3772923480442224,0.03440150801131008,11.934967012252592,209,-0.04616076043259998,-0.009694140968426135,-0.057536690353285125,-0.022623987668353385,4,0.02083471382598412,0.3002241838394306
bimonthly_medium_3_6_12_top1_none_20bp,bimonthly,medium_3_6_12,1,none,20.0,2.048363528434073,0.06687474204225974,0.2690435753490655,0.3820782397612934,0.5184431076270022,-0.49161608208326457,0.13603041983263114,0.3993715432137457,0.039951534214303974,0.2466223038329223,0.2858065338144098,0.4060722325766794,-0.4084091333439275,0.09782233293166875,1.1783803902667005,0.09447894127071188,0.2897395074769564,0.4664041945293206,0.6140862124646909,-0.4578351942689992,0.20636015416324932,0.0523360491377729,0.3278468377924192,-0.34493674277549524,0.02606590933597519,0.22952462559698128,-0.2831083010472132,0.026222066769455044,0.23086559191563208,-0.4448623095664609,0.15726169626675923,0.6173571593940541,-0.45783519426899943,0.0,7.811642214860388,105,-0.04152083871538825,-0.02279737949972893,-0.13474732184606364,-0.10096643403179828,4,0.02606590933597519,0.2793562148540256
monthly_current_top3_ma200_20bp,monthly,current,3,ma200,20.0,1.8961620655860298,0.06338370246411551,0.20836132513217626,0.40788655030919285,0.5110547773075537,-0.41018238677688534,0.15452565616522304,0.35116098884002445,0.035353695861884304,0.20274644519245638,0.27732154550164223,0.34668378779049513,-0.41018238677688534,0.08619018515076952,1.1434618742748026,0.09243010817048192,0.2138643558695095,0.5331508938269561,0.6700553042514489,-0.3594935431522054,0.257112011971097,0.03620939713810256,0.2770613818120236,-0.41018238677688534,0.03452421898332614,0.27948012917736687,-0.3192636077664118,0.000990710671913364,0.09005751569824133,-0.3594935431522054,0.1782400946664151,0.8067271653979214,-0.3038109588481075,0.09245991774552133,11.423635658013604,209,-0.050541549661959895,-0.025355955965487453,-0.05475589652630841,-0.004067052901627344,4,0.000990710671913364,0.27827075549469527
bimonthly_current_top1_none_20bp,bimonthly,current,1,none,20.0,1.2183000997555284,0.04736010471646712,0.25283808676342007,0.3146774786041669,0.4293351808971493,-0.4456255759736565,0.1062777974827613,0.33516789274099823,0.03427295283914833,0.23926996185222202,0.2637584739713913,0.37088667858062524,-0.4456255759736565,0.076909752687028,0.6614390683118687,0.060634362464433655,0.26572213499264974,0.3613963275528834,0.4825534308753434,-0.3597818733686161,0.1685308987268251,0.016413560170184915,0.19202569437116668,-0.4456255759736565,0.05539679737906922,0.35793644974606204,-0.2514552996986551,0.013506584549801026,0.17378560583078206,-0.3597818733686161,0.10320813309933241,0.4889142989807181,-0.30028324674913853,0.0,9.481306199716043,105,-0.06103547604118087,-0.056641958306007156,-0.08875681573645555,-0.0029131131314151792,4,0.013506584549801026,0.27498107205861433
monthly_long_6_12_top1_ma200_0bp,monthly,long_6_12,1,ma200,0.0,2.9365038801316294,0.0824131655893301,0.2740540630603049,0.43432991424896833,0.5884226225560346,-0.4410652876472042,0.18685026434283825,0.37584115599352197,0.03751940826277189,0.24472027706114188,0.27643242395534867,0.39034535059506237,-0.4410652876472042,0.08506542979819037,1.8611615977492844,0.1296324950512382,0.3007425808747481,0.5682524253376953,0.7549303882401702,-0.4273882310785092,0.30331320711408477,0.06819878405744384,0.3845553279501341,-0.4410652876472042,0.002838954877090405,0.11884226581566296,-0.37473155609089737,0.00831017888381047,0.15110192142950266,-0.4273882310785092,0.2463211696717149,0.8190222435480741,-0.33566812594911677,0.03440150801131008,11.578699340245052,209,-0.03236703960290788,0.011113264925182165,-0.08639692727133452,-0.07271987070264074,4,0.002838954877090405,0.2678286246898184
monthly_current_top1_ma200_r12_20bp,monthly,current,1,ma200_r12,20.0,1.2524868054383624,0.04804833299794842,0.2464574869762294,0.3191613194600722,0.40062892517275533,-0.4315694526014775,0.11133395264265264,0.06056566089744342,0.006811201290049862,0.22638743526549213,0.1439348306947086,0.17881543325437077,-0.4315694526014775,0.015782398983506144,1.1238541737550891,0.09126666044838871,0.26514919248454655,0.47207637403357444,0.6024271242893229,-0.2993528198498405,0.30487990891206346,0.0034269299832003774,0.13330130468184398,-0.4315694526014775,0.010827693086008505,0.15821509194705796,-0.3548598703914517,0.05326834767980482,0.36901098218628275,-0.23942642938102965,0.1254124119359883,0.5456176410874832,-0.2993528198498401,0.14585296889726673,14.310084825636192,209,-0.06587691912812699,-0.026519403687580656,-0.07614296235090057,0.05607367040073752,4,0.0034269299832003774,0.2636130370666704
monthly_current_top1_none_10bp,monthly,current,1,none,10.0,1.7555691650502632,0.06032990455024412,0.26126692676113067,0.36128507316404934,0.49416562941514963,-0.4812024113525658,0.12537323821937751,0.33082523541804587,0.033542754280410314,0.24753097736096777,0.26025126141594596,0.3684279303732806,-0.4812024113525658,0.06970612259844708,1.0705717713450702,0.08805643445207201,0.2744233597742184,0.4542151746701572,0.605623761696751,-0.39857714695486113,0.22092695259832446,0.0312162321566265,0.25119461013156746,-0.4812024113525658,0.036442586423268475,0.2752717682707012,-0.36992217029161945,0.025744259624263632,0.22912962226072797,-0.39857714695486113,0.14508833558151069,0.6024270026413959,-0.2986226433525413,0.0,17.160226201696513,209,-0.054022780057896735,-0.030096158315374266,-0.1261548792641124,-0.04352961486640905,4,0.025744259624263632,0.26323318920113437
monthly_current_top1_ma200_20bp,monthly,current,1,ma200,20.0,1.3198249493604757,0.04983404280981607,0.2567019928678479,0.32327528642193276,0.4334321373593454,-0.5006498019235688,0.09953872471005978,0.12518891244366204,0.013709298728300956,0.24465569610815743,0.17933617120164366,0.24612029391433213,-0.5006498019235688,0.027383010390951625,1.0617204130836417,0.08751608739752847,0.2682914393751527,0.45646466739127733,0.6016130678732176,-0.3283335530792505,0.26654628068549713,0.012958327840739026,0.18179329762117463,-0.5006498019235688,0.014657263051465863,0.17757908517191692,-0.38497116454542335,0.0438994499998735,0.31765627939753766,-0.3283335530792505,0.12685544427190565,0.5496196456355632,-0.2993528198498401,0.044062205466541,16.685202639019792,209,-0.06409120931625933,-0.030269976738440896,-0.14522331167299185,0.027092937171327547,4,0.012958327840739026,0.24972478850935614
monthly_medium_3_6_12_top1_none_0bp,monthly,medium_3_6_12,1,none,0.0,1.6627773760703906,0.05823289900072126,0.2742784609525997,0.3496211816087458,0.4765631030718052,-0.4703222860474904,0.1238148833858178,0.24602016457890663,0.025716516938509182,0.24660723950115407,0.2287219145510845,0.3293032673337503,-0.4321209659787666,0.05951231012422765,1.1370259099862081,0.0920492631292722,0.2996100084414777,0.4531109944535745,0.5979482120223516,-0.4618705314051854,0.19929667919973895,0.011728666445192992,0.18033716037386774,-0.4321209659787666,0.04249481413988265,0.3066687273529232,-0.3387273848388753,0.007384772806094286,0.15060783572418546,-0.4618705314051854,0.1710286606793503,0.6439456261302919,-0.3772923480442224,0.0,12.291234684260132,209,-0.05654730619151671,-0.026469966996783834,-0.1156539256716207,-0.10720217102931695,4,0.007384772806094286,0.2435029438633955
monthly_medium_3_6_12_top1_ma200_10bp,monthly,medium_3_6_12,1,ma200,10.0,1.5784226269553736,0.056265933333517815,0.26981393753690974,0.34383246736864903,0.46016145619542803,-0.4408990212624999,0.12761637159547815,0.14839757322028535,0.016101307420067545,0.2425512827644042,0.18871192140959017,0.2631455762834848,-0.4408990212624999,0.036519263240734755,1.2452351755891327,0.09832190784040362,0.29475836452504117,0.47569244273177325,0.6232919971895535,-0.37978068782143715,0.2588912785545114,0.006697107530671431,0.15982714181056318,-0.4230892952332811,0.027321082369626826,0.2361846823433018,-0.3507105110525345,0.030241485191775608,0.24910485108870942,-0.3509630360586651,0.16093278763711383,0.6182229919147878,-0.3797806878214376,0.03440150801131008,11.934967012252592,209,-0.05808675127462304,-0.019830684927042652,-0.0858514891740465,-0.024733155732985068,4,0.006697107530671431,0.2426447667160056
monthly_current_top1_none_20bp,monthly,current,1,none,20.0,1.062163791477348,0.0427149268721887,0.261355965300727,0.2953962388857475,0.40366071219041066,-0.5006039598103647,0.08532678584558075,0.13010461531259176,0.014219556576859915,0.2476303329698683,0.1822181059971473,0.25765199410630507,-0.5006039598103647,0.028404802435535007,0.8247547736161989,0.0722283469606082,0.2745013145854805,0.3992265175398495,0.5318002531520992,-0.4117029169553512,0.17543802578508644,0.012978260073723824,0.18277073542560818,-0.5006039598103647,0.01574631085033973,0.18309864368117068,-0.3823409421259415,0.012410941506902029,0.1688471021427362,-0.4117029169553512,0.12685544427190565,0.5496196456355632,-0.2993528198498401,0.0,17.160226201696513,209,-0.07121032525388671,-0.04555771717536117,-0.14517746955978772,-0.056276426704773175,4,0.012410941506902029,0.18293468955338943
bimonthly_medium_3_6_12_top3_ma200_r12_0bp,bimonthly,medium_3_6_12,3,ma200_r12,0.0,3.999158666409236,0.09796944101114224,0.2059450986257928,0.5696627129108764,0.6882137234052935,-0.4718222722563453,0.2076405603801479,1.4022886945398874,0.10757686577740633,0.18932204528313598,0.6468175078656324,0.7838145076553462,-0.262498182761322,0.40981946863693614,1.0809982904102018,0.08869032671185195,0.221336718137126,0.5068151795814728,0.6172233247693466,-0.4718222722563441,0.18797401463843133,0.15055730794378142,0.8113511057587947,-0.24232065107135403,0.06059551985834366,0.43175075268908863,-0.2624981827613224,-0.042688260345970286,-0.14520445067798882,-0.4718222722563441,0.2166337757336665,0.9416213647705403,-0.30855015954571086,0.16216590132037617,5.061738585988214,105,-0.01104544044813327,-0.029076542091521995,-0.11541720725574633,-0.115417207255745,3,-0.042688260345970286,0.6215509292239416
bimonthly_medium_3_6_12_top3_ma200_r12_10bp,bimonthly,medium_3_6_12,3,ma200_r12,10.0,3.5921073883951458,0.09256697111948298,0.20595212697171203,0.5450541070260595,0.658698806600479,-0.47744386833840424,0.19388032239608333,1.3036535136665703,0.1021765191371895,0.18933298936393933,0.6203873526208498,0.7521989699076462,-0.2634864816772178,0.38778657063082317,0.9934019422418179,0.08327504683287512,0.22134042100964177,0.48362329871482107,0.5890231660639933,-0.47744386833840424,0.1744185072952935,0.14591718116971975,0.7907264917297937,-0.2428466896899627,0.054371042502552536,0.39734169207225795,-0.2634864816772171,-0.04750942268242475,-0.17301926900814052,-0.47744386833840424,0.21062927194270165,0.9208630309962862,-0.31039339547216516,0.16216590132037617,5.061738585988214,105,-0.01613825423488957,-0.034246526199313676,-0.12080691732848581,-0.12080691732848625,3,-0.04750942268242475,0.5940340919010259
bimonthly_classic_6_12minus1_top3_ma200_r12_0bp,bimonthly,classic_6_12minus1,3,ma200_r12,0.0,5.414110287637293,0.11397781767525728,0.2056098841308047,0.6426066993096193,0.7811447393651395,-0.39473342946756995,0.28874630108981264,1.239677634114928,0.0985635124713069,0.19223211326651835,0.5965316175523924,0.7175583503646559,-0.30567136782581206,0.32244927999757467,1.8638542395285276,0.12975571256677654,0.21817488941349675,0.6856727329198523,0.8460038555029021,-0.39473342946756984,0.3287173137116751,0.12747121731674693,0.6918321428953718,-0.30567136782581206,0.06667863841483368,0.46977906377249024,-0.25444217893520116,-0.00867094499789256,0.04158238635344864,-0.39473342946756984,0.2649607744774791,1.108529225505453,-0.282119094349778,0.15504422759297215,4.077961820335287,105,0.004962936215981761,0.01198884376340259,-0.038328364466970966,-0.038328364466970744,3,-0.00867094499789256,0.580805603333931
bimonthly_medium_3_6_12_top3_ma200_r12_20bp,bimonthly,medium_3_6_12,3,ma200_r12,20.0,3.217810861409764,0.08718526090420675,0.20598535643374477,0.5203809803537128,0.6288739682537761,-0.4830107207640356,0.1805037800533608,1.2089605810705044,0.0967962754436571,0.18937407264249595,0.593865722943069,0.7201271349974375,-0.2644742854514135,0.3659950353148398,0.9094097457210919,0.07788126529858674,0.2213671000918983,0.4603844044678304,0.560642611588808,-0.48301072076403606,0.1612412767472171,0.14129058861119592,0.7700264800393221,-0.24337272830857126,0.048175738398348544,0.36283006584039645,-0.2644742854514137,-0.052311360804070284,-0.200824471887594,-0.48301072076403606,0.20464860805581675,0.9000422901514614,-0.3122335571209659,0.16216590132037617,5.061738585988214,105,-0.02121031985344124,-0.03939505547185407,-0.12614196052683468,-0.12614196052683513,3,-0.052311360804070284,0.5664282729398593
bimonthly_classic_6_12minus1_top3_ma200_r12_10bp,bimonthly,classic_6_12minus1,3,ma200_r12,10.0,4.989938021597914,0.10956007124455347,0.20564687496577566,0.6226827219771377,0.757116998223147,-0.39795105134804065,0.27531042039824705,1.1630174121859396,0.09411208829626849,0.19228405952411476,0.5748260468824411,0.6916588040262256,-0.3105620283334626,0.3030379753806111,1.7692509490917656,0.1253638583895258,0.2181987853641155,0.6672457837416429,0.8234155430318993,-0.39795105134804065,0.31502331245227666,0.12404969272055233,0.6766438877941787,-0.3105620283334626,0.061087532074571405,0.4386332691789831,-0.2569411514507227,-0.012359906487045214,0.020412575281751336,-0.39795105134804065,0.25984757666796887,1.0913211785841102,-0.2821458627363579,0.15504422759297215,4.077961820335287,105,0.0008548458901809219,0.007842285357336998,-0.04131410033812222,-0.04131410033812266,3,-0.012359906487045214,0.5576385784865809
monthly_medium_3_6_12_top3_ma200_r12_10bp,monthly,medium_3_6_12,3,ma200_r12,10.0,3.1986382928845174,0.08645347625116107,0.2035834220902653,0.5210505280918353,0.6280261687320764,-0.36084180977747904,0.23958830132371436,1.0851359371212599,0.08853063024797048,0.19199884882419724,0.5487488279375632,0.6590951938589814,-0.33083765493097683,0.26759538682632955,1.0136041099944624,0.08454236008132998,0.2146444821630041,0.49757699381422993,0.6055196654181014,-0.3608418097774797,0.23429202988829015,0.09592103098848748,0.5600139368357323,-0.33083765493097683,0.08036846406508702,0.5371159456831609,-0.2600619143730213,-0.0019133192512763575,0.0722845642928171,-0.3608418097774797,0.1653384385685155,0.7590248544279599,-0.2821851425601576,0.1614277450093406,7.7964940981585125,209,-0.027899208356979788,-0.03361023268611629,-0.005794277689025629,-0.005794277689027627,3,-0.0019133192512763575,0.5485649412594467
bimonthly_long_6_12_top1_ma200_r12_0bp,bimonthly,long_6_12,1,ma200_r12,0.0,4.769159328311168,0.10714266229496672,0.27086073843272246,0.5216966308183822,0.6776095816963954,-0.4895029213358275,0.21888053702024918,1.3512923056122093,0.10480975965380934,0.23396743894089203,0.5526676041872642,0.7202914086632416,-0.36162601580386633,0.28982914689040123,1.4536121325880855,0.10968297598083465,0.3033262422028257,0.5054604203405497,0.6668326679859238,-0.4895029213358282,0.22407011521303177,0.13517870824097677,0.6393610133375127,-0.36162601580386633,0.07136186665782418,0.43855204834128597,-0.24748181629485433,-0.05996561656381494,-0.15933423358638726,-0.4895029213358282,0.2807011351355164,0.8963009794371877,-0.335668125949117,0.08826313298627544,6.022716516800758,105,-0.001872219164308797,-0.008083892822539296,-0.13309785633522853,-0.13309785633522908,3,-0.05996561656381494,0.5389565308393993
bimonthly_classic_6_12minus1_top3_ma200_r12_20bp,bimonthly,classic_6_12minus1,3,ma200_r12,20.0,4.593453095635105,0.10515567175618412,0.20570229400422424,0.6027119111772621,0.7329028035558693,-0.40115397019859755,0.262132945372883,1.088907083337181,0.08967419814661315,0.1923574859673732,0.5530704335320946,0.6657741308165183,-0.3154233963278522,0.2842978649985921,1.6776935844839733,0.12098523485641932,0.2182384837242553,0.6487758896078354,0.8004151355145055,-0.4011539701985972,0.3015930137660704,0.12063541126152555,0.6614345861578689,-0.3154233963278522,0.05551973173447955,0.407381715460159,-0.2594345927561932,-0.01603787227720188,-0.0007676837068757496,-0.4011539701985972,0.2547500290591955,1.0740513661203945,-0.2821726311229372,0.15504422759297215,4.077961820335287,105,-0.00323990900146387,0.0037089140859785097,-0.04428520996139662,-0.04428520996139629,3,-0.01603787227720188,0.5344081508090139
bimonthly_classic_6_12minus1_top3_ma200_r6_10bp,bimonthly,classic_6_12minus1,3,ma200_r6,10.0,4.890043628642253,0.10847686053122851,0.20507231846233562,0.6189493317980531,0.7651586748058687,-0.377839334384663,0.28709784995754994,1.0174047111203732,0.08525862069466239,0.19378359386556995,0.528960034164071,0.6639137644278548,-0.31330613821469155,0.2721255995190216,1.9196142926479007,0.132284591785645,0.21577013793045957,0.7015711455098769,0.8612433968951924,-0.3778393343846631,0.3501080479116326,0.09418961524855884,0.5367540828602848,-0.31330613821469155,0.07548946890872643,0.526789880900102,-0.25694115145072294,-0.0001430265940548514,0.08881005806242666,-0.3778393343846631,0.2609016671782731,1.102957666371277,-0.28214586273635767,0.14888939381728686,4.235209688494901,105,-0.00022836482314403383,0.014763018753456203,-0.02120238337474456,-0.021202383374745115,3,-0.0001430265940548514,0.5317719818801934
monthly_long_6_12_top3_ma200_r6_0bp,monthly,long_6_12,3,ma200_r6,0.0,4.555215822284606,0.1041759760717309,0.21162838386467883,0.5877633631744812,0.7271102633225273,-0.35474586609994163,0.2936636787823249,1.0113466943153164,0.08401258619463303,0.2000778735784905,0.5132435324120246,0.6522649286299822,-0.32902066741978253,0.25534136458195555,1.7619384753435794,0.12501888777846282,0.22267292728631596,0.6569798535094351,0.7998285529246656,-0.35474586609994196,0.3524181667087882,0.08077710963289997,0.4716481234464411,-0.32902066741978253,0.08824216766591797,0.5831165738561028,-0.22510694732168557,-0.011514790211742065,0.013768451598707944,-0.35474586609994196,0.2581993600971566,1.0379609173788673,-0.2821618769216888,0.12010002794128813,7.510406289580373,209,-0.01060422912050707,0.006499657652406787,-7.750572407194678e-05,-7.750572407350109e-05,3,-0.011514790211742065,0.527382348651272
quarterly_current_top3_ma200_r6_0bp,quarterly,current,3,ma200_r6,0.0,2.472792819769074,0.07535495059520203,0.20981921882796753,0.4612658309779243,0.5768696499901882,-0.44333114214178193,0.16997441287601386,0.9642351064727772,0.08270816764641631,0.20158796580906252,0.5044585547069909,0.6536020757821744,-0.417376647563406,0.19816194348499494,0.7680128047427288,0.06830810201427129,0.2176654414907964,0.4222930271169847,0.5153403338577218,-0.44333114214178126,0.1540791871382357,0.049475013684651126,0.337357378605531,-0.417376647563406,0.12198600305838991,0.726889124291363,-0.24852055794400973,-0.016023902221386832,-0.004705674302689407,-0.44333114214178126,0.14700927036253852,0.6951057186223155,-0.2946616182054538,0.11547330539208903,5.142558986147933,70,-0.033894638557520285,-0.051457760352106696,-0.09028356421233086,-0.09028356421233064,3,-0.016023902221386832,0.5162315486139233
bimonthly_long_6_12_top1_ma200_r12_10bp,bimonthly,long_6_12,1,ma200_r12,10.0,4.214429815768919,0.10066117712207379,0.27088908532986306,0.4994116859306826,0.6486832292206632,-0.4945870066129282,0.20352572100797797,1.2298058714576796,0.09799791006991421,0.23412974234915054,0.5254337864002936,0.6845219536469068,-0.3667177071195675,0.2672298287411636,1.3385129093592876,0.10351805950890425,0.30325144824443545,0.48660043830670446,0.6419857134484812,-0.4945870066129282,0.20930201991723402,0.1285006192584195,0.6150722475523165,-0.3667177071195675,0.06437580750737526,0.4069522351718889,-0.25048887895694005,-0.06608250147714467,-0.18889747099905857,-0.4945870066129282,0.2746165356767276,0.882400989485304,-0.3356681259491171,0.08826313298627544,6.022716516800758,105,-0.008044048232298762,-0.01400351352328455,-0.13795005560300977,-0.1379500556030102,3,-0.06608250147714467,0.5110122413621027
monthly_medium_3_6_12_top3_ma200_r12_20bp,monthly,medium_3_6_12,3,ma200_r12,20.0,2.6813114295699303,0.07822855278445817,0.2036220120554574,0.4826390386988672,0.5816486686381427,-0.3664007772915857,0.21350542256683872,0.9603945365202577,0.08080646087031496,0.19203390509767795,0.5107082704555936,0.6130483131651877,-0.34130038128935236,0.2367605350015936,0.8778421185076006,0.07579970634315991,0.21468638567063938,0.4587178609180532,0.5583428200156991,-0.3664007772915856,0.206876488918684,0.08886222691511914,0.5277231827573517,-0.34130038128935236,0.07183617541523657,0.49096139940895733,-0.26352015672990314,-0.008177019181388356,0.03365805904780833,-0.3664007772915856,0.15412621043953245,0.7188760257820528,-0.2822084081986256,0.1614277450093406,7.7964940981585125,209,-0.03569669934161723,-0.04198635779280946,-0.010974287041008779,-0.010974287041007558,3,-0.008177019181388356,0.5093422910831545
bimonthly_classic_6_12minus1_top3_ma200_r6_20bp,bimonthly,classic_6_12minus1,3,ma200_r6,20.0,4.485688182631944,0.10390770867041876,0.20511216227185938,0.5981864165713423,0.7396527411110655,-0.381166834735029,0.27260427508770796,0.9432191681038293,0.0805287264869341,0.19382580567630095,0.5058406298374403,0.6351162299999236,-0.31855874640488724,0.2527908192625241,1.8229899502199824,0.12787460991448052,0.2158077609239348,0.6828716148245063,0.8382439931276067,-0.38116683473502944,0.33548199439590115,0.09008612194319454,0.518705119559207,-0.31855874640488724,0.07002715962421946,0.49585025400984184,-0.25943459275619274,-0.004037028912142082,0.06632064775764543,-0.38116683473502944,0.2559760195465255,1.086047939289432,-0.28217263112293745,0.14888939381728686,4.235209688494901,105,-0.004487872087229228,0.010598289144039708,-0.02429807449782806,-0.024298074497828503,3,-0.004037028912142082,0.5072776867845243
bimonthly_medium_3_6_12_top3_ma200_0bp,bimonthly,medium_3_6_12,3,ma200,0.0,3.999170229701681,0.09796958850807802,0.21643104934671856,0.5523321007407148,0.694342138816793,-0.4428712165671118,0.22121462141406045,1.0226893176795926,0.08558966089234854,0.2065786261098529,0.5101265961868359,0.6557148430652661,-0.26428811009739117,0.3238498351696882,1.471546265660162,0.110620438853404,0.22585929786535852,0.5920313744420141,0.7334190024024645,-0.44287121656711204,0.2497801498839127,0.10359011156951636,0.562907018274204,-0.26428811009739117,0.06564862357496892,0.4420994152745815,-0.2624981827613223,-0.010731608849099739,0.036751192704472684,-0.44287121656711204,0.22749521685373275,0.9611466655444718,-0.3085501595457112,0.07402825085171323,5.700382122976484,105,-0.011045292951197494,-0.007146429949969946,-0.08646615156651283,-0.08646615156651294,3,-0.010731608849099739,0.5025032167743928
bimonthly_long_6_12_top3_ma200_r12_0bp,bimonthly,long_6_12,3,ma200_r12,0.0,3.7398138459079533,0.09457768698815117,0.21433636668353773,0.5408641932464234,0.6493094788774749,-0.44965069838605864,0.21033590591012308,0.990449863771645,0.08355809161875594,0.1970720220131976,0.5152986857556318,0.6210731460785497,-0.35692899621006446,0.2341028397972443,1.3812776861038922,0.10583930377182682,0.23032120571117465,0.5658028374220423,0.6833427269111897,-0.44965069838605864,0.23538116175893467,0.11204187781491504,0.6170375207436913,-0.35692899621006446,0.052070688468499826,0.3801877099143324,-0.26596212844638123,-0.029612598698413817,-0.06800825014085785,-0.44965069838605864,0.23805495691597578,0.974735580228141,-0.2990036234952157,0.14227821033004584,4.68913694125379,105,-0.014437194471124348,-0.011927565031547127,-0.09324563338545966,-0.09324563338545955,3,-0.029612598698413817,0.49861261532901185
bimonthly_medium_3_6_12_top1_ma200_r12_0bp,bimonthly,medium_3_6_12,1,ma200_r12,0.0,3.2926470309345746,0.08829631145272665,0.26048299823298066,0.4642957659063848,0.5958522750584762,-0.4551522546479799,0.19399291237393967,1.2921014176721175,0.1015307332347184,0.23018758759877364,0.5447528504897259,0.708595441146878,-0.3722643350139434,0.27273827677022966,0.8727997800787697,0.07546435500690074,0.28762888995648567,0.40497581408452143,0.5229045269208118,-0.45515225464798004,0.16580024428367543,0.14884708310879358,0.7035403928699352,-0.2951304696990231,0.04994783792254398,0.33941645338104337,-0.26919370550724664,-0.026749792542539508,-0.014861054746224003,-0.45515225464798004,0.17240566371737032,0.657191020702224,-0.4534717124209683,0.08826313298627544,7.215333648840511,105,-0.020718570006548864,-0.04230251379647321,-0.09874718964738094,-0.09874718964738094,3,-0.026749792542539508,0.49830373704163367
monthly_medium_3_6_12_top3_ma200_r6_0bp,monthly,medium_3_6_12,3,ma200_r6,0.0,2.9940791980012413,0.08332185882759191,0.21105719687581637,0.49588744601859674,0.6153155369855261,-0.3691250556599073,0.2257279952958825,0.899654709312731,0.07688670054853719,0.20428334045022908,0.4737730616514093,0.5971560444200726,-0.36536553482256773,0.21043774855741562,1.1025290429997403,0.08999047731050624,0.21768036359479823,0.517326748359027,0.635399009181747,-0.3691250556599076,0.24379400945737678,0.061579046781790936,0.38588535327563356,-0.36536553482256773,0.09551102046782245,0.6080904787910661,-0.25659125114155434,-0.011430504412856535,0.01271022244479762,-0.3691250556599076,0.1860355489879042,0.8197186243184112,-0.28216187692168904,0.11172555535412469,8.547839732895646,209,-0.03145834636464606,-0.028528752815549785,-0.01445669528403759,-0.014456695284039145,3,-0.011430504412856535,0.49698791603334985
bimonthly_long_6_12_top3_ma200_r6_0bp,bimonthly,long_6_12,3,ma200_r6,0.0,3.8813975022845257,0.0964503998368591,0.21651252506388294,0.5456997651248251,0.6729326777168192,-0.43125013288105296,0.2236530321567738,0.9441064881107395,0.08058623565121747,0.2029331917478961,0.49233512260013307,0.6274563995673162,-0.36436986310925723,0.22116602883552278,1.5108694056302494,0.11265509060853018,0.22929504209367746,0.594900794640551,0.7202333081878904,-0.43125013288105374,0.2612291151214611,0.08713041032244684,0.4956644577915462,-0.36436986310925723,0.07350073171098837,0.4942327568972361,-0.2659621284463807,-0.017441035777964187,-0.0028797879661727932,-0.43125013288105374,0.23893948279719646,0.9778934315376415,-0.29900362349521614,0.1130580009797529,4.966670132401285,105,-0.012564481622416412,-0.0051117781948437635,-0.07484506788045397,-0.07484506788045464,3,-0.017441035777964187,0.49494860734439117
quarterly_current_top3_ma200_r6_10bp,quarterly,current,3,ma200_r6,10.0,2.187083410114254,0.06998086382840074,0.2098568905568769,0.4366940844771799,0.5462826582033458,-0.448885265878854,0.15589922224644215,0.8827345830658893,0.07732083549971613,0.20163371329292787,0.47906748663677123,0.6208942086192712,-0.4224110684830753,0.18304642389552853,0.6927948521157621,0.06293624507594364,0.21769575001290034,0.39843346291049725,0.48622694377888903,-0.44888526587885336,0.1402056379656914,0.044425205161362724,0.3144256710785469,-0.4224110684830753,0.11616832021464596,0.6980791918771377,-0.2505180869862257,-0.02031507083529238,-0.029953727650342005,-0.44888526587885336,0.14056522557672135,0.6716782391115482,-0.29466161820545367,0.11547330539208903,5.142558986147933,70,-0.03899138185389761,-0.05660638036054655,-0.09562702644734866,-0.09562702644734877,3,-0.02031507083529238,0.49305195509504757
quarterly_current_top3_ma200_r12_0bp,quarterly,current,3,ma200_r12,0.0,1.89799551211139,0.06406010109507942,0.1995584707298985,0.42010485625295674,0.5041619859403714,-0.4357657791776244,0.1470058094418828,0.8201104743515344,0.07303962510148243,0.18649521236996638,0.48035189200740724,0.5936752539711737,-0.3751207359587654,0.19470964438903002,0.5922085790665446,0.055412846889295375,0.21170424403634477,0.36910959399140275,0.4356417246067283,-0.43576577917762493,0.1271619974240984,0.05975849641569808,0.40318126714310737,-0.3751207359587654,0.08862772457152124,0.5764447908036806,-0.2485205579440094,-0.029822347349357403,-0.0976662174507051,-0.43576577917762493,0.135057300110774,0.6605618767490604,-0.2946616182054539,0.19994487306130587,4.6595623499146654,70,-0.04518948805764289,-0.06435301547708261,-0.0827182012481733,-0.0827182012481743,3,-0.029822347349357403,0.48981302897339396
monthly_long_6_12_top3_ma200_r6_10bp,monthly,long_6_12,3,ma200_r6,10.0,3.8948870710044794,0.09613010678987433,0.21161541214797377,0.552268602204183,0.6834859447536928,-0.3646654038138588,0.2636118090295819,0.8869833241054133,0.07605501735894427,0.20009782989727512,0.47550483529254417,0.6042569270645599,-0.3389755473681064,0.224367267637607,1.594027731180439,0.11686669951371442,0.22263003098415995,0.6234347691527087,0.7592181593242627,-0.3646654038138588,0.3204765198219031,0.07410776650896445,0.4427714878937121,-0.3389755473681064,0.07872401853381095,0.5317595517722045,-0.22848063045736622,-0.01820982704323637,-0.027897563011153446,-0.3646654038138588,0.2485421664466514,1.0075167010255925,-0.28218514256015736,0.12010002794128813,7.510406289580373,209,-0.018222577818266528,-0.0012858932537318513,-0.009617871725405402,-0.009617871725406735,3,-0.01820982704323637,0.4872655198329583
bimonthly_long_6_12_top1_ma200_r12_20bp,bimonthly,long_6_12,1,ma200_r12,20.0,3.7121268404221768,0.09420532308335106,0.27095939337220903,0.47705751529609974,0.6195854178357034,-0.5012087462351518,0.18795626331539075,1.114381991914828,0.0912151606945748,0.23434214238862056,0.4981311894469318,0.6485021741737403,-0.37177887890883743,0.24534788248942282,1.2286071572879758,0.09737564021942124,0.30321282910564573,0.4676753480381364,0.6170600593723888,-0.5012087462351518,0.1942816061189315,0.12184927670559698,0.5907369033274663,-0.37177887890883743,0.057421959633501274,0.3752454756754013,-0.2534899214735564,-0.07217079851885966,-0.21848438122875116,-0.5012087462351518,0.2685487252207348,0.8684371406223735,-0.335668125949117,0.08826313298627544,6.022716516800758,105,-0.014190257674296936,-0.019900680551019567,-0.14433998599795084,-0.14433998599795084,3,-0.07217079851885966,0.4829911895014338
bimonthly_current_top3_ma200_r12_0bp,bimonthly,current,3,ma200_r12,0.0,3.1087803835488073,0.08553285238931085,0.19440589983074338,0.5311832084428405,0.6437754661572874,-0.4300143807071024,0.1989069580618752,0.8125756951065284,0.07179707156954773,0.17359248442895242,0.4953752972799958,0.6088073727464758,-0.28032595471704913,0.25611995736184007,1.2668186463282134,0.09954098318141225,0.21320844104647804,0.5654242667400341,0.6878310926199068,-0.43001438070710274,0.23148291696135845,0.10207581599415061,0.6498727238103409,-0.28032595471704913,0.038309493266810435,0.3107669637750365,-0.26461681707459683,-0.031154753322650608,-0.09013138520389262,-0.43001438070710274,0.22661714419652856,1.0024834540357956,-0.25018830949226556,0.20405112180583188,5.758666390741836,105,-0.02348202906996466,-0.0182258856219617,-0.07360931570650342,-0.07360931570650364,3,-0.031154753322650608,0.48031984379268866
bimonthly_medium_3_6_12_top3_ma200_r6_0bp,bimonthly,medium_3_6_12,3,ma200_r6,0.0,3.4012345442958463,0.08987642983537447,0.2138648540104382,0.5208250148975774,0.6459826742871843,-0.44287121656711215,0.20294032773691156,0.8643389610031422,0.07532120400817877,0.20273959187207002,0.46791909441364843,0.5932711557824806,-0.3486108531601836,0.21606098411849886,1.3607480379682078,0.10472960780902185,0.22444426779893722,0.5699510659446371,0.6981527452169668,-0.44287121656711204,0.23647869604357385,0.07464692609858892,0.44209246153617443,-0.3486108531601836,0.0764746405667509,0.5118011722330763,-0.2624981827613223,-0.02204863959512604,-0.02979631642277237,-0.44287121656711204,0.22749521685373275,0.9611466655444718,-0.3085501595457112,0.1066406147857602,5.657539284563836,105,-0.019138451623901043,-0.013037260994352096,-0.08646615156651316,-0.08646615156651294,3,-0.02204863959512604,0.47694681688462537
bimonthly_long_6_12_top3_ma200_r12_10bp,bimonthly,long_6_12,3,ma200_r12,10.0,3.3811817190316082,0.08958741468943532,0.21435433622377467,0.5189435287859245,0.6232650406987433,-0.4533154120203199,0.19762710976484418,0.9161190060808253,0.07876103346199015,0.19711522754052968,0.4922090989522448,0.5933311812661336,-0.3623036820234712,0.21738954741533031,1.2864872719950524,0.10064300075410149,0.2303177392499483,0.5447567572800811,0.6582815721944218,-0.45331541202032066,0.22201539609156282,0.10819282932721808,0.6001200810615059,-0.3623036820234712,0.04622183814082281,0.34830483059543105,-0.26743465122169474,-0.03386592948368383,-0.09192929774885615,-0.45331541202032066,0.23188321419652924,0.954897896530645,-0.30183325223099244,0.14227821033004584,4.68913694125379,105,-0.01911781066493723,-0.01687857227808731,-0.09667846101040145,-0.09667846101040267,3,-0.03386592948368383,0.4742124558284685
bimonthly_long_6_12_top3_ma200_0bp,bimonthly,long_6_12,3,ma200,0.0,4.192569253317134,0.10039265767300765,0.22082512556691036,0.5560313926894294,0.6962938004399164,-0.43125013288105296,0.23279449678615605,0.9267633878677743,0.07945796446724551,0.20977043540657062,0.47797763995351933,0.6170547188210372,-0.34967188731299326,0.22723578117139925,1.6949698577485601,0.12182147964428958,0.2313532223607285,0.6281613498374435,0.7708846337663411,-0.43125013288105374,0.28248450343756776,0.0925696687544435,0.5114318411673641,-0.34967188731299326,0.06494798054021778,0.43640120451607595,-0.2659621284463807,-0.0023571209922366165,0.08323742292664439,-0.43125013288105374,0.24162871231914518,0.9842981618750032,-0.29900362349521614,0.07366310157325533,4.93371904799501,105,-0.008622223786267869,0.004054610840915629,-0.07484506788045397,-0.07484506788045464,3,-0.0023571209922366165,0.47391652284172003
bimonthly_medium_3_6_12_top3_ma200_10bp,bimonthly,medium_3_6_12,3,ma200,10.0,3.543146393170467,0.09188700809922357,0.21642529479570835,0.5259799638840937,0.6612470763829006,-0.44917135325367696,0.2045700542423703,0.9215995211810628,0.07912029103963225,0.20657227660766384,0.4805440723014157,0.6177732364858112,-0.2714037891943559,0.2915224259561577,1.3642524590025706,0.1049196357703559,0.2258538708482473,0.5685864479439181,0.7042618180448506,-0.4491713532536764,0.2335848780434155,0.09753790634082016,0.5376900071574857,-0.2714037891943559,0.058684822368026524,0.4061968447115655,-0.2634864816772171,-0.01572723294852263,0.009248101569291286,-0.4491713532536764,0.22108789068491808,0.939721709555729,-0.31039339547216527,0.07402825085171323,5.700382122976484,105,-0.01681821725514898,-0.012601937261832896,-0.09253440224375853,-0.09253440224375842,3,-0.01572723294852263,0.4719434259345256
bimonthly_medium_3_6_12_top1_ma200_r12_10bp,bimonthly,medium_3_6_12,1,ma200_r12,10.0,2.8029873918626875,0.08066791786554983,0.26049105146840357,0.4365620346456857,0.5603178345185394,-0.47361273234405565,0.1703246394291374,1.1563359674709903,0.0937175444133147,0.23034152873346225,0.512939433230412,0.6671296612016481,-0.38839103787979457,0.24129687678921133,0.7636339834014527,0.06800097081219758,0.2875201097484654,0.38009709297885264,0.49080296252777333,-0.4638085018431761,0.14661432583051315,0.14109065776373675,0.6747297379918363,-0.2979471283421061,0.0420520471955983,0.30339781489369727,-0.2735697794451203,-0.03405353726932414,-0.04997850326861439,-0.4638085018431761,0.16481665608360063,0.6373165021952492,-0.45565563945813414,0.08826313298627544,7.215333648840511,105,-0.028037307488822716,-0.04952060221999122,-0.11697578133413722,-0.10717155083325813,3,-0.03405353726932414,0.47035715854447324
quarterly_current_top3_ma200_r6_20bp,quarterly,current,3,ma200_r6,20.0,1.9245163157634875,0.06462591833375919,0.20992932229803754,0.4120629177056765,0.5153765260201633,-0.45439128227665904,0.14222526015455395,0.8045048068030785,0.07195255577267279,0.2017154287503387,0.45360704030156557,0.5878418539023889,-0.4274086588196969,0.16834604140068696,0.6206752704331435,0.05758370600082885,0.2177597581739122,0.37452257283477597,0.4569315287213311,-0.45439128227665826,0.12672713638411914,0.03939223697859151,0.2914570277112348,-0.4274086588196969,0.1103726598046828,0.669143604825664,-0.25251312143464943,-0.02459288145306071,-0.05517113149955486,-0.45439128227665826,0.13414736486692003,0.6481574203864792,-0.2946616182054538,0.11547330539208903,5.142558986147933,70,-0.044068976759413125,-0.061735714359659966,-0.1009224403506842,-0.10092244035068498,3,-0.02459288145306071,0.469807224048857
bimonthly_long_6_12_top3_ma200_r6_10bp,bimonthly,long_6_12,3,ma200_r6,10.0,3.491091123941046,0.09115645969579456,0.216512726153005,0.5227411189364904,0.6448401976533924,-0.4350531665229961,0.20952947067212346,0.86532957228176,0.07538779945311136,0.20295009952479354,0.4680106880838885,0.5964291715512262,-0.36987020895900335,0.203822307466421,1.4076662862570348,0.10725333889909061,0.22928046964927223,0.5730737826182124,0.694111966581947,-0.4350531665229973,0.24652926849440848,0.082432353787391,0.4756354339266977,-0.36987020895900335,0.06770718210973836,0.46349193470285155,-0.2674346512216945,-0.021915074129036705,-0.028074801376127532,-0.4350531665229973,0.23258509828840146,0.9574688107467749,-0.30183325223099244,0.1130580009797529,4.966670132401285,105,-0.01754876565857799,-0.010268234133098186,-0.07841621551307765,-0.07841621551307931,3,-0.021915074129036705,0.46956368431477463
quarterly_medium_3_6_12_top1_none_0bp,quarterly,medium_3_6_12,1,none,0.0,1.5346491921535224,0.055774133180539476,0.26903870267162217,0.34216852273397025,0.4667597578366069,-0.5687123437585205,0.0980709031422423,1.0359438345701681,0.08728753840333225,0.25253370214424203,0.46527166889078275,0.6778624250592822,-0.41018048058643786,0.21280276008877033,0.24495044957300416,0.025730120297766224,0.2844359192482509,0.23505218690970012,0.30672082803583195,-0.5687123437585212,0.04524276742038044,0.09886093952260078,0.4818239102239666,-0.41018048058643786,0.07478075990882593,0.45148221284130746,-0.2488613708448102,-0.0636241098266721,-0.1836088656101202,-0.5687123437585212,0.10965542190746658,0.492201963412761,-0.465125809472544,0.0,6.413891531874405,70,-0.05347545597218284,-0.09403574206861176,-0.21566476582906946,-0.21566476582907057,3,-0.0636241098266721,0.466653061532637
quarterly_classic_6_12minus1_top3_ma200_r6_0bp,quarterly,classic_6_12minus1,3,ma200_r6,0.0,2.1625080340059695,0.06949763843059875,0.20792119504796197,0.43657644634405546,0.5448169723769373,-0.4902476934444312,0.1417602558052141,0.8090485710709352,0.07226992136232524,0.20013728003752224,0.4571018330433388,0.5876926477240659,-0.3889528319419183,0.18580638943160385,0.7481609308775008,0.06691026125222521,0.21535420444521444,0.4182439598556496,0.5119992115032301,-0.4902476934444311,0.13648256207412304,0.07353725259636468,0.4380641103175907,-0.3889528319419183,0.0711987079659917,0.4932795035107574,-0.2181114193027397,-0.05255925801807393,-0.22052692731707024,-0.4902476934444311,0.18214849675167644,0.8322078029762916,-0.283131997500237,0.15534600094361306,3.8447870165259284,70,-0.039751950722123564,-0.05285560111415277,-0.13720011551498013,-0.13720011551498046,3,-0.05255925801807393,0.46567180691417404
quarterly_current_top3_ma200_r12_10bp,quarterly,current,3,ma200_r12,10.0,1.6811157522705522,0.059240966993606925,0.199589851605801,0.3967059997821648,0.47627878766123277,-0.4383992991897362,0.13513015897401753,0.7539661858540418,0.06837425126895225,0.1865429613719679,0.4563685794737913,0.5641461785483658,-0.3798754930828858,0.17999121426354694,0.5286017335420106,0.05043544651841092,0.2117214141068709,0.34612001091978073,0.40874537452609094,-0.4383992991897352,0.11504454184034386,0.05576876744106407,0.3832937511734618,-0.3798754930828858,0.08315455286872497,0.5473161260227221,-0.25051808698622613,-0.033559865023934043,-0.12083676933719864,-0.4383992991897352,0.12884410252170286,0.6372839439163649,-0.29466161820545345,0.19994487306130587,4.6595623499146654,70,-0.04973127868869143,-0.06910717891807927,-0.08514105975823083,-0.08514105975823061,3,-0.033559865023934043,0.46530493859809197
bimonthly_classic_6_12minus1_top1_ma200_r12_0bp,bimonthly,classic_6_12minus1,1,ma200_r12,0.0,3.285424146531861,0.08818987615817675,0.27097582950155114,0.45604086896140683,0.6007473972602159,-0.5725913974657113,0.15401886327406422,1.1240575363499579,0.09179613373135087,0.23518936631372578,0.49932893209329166,0.6664068431893548,-0.3616260158038652,0.253842726241074,1.0175650015093667,0.08478951413402025,0.30258654307420135,0.42870731362310116,0.5700542878065741,-0.5725913974657104,0.14808031435557475,0.15822019644063934,0.7110101772366281,-0.3616260158038652,0.020450860687813988,0.2033254099307556,-0.2358134526671083,-0.09480729763490392,-0.3139852567654552,-0.5725913974657104,0.2682677571044474,0.8745049525736993,-0.33566812594911677,0.08826313298627544,5.784193090392806,105,-0.020825005301098765,-0.0329773546693537,-0.21618633246511232,-0.21618633246511132,3,-0.09480729763490392,0.45716779358369186
monthly_long_6_12_top3_ma200_r12_20bp,monthly,long_6_12,3,ma200_r12,20.0,3.8412554681312505,0.09543241238185218,0.2095756443282766,0.5524684031039415,0.6649827937625594,-0.37389452291503833,0.25523886158540415,0.8054704423549182,0.07058367982998104,0.19465347894734242,0.45645695760291505,0.5506292696180787,-0.37389452291503833,0.1887796571067185,1.6814371227350025,0.12116684191815885,0.22361843936741882,0.639356736159643,0.7739344524169102,-0.3457974155580342,0.3503983444255203,0.07773941235295889,0.47287992378349064,-0.37389452291503833,0.06260142370730559,0.43714345177564773,-0.2661420824686268,-0.0020790590371604356,0.07292259338020034,-0.3457974155580342,0.23997983582872728,0.9791449970884512,-0.2822084081986257,0.1482875194667193,7.035627048710667,209,-0.018492839744223222,0.0033807777821894813,-0.018468032664461398,0.009629074692543815,3,-0.0020790590371604356,0.4550116877795692
monthly_medium_3_6_12_top3_ma200_r6_10bp,monthly,medium_3_6_12,3,ma200_r6,10.0,2.4583271343911344,0.07434195697371804,0.2110460552207031,0.4553725061094629,0.5652265179223124,-0.37985978348524485,0.1957089436834414,0.7683492011818012,0.06801925969881517,0.20427652578246672,0.43233348515100395,0.5447527759121076,-0.37985978348524485,0.17906412485873827,0.9556811132551855,0.08087806001885922,0.21766513713478672,0.4776480080656685,0.5869833658667195,-0.3783980713952687,0.21373803444778994,0.053246225092634436,0.3497554091769916,-0.37985978348524485,0.08595270510593855,0.5584502814242669,-0.26006191437302195,-0.017790028307332895,-0.02715868706949561,-0.3783980713952687,0.1741243274999842,0.7787741081800404,-0.2821851425601575,0.11172555535412469,8.547839732895646,209,-0.040010727634422816,-0.03727453274858705,-0.02481225139679144,-0.02335053930681663,3,-0.017790028307332895,0.4541028453006293
quarterly_classic_6_12minus1_top3_ma200_r12_0bp,quarterly,classic_6_12minus1,3,ma200_r12,0.0,2.458670359503873,0.07509926779496512,0.2097556234534119,0.46017581161995547,0.5661780352253459,-0.44680501260204775,0.16808062952922415,0.7891012014527168,0.07087139697454248,0.19979287513019123,0.4508580128262172,0.5590444578945333,-0.38895283194191843,0.1822107750718873,0.9331887747297329,0.0794292508619534,0.21917729475194675,0.46952703743786334,0.5765362176200761,-0.4468050126020493,0.17777161988264834,0.07784261226999845,0.46601642519923564,-0.38895283194191843,0.06339362972460671,0.433852525452329,-0.25809840875153756,-0.027851961468008835,-0.0661372972700504,-0.4468050126020493,0.18163326460024742,0.822262897653841,-0.28313199750023665,0.15101858169203758,3.604199293661628,70,-0.034150321357757196,-0.04033661150442458,-0.09375743467259667,-0.09375743467259867,3,-0.027851961468008835,0.44993447532578235
bimonthly_long_6_12_top3_ma200_r12_20bp,bimonthly,long_6_12,3,ma200_r12,20.0,3.0493338367066833,0.08461443023599502,0.21439596781779993,0.49697168438329664,0.5970401496947743,-0.45695923814584505,0.1851684421116553,0.8444814328180024,0.07397961184673796,0.19718491705941293,0.4690666229025385,0.5654639382158807,-0.3676400359409636,0.20122838813620875,1.1953779336884498,0.09546578039141962,0.23033564288205471,0.5236614548086991,0.6330326407487319,-0.45695923814584416,0.20891530889884435,0.10435299691314248,0.5831774323840103,-0.3676400359409636,0.04039825934991059,0.3163204196119591,-0.2689056955487522,-0.038104729873644216,-0.11585305012950979,-0.45695923814584416,0.22573562318399332,0.9349908787733713,-0.30465456265349733,0.14227821033004584,4.68913694125379,105,-0.02378115052165297,-0.021810540379021193,-0.10009047790864412,-0.10009047790864323,3,-0.038104729873644216,0.4497489259979847
bimonthly_long_6_12_top3_ma200_10bp,bimonthly,long_6_12,3,ma200,10.0,3.780019323943357,0.09511478088856862,0.22083704798410486,0.5336535197735592,0.6682844960818004,-0.4350531665229974,0.21862794758796622,0.8473350019015178,0.07417318422075425,0.20980453914226416,0.45401187461588655,0.5858882302756646,-0.35532303078566185,0.2087485971757824,1.5875216563444825,0.11654153179743387,0.2313449799675119,0.6071823223145394,0.7453109917739523,-0.4350531665229973,0.26787882669341145,0.08783940841161897,0.49180920561133823,-0.35532303078566185,0.05901524188761487,0.40611500313444204,-0.2674346512216945,-0.006583019635629239,0.06036798347463995,-0.4350531665229973,0.23526403882469604,0.9639459170355237,-0.3018332522309922,0.07366310157325533,4.93371904799501,105,-0.01359044446580393,-0.0009800412347549248,-0.07841621551307898,-0.07841621551307931,3,-0.006583019635629239,0.44896210437289014
monthly_long_6_12_top3_ma200_r6_20bp,monthly,long_6_12,3,ma200_r6,20.0,3.3125197784799685,0.0881351454043311,0.21163582472360054,0.5166879721000713,0.639458530451983,-0.37444015876065406,0.235378453251506,0.7701963523708639,0.06814798582300075,0.2001543451143935,0.4376937040883037,0.5558590332548375,-0.34958159546716017,0.19494157217267633,1.4361815979928463,0.10876601448269829,0.22261772042900252,0.5897957114287021,0.7185641687461992,-0.37444015876065484,0.2904763603420604,0.06747363637810411,0.4138711394041797,-0.34958159546716017,0.06927892657895773,0.4802049724952808,-0.23184332814261777,-0.024865077902948896,-0.06961830446169963,-0.37444015876065484,0.23894940989929436,0.9769628977504247,-0.282208408198626,0.12010002794128813,7.510406289580373,209,-0.02579010672174431,-0.009020049653271078,-0.01901366851007713,-0.019013668510076798,3,-0.024865077902948896,0.44703805594973023
bimonthly_current_top3_ma200_r12_10bp,bimonthly,current,3,ma200_r12,10.0,2.730320386532538,0.07945773048420901,0.19443640343527896,0.5014900783055048,0.6077135109294651,-0.4364589805371094,0.18205085478233896,0.7257019235680535,0.0656776033568236,0.17364897885706673,0.461551739946115,0.5667623859161384,-0.2872480853001259,0.22864418152065855,1.1616249802977285,0.09349947468529618,0.21321799333769936,0.5388114932267039,0.6555370923159324,-0.43645898053710896,0.2142228224293499,0.09654601719023526,0.6204635565305273,-0.2872480853001259,0.03152618374087024,0.27145369785079915,-0.2659819085899955,-0.036345536838851,-0.12084513333359188,-0.43645898053710896,0.21971280172437013,0.9779345171284072,-0.25068818395260406,0.20405112180583188,5.758666390741836,105,-0.029247494870163537,-0.024022098346892617,-0.07982202952719097,-0.07982202952719097,3,-0.036345536838851,0.44595862719066326
bimonthly_medium_3_6_12_top3_ma200_r6_10bp,bimonthly,medium_3_6_12,3,ma200_r6,10.0,3.002635473486934,0.08388401109602994,0.21385812385417707,0.494358789504662,0.6132888423604219,-0.44917135325367574,0.18675280711558487,0.7723813985359356,0.06899871216118192,0.20273184933038244,0.4381823091911645,0.5556930097023707,-0.3544799138159924,0.19464773453143688,1.2583375546557116,0.09906318399942382,0.22443821820102955,0.5463765087015919,0.6692665153870746,-0.4491713532536764,0.22054653147810246,0.06890932458808452,0.4174774209410988,-0.3544799138159924,0.06944535395138929,0.4743110143210207,-0.2634864816772171,-0.026979181967297317,-0.057835122122835314,-0.4491713532536764,0.22108789068491808,0.939721709555729,-0.31039339547216527,0.1066406147857602,5.657539284563836,105,-0.024821214258342605,-0.018458389032764977,-0.09253440224375731,-0.09253440224375842,3,-0.026979181967297317,0.44589421763105974
quarterly_classic_6_12minus1_top3_ma200_r6_10bp,quarterly,classic_6_12minus1,3,ma200_r6,10.0,1.9659195665939473,0.06549966316099476,0.20791611315476108,0.4180778566891121,0.5216871173159717,-0.4943385200316147,0.13249961414458622,0.7534377315381504,0.06833635680003991,0.20015247767034472,0.4382882879242296,0.5635863569983536,-0.3922524784529211,0.17421523267249864,0.6914883906326035,0.06284109100538227,0.21533044372449528,0.4000053471259535,0.48943001839321865,-0.4943385200316146,0.12712157450599515,0.07023427431012275,0.4238397779100022,-0.3922524784529211,0.06653390586596641,0.4674670904391961,-0.21992941085052697,-0.055593238262993006,-0.23899018583819445,-0.4943385200316146,0.17700350182977087,0.8137756699100356,-0.28313199750023677,0.15534600094361306,3.8447870165259284,70,-0.04347258252130359,-0.056701534431107925,-0.14108028060010935,-0.14108028060011002,3,-0.055593238262993006,0.44565343417459913
bimonthly_current_top3_ma200_r6_0bp,bimonthly,current,3,ma200_r6,0.0,3.453032441015755,0.09061727579549328,0.2053731788412939,0.5369006093802872,0.6676001070898492,-0.4154112009519484,0.21813873960990088,0.6844649699574779,0.06267702036563239,0.1920699955047511,0.4199087367925559,0.5314258305345814,-0.39524137335223397,0.1585790977144881,1.6435886292893134,0.11932031250849517,0.2178610547397998,0.642180601955876,0.7914806228992485,-0.4154112009519474,0.28723422053874165,0.036653379356334836,0.2819128274211189,-0.39524137335223397,0.09377137286911963,0.6081687595658378,-0.26461681707459805,-0.006433383008092819,0.05374204301881579,-0.4154112009519474,0.24084259301918087,1.0272111169824902,-0.26668650453476117,0.13244068175389895,6.318349661375653,105,-0.018397605663782235,0.0015534437051212269,-0.0590061359513494,-0.05900613595134829,3,-0.006433383008092819,0.44504079349347836
bimonthly_long_6_12_top3_ma200_r6_20bp,bimonthly,long_6_12,3,ma200_r6,20.0,3.131615403065303,0.08588231918783906,0.21653762491758247,0.499725511599501,0.6165948387950589,-0.4388346639994358,0.1957054130708997,0.789660531081501,0.07020849927048234,0.20299410543976307,0.4436310769549453,0.5654020080634726,-0.3753286220948444,0.1870587403609759,1.3086028502671039,0.10187215433468744,0.22928855226587225,0.5511895297309224,0.6677371771753249,-0.4388346639994348,0.23214245065840705,0.0777498414506339,0.45558214666222036,-0.3753286220948444,0.061937733873629996,0.4326292941787365,-0.26890569554875265,-0.026373023799657558,-0.05328994679309203,-0.4388346639994348,0.22625621334970591,0.9369697705569666,-0.30465456265349833,0.1130580009797529,4.966670132401285,105,-0.02251326156980893,-0.015404166435753375,-0.08196590376223489,-0.0819659037622339,3,-0.026373023799657558,0.44410572042047847
monthly_current_top3_ma200_r6_0bp,monthly,current,3,ma200_r6,0.0,3.1665134494829994,0.08597132064426005,0.20416801792946437,0.5177823934128684,0.6400017059760381,-0.39720160915702685,0.21644252858571064,0.7075116676044237,0.0637116226370511,0.19706548438805235,0.4198940296393636,0.5183793794228231,-0.39720160915702685,0.1604012198547358,1.4401083333904556,0.10897309170734659,0.21108551362523262,0.61065341369005,0.7573910896195456,-0.35377702655851295,0.30802760927531,0.04603553642104585,0.322622784243034,-0.39720160915702685,0.0851449435644116,0.5645435747136046,-0.28333234476107494,-0.0015855200274417225,0.07082535570230655,-0.35377702655851295,0.21442903650439948,0.9355082739667232,-0.2739622184393361,0.1346185469897923,10.947438954509778,209,-0.02880888454797792,-0.009546138418709438,-0.04253324878115716,0.0008913338173555108,3,-0.0015855200274417225,0.44358317947831927
bimonthly_medium_3_6_12_top1_ma200_r12_20bp,bimonthly,medium_3_6_12,1,ma200_r12,20.0,2.368394912760242,0.07307841712514307,0.2605517650945648,0.40874738907738445,0.5246559384770173,-0.5013618339375568,0.14575983287599983,1.0283738926284132,0.08594490414234479,0.23055451997468307,0.481045272572972,0.6254462764139078,-0.40413455147908184,0.21266408384979013,0.6606380731884713,0.060575058546582294,0.2874593086477737,0.35514025408528194,0.4586416903645932,-0.47234311461570977,0.1282437632140888,0.13337194376175998,0.6458352817194839,-0.30075814802894596,0.03420049612746645,0.2673120898294197,-0.27792834911062836,-0.04131599101757588,-0.08511667747393603,-0.47234311461570977,0.15726169626675923,0.6173571593940541,-0.45783519426899943,0.08826313298627544,7.215333648840511,105,-0.03531716363250492,-0.05670126222385852,-0.1444930737003559,-0.11547435437850884,3,-0.04131599101757588,0.4423346246117369
quarterly_medium_3_6_12_top1_none_10bp,quarterly,medium_3_6_12,1,none,10.0,1.277204512856168,0.04919579550710185,0.26907899078896924,0.31829885791040474,0.4341419628063723,-0.575564834775485,0.08547394235141559,0.9384931563030374,0.08102823394261671,0.2526045901221266,0.4418176507336763,0.6436572043465345,-0.41900843156695466,0.19338091512764452,0.17472919904401274,0.01884812422069948,0.28444906246235824,0.21070807799895994,0.2748878999363318,-0.5755648347754854,0.032747178218508956,0.09325126660156946,0.4632979160354893,-0.41900843156695466,0.06777213813539085,0.4200839930690561,-0.25036364810312195,-0.0706515988776204,-0.2175215094454731,-0.5755648347754854,0.10295000305934177,0.47311362006571,-0.4672631667378918,0.0,6.413891531874405,70,-0.059776450175196505,-0.10069450121579071,-0.22230659534397967,-0.22230659534398078,3,-0.0706515988776204,0.4416909545522727
bimonthly_medium_3_6_12_top3_ma200_20bp,bimonthly,medium_3_6_12,3,ma200,20.0,3.128244276819003,0.08583084215990966,0.21645077674787802,0.499554323407489,0.6279645023694264,-0.4554064545100306,0.18847085127999472,0.8254367899274757,0.0726808979462672,0.20660478650418276,0.45087491071744434,0.5795891778877909,-0.27845943538491746,0.26101072081037446,1.2615103955382683,0.09924211772982128,0.2258727554978326,0.5450817188769974,0.6750569891471323,-0.4554064545100319,0.2179198751949949,0.09151100916005817,0.5124064403212688,-0.27845943538491746,0.051757142443752624,0.37017384293867484,-0.2644742854514137,-0.020702979943255984,-0.01827934867323606,-0.4554064545100319,0.2147074118974246,0.9182272731759195,-0.3122335571209658,0.07402825085171323,5.700382122976484,105,-0.022564738597738332,-0.018034203040619534,-0.09853769427282966,-0.09853769427283099,3,-0.020702979943255984,0.4412901416299718
quarterly_current_top3_ma200_r12_20bp,quarterly,current,3,ma200_r12,20.0,1.4802037206400427,0.05443713203219991,0.19965248798225008,0.37325605780523885,0.44805542406449633,-0.44102315703902295,0.12343372714867025,0.6901381460825402,0.06372268041355533,0.18662349885958623,0.43232157239097685,0.5342796545358695,-0.384599166047098,0.165685955766612,0.4674562114278953,0.04547493656243007,0.2117686137165119,0.32308833477241705,0.38151680002955474,-0.44102315703902284,0.10311235552287866,0.0517888477479207,0.3633610312735172,-0.384599166047098,0.07770091267683599,0.5180957418342387,-0.25251312143464866,-0.03728693536887906,-0.1439627760373473,-0.44102315703902284,0.12265570288963046,0.6139143313687071,-0.2946616182054538,0.19994487306130587,4.6595623499146654,70,-0.05425776306097241,-0.07384448379805875,-0.08755431511304812,-0.08755431511304956,3,-0.03728693536887906,0.4407283865538779
quarterly_classic_6_12minus1_top3_ma200_0bp,quarterly,classic_6_12minus1,3,ma200,0.0,2.667138266991505,0.07877746232535543,0.21292272921546837,0.47295058544953494,0.6018677253056459,-0.43806042755533126,0.17983240980014129,0.7571783633026368,0.06860437402482633,0.20462154204271427,0.43437419806284494,0.5630523569952395,-0.3889528319419183,0.1763822458427836,1.0869470872035318,0.08905073379416595,0.22083542665984787,0.5090198353068899,0.6401273718584721,-0.4380604275553315,0.20328413203431378,0.07353725259636468,0.4380641103175907,-0.3889528319419183,0.06339362972460671,0.433852525452329,-0.25809840875153756,-0.009108723914792338,0.04275802933907426,-0.4380604275553315,0.18173700323358433,0.8199060176617674,-0.28313199750023665,0.1067831539153523,3.767705919723609,70,-0.030472126827366885,-0.030715128572212036,-0.08501284962588018,-0.08501284962588085,3,-0.009108723914792338,0.43595831788495987
quarterly_medium_3_6_12_top1_ma200_r12_0bp,quarterly,medium_3_6_12,1,ma200_r12,0.0,0.9381522139164984,0.03937148501583887,0.26318797643528236,0.282745339295186,0.3693211473164625,-0.571849886028341,0.06884933612435416,0.861345976104154,0.0758729522582875,0.24360538772532758,0.4288874199339703,0.592039187221398,-0.4753066768931111,0.15962946860801222,0.041263815968864526,0.004699564224110553,0.2812315500533673,0.15871533330636828,0.2008472657797317,-0.5718498860283417,0.00821817812494525,0.07717534040354979,0.417416943688864,-0.4753066768931111,0.07478075990882593,0.45148221284130746,-0.2488613708448102,-0.10466453590217561,-0.411133169147568,-0.5718498860283417,0.10965542190746658,0.492201963412761,-0.465125809472544,0.07326355851569934,5.934348239771646,70,-0.06987810413688345,-0.11506629814226743,-0.2188023080988899,-0.21880230809889112,3,-0.10466453590217561,0.43444957826508573
quarterly_classic_6_12minus1_top3_ma200_r12_10bp,quarterly,classic_6_12minus1,3,ma200_r12,10.0,2.2567299307329702,0.07133150077495776,0.20975830228814024,0.44297911641441157,0.5450061580817884,-0.4493868278037001,0.1587307334386681,0.7387227096243667,0.06727710220217675,0.19981711951308986,0.4336063742770801,0.5376975408537836,-0.3922524784529211,0.17151479186957255,0.8730588337668543,0.07548160335741327,0.21916054354606798,0.4523427405282922,0.5553588780552886,-0.4493868278037001,0.16796576732414806,0.07516507887157475,0.4540510216419812,-0.3922524784529211,0.058759414177231406,0.40954542989741255,-0.2595763721742508,-0.030799752414044534,-0.08314550262486571,-0.4493868278037001,0.17666289331798546,0.8046889689004338,-0.28313199750023677,0.15101858169203758,3.604199293661628,70,-0.037640744907340595,-0.04406102207907692,-0.09612858837219473,-0.09612858837219551,3,-0.030799752414044534,0.43179822576969684
quarterly_medium_3_6_12_top3_ma200_r12_0bp,quarterly,medium_3_6_12,3,ma200_r12,0.0,2.0142870724110313,0.06650594713400149,0.20879236178145175,0.4218761688308224,0.517268337140853,-0.48249042744482507,0.13783889451694198,0.7271465890653783,0.06643822695654555,0.1990175915076355,0.4305224781118323,0.5396978917327825,-0.40083759542541186,0.16574849194480917,0.745241018622617,0.06670347730921233,0.21804289761856527,0.4148942350261466,0.5017962285752675,-0.4824904274448246,0.13824829160334012,0.07101602261266526,0.4378556543562018,-0.40083759542541186,0.06161432102401987,0.42327959603350607,-0.24852055794401018,-0.03756248235287585,-0.12331067662841462,-0.4824904274448246,0.16583058285742003,0.7692156233562506,-0.28313199750023677,0.15668642255083196,4.30864051643103,70,-0.04274364201872083,-0.05306238505716565,-0.129442849515374,-0.129442849515374,3,-0.03756248235287585,0.4305676251948539
bimonthly_classic_6_12minus1_top1_ma200_r12_10bp,bimonthly,classic_6_12minus1,1,ma200_r12,10.0,2.88890221421877,0.08207094402482973,0.2709751179243467,0.43467015938359094,0.5729052621975875,-0.5776938781592695,0.14206649425875145,1.01834855214772,0.08531780126736743,0.23522395435216983,0.4734137674149063,0.6321414206837245,-0.3667177071195671,0.23265252702823497,0.9267743473150842,0.07901334474504895,0.3025583078117759,0.4105569720249292,0.5461198886571684,-0.5776938781592693,0.13677372693789408,0.15190992223943445,0.6891553703125278,-0.3667177071195671,0.013796778351348182,0.17104375402423125,-0.23734182576177398,-0.10024570409099365,-0.3409658673701714,-0.5776938781592693,0.26224222851173784,0.8602705281599905,-0.33566812594911677,0.08826313298627544,5.784193090392806,105,-0.02663428132954282,-0.038508228287139845,-0.2210569271493511,-0.22105692714935132,3,-0.10024570409099365,0.4300995621683795
quarterly_long_6_12_top1_none_0bp,quarterly,long_6_12,1,none,0.0,3.12724938108746,0.08624421461046938,0.28182666204610657,0.44272943656712127,0.6135977852901913,-0.5543860006325041,0.15556708595107482,0.9583292960297431,0.08232447573661217,0.2547917760294302,0.4450014680527197,0.6466525172422669,-0.40961300241947896,0.20098110960917404,1.1075359437531413,0.09029113523023335,0.3062601668652059,0.4442475932751231,0.6005932818001493,-0.5543860006325043,0.16286691064929368,0.1148723407852894,0.5327245315686555,-0.40961300241947896,0.04706275972783258,0.32486326782493985,-0.26112436010778295,-0.03749499740716211,-0.04004506788242288,-0.5543860006325043,0.21429577575944547,0.7437978886269679,-0.3356681259491169,0.0,4.855375832540437,70,-0.023005374542252932,-0.02947472713614463,-0.20133842270305302,-0.2013384227030537,3,-0.03749499740716211,0.4287938996967977
quarterly_medium_3_6_12_top1_ma200_r6_0bp,quarterly,medium_3_6_12,1,ma200_r6,0.0,1.2757043389865816,0.04915544805488414,0.2673803571838985,0.3184633113556113,0.4279463735635609,-0.5687123437585211,0.08643288403065832,0.8279477225516136,0.07358245847913403,0.24897399063652623,0.41618513358445025,0.588369507546923,-0.47530667689311,0.1548104877468021,0.24495044957300416,0.025730120297766224,0.2844359192482509,0.23505218690970012,0.30672082803583195,-0.5687123437585212,0.04524276742038044,0.07064755311170301,0.3890068900107629,-0.47530667689311,0.07727926422458009,0.46765351939757294,-0.2488613708448102,-0.0636241098266721,-0.1836088656101202,-0.5687123437585212,0.10965542190746658,0.492201963412761,-0.465125809472544,0.029257849666983825,6.294005708848715,70,-0.06009414109783817,-0.09403574206861176,-0.21566476582907002,-0.21566476582907057,3,-0.0636241098266721,0.42833020470416794
quarterly_classic_6_12minus1_top3_ma200_r6_20bp,quarterly,classic_6_12minus1,3,ma200_r6,20.0,1.781342735311704,0.06151198427548832,0.207932403380406,0.39953729247341946,0.498426646784607,-0.4984013639641425,0.12341857130213192,0.6994725676427436,0.06441251717330765,0.20018997611506295,0.4194308705553539,0.5393387953883382,-0.3955379959606705,0.16284786248376595,0.6365917216125345,0.058782837611056404,0.21532722339012345,0.381726291941984,0.46680352087702986,-0.4984013639641419,0.11794277034780669,0.06693774222759141,0.4095903499145449,-0.3955379959606705,0.061883575667629476,0.4415697720622303,-0.22174532811810177,-0.05862073226257658,-0.25742863631134766,-0.4984013639641419,0.1718748634296794,0.7952686202657648,-0.28313199750023677,0.15534600094361306,3.8447870165259284,70,-0.047182910817684,-0.06053658274943241,-0.14493252203816764,-0.14493252203816864,3,-0.05862073226257658,0.42558006098838763
bimonthly_long_6_12_top3_ma200_20bp,bimonthly,long_6_12,3,ma200,20.0,3.399838031849625,0.0898563425571135,0.22087355542643844,0.5112211535620381,0.6402699886109772,-0.43883466399943516,0.20476126871606742,0.7710926042682902,0.0689080610865791,0.20986636370886094,0.42999709431920724,0.5547449005206457,-0.3609319325896372,0.19091705350694022,1.48425069431498,0.11128089960391718,0.23135852777988017,0.5861465891874712,0.719760005369263,-0.4388346639994348,0.25358274706407535,0.08312444922660633,0.4721661138914009,-0.3609319325896372,0.053108146356767305,0.3757208356426119,-0.26890569554875265,-0.010795103069002665,0.03747510644005166,-0.4388346639994348,0.22892495078134711,0.9435197821242308,-0.30465456265349744,0.07366310157325533,4.93371904799501,105,-0.01853923820053449,-0.005995421166523629,-0.08196590376223423,-0.0819659037622339,3,-0.010795103069002665,0.4239434747670064
quarterly_medium_3_6_12_top1_ma200_0bp,quarterly,medium_3_6_12,1,ma200,0.0,1.2547804264998015,0.0485900694461765,0.2681619422612637,0.3162532764417492,0.42795909402563653,-0.5687123437585213,0.0854387459309449,0.8111406982287175,0.07241581251645446,0.25065772219053684,0.41063368901120784,0.5885015707281621,-0.47530667689311,0.15235597570353465,0.24495044957300416,0.025730120297766224,0.2844359192482509,0.23505218690970012,0.30672082803583195,-0.5687123437585212,0.04524276742038044,0.07064755311170301,0.3890068900107629,-0.47530667689311,0.07478075990882593,0.45148221284130746,-0.2488613708448102,-0.0636241098266721,-0.1836088656101202,-0.5687123437585212,0.10965542190746658,0.492201963412761,-0.465125809472544,0.014509990485252141,6.294005708848715,70,-0.06065951970654582,-0.09403574206861176,-0.21566476582907024,-0.21566476582907057,3,-0.0636241098266721,0.4202445514260352
quarterly_classic_6_12minus1_top3_ma200_10bp,quarterly,classic_6_12minus1,3,ma200,10.0,2.443609561355355,0.0748255111655527,0.2129224839828722,0.45524388577678565,0.5791534509044018,-0.44068931947229995,0.16979197783860958,0.7031402594213392,0.06468265411998941,0.2046373858877342,0.41596715706976395,0.5391757778242746,-0.3922524784529211,0.16490056194189923,1.0219177735398959,0.08506062675714787,0.22082041772251443,0.4919339327102379,0.6182541194619859,-0.44068931947229995,0.19301721870410443,0.07023427431012275,0.4238397779100022,-0.3922524784529211,0.058759414177231406,0.40954542989741255,-0.2595763721742508,-0.011960458597208956,0.026812300585990403,-0.44068931947229995,0.17659451302528373,0.8017633865187135,-0.28313199750023665,0.1067831539153523,3.767705919723609,70,-0.03414673451674566,-0.03448199867934232,-0.08743108004079458,-0.08743108004079536,3,-0.011960458597208956,0.4166926039037074
quarterly_medium_3_6_12_top1_none_20bp,quarterly,medium_3_6_12,1,none,20.0,1.0454710494275168,0.04264543438924506,0.26916605375779,0.2943851735907112,0.4014181835735183,-0.5823218699192192,0.07323344114683675,0.8455272258367466,0.07479264230996185,0.25272099162167583,0.4183014454732617,0.6094078516398105,-0.4294036305667629,0.17417794584373741,0.10833967702650793,0.011998635361388565,0.28451023160027594,0.18633475965676163,0.2429868526548598,-0.5823218699192196,0.020604816650717634,0.08765930702360292,0.4447202096186744,-0.4294036305667629,0.06079529741327239,0.38861182156272017,-0.2518659253614314,-0.07764028545269608,-0.25133548893111296,-0.5823218699192196,0.0962717743153454,0.4539687720088108,-0.4693962450097152,0.0,6.413891531874405,70,-0.06604946070392725,-0.10732078499910025,-0.22885302799324436,-0.22885302799324636,3,-0.07764028545269608,0.41666601559069727
bimonthly_medium_3_6_12_top3_ma200_r6_20bp,bimonthly,medium_3_6_12,3,ma200_r6,20.0,2.63972700798384,0.07791751212035836,0.21388211718453462,0.46782368722390055,0.5803639271234023,-0.4554064545100306,0.17109443959064963,0.6848496980765097,0.06270531338224328,0.20276174441585257,0.4083674352888381,0.5179043173383087,-0.3603021741778494,0.17403534554107686,1.1602680714719376,0.09341986074830211,0.22445671192431407,0.5227435146700614,0.640241866563078,-0.4554064545100319,0.2051351267052457,0.06319529908938826,0.392815408890301,-0.3603021741778494,0.06245266821029438,0.43667566850004064,-0.2644742854514137,-0.03189019006847116,-0.08588935702322555,-0.4554064545100319,0.2147074118974246,0.9182272731759195,-0.3122335571209658,0.1066406147857602,5.657539284563836,105,-0.030478068637289635,-0.023856460022138704,-0.09853769427282966,-0.09853769427283099,3,-0.03189019006847116,0.41474553869517083
quarterly_classic_6_12minus1_top3_ma200_r12_20bp,quarterly,classic_6_12minus1,3,ma200_r12,20.0,2.066374812694744,0.0675727666590007,0.20977985854284192,0.42574454560236735,0.5236835258377385,-0.4519591630314411,0.14951077926104556,0.6897065172536145,0.0636907007388976,0.1998611648427497,0.4163176714623528,0.5162445849213538,-0.39553799596066963,0.1610229646439092,0.8147381106623803,0.07154421221750318,0.21916186879028549,0.4351199248958818,0.5339883461918139,-0.45195916303144124,0.15829795713761444,0.07249152697382932,0.4420667429484402,-0.39553799596066963,0.054139534893579144,0.38517249296606226,-0.26105286199970534,-0.03374131839100469,-0.10014590779455096,-0.45195916303144124,0.1717077395482811,0.7870474818146872,-0.28313199750023677,0.15101858169203758,3.604199293661628,70,-0.04112212843417162,-0.04777520814298564,-0.0984903211054663,-0.09849032110546796,3,-0.03374131839100469,0.4136196179572512
bimonthly_current_top1_ma200_r12_0bp,bimonthly,current,1,ma200_r12,0.0,1.9200095318063206,0.06421260716023425,0.23948593517938008,0.38689248277080784,0.4889139476534657,-0.41481246549882866,0.15479912611357038,0.7626655092426771,0.06831387656037013,0.21390217737563968,0.4228876653212853,0.524600070655722,-0.33564748384436727,0.20352864194878295,0.6565874333473922,0.0602747702293811,0.26260965451128226,0.3612057066088354,0.46993332213997885,-0.4148124654988292,0.1453060726053596,0.09426487351900725,0.5346652261485108,-0.3266692381110483,0.039525856848676044,0.2925683593006175,-0.25345303419463716,-0.008396354342666945,0.06842055645458378,-0.4148124654988292,0.1234721613103329,0.5521771383666124,-0.2986226433525411,0.14576431613819216,7.811642214860388,105,-0.04480227429904127,-0.057492098573992845,-0.05840740049822968,-0.05840740049823012,3,-0.008396354342666945,0.4136167927245641
bimonthly_current_top3_ma200_r12_20bp,bimonthly,current,3,ma200_r12,20.0,2.3863118836530224,0.07340908811520808,0.19450302593791458,0.4717186496901724,0.5715803594851477,-0.4428383045848504,0.165769508543366,0.6428825582357631,0.05958485567714211,0.17375001690074968,0.42764052291038623,0.524718971990349,-0.29411056894885135,0.2025933848283585,1.0612014332232391,0.08748434173300246,0.21325712953618262,0.5121300494957347,0.6232103914276163,-0.4428383045848502,0.19755369132987904,0.09103688707684632,0.5909809592538592,-0.29411056894885135,0.024777704777528164,0.232044493417194,-0.26794504861533985,-0.04151437178818951,-0.15154731999470047,-0.4428383045848502,0.2128395311696536,0.9532873664669541,-0.25118805841294234,0.20405112180583188,5.758666390741836,105,-0.034986492642439915,-0.029791979037438354,-0.08596954434764947,-0.08596954434764925,3,-0.04151437178818951,0.4115127263355266
quarterly_medium_3_6_12_top1_ma200_r12_10bp,quarterly,medium_3_6_12,1,ma200_r12,10.0,0.7552993759395237,0.03337833105898769,0.26323443020165493,0.26017892638108464,0.33993259969552,-0.5778077196189929,0.05776719473564216,0.782930421196987,0.0704359726637942,0.24369774198231928,0.4075383166834859,0.5627353434956469,-0.4815710795287781,0.14626287926741047,-0.015497545461650164,-0.0018094082628973274,0.2812381898765273,0.13494564255353056,0.17080047796255404,-0.577807719618993,-0.0031315058651179895,0.07310844366496627,0.4029301024944887,-0.4815710795287781,0.06777213813539085,0.4200839930690561,-0.25036364810312195,-0.11093717784249235,-0.44401608468158604,-0.577807719618993,0.10295000305934177,0.47311362006571,-0.4672631667378918,0.07326355851569934,5.934348239771646,70,-0.07559391462331067,-0.12135203369938752,-0.22454948018748755,-0.22454948018748844,3,-0.11093717784249235,0.4115070477817724
quarterly_long_6_12_top3_ma200_r6_0bp,quarterly,long_6_12,3,ma200_r6,0.0,1.6041729034592622,0.057442628888379144,0.2166542554525599,0.3738572154314983,0.4700116488167272,-0.481464179163114,0.11930820894760336,0.6431252784224253,0.0601963588401524,0.20737344862538035,0.3924496323245055,0.5110297565769001,-0.442681774685205,0.1359811094164845,0.5848900492599978,0.054849196300538194,0.2254708809828783,0.35754299371081527,0.43933114858506406,-0.4814641791631131,0.11392165538852285,0.05200041184718951,0.33913815653169255,-0.442681774685205,0.06984222538490115,0.48333910894345855,-0.21811141930274003,-0.05376381255745333,-0.2230135646187755,-0.4814641791631131,0.15861676482371778,0.7174604250818839,-0.2831319975002369,0.11061792557470579,4.4371971078879175,70,-0.05180696026434317,-0.06491666606583979,-0.12841660123366294,-0.1284166012336625,3,-0.05376381255745333,0.41123863273757555
monthly_medium_3_6_12_top3_ma200_r6_20bp,monthly,medium_3_6_12,3,ma200_r6,20.0,1.9940095503420694,0.06542765997685285,0.21107388030313848,0.41477670137303474,0.5147398800653677,-0.39403644136174254,0.1660446931018429,0.6459996250117737,0.05921592223882999,0.204310512835169,0.39081308100421197,0.49201890865801917,-0.39403644136174254,0.15028031933845226,0.8189612590711575,0.07183305786954874,0.21768717682904448,0.43788874045757353,0.5382820861730063,-0.38754138306053254,0.18535583813594608,0.04497059892297606,0.3135875804582457,-0.39403644136174254,0.07646798045408132,0.5086317956954687,-0.2635201567299026,-0.024113496025826797,-0.06704097755671838,-0.38754138306053254,0.1623199860522444,0.7377089233461717,-0.28220840819862614,0.11172555535412469,8.547839732895646,209,-0.04849759214922256,-0.045953006266420626,-0.03860995111116561,-0.0321148928099545,3,-0.024113496025826797,0.4111096880768572
quarterly_medium_3_6_12_top3_ma200_r12_10bp,quarterly,medium_3_6_12,3,ma200_r12,10.0,1.8050958141541558,0.062038893056544975,0.20879768729126802,0.4012201225112316,0.4920675107374907,-0.48491240597497987,0.1279383498795162,0.6709919861119498,0.062297149143782926,0.19903726993335932,0.4104927792109399,0.5147613884165033,-0.4053914176188904,0.1536716033844324,0.6787009378070328,0.06190629085159194,0.2180352829799074,0.3936275695257499,0.4761616981620519,-0.4849124059749793,0.1276648938835073,0.06775790478465016,0.42309691760384033,-0.4053914176188904,0.05646350110143272,0.3963191519126083,-0.25051808698622624,-0.041442819130144914,-0.1459892150411138,-0.4849124059749793,0.16010457014960466,0.7485306584787005,-0.28313199750023677,0.15668642255083196,4.30864051643103,70,-0.04693335262575338,-0.05763633458489825,-0.1316541665434745,-0.13165416654347473,3,-0.041442819130144914,0.4097080347582243
bimonthly_current_top3_ma200_r6_10bp,bimonthly,current,3,ma200_r6,10.0,3.005069210440862,0.08392227547795472,0.20539695325067603,0.5060754157090572,0.6291816545097302,-0.42241178273316493,0.1986740874862573,0.5930257133779726,0.05578489929989683,0.19210947838669704,0.3852277924366051,0.48724910953339035,-0.4038892096178426,0.13811931086913698,1.514127158655986,0.11282238651787413,0.2178707007607228,0.614654191492968,0.7575246278557252,-0.42241178273316415,0.2670910024996712,0.030538758538727562,0.25246467892129987,-0.4038892096178426,0.08590450954097606,0.566472415202957,-0.26598190858999626,-0.011766020472903427,0.023043562831687913,-0.42241178273316415,0.2331495433265134,1.0009844408065178,-0.27011112248648794,0.13244068175389895,6.318349661375653,105,-0.024782949876417826,-0.004699186514314668,-0.0657748317232465,-0.06577483172324616,3,-0.011766020472903427,0.40946854706212843
bimonthly_classic_6_12minus1_top1_ma200_r6_0bp,bimonthly,classic_6_12minus1,1,ma200_r6,0.0,2.6850847145334225,0.07869311698530734,0.2707991896087228,0.42293494473274573,0.5576354404400672,-0.5592953109373713,0.14070047691517162,0.8271176078957514,0.07279599857385954,0.2364097389618063,0.4220444081360159,0.5714352672893863,-0.4404653472075949,0.16527065984954817,1.0168842435804963,0.08474706634206242,0.3013131673818225,0.42911979557873203,0.5643324263185237,-0.5592953109373713,0.151524721707442,0.09818543883805386,0.4937844839295257,-0.4404653472075949,0.04464208030931127,0.32283264315752747,-0.2342362954150201,-0.08782415182500003,-0.28092078330093206,-0.5592953109373713,0.2598015793017514,0.8576368837489147,-0.335668125949117,0.08802650260293422,6.022716516800758,105,-0.03032176447396817,-0.03301980246131153,-0.2028902459367723,-0.20289024593677218,3,-0.08782415182500003,0.40830856354352657
quarterly_long_6_12_top1_none_10bp,quarterly,long_6_12,1,none,10.0,2.8058165538272055,0.08111674958785353,0.28185501556000275,0.42546684612461877,0.5897076819805598,-0.5570543408256295,0.1456173009398465,0.8795852785879676,0.07710856005932487,0.2548346100376028,0.4255671258636872,0.618320844455424,-0.41666231749093086,0.18506247582853044,1.0248171749282524,0.08524092994631927,0.3062767803029646,0.42863867126819194,0.5795738695016874,-0.5570543408256288,0.15302085218469144,0.11016867066341018,0.5174898025151434,-0.41666231749093086,0.04128242313960917,0.2987915196610091,-0.26554875335046313,-0.04183567846963476,-0.05921015024631836,-0.5570543408256288,0.20852666755980964,0.7298340656546587,-0.3356681259491169,0.0,4.855375832540437,70,-0.02785549609444482,-0.034301695490170925,-0.20379610139412419,-0.20379610139412419,3,-0.04183567846963476,0.40814066108807623
quarterly_medium_3_6_12_top1_ma200_r6_10bp,quarterly,medium_3_6_12,1,ma200_r6,10.0,1.048662146902533,0.04274028712447819,0.2674373098324703,0.29489684439306074,0.3963046776090405,-0.5755648347754845,0.07425798892170031,0.7439441775770228,0.06765386957570407,0.24908134891015274,0.3933578509303441,0.5562480814873635,-0.48212359992079545,0.14032474159493216,0.17472919904401274,0.01884812422069948,0.28444906246235824,0.21070807799895994,0.2748878999363318,-0.5755648347754854,0.032747178218508956,0.06565632059883053,0.3718952713317676,-0.48212359992079545,0.07025461933507726,0.43558568585795077,-0.25036364810312195,-0.0706515988776204,-0.2175215094454731,-0.5755648347754854,0.10295000305934177,0.47311362006571,-0.4672631667378918,0.029257849666983825,6.294005708848715,70,-0.06623195855782016,-0.10069450121579071,-0.22230659534397912,-0.22230659534398078,3,-0.0706515988776204,0.4037404785948592
bimonthly_classic_6_12minus1_top1_ma200_r12_20bp,bimonthly,classic_6_12minus1,1,ma200_r12,20.0,2.52841430854612,0.07597481288190133,0.2710147497770744,0.41323781356188977,0.5448950446642243,-0.58274381987124,0.13037429191216188,0.9177136826383256,0.07886566090577873,0.23530706491834835,0.4474139429157669,0.5977751455160051,-0.37177887890883665,0.21213055765095593,0.8399067287729081,0.07325693735157435,0.30256459963328947,0.392358463470012,0.5220476756762188,-0.5827438198712391,0.12571036337675948,0.1456222269605698,0.6672152903950545,-0.37177887890883665,0.007173376614898697,0.13869911060667875,-0.23887019885643912,-0.10566134593274379,-0.3679483343946805,-0.5827438198712391,0.2562333259298375,0.845982451811813,-0.3356681259491172,0.08826313298627544,5.784193090392806,105,-0.03242076787574666,-0.044019383418866465,-0.2258750596340391,-0.2258750596340382,3,-0.10566134593274379,0.4029572005008666
bimonthly_classic_6_12minus1_top1_ma200_0bp,bimonthly,classic_6_12minus1,1,ma200,0.0,3.0123001998213725,0.08403583549860061,0.27386013359892636,0.4397686263233661,0.5924020621377359,-0.5503297996318539,0.15270086329109714,0.8902316686681546,0.07705170290760432,0.24094146804886235,0.43538337571009733,0.6025620444148541,-0.36162601580386544,0.2130701319602922,1.1226499726609709,0.09119489857788587,0.30324921233735186,0.4484199256935606,0.6012535311671748,-0.5503297996318544,0.16570954114949094,0.13024899117131294,0.6037648868418809,-0.36162601580386544,0.019257937101979206,0.19773163426681903,-0.24240560939598588,-0.08320404759754596,-0.254789357189771,-0.5503297996318544,0.2682677571044474,0.8745049525736993,-0.33566812594911677,0.04921911973497397,5.903454803596782,105,-0.024979045960674906,-0.026571970225488073,-0.19392473463125492,-0.19392473463125526,3,-0.08320404759754596,0.40074826055435
quarterly_classic_6_12minus1_top3_ma200_20bp,quarterly,classic_6_12minus1,3,ma200,20.0,2.2334696220723047,0.0708834702547314,0.2129425540927295,0.43749540299342404,0.5563522797694634,-0.44330902483121803,0.1598962941973018,0.6507016128723075,0.06077060946482482,0.20467518813122482,0.3975203139545504,0.5152070944891743,-0.3955379959606705,0.15364038369367533,0.9588456186493357,0.08108071335115019,0.22082424180506596,0.474805210064488,0.596317818112941,-0.4433090248312176,0.18289885567301567,0.06693774222759141,0.4095903499145449,-0.3955379959606705,0.054139534893579144,0.38517249296606226,-0.26105286199970534,-0.0148067135564941,0.010860619160839118,-0.4433090248312176,0.17146825315534087,0.7835520826198679,-0.28313199750023677,0.1067831539153523,3.767705919723609,70,-0.03781142483844091,-0.038238707009338624,-0.0898401829052432,-0.08984018290524431,3,-0.0148067135564941,0.3973814214403036
quarterly_medium_3_6_12_top1_ma200_10bp,quarterly,medium_3_6_12,1,ma200,10.0,1.029823734865396,0.04217830463795913,0.2682153534140142,0.2927562933248536,0.39615729359390084,-0.5755648347754854,0.07328158721582065,0.727907790593147,0.0664935403346516,0.25075711165844045,0.38796681005106215,0.556100174127275,-0.48212359992079545,0.13791803667270247,0.17472919904401274,0.01884812422069948,0.28444906246235824,0.21070807799895994,0.2748878999363318,-0.5755648347754854,0.032747178218508956,0.06565632059883053,0.3718952713317676,-0.48212359992079545,0.06777213813539085,0.4200839930690561,-0.25036364810312195,-0.0706515988776204,-0.2175215094454731,-0.5755648347754854,0.10295000305934177,0.47311362006571,-0.4672631667378918,0.014509990485252141,6.294005708848715,70,-0.06679394104433922,-0.10069450121579071,-0.22230659534398,-0.22230659534398078,3,-0.0706515988776204,0.39598963220041183
quarterly_long_6_12_top1_ma200_r12_0bp,quarterly,long_6_12,1,ma200_r12,0.0,2.1166521595760783,0.06858644377392054,0.2761717831280987,0.38511649425323546,0.5114678076231273,-0.5576277645429843,0.12299682357124382,0.7680910832548618,0.06938340679917854,0.24575607028251387,0.4020707760578568,0.5521587574631709,-0.4748018580537682,0.1461312874460599,0.7627214961339335,0.06793688394880193,0.30330658788669046,0.3753094094891404,0.49317836198569015,-0.5576277645429847,0.12183196079643022,0.08983041889452936,0.46106733379247516,-0.4748018580537682,0.04706275972783258,0.32486326782493985,-0.26112436010778295,-0.07968063655139734,-0.2461424313478074,-0.5576277645429847,0.21429577575944547,0.7437978886269679,-0.3356681259491169,0.07326355851569934,4.375832540437678,70,-0.04066314537880178,-0.051828978417576055,-0.20458018661353328,-0.20458018661353405,3,-0.07968063655139734,0.3929653008087075
quarterly_current_top1_none_0bp,quarterly,current,1,none,0.0,1.1431499293381067,0.04548761403149637,0.2606319795733118,0.3059685001278732,0.4216179774599697,-0.5392662600848829,0.08435093644526624,1.5593614645696148,0.11696774117057807,0.24823194412268207,0.5800431959293134,0.8465541035098322,-0.38042324853736353,0.307467384341759,-0.16262319371191247,-0.020369048941489387,0.27229931660188494,0.05917545364563596,0.07838259940146482,-0.5392662600848817,-0.037771784458169616,0.10816168070120602,0.5183297284268777,-0.38042324853736353,0.12761040669232404,0.6812082236777266,-0.2488613708448093,-0.08014785164770544,-0.26625045071367537,-0.505858633413039,0.03420897342032614,0.2670445826859382,-0.45452107381681617,0.0,6.893434823977165,70,-0.06376197512122594,-0.14013491130786737,-0.1862186821554318,-0.18621868215543103,3,-0.08014785164770544,0.392687155556408
quarterly_medium_3_6_12_top3_ma200_r6_0bp,quarterly,medium_3_6_12,3,ma200_r6,0.0,1.7857442376734927,0.061609940769204785,0.21728497462396404,0.39195932733213334,0.49594141769319705,-0.49761111218863374,0.1238114247453738,0.6496589476721926,0.06069171849815591,0.21312550410128667,0.3897401586657781,0.5083149948861667,-0.4500646219846476,0.13485112033583968,0.6886788882056007,0.06263624501564458,0.22132792837080756,0.39421260654196905,0.4876778563438945,-0.4976111121886325,0.12587388722119347,0.06535331955379586,0.3936498709859409,-0.4500646219846476,0.055744757550929114,0.39012398073702165,-0.24852055794401018,-0.04977106621958827,-0.1945544503080459,-0.4976111121886325,0.170363272627438,0.7741142598350899,-0.2831319975002369,0.09109382148827438,4.873760383585976,70,-0.04763964838351753,-0.05712961735073341,-0.14456353425918267,-0.1445635342591819,3,-0.04977106621958827,0.3918869258614813
quarterly_long_6_12_top1_ma200_r6_0bp,quarterly,long_6_12,1,ma200_r6,0.0,2.123479033482145,0.0687228961147357,0.27744511402001376,0.3850913071952927,0.515577750752999,-0.595990499457665,0.11530871075507353,0.7582624411834245,0.06868195439798974,0.2512631554936508,0.39601990466790754,0.5584976535016669,-0.47480185805376673,0.14465392928224846,0.776457803068261,0.06889854121743766,0.30114266179712074,0.3789191387082433,0.4932279233063529,-0.5959904994576666,0.11560342200107764,0.08624785972669247,0.440955704174652,-0.47480185805376673,0.04949682900189223,0.3381504528753935,-0.26112436010778295,-0.09034046914122906,-0.29918366111427286,-0.5959904994576666,0.22861328551750382,0.7817557754186187,-0.33566812594911677,0.058991436726926735,4.855375832540437,70,-0.040526693037986616,-0.050867321148940325,-0.24294292152821395,-0.24294292152821595,3,-0.09034046914122906,0.38955307852502274
quarterly_medium_3_6_12_top3_ma200_0bp,quarterly,medium_3_6_12,3,ma200,0.0,2.2133115962540644,0.07049273308997428,0.21889821984258936,0.4297931548815217,0.5493526508875798,-0.4664166702924458,0.15113682160154127,0.6446030302780632,0.0603085486345174,0.21333759817380288,0.3878312637005354,0.5101329652644413,-0.4500646219846476,0.13399975400993552,0.9538524112477025,0.08076081865956986,0.2242680619105257,0.46959659272652027,0.5868960031236705,-0.46641667029244493,0.17315165559784243,0.06535331955379586,0.3936498709859409,-0.4500646219846476,0.05493045053869672,0.38535085076245323,-0.24852055794401018,-0.015332003383924597,0.010395252812533442,-0.46641667029244493,0.17136026132454085,0.7745547114024957,-0.2831319975002369,0.06716683510026344,4.792702529068694,70,-0.038756856062748035,-0.03900504370680813,-0.11336909236299475,-0.1133690923629943,3,-0.015332003383924597,0.38950036087419704
quarterly_long_6_12_top3_ma200_r6_10bp,quarterly,long_6_12,3,ma200_r6,10.0,1.4182464613591055,0.052881624599359744,0.21667939889265914,0.3533466254095478,0.44426321987964124,-0.48596508069817923,0.10881774575939789,0.5853107577594836,0.055735682678429876,0.20740400323993016,0.37161606199513963,0.4840235611788301,-0.4467808693859633,0.12474948346609074,0.5254084724541954,0.050180769072732945,0.22549113453886963,0.33729066951883335,0.41430219365937704,-0.48596508069817934,0.10326003053684212,0.04784433103953489,0.32176859852569456,-0.4467808693859633,0.06500880465839987,0.45675444862676556,-0.2199294108505283,-0.05742217539708261,-0.2450365114068388,-0.48596508069817934,0.15291547309578046,0.697714444104294,-0.2831319975002369,0.11061792557470579,4.4371971078879175,70,-0.05609062108293861,-0.06936185636375725,-0.13270684126667387,-0.13270684126667476,3,-0.05742217539708261,0.38926152357623006
quarterly_medium_3_6_12_top3_ma200_r12_20bp,quarterly,medium_3_6_12,3,ma200_r12,20.0,1.6101787783985864,0.05758478889398111,0.20882939971208883,0.3805170430513419,0.46663529338726023,-0.48732546745511074,0.1181649487655505,0.6165964120967511,0.05816701082129061,0.1990815113584556,0.3904188640568534,0.48958721240532543,-0.4099158864732606,0.14189986956039805,0.6146137396241973,0.057124296666136054,0.21805575089471876,0.3723114638207287,0.45030721147668346,-0.48732546745510996,0.11722001102148036,0.06450625471619342,0.4083117504481612,-0.4099158864732606,0.051330610675136334,0.3692897609683596,-0.25251312143464855,-0.04531234242758464,-0.1686401145547369,-0.48732546745510996,0.1543987198072092,0.7277579764360487,-0.28313199750023665,0.15668642255083196,4.30864051643103,70,-0.05111010619919121,-0.06219512369435276,-0.1338566255291359,-0.13385662552913669,3,-0.04531234242758464,0.3888007557082604
quarterly_medium_3_6_12_top1_ma200_r12_20bp,quarterly,medium_3_6_12,1,ma200_r12,20.0,0.5893927883228198,0.02740823775439538,0.26332374483891274,0.23758179960364137,0.3104182255628811,-0.5836935141035953,0.046956556980913965,0.707676087610807,0.06501602305114829,0.2438303663031942,0.38614160450169527,0.5333733088692459,-0.48777200271369303,0.1332918303827099,-0.06926565298075171,-0.00828868026435392,0.28129008848016784,0.11115918606629974,0.14067308880793583,-0.583693514103595,-0.014200398092624394,0.06904950604537996,0.38841316523010233,-0.48777200271369303,0.06079529741327239,0.38861182156272017,-0.2518659253614314,-0.1171774348280018,-0.47674680975796496,-0.583693514103595,0.0962717743153454,0.4539687720088108,-0.4693962450097152,0.07326355851569934,5.934348239771646,70,-0.08128665733877694,-0.12760810062484274,-0.23022467217762044,-0.23022467217762177,3,-0.1171774348280018,0.38851249339641125
quarterly_long_6_12_top1_none_20bp,quarterly,long_6_12,1,none,20.0,2.5088498899275318,0.07600333816516147,0.2819172468604716,0.4081586744110194,0.5656978972710397,-0.5597120076722398,0.13579007976128332,0.8038608402909133,0.07190751999834144,0.25491526466508574,0.40607905879523476,0.5899149484662595,-0.4236413509138879,0.1697367828783027,0.9451887925909173,0.08020405665865482,0.3063242785470737,0.41298979908763334,0.5584363444681136,-0.5597120076722404,0.14329522247023366,0.10547571645815257,0.5022076814464215,-0.4236413509138879,0.03552249754467285,0.2726666524760465,-0.2699554490438152,-0.04616543264394568,-0.07836822992741886,-0.5597120076722404,0.20277347783999078,0.7158181503174231,-0.335668125949117,0.0,4.855375832540437,70,-0.032691556928010845,-0.039115363701833994,-0.206243165746265,-0.2062431657462671,3,-0.04616543264394568,0.387437166961234
quarterly_long_6_12_top3_ma200_r12_0bp,quarterly,long_6_12,3,ma200_r12,0.0,1.7905763929261078,0.061717313860785605,0.21616221575621553,0.39338966102540723,0.48388615716420275,-0.4468050126020484,0.13813030767350584,0.5993632121935473,0.05683294195614064,0.20436774854491246,0.3792733226254484,0.4762058045001814,-0.4426817746852042,0.1283832884165045,0.7448046645382114,0.06667254908271181,0.22724132189190743,0.4070099078172479,0.4946579657145891,-0.44680501260204786,0.14922068285320356,0.05249099341566432,0.3477938682554232,-0.4426817746852042,0.0620470308864669,0.42511815173400275,-0.2580984087515379,-0.0279186099487847,-0.06724609665472163,-0.44680501260204786,0.1557907545311794,0.7047581832535283,-0.2831319975002369,0.1262911762392642,4.077927087844596,70,-0.04753227529193671,-0.05309331328366618,-0.09375743467259734,-0.09375743467259723,3,-0.0279186099487847,0.38645600999471297
monthly_current_top3_ma200_r6_10bp,monthly,current,3,ma200_r6,10.0,2.4646240906360126,0.07445491264270676,0.20419978853050633,0.464082381328896,0.5735813438620543,-0.41349836522109007,0.18006096010294279,0.5554916821627542,0.05232303122972248,0.19713532289324465,0.3639055519861203,0.4488928381081968,-0.41349836522109007,0.12653745608340267,1.2273498022302372,0.09730383306286794,0.21108138761460396,0.5590756661470418,0.6936862874255559,-0.36620987942656313,0.26570510117103624,0.0364027568867662,0.27842655777918596,-0.41349836522109007,0.0715685657581655,0.49113931381824566,-0.2881038720887533,-0.010300171442502615,0.014899103019362722,-0.36620987942656313,0.19973747658138397,0.8845598893325974,-0.2792837043168056,0.1346185469897923,10.947438954509778,209,-0.03989777196543409,-0.020848759704578335,-0.05845083313263666,-0.011162347338111056,3,-0.010300171442502615,0.3847829357987158
quarterly_long_6_12_top1_ma200_0bp,quarterly,long_6_12,1,ma200,0.0,2.671530225392968,0.07885281580309833,0.28099315567847577,0.41824320033415907,0.5752390228475326,-0.5543860006325045,0.14223450035378665,0.7420961366166012,0.06752063373962769,0.25293160426174,0.3906765339337659,0.5585245212294316,-0.47480185805376673,0.14220802339821853,1.1075359437531413,0.09029113523023335,0.3062601668652059,0.4442475932751231,0.6005932818001493,-0.5543860006325043,0.16286691064929368,0.08624785972669247,0.440955704174652,-0.47480185805376673,0.04706275972783258,0.32486326782493985,-0.26112436010778295,-0.03749499740716211,-0.04004506788242288,-0.5543860006325043,0.21429577575944547,0.7437978886269679,-0.3356681259491169,0.014509990485252141,4.735490009514748,70,-0.030396773349623984,-0.02947472713614463,-0.20133842270305347,-0.2013384227030537,3,-0.03749499740716211,0.3829094859997959
quarterly_long_6_12_top3_ma200_0bp,quarterly,long_6_12,3,ma200,0.0,1.982553431297681,0.06584746210488346,0.22087718787441207,0.4077146963156807,0.5201735482902857,-0.442681774685205,0.14874672026357577,0.596012530349189,0.05657208489294052,0.21170399933819126,0.37213673137449405,0.4886253028481399,-0.442681774685205,0.12779402299353626,0.8687531423360115,0.0751946470063316,0.2296003258249266,0.4408537907925155,0.5510971196061515,-0.44079441235460615,0.17058892966601338,0.05200041184718951,0.33913815653169255,-0.442681774685205,0.0620470308864669,0.42511815173400275,-0.2580984087515379,-0.010388160517622036,0.037035939243821085,-0.44079441235460615,0.15513621715625248,0.7009094597169837,-0.28313199750023654,0.07195482632029902,4.320609386246297,70,-0.04340212704783886,-0.04457121536004638,-0.0896341967557539,-0.08774683442515552,3,-0.010388160517622036,0.3821281541328476
bimonthly_current_top1_ma200_r12_10bp,bimonthly,current,1,ma200_r12,10.0,1.5611675293808243,0.05613903948733001,0.2395171201023664,0.35422757632067037,0.4474893606362223,-0.4206398190699654,0.1334610679784273,0.6615860324826794,0.0609841448400521,0.2138852986313475,0.3899920929068763,0.4834306141896776,-0.3422644880003515,0.178178417504972,0.5413992891803678,0.05145141443660095,0.2626803564371763,0.3284406872213383,0.4272556298644382,-0.42063981906996484,0.12231703253952536,0.08687743474004872,0.502487663588486,-0.3347069151044505,0.03222778573013252,0.2587497874912395,-0.26088796104563183,-0.015837584850274977,0.03262719632001568,-0.42063981906996484,0.11330419500216715,0.5205804810541219,-0.2988781930277513,0.14576431613819216,7.811642214860388,105,-0.052566185867042536,-0.06607015859558785,-0.06400286806004696,-0.06400286806004685,3,-0.015837584850274977,0.38061872553986276
bimonthly_classic_6_12minus1_top1_ma200_r6_10bp,bimonthly,classic_6_12minus1,1,ma200_r6,10.0,2.3307546253865796,0.07237830725264649,0.27078770496785287,0.40067490101211095,0.5285303512055157,-0.5654274096555347,0.1280063647723414,0.7327159377366412,0.06618165858197322,0.23645402471818502,0.3952608350831321,0.5353439085232127,-0.44492765731026807,0.1487470097544909,0.9222739012474115,0.07872080828059858,0.30125761634124737,0.41011045434337984,0.5394985994432475,-0.5654274096555355,0.13922354476688023,0.09172521462888872,0.4708731255321171,-0.44492765731026807,0.0378302536135795,0.2895159863690527,-0.23423629541501978,-0.09375975884355436,-0.31015572084662574,-0.5654274096555355,0.2538165451266867,0.8433573019376824,-0.3356681259491169,0.08802650260293422,6.022716516800758,105,-0.03632691810172606,-0.03880076475159022,-0.2087904586456163,-0.20879045864561752,3,-0.09375975884355436,0.3801945559505849
quarterly_medium_3_6_12_top1_ma200_r6_20bp,quarterly,medium_3_6_12,1,ma200_r6,20.0,0.843891936794329,0.036351905224148995,0.26753946518554045,0.2712945676801853,0.3645415892913644,-0.582321869919219,0.062425794224750336,0.6636523757240123,0.0617468534258907,0.249230835531935,0.37048760230276534,0.5240962046694203,-0.4903666894772377,0.12591975505456293,0.10833967702650793,0.011998635361388565,0.28451023160027594,0.18633475965676163,0.2429868526548598,-0.5823218699192196,0.020604816650717634,0.060679125042161886,0.3547542894213141,-0.4903666894772377,0.0632623636330285,0.40344797997847665,-0.2518659253614314,-0.07764028545269608,-0.25133548893111296,-0.5823218699192196,0.0962717743153454,0.4539687720088108,-0.4693962450097152,0.029257849666983825,6.294005708848715,70,-0.07234298986902332,-0.10732078499910025,-0.22885302799324414,-0.22885302799324636,3,-0.07764028545269608,0.37910113469989537
quarterly_current_top1_ma200_r12_0bp,quarterly,current,1,ma200_r12,0.0,0.8000360454837037,0.034897127483280554,0.25275193485028796,0.26613148102863415,0.3461498137957227,-0.5221192885039883,0.06683746080952148,1.0724821074874482,0.08956641908620111,0.23536957502147346,0.4905196985999787,0.6596095318953111,-0.3784595486454756,0.236660481699467,-0.13145882467185022,-0.016209549665378464,0.2688302965004037,0.07266073837705983,0.09315015719895406,-0.5221192885039867,-0.03104568251409217,0.09457581878020016,0.4877195974169163,-0.3784595486454756,0.08437761512306774,0.5004628883855292,-0.2488613708448093,-0.07167718868786721,-0.24339947594275094,-0.4984219787965317,0.03420897342032614,0.2670445826859382,-0.45452107381681617,0.1027592768791627,6.054234062797336,70,-0.07435246166944176,-0.13597541203175645,-0.16907171057453718,-0.16907171057453607,3,-0.07167718868786721,0.37738209005142725
bimonthly_long_6_12_top1_ma200_r6_10bp,bimonthly,long_6_12,1,ma200_r6,10.0,3.595743789257569,0.09261720011561825,0.27388296515827315,0.46944559440883227,0.6193577902018667,-0.4878530231347382,0.18984652287383422,0.5798739380951374,0.05476500315288568,0.2406878626400884,0.3469359887762439,0.4660755534766495,-0.4878530231347382,0.11225717696897483,1.908930692785959,0.13180338592242635,0.3034685174986491,0.5723351548140932,0.7543795209927902,-0.4682630790932357,0.28147294076153934,0.031194794885135213,0.25101344929553115,-0.4878530231347382,0.08285015739185808,0.4999076147085298,-0.2474368831739625,-0.005825824954221681,0.09218073652200799,-0.4682630790932357,0.26610825166881114,0.8657589023155562,-0.335668125949117,0.06838618078561287,6.380501656412684,105,-0.0160880252387543,0.014281812890237555,-0.13121607212481978,-0.11162612808331773,3,-0.005825824954221681,0.37546053200203044
quarterly_long_6_12_top1_ma200_r12_10bp,quarterly,long_6_12,1,ma200_r12,10.0,1.8970408210039782,0.06403964211542901,0.2762125385442929,0.3692414598406705,0.4905500341269076,-0.5593950425083791,0.11448017456191482,0.7072210589022803,0.06498261516879933,0.2458340601922557,0.3848533142437108,0.5285011992685517,-0.4800323525122602,0.13537132409661837,0.6969336254947256,0.06323725812325698,0.30331788930346837,0.3603424506533319,0.47375160687268647,-0.5593950425083793,0.11304579647273104,0.08668258741185353,0.45000431817078795,-0.4800323525122602,0.04128242313960917,0.2987915196610091,-0.26554875335046313,-0.08337037567223038,-0.26383831946044073,-0.5593950425083793,0.20852666755980964,0.7298340656546587,-0.3356681259491169,0.07326355851569934,4.375832540437678,70,-0.044932603566869345,-0.05630536731323321,-0.20613680307687376,-0.20613680307687476,3,-0.08337037567223038,0.3743979189158985
bimonthly_current_top3_ma200_r6_20bp,bimonthly,current,3,ma200_r6,20.0,2.601688273876876,0.0772600083297883,0.2054585725953141,0.47516981598746083,0.5907830316746252,-0.42933618018798403,0.17995224231035026,0.5064349315510359,0.04892812674981872,0.19219515013721786,0.3504768527918951,0.4430750038647489,-0.4124221281420083,0.11863603674769706,1.3908687978766867,0.10635483938530443,0.21791096269172341,0.5870477281016979,0.7237737512878106,-0.42933618018798303,0.2477192565945349,0.024452431430190602,0.2230165014924084,-0.4124221281420083,0.0780829226401758,0.5245546839449156,-0.2679450486153391,-0.017075608011424603,-0.00767522745689377,-0.42933618018798303,0.22549500747330575,0.9746488520535675,-0.2735241209964733,0.13244068175389895,6.318349661375653,105,-0.031135572427859692,-0.010921481385136378,-0.0724674199507831,-0.0724674199507821,3,-0.017075608011424603,0.37378559271866196
bimonthly_classic_6_12minus1_top1_ma200_10bp,bimonthly,classic_6_12minus1,1,ma200,10.0,2.633760511359477,0.07781480979861333,0.2738562784884437,0.41818863286671565,0.5634984496275623,-0.5556984884721987,0.1400306306618762,0.7925654925417878,0.07041087422574965,0.24097708525953038,0.4091066838352628,0.5662661024044172,-0.3667177071195672,0.1920029299343116,1.0271284516399821,0.08538449638842782,0.3032137490333614,0.43031334373086083,0.5770952972863532,-0.5556984884721977,0.15365256188329496,0.1235999029874939,0.5808770494164897,-0.3667177071195672,0.012611378438865506,0.1659116045093309,-0.2439207981771936,-0.08871239555367993,-0.28151677497891126,-0.5556984884721977,0.26224222851173784,0.8602705281599905,-0.33566812594911677,0.04921911973497397,5.903454803596782,105,-0.03089041555575922,-0.032137076643760976,-0.19906153746228028,-0.19906153746227973,3,-0.08871239555367993,0.3733943269629103
quarterly_medium_3_6_12_top1_ma200_20bp,quarterly,medium_3_6_12,1,ma200,20.0,0.8269309766791026,0.03579318355783867,0.26831430598989936,0.2692229630954391,0.3642478322813333,-0.5823218699192194,0.06146632198925305,0.648349341404489,0.06059256766943788,0.2508993612395281,0.3652554865843229,0.523666176108417,-0.4903666894772377,0.12356583138637219,0.10833967702650793,0.011998635361388565,0.28451023160027594,0.18633475965676163,0.2429868526548598,-0.5823218699192196,0.020604816650717634,0.060679125042161886,0.3547542894213141,-0.4903666894772377,0.06079529741327239,0.38861182156272017,-0.2518659253614314,-0.07764028545269608,-0.25133548893111296,-0.5823218699192196,0.0962717743153454,0.4539687720088108,-0.4693962450097152,0.014509990485252141,6.294005708848715,70,-0.07290171153533365,-0.10732078499910025,-0.22885302799324458,-0.22885302799324636,3,-0.07764028545269608,0.37168305549201713
quarterly_current_top1_none_10bp,quarterly,current,1,none,10.0,0.910112276507296,0.03848795516917902,0.26067954193218806,0.2794929052168314,0.38500209729612667,-0.5617584516191729,0.06851335312934599,1.4271196612364268,0.11001429365784055,0.24828764425845867,0.5542210235739176,0.809024934666473,-0.386594282498526,0.2845729971659889,-0.21301272985682185,-0.02739340968708348,0.2723386964077688,0.03203025549479499,0.04239649315326941,-0.561758451619174,-0.04876368056079369,0.10152360572641972,0.49604245487449394,-0.386594282498526,0.12025728395037283,0.649611444109364,-0.2503636481031215,-0.08705133022812994,-0.30003245897688235,-0.5137097722681514,0.027069762694050592,0.24383818018392475,-0.4567008076058442,0.0,6.893434823977165,70,-0.07048429051311933,-0.14693603512357367,-0.20850021218766757,-0.20850021218766945,3,-0.08705133022812994,0.36994031752920936
quarterly_long_6_12_top1_ma200_r6_10bp,quarterly,long_6_12,1,ma200_r6,10.0,1.8802320282716947,0.06367838682911131,0.27747565657227635,0.36756240519763556,0.49231043476142294,-0.5992124905655436,0.10627012592646545,0.6909483493376627,0.06378268947367416,0.25134195149003413,0.37726360260986364,0.5321221407442948,-0.48003235251225995,0.13287164737931942,0.7033234808146993,0.06370072027027618,0.3011335759960885,0.3622618148248728,0.47177679820790075,-0.5992124905655429,0.10630739724760206,0.08214670951250302,0.42715780637538353,-0.48003235251225995,0.04370331796041116,0.3115556832114197,-0.26554875335046313,-0.09489727571976436,-0.3213068076465038,-0.5992124905655429,0.2227764199169422,0.7677258628118478,-0.33566812594911677,0.058991436726926735,4.855375832540437,70,-0.04529385885318704,-0.05584190516621401,-0.24595425113403824,-0.24595425113403835,3,-0.09489727571976436,0.36935674479340164
quarterly_medium_3_6_12_top3_ma200_r6_10bp,quarterly,medium_3_6_12,3,ma200_r6,10.0,1.5680592373435696,0.05658124694357536,0.21729986558924747,0.36950088641957396,0.46759375759528043,-0.5023086231508762,0.1126423961998763,0.5874453034453146,0.05590290601150261,0.21315384579569888,0.36798884897943895,0.4801282283870468,-0.4548051384180811,0.12291617066145298,0.6177308482818162,0.05736073544473985,0.22133001154598772,0.37107117889514396,0.45887069092511706,-0.5023086231508764,0.11419420810442794,0.06099906965713653,0.375764262074988,-0.4548051384180811,0.05044507392718356,0.36255785897532783,-0.25051808698622624,-0.05392932663357697,-0.21921647875705247,-0.5023086231508764,0.16394239424968604,0.7514095169828475,-0.283131997500237,0.09109382148827438,4.873760383585976,70,-0.052390998738722994,-0.06218188999175034,-0.14905038371937085,-0.14905038371937185,3,-0.05392932663357697,0.3691610605251579
quarterly_long_6_12_top3_ma200_r6_20bp,quarterly,long_6_12,3,ma200_r6,20.0,1.2453750696162502,0.04833431898058205,0.21673105089811667,0.332800084875743,0.41832139956942416,-0.49043263361247136,0.09855445104571633,0.5294591425449364,0.0512880025870599,0.20746112358334853,0.35074371009067973,0.45680915629350616,-0.4508552263231774,0.11375714329702848,0.46808437516026746,0.045526818817424264,0.22553788780471384,0.31700473207865915,0.389204447018788,-0.49043263361247247,0.09282991321780273,0.04369943502774665,0.3043788749955689,-0.4508552263231774,0.060190802615303296,0.4300826178209868,-0.2217453281181021,-0.06107093257293039,-0.2670225873524249,-0.49043263361247247,0.14723436125924172,0.6779048951956318,-0.28313199750023654,0.11061792557470579,4.4371971078879175,70,-0.06036057611259027,-0.07379260154306455,-0.13696379168649653,-0.1369637916864992,3,-0.06107093257293039,0.36723074640827785
quarterly_medium_3_6_12_top3_ma200_10bp,quarterly,medium_3_6_12,3,ma200,10.0,1.966228106534631,0.06550613115102832,0.21890821544926004,0.40787193823492773,0.5213655133333013,-0.46961630626953255,0.13948862140538962,0.5825827839444184,0.05552167993009993,0.21336320305864875,0.3661048256423993,0.48168196627537574,-0.4548051384180811,0.12207795216038532,0.8742956998063818,0.07556392749154806,0.2242634209993867,0.4474823872469821,0.5591098635963647,-0.4696163062695323,0.16090567231747438,0.06099906965713653,0.375764262074988,-0.4548051384180811,0.04963530875607991,0.35786977405455217,-0.25051808698622624,-0.019473036432845037,-0.01260923375417719,-0.4696163062695323,0.16510250823330752,0.752585809896315,-0.283131997500237,0.06716683510026344,4.792702529068694,70,-0.04346611453127003,-0.043978697944942136,-0.11635806683802719,-0.11635806683802774,3,-0.019473036432845037,0.3668170180647701
quarterly_long_6_12_top3_ma200_r12_10bp,quarterly,long_6_12,3,ma200_r12,10.0,1.6069357923338292,0.057508065205186254,0.21618690182504022,0.37449414889102545,0.4606946317760916,-0.4493868278037003,0.12797007310215763,0.5482253856055836,0.05279818886146237,0.20439199939219344,0.3600991439071655,0.4522256669514517,-0.4467808693859614,0.11817468580072864,0.6838218883190179,0.062281400493730654,0.22726650361991427,0.3883123267963038,0.4719224543415825,-0.44938682780369965,0.13859195828707357,0.04911077530140662,0.33286190743773125,-0.4467808693859614,0.05724543018459527,0.4000656105073375,-0.2595763721742519,-0.031352690308012576,-0.08710941023425713,-0.44938682780369965,0.1504371656468937,0.6863015771555984,-0.283131997500237,0.1262911762392642,4.077927087844596,70,-0.0514641804771121,-0.05726122494275954,-0.09612858837219496,-0.09612858837219507,3,-0.031352690308012576,0.36646375897253436
bimonthly_current_top1_ma200_r6_0bp,bimonthly,current,1,ma200_r6,0.0,1.5418493603075292,0.055674732443492525,0.24696509508618586,0.34909370231380166,0.45563918423609817,-0.47065198631132643,0.1182927812115189,0.5572546617516634,0.05299324501838987,0.23021153132241345,0.3445942064620789,0.45446647563432013,-0.47065198631132643,0.11259539226365008,0.6322631248047361,0.05845774909310664,0.26266587331862595,0.3544612665462982,0.46196637072289437,-0.3843329443258636,0.15210184283224543,0.01372585879187227,0.17880211980409694,-0.47065198631132643,0.10036743466933218,0.5622662022050273,-0.21483947656119506,-0.012069141066905376,0.050907937147743235,-0.3843329443258636,0.1234721613103329,0.5521771383666124,-0.2986226433525411,0.08684335068622812,8.646474207288216,105,-0.05334014901578299,-0.05930911971026731,-0.11424692131072745,-0.027927879325264526,3,-0.012069141066905376,0.36548962908535465
bimonthly_long_6_12_top1_ma200_10bp,bimonthly,long_6_12,1,ma200,10.0,4.0038007933989,0.09802862839212412,0.2769161739279235,0.48563301672596065,0.6543673043369499,-0.46826307909323506,0.2093452009540257,0.6344441938329439,0.05894893242604127,0.2451336411229717,0.3615481015474174,0.4964401535327592,-0.4156912768714408,0.14180940449292173,2.0614693436944256,0.13853066051245144,0.3054073270955459,0.5906049913035835,0.7935894663949419,-0.4682630790932357,0.2958393832388153,0.06130219946235105,0.3600647652943794,-0.4156912768714408,0.056537315906364016,0.3693991099158615,-0.2543714287952319,-0.0007906563363885288,0.11532737000111083,-0.4682630790932357,0.2746165356767276,0.882400989485304,-0.3356681259491171,0.029578797917652628,6.380501656412684,105,-0.01067659696224843,0.021009087480262645,-0.11162612808331662,-0.11162612808331773,3,-0.0007906563363885288,0.36473193760512046
quarterly_long_6_12_top1_ma200_10bp,quarterly,long_6_12,1,ma200,10.0,2.3923772449462146,0.07388575709703549,0.28103409145857267,0.40135401784105595,0.5521002232734081,-0.5570543408256283,0.13263653414409626,0.675399283921243,0.0626265674420905,0.2530027073015118,0.37204938912989904,0.531916244490487,-0.48003235251225995,0.13046322214395129,1.0248171749282524,0.08524092994631927,0.3062767803029646,0.42863867126819194,0.5795738695016874,-0.5570543408256288,0.15302085218469144,0.08214670951250302,0.42715780637538353,-0.48003235251225995,0.04128242313960917,0.2987915196610091,-0.26554875335046313,-0.04183567846963476,-0.05921015024631836,-0.5570543408256288,0.20852666755980964,0.7298340656546587,-0.3356681259491169,0.014509990485252141,4.735490009514748,70,-0.035086488585262865,-0.034301695490170925,-0.20379610139412296,-0.20379610139412419,3,-0.04183567846963476,0.3629746630181963
quarterly_long_6_12_top3_ma200_10bp,quarterly,long_6_12,3,ma200,10.0,1.7750089403523281,0.061370767677910054,0.22090306716956015,0.38812024724383754,0.49509927796014125,-0.4467808693859633,0.13736212063478778,0.5398360185082991,0.05212507421352597,0.21173484836767015,0.35172577578118835,0.4618690968870766,-0.4467808693859633,0.11666809790930499,0.8021457525331817,0.07067940619019075,0.22962170989230643,0.42197504914952455,0.527234817449573,-0.44377719915417035,0.159267772938547,0.04784433103953489,0.32176859852569456,-0.4467808693859633,0.05724543018459527,0.4000656105073375,-0.2595763721742519,-0.013894592805428041,0.01758149698507848,-0.44377719915417035,0.14961788665356734,0.6819157038278324,-0.283131997500237,0.07195482632029902,4.320609386246297,70,-0.0476014780043883,-0.04886321924629944,-0.09352262995445793,-0.09051895972266577,3,-0.013894592805428041,0.36091710451651604
monthly_medium_3_6_12_top1_ma200_r6_0bp,monthly,medium_3_6_12,1,ma200_r6,0.0,2.056205059949162,0.06669440354846246,0.2676428403174767,0.3821648134608114,0.5038712386151173,-0.4543449033812236,0.14679245448143988,0.26282440493315407,0.027303961501664142,0.2382520947285972,0.23491133671790101,0.32126337611538625,-0.4543449033812236,0.060095230074044485,1.4201346188830914,0.10791669498682199,0.2943210037965192,0.5063785004034266,0.6577646803503547,-0.37729234804422185,0.2860293762813691,-0.004042351482633877,0.1182438594337542,-0.4543449033812236,0.06546269351038791,0.42487499263084477,-0.3037691616121758,0.03931980095259702,0.2898995503076429,-0.3261102140950086,0.1710286606793503,0.6439456261302919,-0.3772923480442224,0.06267672007540057,11.697455230914233,209,-0.048085801643775516,-0.010602535139234037,-0.09967654300535389,-0.022623987668353385,3,-0.004042351482633877,0.3573872714692439
quarterly_current_top1_ma200_r12_10bp,quarterly,current,1,ma200_r12,10.0,0.6269564586194623,0.028809691969129414,0.2528163806835451,0.24216210024534598,0.3150466921898915,-0.5436239747922074,0.05299562437462681,0.9851757004123696,0.08406049456695763,0.23548318203894308,0.46837457135394445,0.6303010977569774,-0.3821807187837347,0.21994959566373387,-0.18044712199453972,-0.02280993018881572,0.2688511210370694,0.04692356095554633,0.060143746524476044,-0.5436239747922075,-0.041959021762302685,0.08995826569740117,0.4708526180728519,-0.3821807187837347,0.07784898169394694,0.4706663904103211,-0.2517614014759193,-0.07771786538998837,-0.2739740717891905,-0.5054015831117992,0.027069762694050592,0.24383818018392475,-0.4567008076058442,0.1027592768791627,6.054234062797336,70,-0.08016255371316894,-0.1423525556253059,-0.190365735360702,-0.1903657353607029,3,-0.07771786538998837,0.35725228529712294
bimonthly_classic_6_12minus1_top1_none_0bp,bimonthly,classic_6_12minus1,1,none,0.0,3.3533656158976193,0.08918444003204695,0.27801486199229164,0.45482279193245045,0.6311206432810031,-0.514827706560318,0.17323162466897646,0.7202166687936897,0.0652821482125443,0.24768319949091508,0.38480996685882735,0.5579301919239683,-0.39516350540276535,0.16520287759368443,1.5307077270390708,0.11367089279516596,0.3053603676512233,0.5161557612635308,0.7004518870552209,-0.5148277065603184,0.220794046914505,0.10723004922648682,0.5140243416879802,-0.39516350540276535,0.019257937101979206,0.19773163426681903,-0.24240560939598588,-0.04185960937677857,-0.05739130591953827,-0.5148277065603184,0.2682677571044474,0.8745049525736993,-0.33566812594911677,0.0,6.261239943208708,105,-0.019830441427228562,-0.004095976008207991,-0.15842264155971897,-0.1584226415597193,3,-0.04185960937677857,0.3558779879773996
quarterly_long_6_12_top1_ma200_r12_20bp,quarterly,long_6_12,1,ma200_r12,20.0,1.6925283927729828,0.059503559151138585,0.2762830934002791,0.35333299546271657,0.4694958374697103,-0.5611579020598874,0.1060371045880564,0.6483357296612204,0.060591536753863195,0.24594432197112037,0.3675985321147262,0.5047810406512887,-0.4852200572640497,0.12487434483956247,0.6334830000477958,0.05854944184801725,0.30335728708398674,0.3453446189815492,0.45416822687020947,-0.5611579020598869,0.10433683929798575,0.08353828703415345,0.43891863498061406,-0.4852200572640497,0.03552249754467285,0.2726666524760465,-0.2699554490438152,-0.08705175841696056,-0.2815046082489585,-0.5611579020598869,0.20277347783999078,0.7158181503174231,-0.335668125949117,0.07326355851569934,4.375832540437678,70,-0.04919133594203373,-0.06076997851247157,-0.20768906013391253,-0.20768906013391364,3,-0.08705175841696056,0.3557926437283303
monthly_long_6_12_top1_ma200_r12_0bp,monthly,long_6_12,1,ma200_r12,0.0,3.262637701229619,0.08740375828323388,0.2674530235616645,0.4560424646108113,0.5937724097517023,-0.4438940842496891,0.19690228228873968,0.7029074860482183,0.06338012158261175,0.23172518383458673,0.3873724322086887,0.5138784409786402,-0.37273277995939014,0.1700417161847614,1.503152834873935,0.11225805344685025,0.29920932041081294,0.5162971017543598,0.6758049848243719,-0.4438940842496889,0.25289378126450873,0.11013416842038626,0.551519127059438,-0.3579368041577137,0.01135141580942678,0.15915110447800557,-0.3727327799593899,-0.02494176363940459,-0.005774774791660371,-0.4438940842496889,0.2463211696717149,0.8190222435480741,-0.33566812594911677,0.09330819981149858,10.866163996229973,209,-0.027376446909004093,-0.006261176679205782,-0.08922572387381944,-0.08922572387382044,3,-0.02494176363940459,0.3553351157687218
bimonthly_classic_6_12minus1_top1_ma200_r6_20bp,bimonthly,classic_6_12minus1,1,ma200_r6,20.0,2.0099231238491333,0.06608871771848213,0.27081745164089216,0.37835535655071145,0.49925917742802245,-0.5714845068240767,0.11564393597607465,0.6430284201510599,0.059595822578423,0.23654746379582337,0.36841072308114003,0.49921308597575154,-0.4493621180350009,0.13262315666266525,0.8319361290003784,0.07271679073447168,0.30123758381584853,0.3910479879036916,0.5145051816652779,-0.5714845068240759,0.12724192846203722,0.08529133915736131,0.4479149164181842,-0.4493621180350009,0.031049834844541158,0.2560923202702677,-0.23423629541501945,-0.09966762521081118,-0.33940931118048784,-0.5714845068240759,0.24784856634213615,0.8290261400406842,-0.3356681259491172,0.08802650260293422,6.022716516800758,105,-0.042306863039165865,-0.04455953003596913,-0.21461574658687577,-0.214615746586875,3,-0.09966762521081118,0.35200361834422594
quarterly_long_6_12_top1_ma200_r6_20bp,quarterly,long_6_12,1,ma200_r6,20.0,1.6555204479424828,0.05864819930785825,0.2775388562411112,0.34999617390400983,0.46888679652369175,-0.602414373154284,0.09735524569371105,0.6260921705258871,0.05889675061021826,0.25145510256487064,0.35847007440956735,0.5057036055809976,-0.4852200572640507,0.1213815252038672,0.6330688358727348,0.058518317704642886,0.30115596848128107,0.34556736158489715,0.45014609677104334,-0.6024143731542844,0.0971396439268818,0.07805358545306462,0.41333246958465153,-0.4852200572640507,0.03793078741899558,0.2849108802001794,-0.2699554490438152,-0.09943987393415288,-0.34337274138251755,-0.6024143731542844,0.21695618747490286,0.7536382237729194,-0.3356681259491171,0.058991436726926735,4.855375832540437,70,-0.050046695785314066,-0.06080110265584593,-0.2489455312283092,-0.2489455312283111,3,-0.09943987393415288,0.34912167489241547
bimonthly_long_6_12_top1_none_10bp,bimonthly,long_6_12,1,none,10.0,3.81426984626101,0.09556897819260968,0.2798635919430629,0.4752174217018852,0.653030325781092,-0.46826307909323484,0.20409249086576212,0.5725357028894467,0.05419267191804278,0.2517339432209557,0.34028721112813726,0.48645003024921546,-0.4378233701117611,0.12377747652942618,2.0614693436944256,0.13853066051245144,0.3054073270955459,0.5906049913035835,0.7935894663949419,-0.4682630790932357,0.2958393832388153,0.052392932032332196,0.32601551978047955,-0.4378233701117611,0.056537315906364016,0.3693991099158615,-0.2543714287952319,-0.0007906563363885288,0.11532737000111083,-0.4682630790932357,0.2746165356767276,0.882400989485304,-0.3356681259491171,0.0,6.619025082820634,105,-0.01313624716176287,0.021009087480262645,-0.1116261280833164,-0.11162612808331773,3,-0.0007906563363885288,0.3477073148481705
bimonthly_current_top1_ma200_r12_20bp,bimonthly,current,1,ma200_r12,20.0,1.2458669130771476,0.048111627358101705,0.2396088151653137,0.3214899659636916,0.40600726518327934,-0.44463571087202425,0.10820459576614905,0.5661315506299791,0.05369126134183233,0.21392845379107442,0.3569911190381611,0.44233129670032145,-0.34882866210081453,0.1539187204929711,0.4340218816061441,0.042684734429716764,0.26281250189055777,0.2956241700702977,0.3844562569993289,-0.4264183529011637,0.10010060340815194,0.07952685759935041,0.4702016161448923,-0.3426605166062503,0.024966983133839493,0.22483379837813822,-0.2693263526153866,-0.023236256427419555,-0.0031805895587030094,-0.4264183529011637,0.10320813309933241,0.4889142989807181,-0.30028324674913853,0.14576431613819216,7.811642214860388,105,-0.060283953399546286,-0.07459158634072405,-0.08776695063482332,-0.06954959266396277,3,-0.023236256427419555,0.34751770726151526
quarterly_current_top1_none_20bp,quarterly,current,1,none,20.0,0.7020228476701402,0.031521319764886924,0.26077894201158114,0.2529766729865238,0.34830905679021007,-0.5831944648268278,0.054049415188202755,1.301468138702916,0.10309044527171429,0.24839353233392494,0.5283036689791034,0.7713358746416239,-0.3927160470230797,0.26250632245148803,-0.26046212891333487,-0.03438134243672164,0.27243151317360315,0.004891946791625609,0.006469142765636199,-0.5831944648268277,-0.0589534786598682,0.09491234202755838,0.4736797190274963,-0.3927160470230797,0.11293750442179107,0.617881424942515,-0.25186592536143126,-0.09391669105993605,-0.33366121478157246,-0.5214515439875151,0.01996566116393672,0.22059042920414232,-0.4588761775634621,0.0,6.893434823977165,70,-0.0771735753282854,-0.15370076279721046,-0.22972562290085297,-0.2297256229008544,3,-0.09391669105993605,0.3471350741158193
quarterly_long_6_12_top3_ma200_r12_20bp,quarterly,long_6_12,3,ma200_r12,20.0,1.4351728089722884,0.05331027221358675,0.21623475658068267,0.3555648501363176,0.4372955282977064,-0.4519591630314417,0.11795373691732872,0.4986610822652522,0.04877376950023571,0.204440049969251,0.3408898255873856,0.42805126461473186,-0.4508552263231773,0.10818055697833745,0.6248989433231171,0.057902925145587814,0.22731435242614031,0.36958203155615243,0.4489874357204607,-0.4519591630314418,0.12811539157036547,0.045737516619125174,0.3179112956263497,-0.4508552263231773,0.052459106794917165,0.37494555623415676,-0.2610528619997058,-0.03477832776573775,-0.10695908528928215,-0.4519591630314418,0.14510123822036647,0.667788630875577,-0.28313199750023665,0.1262911762392642,4.077927087844596,70,-0.055384622879585566,-0.061416495214901,-0.09849032110546685,-0.09849032110546851,3,-0.03477832776573775,0.34642842593025325
quarterly_medium_3_6_12_top3_ma200_r6_20bp,quarterly,medium_3_6_12,3,ma200_r6,20.0,1.3671099165149272,0.051569250547170986,0.2173462365600716,0.3469952579295252,0.4390269360162256,-0.5069685277795225,0.10172081247930667,0.5274989599037436,0.051129318095036735,0.21321085911879,0.3461967615566701,0.45175675915358177,-0.45951092946089744,0.11126899235024101,0.5496638483237359,0.0521035627488855,0.22136626106809892,0.34787648625103956,0.430012833273124,-0.5069685277795217,0.10277474812311249,0.056657068181399595,0.3578498902379247,-0.45951092946089744,0.045164617598964396,0.3349288457280335,-0.25251312143464855,-0.058075377565363406,-0.24383869953259124,-0.5069685277795217,0.1575469700660428,0.7286095771673617,-0.2831319975002369,0.09109382148827438,4.873760383585976,70,-0.05712564454600133,-0.06721585761160331,-0.15349968585354767,-0.15349968585354845,3,-0.058075377565363406,0.3463893679829791
bimonthly_classic_6_12minus1_top1_ma200_20bp,bimonthly,classic_6_12minus1,1,ma200,20.0,2.2902964718498473,0.07161742570434693,0.27389408780175273,0.3965477003183023,0.5344723350460283,-0.5610127744526596,0.1276573885046004,0.6997698416369935,0.06379816662932414,0.24106297765288232,0.38275791518193797,0.5299269584317446,-0.3717788789088381,0.17160245040431074,0.9357305861369256,0.07959372235786422,0.3032135726466402,0.41215455518584054,0.5528325729490535,-0.5610127744526593,0.1418750623557872,0.11697744508224317,0.5579242496897548,-0.3717788789088381,0.005994959028344349,0.13401862288605781,-0.24543598695840096,-0.09419814152305539,-0.30825888109877303,-0.5610127744526593,0.2562333259298375,0.845982451811813,-0.3356681259491172,0.04921911973497397,5.903454803596782,105,-0.036778155053301065,-0.037682598412576596,-0.2041440142154587,-0.20414401421545836,3,-0.09419814152305539,0.34597143628790633
quarterly_current_top1_ma200_0bp,quarterly,current,1,ma200,0.0,0.9481444235069472,0.03968342983386264,0.25884969846506534,0.284194958121894,0.38509250555547814,-0.5292045945761317,0.07498693367476755,1.2767640399760425,0.10169005474039317,0.24632942107510902,0.5253817336567103,0.7539999535685425,-0.4391574733883473,0.23155715410191496,-0.14433626440821423,-0.017912041112663424,0.2706360017404005,0.06739492487316831,0.08777458156237315,-0.5292045945761317,-0.03384710052831295,0.0797094966450902,0.42360653110759783,-0.4391574733883473,0.12761040669232404,0.6812082236777266,-0.2488613708448093,-0.07514929608403964,-0.25075273099450457,-0.505858633413039,0.03420897342032614,0.2670445826859382,-0.45452107381681617,0.029019980970504282,6.653663177925785,70,-0.06956615931885968,-0.1376779034790414,-0.1761570166466806,-0.17615701664668104,3,-0.07514929608403964,0.345325556896768
quarterly_current_top1_ma200_r6_0bp,quarterly,current,1,ma200_r6,0.0,0.9662228150656125,0.04024400616219492,0.25803996821972774,0.28641888622204653,0.3853527760647175,-0.5292045945761296,0.07604621459197396,1.2978919560097317,0.10288854719032381,0.24461560209737837,0.5318865419433468,0.7528596817363732,-0.4391574733883473,0.23428622629709725,-0.14433626440821423,-0.017912041112663424,0.2706360017404005,0.06739492487316831,0.08777458156237315,-0.5292045945761317,-0.03384710052831295,0.0797094966450902,0.42360653110759783,-0.4391574733883473,0.13023172219470447,0.7020521361740006,-0.2488613708448093,-0.07514929608403964,-0.25075273099450457,-0.505858633413039,0.03420897342032614,0.2670445826859382,-0.45452107381681617,0.04376784015223597,6.653663177925785,70,-0.06900558299052739,-0.1376779034790414,-0.1761570166466785,-0.17615701664668104,3,-0.07514929608403964,0.345325556896768
quarterly_medium_3_6_12_top3_ma200_20bp,quarterly,medium_3_6_12,3,ma200,20.0,1.7378339816302972,0.06053575521383747,0.21894869789185173,0.3858989825978159,0.4931673522145037,-0.47280122893236265,0.12803637450463884,0.5228216810641133,0.05074994692976964,0.21341783211425902,0.34433676645470834,0.45303832320150905,-0.45951092946089744,0.1104433946528975,0.7978690582584469,0.07038447994867081,0.2242906609659887,0.42530680439638535,0.5312079317097452,-0.47280122893236365,0.14886695643242423,0.056657068181399595,0.3578498902379247,-0.45951092946089744,0.04435920202448429,0.3303234918955631,-0.25251312143464855,-0.023602258789568897,-0.03561665037223772,-0.47280122893236365,0.15886868362286943,0.7305242672053015,-0.2831319975002369,0.06716683510026344,4.792702529068694,70,-0.048159139879334845,-0.048934940411818006,-0.11933238700638782,-0.11933238700639037,3,-0.023602258789568897,0.3440866910667439
bimonthly_long_6_12_top1_ma200_r6_20bp,bimonthly,long_6_12,1,ma200_r6,20.0,3.1281327552839358,0.08582913855187413,0.2739242381911795,0.4460532926821887,0.5883957111189837,-0.4990273693536189,0.17199284813385496,0.48612496233934976,0.0472695519718731,0.24088466253872448,0.3165794146766141,0.4250248297195949,-0.4990273693536189,0.09472336564044673,1.777783066631029,0.12576534996076427,0.30338572765702715,0.5542580491140352,0.7304621137783076,-0.47523128704782647,0.2646402991310365,0.023771662868792065,0.22360921504455225,-0.4990273693536189,0.07523327152337189,0.4645034730575522,-0.24894502569265164,-0.011810529395502978,0.0655393146712443,-0.47523128704782647,0.2600817662038757,0.8517522413727382,-0.335668125949117,0.06838618078561287,6.380501656412684,105,-0.022566442205773862,0.00848902919032346,-0.14215860911641798,-0.11836252681062553,3,-0.011810529395502978,0.34405634405105223
quarterly_long_6_12_top1_ma200_20bp,quarterly,long_6_12,1,ma200,20.0,2.13396102976856,0.0689318596688715,0.28110767946670046,0.3844250965198506,0.5288377921501352,-0.5597120076722405,0.12315594220597288,0.6111346321270208,0.0577455633636168,0.2531089421200175,0.3533836543861834,0.5052552484375771,-0.4852200572640507,0.11900901972028825,0.9451887925909173,0.08020405665865482,0.3063242785470737,0.41298979908763334,0.5584363444681136,-0.5597120076722404,0.14329522247023366,0.07805358545306462,0.41333246958465153,-0.4852200572640507,0.03552249754467285,0.2726666524760465,-0.2699554490438152,-0.04616543264394568,-0.07836822992741886,-0.5597120076722404,0.20277347783999078,0.7158181503174231,-0.335668125949117,0.014509990485252141,4.735490009514748,70,-0.03976303542430082,-0.039115363701833994,-0.20624316574626567,-0.2062431657462671,3,-0.04616543264394568,0.342999561030349
quarterly_long_6_12_top3_ma200_20bp,quarterly,long_6_12,3,ma200,20.0,1.5816630763037143,0.056907056485542284,0.2209540710858209,0.3684884832225694,0.4698700972254563,-0.4508552263231774,0.12622024357936742,0.48556718213056405,0.047691000655304405,0.21179186124378013,0.33127983700317953,0.43494078498970207,-0.4508552263231774,0.10577896821610543,0.7378299058822464,0.06617725653317041,0.22966730866384757,0.4030573230758792,0.5032973546200388,-0.44674803102084515,0.14813105360968587,0.04369943502774665,0.3043788749955689,-0.4508552263231774,0.052459106794917165,0.37494555623415676,-0.2610528619997058,-0.017392701214722694,-0.0018795536479537765,-0.44674803102084515,0.14411828521569392,0.6628651925277366,-0.2831319975002369,0.07195482632029902,4.320609386246297,70,-0.05178783860763003,-0.0531421638273184,-0.0973863843972026,-0.09327918909487187,3,-0.017392701214722694,0.3396622156148629
bimonthly_long_6_12_top1_ma200_20bp,bimonthly,long_6_12,1,ma200,20.0,3.4946162944447687,0.09120618339436759,0.276966799497045,0.4624854865342993,0.6230633064433281,-0.475231287047826,0.19191956817689246,0.5374477768656567,0.051423010184561635,0.24532125837473145,0.3317334444808302,0.4551295681052293,-0.4284418163575179,0.12002332223718133,1.9234269690823398,0.13245594378728098,0.30534735267623164,0.5726239876518301,0.7694302473053432,-0.47523128704782647,0.2787189046624172,0.05366164372659532,0.33265246467494924,-0.4284418163575179,0.049104722561892133,0.33566151795164995,-0.25884518825654157,-0.0068064223125221535,0.0889581348126331,-0.47523128704782647,0.2685487252207348,0.8684371406223735,-0.335668125949117,0.029578797917652628,6.380501656412684,105,-0.0171893973632804,0.015179623016840171,-0.11836252681062509,-0.11836252681062553,3,-0.0068064223125221535,0.33415699131329957
bimonthly_current_top1_ma200_r6_10bp,bimonthly,current,1,ma200_r6,10.0,1.1984536615412371,0.04681358777211164,0.24700548709525744,0.31403779994007053,0.40978782054309404,-0.48218032543264844,0.09708730386314907,0.4475259391404858,0.04406147179295994,0.23021132247437065,0.306759682792938,0.4043633888567339,-0.48218032543264844,0.0913796550148011,0.5187663323302132,0.04964951412034235,0.2627420292225814,0.32170394834261334,0.4192347863849488,-0.3904644266480327,0.12715502548224902,0.005123336898702924,0.14305286490954716,-0.48218032543264844,0.09099382783515675,0.5216913132930752,-0.2179769780128562,-0.019482810106037363,0.015147757406827401,-0.3904644266480327,0.11330419500216715,0.5205804810541219,-0.2988781930277513,0.08684335068622812,8.646474207288216,105,-0.061891637582260906,-0.06787205891184644,-0.12554337442273,-0.03382747563811472,3,-0.019482810106037363,0.33181667298183454
quarterly_current_top1_ma200_r12_20bp,quarterly,current,1,ma200_r12,20.0,0.4702371255854727,0.02274661972855796,0.2529253463084328,0.2181665281725415,0.28379653478322653,-0.5641994503401291,0.040316628658261015,0.9013964137683907,0.07857232508240108,0.2356363122698695,0.4461759517673925,0.6007814019822336,-0.3858857735863639,0.20361550090888764,-0.22675928336711126,-0.029378682795013544,0.2689209479547733,0.02118650902202977,0.027140490175121754,-0.5641994503401295,-0.05207144880645046,0.0853522002787852,0.4539398722512315,-0.3858857735863639,0.07134721768881991,0.44081654358969485,-0.25624857935666745,-0.08373031038716883,-0.30443024662935925,-0.5122967935869547,0.01996566116393672,0.22059042920414232,-0.4588761775634621,0.1027592768791627,6.054234062797336,70,-0.08594827536461436,-0.14869810315550236,-0.21073060841415425,-0.21073060841415625,3,-0.08373031038716883,0.3307034863969186
bimonthly_classic_6_12minus1_top1_none_10bp,bimonthly,classic_6_12minus1,1,none,10.0,2.919031713943319,0.08255606454156372,0.2779919175002502,0.4322860253641739,0.5999693783731033,-0.5196600613779624,0.1588655174358657,0.6215649076291043,0.0579727229171918,0.24770037333672534,0.3563741217376954,0.516722367310474,-0.4047734179193435,0.14322265334316897,1.416820748589919,0.10774068157277372,0.3053039964925344,0.49819277638369625,0.6761633667280679,-0.519660061377963,0.20732915530795618,0.09927378674341214,0.4873138042441823,-0.4047734179193435,0.012611378438865506,0.1659116045093309,-0.2439207981771936,-0.04761660483725183,-0.08326761197370833,-0.519660061377963,0.26224222851173784,0.8602705281599905,-0.33566812594911677,0.0,6.261239943208708,105,-0.026149160812808825,-0.009780891459415075,-0.16302311036804396,-0.16302311036804495,3,-0.04761660483725183,0.3266127043767566
monthly_current_top3_ma200_r6_20bp,monthly,current,3,ma200_r6,20.0,1.880359098838579,0.06304750237799839,0.20429109911054857,0.41027946709001417,0.5068313960588222,-0.4293715998927564,0.1468366850386604,0.41684717924709846,0.04104289610766876,0.19726949285714468,0.30785630238479295,0.3792416711151436,-0.4293715998927564,0.09558828790241364,1.0329356200357314,0.08574457484482823,0.21113233821128377,0.5073635152981149,0.6296370399904997,-0.3784154708412827,0.2265884496059405,0.02684843669212733,0.23424774677490187,-0.4293715998927564,0.05814460223822193,0.4174635623224879,-0.2928501046323162,-0.018947350299825527,-0.041056416557935474,-0.3784154708412827,0.1852065579362676,0.8334302487025289,-0.28457129653257907,0.1346185469897923,10.947438954509778,209,-0.05087774974807702,-0.032041489291141145,-0.07394510964217949,-0.022988980590704644,3,-0.018947350299825527,0.32585565454869486
quarterly_current_top1_ma200_10bp,quarterly,current,1,ma200,10.0,0.743280527219057,0.03296408313785992,0.25889205802312754,0.25846818678370137,0.35021019985805446,-0.551290110012991,0.05979443951403941,1.1634530706058417,0.09508987526412516,0.24641379704461935,0.5003230499094073,0.7183313746268719,-0.44474295340672365,0.21380861582120253,-0.1942138468800385,-0.024727535813885426,0.270639730302193,0.04093278085893017,0.053288368454724004,-0.5512901100129917,-0.04485394416617178,0.07371985616823129,0.40270155989541806,-0.44474295340672365,0.12025728395037283,0.649611444109364,-0.2503636481031215,-0.08162895005542004,-0.28309561995282456,-0.5137097722681514,0.027069762694050592,0.24383818018392475,-0.4567008076058442,0.029019980970504282,6.653663177925785,70,-0.07600816254443843,-0.14427016125037562,-0.19803187058148564,-0.19803187058148708,3,-0.08162895005542004,0.3232698700396714
quarterly_current_top1_ma200_r6_10bp,quarterly,current,1,ma200_r6,10.0,0.759459585678153,0.033521096962982666,0.2580859708339613,0.2606110152243512,0.3506370777718153,-0.5512901100129916,0.0608048219152575,1.1835316713567456,0.09628131689578368,0.24470800102231238,0.5066412596464428,0.7175121117499615,-0.44474295340672365,0.21648756019239965,-0.1942138468800385,-0.024727535813885426,0.270639730302193,0.04093278085893017,0.053288368454724004,-0.5512901100129917,-0.04485394416617178,0.07371985616823129,0.40270155989541806,-0.44474295340672365,0.1228617887383292,0.6697512304577065,-0.2503636481031215,-0.08162895005542004,-0.28309561995282456,-0.5137097722681514,0.027069762694050592,0.24383818018392475,-0.4567008076058442,0.04376784015223597,6.653663177925785,70,-0.07545114871931569,-0.14427016125037562,-0.1980318705814862,-0.19803187058148708,3,-0.08162895005542004,0.3232698700396714
bimonthly_current_top1_ma200_10bp,bimonthly,current,1,ma200,10.0,1.372876926235508,0.051465632393291605,0.24976125909452643,0.33153895471533934,0.43960147350933404,-0.4227526703321195,0.12173934313143332,0.4632200560420594,0.04537486782364519,0.23529651480415567,0.31060613872576887,0.4196153294837665,-0.4227526703321195,0.10733194846054588,0.621681521133626,0.0576598236649446,0.26344414269071337,0.35125410725778344,0.46100125418842514,-0.3904644266480327,0.14766985090019366,0.029248994081827906,0.24264788942917534,-0.4227526703321195,0.06448309829652654,0.39703539279445743,-0.2454247585516276,-0.003222308839525123,0.09425573256234393,-0.3904644266480327,0.11330419500216715,0.5205804810541219,-0.2988781930277513,0.057501183151916706,8.765735920492192,105,-0.05723959296108094,-0.0598617493672442,-0.06611571932220106,-0.03382747563811472,3,-0.003222308839525123,0.3198416411118164
bimonthly_long_6_12_top1_none_20bp,bimonthly,long_6_12,1,none,20.0,3.307044163696296,0.08850796305901487,0.2799045126524374,0.4514663959879345,0.6202714327259593,-0.475231287047825,0.1862418688988965,0.4732860472475715,0.04621072637209944,0.25189586335169445,0.30938027584721695,0.4418765273945526,-0.4522944389907465,0.10216956563784961,1.9234269690823398,0.13245594378728098,0.30534735267623164,0.5726239876518301,0.7694302473053432,-0.47523128704782647,0.2787189046624172,0.04390106513760772,0.2965539849070362,-0.4522944389907465,0.049104722561892133,0.33566151795164995,-0.25884518825654157,-0.0068064223125221535,0.0889581348126331,-0.47523128704782647,0.2685487252207348,0.8684371406223735,-0.335668125949117,0.0,6.619025082820634,105,-0.01988761769863312,0.015179623016840171,-0.11836252681062409,-0.11836252681062553,3,-0.0068064223125221535,0.3161077514293431
monthly_current_top3_ma200_r12_20bp,monthly,current,3,ma200_r12,20.0,1.8285684515048861,0.061933369850468045,0.19448852224264307,0.4153697948450074,0.4915206280003101,-0.40725041217443614,0.15207687456910501,0.3954669619375033,0.03921720235822468,0.1829975453648984,0.3071934253696195,0.3551013478026849,-0.40725041217443614,0.09629751422185648,1.026969128368059,0.08537460456579704,0.20542562273823725,0.5139881388205971,0.6232682283982752,-0.32314982223274946,0.2641951153675888,0.04376808029297852,0.3239454752339552,-0.40725041217443614,0.034097075580683534,0.2863362469073486,-0.2801940367381286,-0.006877348883112089,0.03383399620042956,-0.32314982223274946,0.17203351465691719,0.8023635129398641,-0.27230195324735473,0.21038226373203395,9.920377028587554,209,-0.05199188227560736,-0.03241145957017233,-0.051823921923859206,0.03227666801782858,3,-0.006877348883112089,0.3051408610706519
quarterly_current_top1_ma200_20bp,quarterly,current,1,ma200,20.0,0.559619988429896,0.026275115136259464,0.25898391914093727,0.23270534558532266,0.31523150522876087,-0.5723799281473312,0.04590502539337162,1.0555770934099287,0.08851650231613073,0.24654570780119606,0.47518988549424784,0.6825245907579369,-0.45028273964726107,0.1965798253458973,-0.24127390141194338,-0.03150903643356462,0.2706948255725691,0.014468619896246855,0.01882304101108124,-0.5723799281473327,-0.05504916382297402,0.06775224322560192,0.3817488870297126,-0.45028273964726107,0.11293750442179107,0.617881424942515,-0.25186592536143126,-0.08807560852759078,-0.3153232340622696,-0.5214515439875151,0.01996566116393672,0.22059042920414232,-0.4588761775634621,0.029019980970504282,6.653663177925785,70,-0.08241977995691285,-0.15082845679405343,-0.21891108622135635,-0.21891108622135946,3,-0.08807560852759078,0.3011696581169275
quarterly_current_top1_ma200_r6_20bp,quarterly,current,1,ma200_r6,20.0,0.5740992724074143,0.026828702620251166,0.25818114152646626,0.2347676251323793,0.315812657324443,-0.5723799281473317,0.046872193277443866,1.074660770647954,0.089701178819237,0.24484722849653603,0.48132296120197965,0.6820288519657739,-0.45028273964726107,0.19921078673703194,-0.24127390141194338,-0.03150903643356462,0.2706948255725691,0.014468619896246855,0.01882304101108124,-0.5723799281473327,-0.05504916382297402,0.06775224322560192,0.3817488870297126,-0.45028273964726107,0.1155258365237084,0.637320531302966,-0.25186592536143126,-0.08807560852759078,-0.3153232340622696,-0.5214515439875151,0.01996566116393672,0.22059042920414232,-0.4588761775634621,0.04376784015223597,6.653663177925785,70,-0.08186619247292115,-0.15082845679405343,-0.2189110862213569,-0.21891108622135946,3,-0.08807560852759078,0.3011696581169275
monthly_medium_3_6_12_top1_ma200_r6_10bp,monthly,medium_3_6_12,1,ma200_r6,10.0,1.5092608552624722,0.05460746179743747,0.26761495792163814,0.3384240958071809,0.44627458613921966,-0.4788978782607155,0.11402736215028451,0.12326785463876355,0.013509353824564752,0.23831767318457758,0.17683793303103684,0.24156136798404224,-0.4788978782607155,0.028209258043966862,1.233893585488071,0.09767715518858511,0.2942137097635976,0.4739740166931056,0.6159717676435845,-0.37978068782143715,0.2571935812452642,-0.017835011788887245,0.06505810109447936,-0.4788978782607155,0.05161307725319886,0.35778756526428124,-0.30793819744229,0.028933498356512155,0.2434050495685321,-0.33931380917244636,0.16093278763711383,0.6182229919147878,-0.3797806878214376,0.06267672007540057,11.697455230914233,209,-0.05974522281070338,-0.020475437578861166,-0.1238503461722621,-0.024733155732985068,3,-0.017835011788887245,0.30059630741640664
bimonthly_classic_6_12minus1_top1_none_20bp,bimonthly,classic_6_12minus1,1,none,20.0,2.5272909336053355,0.0759549143506777,0.27801345620302154,0.409679977453588,0.5687584228757314,-0.5244538347519063,0.14482669268041157,0.5283911251124946,0.050699062228777736,0.24777312240565474,0.3278686623779984,0.4755264782682049,-0.4142494634102398,0.12238775594639553,1.3078457311414375,0.10183024711642585,0.30528351217221295,0.48016670549796425,0.6517967281142893,-0.5244538347519054,0.19416436751691782,0.09135914677467594,0.4605371147018941,-0.4142494634102398,0.005994959028344349,0.13401862288605781,-0.24543598695840096,-0.05335045396625193,-0.10920655867752872,-0.5244538347519054,0.2562333259298375,0.845982451811813,-0.3356681259491172,0.0,6.261239943208708,105,-0.0324406664069703,-0.015446073654014958,-0.1675850745147054,-0.1675850745147045,3,-0.05335045396625193,0.297277868793976
monthly_medium_3_6_12_top1_ma200_r12_10bp,monthly,medium_3_6_12,1,ma200_r12,10.0,1.7091480092071882,0.05928929055711962,0.26317679304041935,0.3569260657948691,0.46055332888895867,-0.43798773607518826,0.13536746733689725,0.3819583004737457,0.03805087728230072,0.22959187536229886,0.28131291253605156,0.3719126378337284,-0.43798773607518826,0.08687658157571933,0.9603688535887518,0.08117815738244549,0.29319175685184556,0.42143090510297204,0.5440016819434175,-0.3797806878214377,0.21375009310798132,0.03948061027187122,0.28354072585438317,-0.37187131315166055,0.036563143183398816,0.281281304887174,-0.3473296068092271,-0.004233673909559754,0.08984684835987689,-0.3790165248601246,0.16093278763711383,0.6182229919147878,-0.3797806878214376,0.09330819981149858,11.341187558906691,209,-0.05506339405102123,-0.03697443538500078,-0.08294020398673485,-0.024733155732985623,3,-0.004233673909559754,0.2824110153707786
bimonthly_current_top1_ma200_20bp,bimonthly,current,1,ma200,20.0,1.0476121282005812,0.04250108998820368,0.24985819245879964,0.2963220185426911,0.3927739906386443,-0.4364789854688136,0.09737259158663522,0.35719674804319945,0.036247998183394525,0.23535658857730685,0.2724916497753777,0.36797376830988293,-0.4364789854688136,0.08304637654997583,0.508706921935095,0.04884101328660084,0.2635742632907696,0.3185198820055775,0.41787665768621884,-0.3965457484486131,0.12316615038158697,0.020051357485068477,0.20529633300577638,-0.4364789854688136,0.05539679737906922,0.35793644974606204,-0.2514552996986551,-0.010716566708514619,0.058764254275618946,-0.3965457484486131,0.10320813309933241,0.4889142989807181,-0.30028324674913853,0.057501183151916706,8.765735920492192,105,-0.06589449076944431,-0.06843530748383997,-0.07961022523161265,-0.03967698821141219,3,-0.010716566708514619,0.2816163913759192
monthly_current_top1_ma200_r6_20bp,monthly,current,1,ma200_r6,20.0,1.1750162187557023,0.045930617493926684,0.2540680852778765,0.308921994196637,0.4075419137344043,-0.5030340245843418,0.0913071785390248,0.09557248042487232,0.010592668415086326,0.23939853159662905,0.1648130995067828,0.21959702610384482,-0.5030340245843418,0.02105755852964235,0.9852782518890904,0.08276223206627153,0.2680406955374147,0.43981395651256255,0.5780999545343448,-0.3283335530792505,0.252067543173984,-0.013114512763218622,0.07858963609011717,-0.5030340245843418,0.039174484842387836,0.2911625370639818,-0.3236915852555664,0.03405225357630215,0.270621792192776,-0.3283335530792505,0.12685544427190565,0.5496196456355632,-0.2993528198498401,0.07257304429783223,16.210179076343074,209,-0.06799463463214872,-0.035023832069697836,-0.14760753433376483,0.027092937171327547,3,-0.013114512763218622,0.2808921646283789
quarterly_classic_6_12minus1_top1_none_0bp,quarterly,classic_6_12minus1,1,none,0.0,2.4705073375246913,0.07531363912104894,0.28196185101595195,0.40599007777416035,0.5598076870984388,-0.5839170315270562,0.12898003492737517,0.41223275216449684,0.041466412963663046,0.250780133090148,0.29112303478479407,0.41690324880983987,-0.4884515821337677,0.08489359944852636,1.4574613017617026,0.10988469122453237,0.3097475326165653,0.5021731213817907,0.6801574598199543,-0.5839170315270561,0.18818545322639868,0.06035321606105626,0.35377033656663787,-0.4884515821337677,0.02071462416766412,0.20488609186419215,-0.26112436010778295,-0.06715907315229142,-0.1581744547036198,-0.5839170315270561,0.28964724548995613,0.9197432995742677,-0.33566812594911666,0.0,5.454804947668887,70,-0.03393595003167338,-0.009881171141845613,-0.23086945359760513,-0.23086945359760547,3,-0.06715907315229142,0.279328214215415
quarterly_classic_6_12minus1_top1_ma200_r12_0bp,quarterly,classic_6_12minus1,1,ma200_r12,0.0,1.8068383375381378,0.06207738143565478,0.2744981348742349,0.3631088183869729,0.47556735343313106,-0.5994493214501253,0.10355734707561876,0.3898413029733445,0.03950897907274231,0.23838554895879294,0.28547089088948907,0.37953046355863435,-0.5039640374166994,0.07839642541809898,1.0195387282946222,0.08491251181578408,0.30608424590489636,0.42796653672181356,0.5632191138310434,-0.5994493214501257,0.1416508598431182,0.05659247217465069,0.3467256415776464,-0.5039640374166994,0.02071462416766412,0.20488609186419215,-0.26112436010778295,-0.11197377564317923,-0.38452545827965995,-0.5994493214501257,0.28964724548995613,0.9197432995742677,-0.33566812594911666,0.08824928639391057,4.855375832540437,70,-0.04717220771706754,-0.03485335055059391,-0.24640174352067423,-0.24640174352067512,3,-0.11197377564317923,0.2758058667209193
quarterly_classic_6_12minus1_top1_ma200_r6_0bp,quarterly,classic_6_12minus1,1,ma200_r6,0.0,1.369994484052655,0.051643987672420844,0.27454058742689463,0.3261568603921222,0.42660680574044646,-0.6341852706564082,0.08143359687141136,0.3821153137229101,0.03882712253299103,0.2440593505071907,0.2816774357520662,0.3851392980980238,-0.5039640374166994,0.07704343891682708,0.7147588631145123,0.06452631591379365,0.301706852254475,0.3650683942642327,0.46763631180682586,-0.6341852706564084,0.10174679056643211,0.05311917487790563,0.3304171395914383,-0.5039640374166994,0.023087442875222575,0.21602916820272103,-0.26112436010778295,-0.15919142280788834,-0.6432487529733011,-0.6341852706564084,0.30485320880660094,0.9591978265159802,-0.3356681259491172,0.08848715509039011,5.334919124643196,70,-0.05760560148030147,-0.05523954645258433,-0.2811376927269571,-0.28113769272695777,3,-0.15919142280788834,0.2732231538970797
quarterly_classic_6_12minus1_top1_ma200_0bp,quarterly,classic_6_12minus1,1,ma200,0.0,1.7858379355001435,0.06161202445220626,0.278128320885843,0.3603555035179181,0.4845868977280389,-0.5965140315970004,0.10328679827909026,0.36940748548022295,0.037698244672838,0.24577636392657065,0.2768990578469255,0.3840503874847013,-0.5039640374166994,0.07480344205923457,1.0343381827821747,0.08583140560578895,0.306816072570463,0.4305193629325077,0.5731333562421855,-0.5965140315969999,0.14388832627457113,0.05311917487790563,0.3304171395914383,-0.5039640374166994,0.02071462416766412,0.20488609186419215,-0.26112436010778295,-0.11034575649818712,-0.3716256067849628,-0.5965140315969999,0.28964724548995613,0.9197432995742677,-0.33566812594911666,0.04400570884871551,5.215033301617507,70,-0.047637564700516055,-0.03393445676058904,-0.24346645366754938,-0.24346645366754927,3,-0.11034575649818712,0.26765161572781526
monthly_long_6_12_top1_ma200_r6_0bp,monthly,long_6_12,1,ma200_r6,0.0,2.20646667727732,0.06965730624514399,0.2710095245127572,0.39120760947570477,0.520037288258526,-0.475352452497686,0.14653822838009462,0.3430389152593003,0.034633318971484695,0.24051294992735064,0.2651821114493849,0.3669496821986995,-0.475352452497686,0.07285818930670877,1.3874711602516872,0.10617242109291025,0.2986288781327772,0.4978160765749675,0.6509308680420208,-0.4446247857547574,0.23879105370313744,0.042167487752884814,0.29141869481083754,-0.475352452497686,0.02603529901463819,0.23095524951652333,-0.33885601069640503,-0.023462143762796428,0.0015262712269598618,-0.4446247857547574,0.23202202282772033,0.7866648455737719,-0.33566812594911655,0.06809613572101791,11.45994344957587,209,-0.04512289894709398,-0.012346809033145778,-0.1206840921218163,-0.08995642537888893,3,-0.023462143762796428,0.2611869721636804
quarterly_classic_6_12minus1_top1_none_10bp,quarterly,classic_6_12minus1,1,none,10.0,2.168347534674413,0.0696127799365922,0.28200852734422865,0.38660407927681356,0.5331123933865214,-0.5872357225915944,0.11854316292165676,0.33926290853053986,0.03498298307406533,0.2508741006738398,0.2656321478747953,0.3804336733496668,-0.4965792919984987,0.0704479297420463,1.3657397770769077,0.10500021064432064,0.3097557693884614,0.4875121167970939,0.6601889073472015,-0.5872357225915943,0.17880419498482264,0.053532533639950586,0.3301508603172689,-0.4965792919984987,0.014569026327530432,0.1760995820651395,-0.26554875335046313,-0.07136597590558591,-0.17674025138296093,-0.5872357225915943,0.2840759474785597,0.907026795715425,-0.335668125949117,0.0,5.454804947668887,70,-0.039359465745706146,-0.014542414792169556,-0.23397748316008904,-0.2339774831600897,3,-0.07136597590558591,0.25312522119120423
quarterly_classic_6_12minus1_top1_ma200_r12_10bp,quarterly,classic_6_12minus1,1,ma200_r12,10.0,1.5882477489874196,0.057064178022956824,0.2745565389974195,0.3453871395760572,0.45243245005131993,-0.6026433301686969,0.09468980268475377,0.32862691341453676,0.03401206986576022,0.23848774436673548,0.262698490482062,0.34930628789332957,-0.5098862949613403,0.06670520506604129,0.9480621104804303,0.08038895116128142,0.3061092044629466,0.4139095061558299,0.5447048197644381,-0.6026433301686978,0.13339391168367892,0.051666762790038456,0.3281990612446076,-0.5098862949613403,0.014569026327530432,0.1760995820651395,-0.26554875335046313,-0.11553404529572442,-0.40165206287467087,-0.6026433301686978,0.2840759474785597,0.907026795715425,-0.335668125949117,0.08824928639391057,4.855375832540437,70,-0.05190806765934153,-0.03915367427520877,-0.2493850907371915,-0.24938509073719317,3,-0.11553404529572442,0.2521493216548736
quarterly_classic_6_12minus1_top1_ma200_r6_10bp,quarterly,classic_6_12minus1,1,ma200_r6,10.0,1.1679976939805021,0.046191138944402965,0.2745799310676531,0.30670035662410594,0.4013006925779832,-0.6385524326246681,0.0723372687729677,0.31596284758134807,0.032847038968513376,0.24416152326795057,0.25746271111592134,0.35212893198245726,-0.509886294961341,0.06442032134047417,0.6474611710848359,0.059595822049802516,0.3016959325535481,0.3492352277783767,0.44741788054506615,-0.6385524326246681,0.09332956700962422,0.04727704303002822,0.30941944669937455,-0.509886294961341,0.016927814727872637,0.18665886355685463,-0.26554875335046313,-0.16340312030072035,-0.6653856226538142,-0.6385524326246681,0.29921650229665553,0.946451195542517,-0.3356681259491169,0.08848715509039011,5.334919124643196,70,-0.06278110673789539,-0.059946803386687675,-0.28529419319316274,-0.2852941931931635,3,-0.16340312030072035,0.24803915512811459
monthly_medium_3_6_12_top1_ma200_r6_20bp,monthly,medium_3_6_12,1,ma200_r6,20.0,1.0594316502761814,0.04263503732894525,0.2676676402223324,0.2945855692853578,0.3884919178056644,-0.5023869967050527,0.08486493004112511,-0.001083724062104996,-0.00012516437050125173,0.2384875520896379,0.1187445263485911,0.16204934074551638,-0.5023869967050527,-0.0002491393513808135,1.0616659272495572,0.08751275486599996,0.2941681975064981,0.4414531554624722,0.5739241242265142,-0.3822640459374367,0.2289327384985685,-0.031461462361645154,0.01193624208397877,-0.5023869967050527,0.0379178190254017,0.2904522171785962,-0.31209055715136147,0.018632007474367107,0.19678480311388574,-0.35502420988920613,0.1509039639266141,0.5923965689998664,-0.38226404593743624,0.06267672007540057,11.697455230914233,209,-0.07129021479713016,-0.030273309269969406,-0.14696050645447578,-0.02683755568685864,3,-0.031461462361645154,0.24361851014624097
quarterly_classic_6_12minus1_top1_ma200_10bp,quarterly,classic_6_12minus1,1,ma200,10.0,1.5534977640563823,0.05623069644454293,0.27817815047647104,0.3415735731265437,0.45937534919730577,-0.6005323838211536,0.09363474470227598,0.3038619502294979,0.03172453788927698,0.24587042740783302,0.2528560306329597,0.3507612541198811,-0.509886294961341,0.0622188480113636,0.9584111367057917,0.08105290649458152,0.3068307800991794,0.41572010503064016,0.5533279763534155,-0.6005323838211544,0.13496841915309604,0.04727704303002822,0.30941944669937455,-0.509886294961341,0.014569026327530432,0.1760995820651395,-0.26554875335046313,-0.11435767440769329,-0.3908081993787829,-0.6005323838211544,0.2840759474785597,0.907026795715425,-0.335668125949117,0.04400570884871551,5.215033301617507,70,-0.052741549237755425,-0.03848971894190867,-0.24727414438964823,-0.24727414438964979,3,-0.11435767440769329,0.242759514382257
quarterly_classic_6_12minus1_top1_ma200_r12_20bp,quarterly,classic_6_12minus1,1,ma200_r12,20.0,1.3863091717343545,0.05206508437557189,0.27464828618560555,0.3276332183191557,0.42927703568021247,-0.6058166157676881,0.0859419880875919,0.269997729586255,0.02853365377817263,0.23863303176812847,0.2399022692986045,0.3191681197249788,-0.5157485401348089,0.05532473978639739,0.8789869589072228,0.07587573546199256,0.30616041156761203,0.39982048628114414,0.5261238350725482,-0.6058166157676886,0.1252453852983928,0.04675490608945432,0.30964750300164645,-0.5157485401348089,0.008448213456009324,0.14730024457527816,-0.2699554490438152,-0.11908625178952736,-0.41872901963971043,-0.6058166157676886,0.27851761383757956,0.8942505051831671,-0.3356681259491169,0.08824928639391057,4.855375832540437,70,-0.056629810717600426,-0.04344368489849626,-0.25234777384171325,-0.25234777384171536,3,-0.11908625178952736,0.2284738737884623
quarterly_classic_6_12minus1_top1_none_20bp,quarterly,classic_6_12minus1,1,none,20.0,1.8919696925616147,0.0639308615630414,0.2820931566741823,0.36717509039246515,0.5064755760597502,-0.590534521468373,0.10825931294258012,0.2699295228647576,0.028527151560931996,0.2510175281561243,0.24011302895897146,0.34410567572154077,-0.5045937820661399,0.05653488523802853,1.2772678644699789,0.10012749242568852,0.3097930660521602,0.47280753640345274,0.6402033032128375,-0.5905345214683735,0.1695540036791074,0.04674240836439725,0.3064974049265125,-0.5045937820661399,0.008448213456009324,0.14730024457527816,-0.2699554490438152,-0.07556228853368296,-0.19528604271477812,-0.5905345214683735,0.27851761383757956,0.8942505051831671,-0.3356681259491169,0.0,5.454804947668887,70,-0.04476403353013092,-0.01919192793480029,-0.2370656795423982,-0.2370656795424002,3,-0.07556228853368296,0.22689882475089534
monthly_medium_3_6_12_top1_ma200_r12_20bp,monthly,medium_3_6_12,1,ma200_r12,20.0,1.2368934325112928,0.04762765219056986,0.263215232831532,0.3137024730654329,0.4047755782278848,-0.4644012659268939,0.10255711102662543,0.24135329951236795,0.025272293171157312,0.2297295852468064,0.2260825581576705,0.29849804480852415,-0.4644012659268939,0.054419087598128295,0.8019796889330355,0.07066796578657342,0.29315114486418936,0.38715446903243045,0.4999810032883254,-0.393784665246391,0.17945839953507708,0.027264487659859782,0.23499439439607686,-0.3917044794476815,0.023063881694188382,0.21593737532884724,-0.3551342472638239,-0.015195505726693037,0.03784859912638038,-0.393784665246391,0.1509039639266141,0.5923965689998664,-0.38226404593743624,0.09330819981149858,11.341187558906691,209,-0.06629759993550555,-0.047118098349395954,-0.10897477567631697,-0.038358174995812955,3,-0.015195505726693037,0.22546588486246205
quarterly_classic_6_12minus1_top1_ma200_r6_20bp,quarterly,classic_6_12minus1,1,ma200_r6,20.0,0.9828848194443489,0.04075638156878503,0.27465524961715504,0.28721180325202617,0.3759450289067391,-0.646290645808345,0.06306200133503274,0.2528596738543678,0.02689009494869965,0.24430864082863393,0.2332253302465304,0.31921121968946414,-0.5157485401348094,0.05213799527512178,0.5826870804645532,0.05467907987930598,0.3017141190881332,0.33336875205982036,0.4271097543461683,-0.642874627006371,0.08505403321628387,0.041456396237850024,0.28839507847574813,-0.5157485401348094,0.010793537316189816,0.1572801273148439,-0.2699554490438152,-0.167601266808323,-0.6874127469291547,-0.642874627006371,0.293593473435634,0.9336400961190076,-0.33566812594911677,0.08848715509039011,5.334919124643196,70,-0.06793851352438729,-0.06464034048118283,-0.2928218038823702,-0.2894057850803977,3,-0.167601266808323,0.22283760289529603
quarterly_classic_6_12minus1_top1_ma200_20bp,quarterly,classic_6_12minus1,1,ma200,20.0,1.3401377893637196,0.050866241627686604,0.2782639033112527,0.3227566977384529,0.43415248243619586,-0.6045178626497889,0.0841434881753934,0.2413352984101389,0.025773703968857253,0.2460101566309556,0.22878891590183648,0.31756051771859845,-0.5157485401348094,0.04997339199858979,0.8851778341926564,0.07628616482434114,0.306874040993961,0.40088496166040777,0.5334922861666953,-0.6045178626497894,0.12619340062170406,0.041456396237850024,0.28839507847574813,-0.5157485401348094,0.008448213456009324,0.14730024457527816,-0.2699554490438152,-0.1183590494838791,-0.4099370658474939,-0.6045178626497894,0.27851761383757956,0.8942505051831671,-0.3356681259491169,0.04400570884871551,5.215033301617507,70,-0.05782865346548571,-0.043033255536147674,-0.2510490207238141,-0.2510490207238161,3,-0.1183590494838791,0.21784766152551316
monthly_long_6_12_top1_ma200_r6_10bp,monthly,long_6_12,1,ma200_r6,10.0,1.6431962209946462,0.057781597297826615,0.2709942193622194,0.348881494478328,0.4638695754826477,-0.4959418413017409,0.1165088171350139,0.1946177434855283,0.02074029289573276,0.2405390847865222,0.2076403344367696,0.28687225665668975,-0.4959418413017409,0.041820010268328926,1.2125874451543104,0.09645806824861958,0.2985769545805309,0.46743882856530256,0.6117191776977928,-0.4501558163287205,0.21427706751695577,0.029500511776837435,0.24503789992313582,-0.4959418413017409,0.010661650442468806,0.15441652330900144,-0.3454410576685183,-0.03322104344133081,-0.04507284093572785,-0.4501558163287205,0.22245860628530467,0.7639076299932228,-0.3356681259491169,0.06809613572101791,11.45994344957587,209,-0.05657108731031424,-0.021694524518826697,-0.1408943092132875,-0.0951082842402684,3,-0.03322104344133081,0.19972721161606863
monthly_medium_3_6_12_top1_ma200_20bp,monthly,medium_3_6_12,1,ma200,20.0,1.1076899479645714,0.04403166746373399,0.269863728514481,0.29946429385978957,0.40077437071165595,-0.4689324152592331,0.09389768339941397,0.019208167172519275,0.0021987644035115217,0.24271076967985697,0.13063957453791947,0.18196525935810387,-0.4689324152592331,0.004688872707373003,1.0679680715390072,0.08789769925547408,0.2947146639131369,0.44241605090829733,0.5798813733787401,-0.38226404593743724,0.22993975025801863,-0.007270981727843906,0.10683267351374907,-0.44169072944637233,0.01343024572470064,0.16932632155923152,-0.3605897923184922,0.019412231917678824,0.2004881235794416,-0.3663983405121416,0.1509039639266141,0.5923965689998664,-0.38226404593743624,0.03440150801131008,11.934967012252592,209,-0.06989358466234141,-0.02988836488049529,-0.1135059250086562,-0.026837555686859194,3,-0.007270981727843906,0.18490722256933656
monthly_long_6_12_top1_none_0bp,monthly,long_6_12,1,none,0.0,1.830496049885336,0.06197517991953472,0.27889488472177393,0.36134442390516747,0.4991040779867343,-0.543589582714395,0.11401097793313826,0.1282870089294028,0.014031115292512997,0.2498348905072603,0.18198366439544794,0.2652801890608571,-0.543589582714395,0.025811965016785513,1.5086667022525684,0.11254186606181205,0.30539828965546006,0.5128127433666291,0.6861533168351097,-0.5286080932263496,0.21290227581442212,0.022794106923268664,0.2217043827235017,-0.543589582714395,0.003917344888992869,0.12534241724148465,-0.37205249940205454,-0.024403406678872974,0.013893111440468895,-0.5286080932263496,0.2463211696717149,0.8190222435480741,-0.33566812594911677,0.0,12.172478793590951,209,-0.052805025272703254,-0.005977364064243984,-0.18892122233852526,-0.17393973285048114,3,-0.024403406678872974,0.17352339998249316
monthly_classic_6_12minus1_top1_ma200_r6_0bp,monthly,classic_6_12minus1,1,ma200_r6,0.0,1.6269737878921817,0.0574053142695059,0.26813249010698703,0.34839544763663377,0.4534504304705759,-0.5180882736026104,0.11080218795598051,0.13940577698644496,0.015179683526379772,0.23521263182784302,0.18335569626926382,0.23893672083143833,-0.5180882736026104,0.029299415369557377,1.3055647434403275,0.10170391890694952,0.29766027403059114,0.48438079241826726,0.637296969898314,-0.45838047799411674,0.22187663696326718,0.027183540200221623,0.2360356757142346,-0.5180882736026104,0.0013534849709271324,0.10590932456198768,-0.2256308739102092,-0.06703985866532658,-0.2073828460917272,-0.45838047799411674,0.2718353185654434,0.8831414809394783,-0.3605457148575034,0.08741753063147974,8.966069745523091,209,-0.05737489092273207,-0.01681531121910651,-0.16341991322674077,-0.10371211761824828,3,-0.06703985866532658,0.17097250013811113
monthly_long_6_12_top1_ma200_r12_10bp,monthly,long_6_12,1,ma200_r12,10.0,2.5491723023263018,0.07595310043826653,0.26744701776540514,0.41537207224759537,0.5409408306392776,-0.4527525251065908,0.16775853524038328,0.526893754024724,0.05007124148657405,0.23175416626613546,0.3317112028350731,0.4394434703454698,-0.38269784478908575,0.13083753192853634,1.3244395970388103,0.10274595909057949,0.29917407663413553,0.486768753340416,0.6375466749187343,-0.45275252510659014,0.22693624749280045,0.09852486596825161,0.5085306569217861,-0.3731754288199085,-0.0038022161022155387,0.084777940519582,-0.3826978447890862,-0.034201198442860625,-0.05004608282740458,-0.45275252510659014,0.23664648983067038,0.7963331163431395,-0.3356681259491169,0.09330819981149858,10.866163996229973,209,-0.03839958416987432,-0.015406633676866788,-0.0977049930181374,-0.09770499301813806,2,-0.034201198442860625,0.29665429872068405
bimonthly_current_top1_ma200_r6_20bp,bimonthly,current,1,ma200_r6,20.0,0.9009247528774957,0.03801017868822254,0.24711104360853606,0.27891978880681106,0.3638781935357024,-0.4934769154679681,0.07702524170188829,0.3453439832313463,0.03518886226755069,0.23028087511043555,0.2688436220810976,0.3542810446387955,-0.4934769154679681,0.07130802103312332,0.41296558840788955,0.04089785780666966,0.26287957650877775,0.2888981307201851,0.3763778796082948,-0.3965457484486131,0.10313528254097384,-0.0034216903929338294,0.10729326407463578,-0.4934769154679681,0.08168205403749695,0.48091171897032386,-0.22110819818032967,-0.026854077848127433,-0.020616961153281002,-0.3965457484486131,0.10320813309933241,0.4889142989807181,-0.30028324674913853,0.08684335068622812,8.646474207288216,105,-0.07038540206942545,-0.07637846296377115,-0.1366081552307672,-0.03967698821141219,2,-0.026854077848127433,0.2941024915224798
monthly_long_6_12_top1_ma200_r12_20bp,monthly,long_6_12,1,ma200_r12,20.0,1.9540949959979574,0.06460158797704763,0.267516506786505,0.3745941106303797,0.4878369384924787,-0.462542349177976,0.13966632048256056,0.3687939591691969,0.03690453728553256,0.23188391861284138,0.2759439241199959,0.36505870749087893,-0.3925216728924984,0.09401910731089685,1.1581736069254456,0.09329688536358671,0.29919552415743866,0.4571468108325365,0.599026459746282,-0.46254234917797643,0.2017045261464006,0.08701615231782389,0.46543785053327563,-0.38807694823869054,-0.01875702255274403,0.010337759730472252,-0.39252167289249884,-0.04339004867020346,-0.09430171561935542,-0.46254234917797643,0.22702772870317234,0.7735410058973254,-0.3356681259491169,0.09330819981149858,10.866163996229973,209,-0.04932366414902778,-0.024489178772382658,-0.10711585892739905,-0.10711585892739839,2,-0.04339004867020346,0.23788780513187394
monthly_classic_6_12minus1_top1_ma200_r12_0bp,monthly,classic_6_12minus1,1,ma200_r12,0.0,2.5331788761247473,0.0756722955931235,0.2680577476275878,0.4140619347794475,0.5350323557393246,-0.4771165320591023,0.15860338200091895,0.3453488088461598,0.03483858328869771,0.23320993001077667,0.2671059584274207,0.3396282276930729,-0.4771165320591023,0.07301902354618497,1.6262177160992124,0.1184649944637175,0.29911430323639565,0.5354288877220594,0.7097492733593337,-0.47559920988477156,0.24908576801971405,0.07628894255940599,0.4222136963185832,-0.4771165320591023,-0.011579839166905304,0.04354644916255389,-0.2653092565822729,-0.0488773712764653,-0.11516339539496206,-0.47559920988477156,0.2865965481900614,0.91542037618608,-0.3356681259491172,0.09802073515551367,8.253534401508011,209,-0.039107909599114477,-5.423566233853094e-05,-0.12244817168323263,-0.1209308495089031,2,-0.0488773712764653,0.23288007274056854
monthly_long_6_12_top1_ma200_10bp,monthly,long_6_12,1,ma200,10.0,2.238480511781931,0.07027162586994695,0.2740422390810573,0.3920373639743147,0.5310906666931937,-0.4554228380072719,0.1542997408242072,0.2189010124836943,0.023114259849565055,0.24473227461203848,0.21794130149653373,0.3072454952788718,-0.4554228380072719,0.05075340523260272,1.6568855703737775,0.11997168335513075,0.30070723819462825,0.5388783182046263,0.7162360275371443,-0.43081703493170553,0.27847479005594344,0.05476223512682821,0.3367180537054988,-0.4554228380072719,-0.012684376886992421,0.043077276625875745,-0.3858955376792944,-0.0012652770187311368,0.10774107943479136,-0.43081703493170553,0.23664648983067038,0.7963331163431395,-0.3356681259491169,0.03440150801131008,11.578699340245052,209,-0.0440810587381939,0.0018190905876844798,-0.10037530591881849,-0.07576950284325346,2,-0.012684376886992421,0.2222295665701451
monthly_classic_6_12minus1_top1_ma200_r12_10bp,monthly,classic_6_12minus1,1,ma200_r12,10.0,2.0742695508709494,0.06705777433211924,0.2680633856238319,0.38323378668969305,0.49570691428791747,-0.48850408388412947,0.1372716760092122,0.24057963964755236,0.025198508290753097,0.23328150653019833,0.2260148357610204,0.2876858312748259,-0.48850408388412947,0.051583004363848974,1.4780912507514188,0.11096106457387833,0.2990663761074347,0.5122954766379508,0.6795558416840393,-0.482895881539683,0.22978258630014817,0.0668630559141119,0.38696207394499554,-0.48850408388412947,-0.02147777491174796,-0.006822151237996665,-0.27116771286657204,-0.055066408359449204,-0.14542683137839793,-0.482895881539683,0.27771508988396065,0.8949161740148098,-0.33886637271980635,0.09802073515551367,8.253534401508011,209,-0.04729491027602162,-0.007191528193567942,-0.13345655179567606,-0.1278483494512309,2,-0.055066408359449204,0.19006996135349943
monthly_medium_3_6_12_top1_none_10bp,monthly,medium_3_6_12,1,none,10.0,1.164442730473533,0.045636088247063666,0.2742748199651379,0.3047638897175897,0.41527184334015915,-0.5149846125211663,0.08861641132081007,0.10167521101086319,0.011240922766027506,0.24669533486531062,0.16974473429331535,0.24404150539202996,-0.4489208825367099,0.02503987496083632,0.964683156016104,0.08145378810705073,0.29952766196930397,0.4196537454141537,0.553847110463576,-0.4746445153312373,0.17161009023817975,-0.0031393982268215215,0.12506588955457615,-0.4489208825367099,0.02842528084357454,0.2409739930046128,-0.3479298393379221,-0.003684384302850563,0.10261033702283491,-0.4746445153312373,0.16093278763711383,0.6182229919147878,-0.3797806878214376,0.0,12.291234684260132,209,-0.06871659636107719,-0.036698804660395545,-0.15993708043271293,-0.11959698324278523,2,-0.003684384302850563,0.18301994127959448
monthly_long_6_12_top1_ma200_20bp,monthly,long_6_12,1,ma200,20.0,1.6632229040153628,0.05824313099447265,0.27411040504753265,0.34963910373533763,0.4736152725194356,-0.4694360790497445,0.12407041894259863,0.07961239980147528,0.00888210658177524,0.24485268016475636,0.1593853148309991,0.22437982112508806,-0.4694360790497445,0.01892080088891939,1.4668324525589869,0.11037461990299491,0.300729106698158,0.5094003778953247,0.6773087401871692,-0.44050916599582157,0.2505614602898907,0.041469824481701556,0.28881415388982506,-0.4694360790497445,-0.027996853819867717,-0.03272689753163454,-0.3976609214402894,-0.010768235760883038,0.06433845661735468,-0.44050916599582157,0.22702772870317234,0.7735410058973254,-0.3356681259491169,0.03440150801131008,11.578699340245052,209,-0.05568212113160276,-0.007411444232974462,-0.11400958879916756,-0.08508267574524353,2,-0.027996853819867717,0.17657630525358986
monthly_classic_6_12minus1_top1_ma200_0bp,monthly,classic_6_12minus1,1,ma200,0.0,2.096870030522636,0.06750956497121163,0.27100435938793327,0.38360777720610195,0.5079946440661597,-0.4807967669608122,0.1404118530121357,0.12083427657326506,0.013255630744730462,0.23904176953763132,0.17607088670511695,0.23344618773409054,-0.4807967669608122,0.0275701328620017,1.763004393469045,0.1250692233792834,0.2997821253208166,0.5551243715702978,0.7421071632587846,-0.44828576924721353,0.2789944092789441,0.04372597724752292,0.2981183575902079,-0.4807967669608122,-0.02128485901492272,-0.002668603016572189,-0.28038600739681807,-0.03668536658129595,-0.05470639498826067,-0.44828576924721353,0.2865965481900614,0.91542037618608,-0.3356681259491172,0.058435438265786996,8.491046182846372,209,-0.04727064022102634,0.00654999325322736,-0.1261284065849425,-0.09361740887134506,2,-0.03668536658129595,0.14772487728681785
monthly_classic_6_12minus1_top1_ma200_r12_20bp,monthly,classic_6_12minus1,1,ma200_r12,20.0,1.6742651880039094,0.05849621409090755,0.2681259387019798,0.35233212994235225,0.4561521957696264,-0.5143600223272666,0.11372620645406373,0.14379828673711792,0.01563069922531568,0.23342684740167752,0.18489047587754914,0.2355707327118958,-0.4996627168077036,0.03128250057394455,1.33805664776148,0.10349309225840653,0.2990627977082698,0.4890821119373848,0.6492084737101231,-0.4901033077818312,0.21116587179712798,0.0575026532239129,0.3516547042591581,-0.4996627168077036,-0.031294683049302385,-0.057158125436009594,-0.2769881587692963,-0.06122652036045795,-0.17573427644146053,-0.4901033077818312,0.2688773087956693,0.8743248410942499,-0.35199669838399794,0.09802073515551367,8.253534401508011,209,-0.055429038035167855,-0.014292971877562843,-0.1589335320766897,-0.13467681753125316,2,-0.06122652036045795,0.14724828941157425
monthly_long_6_12_top1_ma200_r6_20bp,monthly,long_6_12,1,ma200_r6,20.0,1.1780843308312061,0.046015828619410115,0.27105630956719745,0.3064630681167789,0.40747999180244004,-0.5157572399213564,0.08921993732250215,0.06236736194649928,0.007008498469360136,0.24066874793393808,0.15004648687345648,0.20699841525878912,-0.5157572399213564,0.01358875441172441,1.050217663728351,0.0868108087798567,0.29858182289974317,0.43696788384604274,0.5721602361055136,-0.46168110860753997,0.18803197090234794,0.016964957958024884,0.1986258365232536,-0.5157572399213564,-0.004510285907562084,0.07777501204088742,-0.3519735297307549,-0.0429002546070153,-0.09167790504023621,-0.46168110860753997,0.21295099054287148,0.7410537011485039,-0.3356681259491169,0.06809613572101791,11.45994344957587,209,-0.06790942350666529,-0.030975255356112674,-0.16033074967077943,-0.10625461835696193,2,-0.0429002546070153,0.13820042428207052
monthly_classic_6_12minus1_top1_ma200_r6_10bp,monthly,classic_6_12minus1,1,ma200_r6,10.0,1.2584818823472181,0.048209339350905545,0.2681347245154533,0.31492021122706476,0.4103325044605602,-0.5346776369341155,0.09016524354252362,0.04438404091810133,0.005025802410660196,0.23529194281063132,0.13962986695514834,0.1821119184972665,-0.5346776369341155,0.00939968695806795,1.1625013346257331,0.0935508695610936,0.29759924731073567,0.4587270379877273,0.6040846920867942,-0.46698490283472616,0.20032953740734274,0.016877975123837707,0.19685759158615002,-0.5346776369341155,-0.008673963724334488,0.05400405925678221,-0.22717961216238924,-0.07404101431505195,-0.24274836043317755,-0.46698490283472616,0.2625093256621567,0.8613330158708615,-0.3744732431209913,0.08741753063147974,8.966069745523091,209,-0.06614334525723531,-0.024601723206352677,-0.1796301048456621,-0.11193737074627408,2,-0.07404101431505195,0.1254308254214661
monthly_medium_3_6_12_top1_none_20bp,monthly,medium_3_6_12,1,none,20.0,0.7586412569500447,0.03316446610296464,0.2743586119095937,0.25982257988587476,0.3539662722344269,-0.5559594916857431,0.0596526664243209,-0.026187699856982105,-0.0030586916630235272,0.24689721219889044,0.11075859436328782,0.15902447803810468,-0.46882960278211727,-0.006524100963063581,0.8059345283395563,0.07094016853122653,0.2995113939294115,0.3860928962028668,0.5096188017827515,-0.48713999028444954,0.14562583640444574,-0.01781792452541231,0.06984054390854255,-0.46882960278211727,0.014517976546337463,0.17514146307811174,-0.35785530091493667,-0.014653752983807222,0.054569875929931864,-0.48713999028444954,0.1509039639266141,0.5923965689998664,-0.38226404593743624,0.0,12.291234684260132,209,-0.08076078602311076,-0.04684589560474284,-0.20053300143516617,-0.1317135000338715,2,-0.01781792452541231,0.12249100349332714
monthly_long_6_12_top1_none_10bp,monthly,long_6_12,1,none,10.0,1.3053838830347204,0.04945523863429502,0.27890958832789936,0.317649591680386,0.4385983186521461,-0.5588617152176782,0.08849280114854899,-0.008392693055078948,-0.0009724621172240155,0.2498747428843727,0.12092331991747275,0.17598357444451626,-0.5588617152176782,-0.0017400764638981197,1.3248960217300838,0.10277106455845675,0.3053877616904544,0.48308481236337075,0.646504791364962,-0.5379515317747524,0.19104149442498175,0.0081959785648833,0.16871325673801338,-0.5588617152176782,-0.011623177595888712,0.05073549238986085,-0.3832655506900383,-0.03415362830202917,-0.029215237703503944,-0.5379515317747524,0.23664648983067038,0.7963331163431395,-0.3356681259491169,0.0,12.172478793590951,209,-0.06489744597384584,-0.015381528208989526,-0.20381418312922484,-0.18290399968630033,2,-0.03415362830202917,0.10972437456393712
monthly_classic_6_12minus1_top1_ma200_10bp,monthly,classic_6_12minus1,1,ma200,10.0,1.683857850590139,0.05871527472349336,0.27100842224687616,0.35223901310945516,0.46678955562590074,-0.49766568946599776,0.11798135970855389,0.029418104310689586,0.0033526198955555753,0.2391091368809752,0.13403278934469542,0.17778870649002848,-0.49766568946599776,0.0067366908479324404,1.6071601415901666,0.11752085500349696,0.29973267710721047,0.5320457579515708,0.7116450659186873,-0.4559630335270892,0.2577420675847726,0.033697714545131596,0.26063296395749047,-0.49766568946599776,-0.031085853759877824,-0.052313273001282454,-0.28897688854029757,-0.04295397865590167,-0.0846324818250911,-0.4559630335270892,0.27771508988396065,0.8949161740148098,-0.33886637271980635,0.058435438265786996,8.491046182846372,209,-0.05563740988464749,-0.0006317377639493138,-0.14261815737754435,-0.10091550143863715,2,-0.04295397865590167,0.104159845478104
monthly_classic_6_12minus1_top1_ma200_r6_20bp,monthly,classic_6_12minus1,1,ma200_r6,20.0,0.9411354819398736,0.03907652054162325,0.26819765709943855,0.28138183630256486,0.36697093719539225,-0.5507234354411845,0.07095488956325066,-0.042866053300057105,-0.005044851311358012,0.23544910322685456,0.09590178578279737,0.12519194694253954,-0.5507234354411845,-0.009160407904770898,1.0280708762160469,0.0854429941688366,0.29758589110751266,0.43299338744367105,0.5706259504765991,-0.4754673755539186,0.17970316905401906,0.006657393291735758,0.15767456529044804,-0.5507234354411845,-0.01861932457866433,0.00210570898891043,-0.23210368580156182,-0.08100212797223905,-0.27814384863403696,-0.4754673755539186,0.25323375971099193,0.8394368468378778,-0.38812322522373943,0.08741753063147974,8.966069745523091,209,-0.07484873158445216,-0.032343069967132765,-0.19529694519060758,-0.12004088530334056,2,-0.08100212797223905,0.07989013713967924
monthly_classic_6_12minus1_top1_ma200_20bp,monthly,classic_6_12minus1,1,ma200,20.0,1.3252894090450553,0.049976802085623495,0.27107136355452716,0.32080149424459276,0.4254319141929957,-0.5140153225752941,0.09722823404413743,-0.05469298747739726,-0.006471911190952917,0.2392532678427128,0.09198884940763755,0.12209309604371647,-0.5140153225752941,-0.01259089156822732,1.4598245630696143,0.11000839930018769,0.29972829041591376,0.5088830107106013,0.6810736196133343,-0.4635474682159374,0.23731852041729143,0.023747521161529894,0.22312549953654487,-0.5140153225752941,-0.040807096730424375,-0.10191900183638983,-0.29747931150562024,-0.049193771644339024,-0.11461562461329933,-0.4635474682159374,0.2688773087956693,0.8743248410942499,-0.35199669838399794,0.058435438265786996,8.491046182846372,209,-0.06394845004045191,-0.0077776648357816835,-0.1585888323247172,-0.10812097796535936,2,-0.049193771644339024,0.06060324885007752
monthly_classic_6_12minus1_top1_none_0bp,monthly,classic_6_12minus1,1,none,0.0,1.4577493076740216,0.053344009578483176,0.2789528181706026,0.331298886646754,0.45426478950997345,-0.5900635033566042,0.09040384513706279,-0.06468649781865998,-0.007690110902108138,0.2493659687797068,0.09313706418932113,0.1304597547365417,-0.5900635033566042,-0.013032683530437959,1.6277278174024628,0.11853954779685205,0.3058683532195355,0.5305011884297355,0.7198867811668492,-0.5433850636846981,0.21815017695376923,-0.0011464404062365707,0.1353944414938095,-0.5900635033566042,-0.015346199844132546,0.029745962728917073,-0.26285814277363073,-0.04874020504662202,-0.08766308935202942,-0.5433850636846981,0.2865965481900614,0.91542037618608,-0.3356681259491172,0.0,8.609802073515551,209,-0.061436195613754796,2.031767079602176e-05,-0.2353951429807345,-0.18871670330882961,1,-0.04874020504662202,0.08257020211136329
monthly_long_6_12_top1_none_20bp,monthly,long_6_12,1,none,20.0,0.8769193585219524,0.037058286914263494,0.27900939173411377,0.27387580672960277,0.37804222022694206,-0.5736519297904814,0.06460064891230913,-0.1287399752998719,-0.01578336405687597,0.2500324987643266,0.059854211559777604,0.08696168365116567,-0.5736519297904814,-0.027513834151382754,1.1542585511919428,0.09306673172075497,0.30543576530296257,0.4532679538481356,0.6067045969292979,-0.5471279623934713,0.17010048492792132,-0.00622223840982461,0.11570949678973062,-0.5736519297904814,-0.026953587363899745,-0.023867877708975534,-0.39508496783091673,-0.04382567149642058,-0.07229085213177769,-0.5471279623934713,0.22702772870317234,0.7735410058973254,-0.3356681259491169,0.0,12.172478793590951,209,-0.07686696521181191,-0.0247193324152144,-0.21822543953990448,-0.19170147214289324,1,-0.04382567149642058,0.04592080954037754
monthly_classic_6_12minus1_top1_none_10bp,monthly,classic_6_12minus1,1,none,10.0,1.1257003466058326,0.04454519204302776,0.2789902355190534,0.3003969729839748,0.4119959460682171,-0.6053638462222757,0.07358416317890215,-0.14269379425478235,-0.017616042550147815,0.24947047311800535,0.051946797514753396,0.07274565425880354,-0.6053638462222757,-0.029099925045209273,1.4795112089012115,0.11103485954830261,0.3058478518563728,0.5078582911272254,0.6894149801402123,-0.5488371189731927,0.20230931128717258,-0.01201692824028977,0.0953654967542623,-0.6053638462222757,-0.024225520934517908,-0.014292887901619807,-0.2687376098036146,-0.054930609789615725,-0.11544583100651121,-0.5488371189731927,0.27771508988396065,0.8949161740148098,-0.33886637271980635,0.0,8.609802073515551,209,-0.0698074925651131,-0.007117733219143663,-0.25031631413382227,-0.19378958688474057,1,-0.054930609789615725,0.040536304426321244
monthly_classic_6_12minus1_top1_none_20bp,monthly,classic_6_12minus1,1,none,20.0,0.8379787681842819,0.03580250345165403,0.27908808942011176,0.26944498618114654,0.3696828069253602,-0.6201221115424351,0.05773460224245537,-0.21433157932491265,-0.027462187033405305,0.24965491831047024,0.0107875706326947,0.015106823946285463,-0.6201221115424351,-0.0442851279163363,1.3393822633280847,0.10356561981386903,0.30587219659771353,0.48514121761310813,0.658888734223217,-0.5542348172880707,0.18686234892392092,-0.022790353485911408,0.055372256991402975,-0.6201221115424351,-0.033042342372553546,-0.05831021264094425,-0.2745818353905658,-0.06109302689209728,-0.1432480275732421,-0.5542348172880707,0.2688773087956693,0.8743248410942499,-0.35199669838399794,0.0,8.609802073515551,209,-0.07812274867442137,-0.014220444322100345,-0.2646956212918582,-0.19880832703749263,1,-0.06109302689209728,-0.001468977824770637
