variant,rebalance,model,top_k,absolute_filter,cost_bps,full_total_return,full_cagr,full_volatility,full_sharpe,full_sortino,full_max_drawdown,full_calmar,pre2018_total_return,pre2018_cagr,pre2018_volatility,pre2018_sharpe,pre2018_sortino,pre2018_max_drawdown,pre2018_calmar,holdout_total_return,holdout_cagr,holdout_volatility,holdout_sharpe,holdout_sortino,holdout_max_drawdown,holdout_calmar,2009_2013_cagr,2009_2013_sharpe,2009_2013_max_drawdown,2014_2017_cagr,2014_2017_sharpe,2014_2017_max_drawdown,2018_2021_cagr,2018_2021_sharpe,2018_2021_max_drawdown,2022_2026_cagr,2022_2026_sharpe,2022_2026_max_drawdown,cash_exposure,annualized_turnover,signal_count,positive_era_count,worst_era_cagr,median_era_sharpe,holdout_cagr_alpha_vs_equal_weight,holdout_mdd_improvement_vs_equal_weight
monthly_classic_6_12minus1_top3_ma200_r12_0bp,monthly,classic_6_12minus1,3,ma200_r12,0.0,5.957820250189333,0.1186360711269634,0.2032874945095205,0.6690895415164337,0.8144633528354209,-0.28686092821092524,0.41356650369523934,1.3688932118352026,0.10468199329873484,0.19075942629305337,0.6301699032982806,0.7598244713800488,-0.2695127366845702,0.38841204533220847,1.937160786914084,0.13307154561474932,0.21519105342346195,0.706227818932687,0.8721993162336502,-0.28686092821092557,0.4638887088760423,0.12726922422785503,0.6984857040144206,-0.2695127366845702,0.07928638248800257,0.5403175841197834,-0.2490979710030058,0.03264248256161473,0.2808285155148827,-0.28686092821092557,0.22790520956548743,0.9740573720856402,-0.28246833558803097,0.15747722274583725,6.551366635249764,209,4,0.03264248256161473,0.619401644067102,0.013541307832850569,0.0676576028094995
monthly_medium_3_6_12_top3_ma200_r12_0bp,monthly,medium_3_6_12,3,ma200_r12,0.0,3.8301407907079392,0.09528691078454021,0.2040639604047295,0.5610844741648529,0.6755217691777311,-0.3574792412582981,0.2665522911180464,1.2220603848953693,0.09655207080676509,0.1921063244416401,0.5876958685750825,0.7052200629210746,-0.32284965017662737,0.2990620270269537,1.1737216610048873,0.09420727749034064,0.21546275749718985,0.5388832452794623,0.6550615526060143,-0.357479241258298,0.26353216247952926,0.10294505705255363,0.5917493379627262,-0.32284965017662737,0.0895856321775872,0.5861581594966015,-0.2559442579399206,0.005497843542743741,0.1177737579273368,-0.357479241258298,0.17724929191373384,0.7985606555463461,-0.28246833558803097,0.1613257932767829,9.163996229971724,209,4,0.005497843542743741,0.5889537487296639,-0.025322960291558116,-0.002960710237872921
monthly_classic_6_12minus1_top3_ma200_r12_10bp,monthly,classic_6_12minus1,3,ma200_r12,10.0,5.232130576995688,0.11153772883473922,0.20324429935047825,0.6369977917013847,0.7759545636205246,-0.2939325592861687,0.37946707607219393,1.2304052454759473,0.09702666890024503,0.190711308860805,0.5929355622026118,0.7158713688036644,-0.2796752596395109,0.34692617797265346,1.7941696199095025,0.12653339571968258,0.21515176432160163,0.6786279428502474,0.8382105972777991,-0.2939325592861687,0.4304844486333051,0.12092657405666962,0.670457302371962,-0.2796752596395109,0.07012388450906037,0.48974074194159584,-0.2516227086836812,0.026983606901354262,0.2472829531874174,-0.2939325592861687,0.22049173673908284,0.948969040057753,-0.2824683355880311,0.15747722274583725,6.551366635249764,209,4,0.026983606901354262,0.5800990221567789,0.007003157937783833,0.060585971734256394
bimonthly_classic_6_12minus1_top3_ma200_r6_0bp,bimonthly,classic_6_12minus1,3,ma200_r6,0.0,5.393913215714351,0.11377379330257287,0.20520786768980456,0.6425349215980752,0.7941357410996995,-0.3744606056334546,0.3038338121312065,1.0934574132579544,0.08995065843563332,0.19381253389734318,0.5516813515352446,0.6914614648427535,-0.3107484452207112,0.2894645486375491,2.05423610493407,0.13821842572927423,0.2160014020823269,0.7259549641288298,0.8919068821488665,-0.37446060563345507,0.36911339577485724,0.09813055431020734,0.5539537165637897,-0.3107484452207112,0.08105617203639826,0.5579587987008885,-0.2541823555744984,0.0037140148697241138,0.11108262471375144,-0.37446060563345507,0.26903434888494693,1.129514286942222,-0.2824683355880311,0.14884051112162802,5.26739233317558,105,4,0.0037140148697241138,0.5559562576323391,0.01868818794737548,-0.019942074613029992
quarterly_current_top3_none_0bp,quarterly,current,3,none,0.0,3.7855573139334053,0.09566583594994227,0.21751236620590186,0.5409099710855576,0.7061393136934467,-0.3794992858383519,0.25208436358083486,1.2049500774247006,0.09754165271838566,0.2116152219951831,0.5562050980607096,0.7611501221487333,-0.35540641102336623,0.2744510219653094,1.17036991582266,0.0940115091225282,0.22320011746035914,0.5269181539630109,0.6615751436734012,-0.37949928583835135,0.24772512790069554,0.07370811761346019,0.43998114375339414,-0.35540641102336623,0.125634313006044,0.7018487206981924,-0.2436777193199967,0.044930789189840725,0.3326596306282297,-0.37949928583835135,0.1384705451522219,0.6627370030103633,-0.2938683551393976,0.0,5.694576593720266,70,4,0.044930789189840725,0.5513590733818787,-0.02551872865937055,-0.024980754817926276
monthly_classic_6_12minus1_top3_ma200_r6_0bp,monthly,classic_6_12minus1,3,ma200_r6,0.0,4.674126751745357,0.10552833175625187,0.20219764139443897,0.6116897876356178,0.7560091812268387,-0.3103218020416365,0.34006096594557966,1.0047566590220622,0.083601986089606,0.19155993618812442,0.5253239184660258,0.6560230245635842,-0.3103218020416365,0.2694041654166115,1.8303319139557024,0.12821434832816125,0.21238632606127317,0.6919077094383019,0.852443929429986,-0.30085867729007365,0.426161377438162,0.08168102891892315,0.4849461052815098,-0.3103218020416365,0.08627922995145587,0.5968466717850722,-0.21456023974677474,0.013180024630489395,0.16441436252337271,-0.30085867729007365,0.2382510147485759,1.0137882470218245,-0.28246833558803097,0.15229343386742067,7.501413760603206,209,4,0.013180024630489395,0.540896388533291,0.008684110546262502,0.053659853730351426
monthly_classic_6_12minus1_top3_ma200_r12_20bp,monthly,classic_6_12minus1,3,ma200_r12,20.0,4.581524374815165,0.10447751292828644,0.2032319757974348,0.6048005130325141,0.7369120092990304,-0.30094054082468713,0.34716995138634316,1.0998743593464817,0.08941606636116006,0.19070323900650515,0.5555657345264685,0.6708698890175255,-0.28971003075090607,0.30863987045736907,1.658027776743864,0.12002750156796638,0.2151352300036336,0.6509491268765948,0.8042393029596128,-0.30094054082468635,0.39884125029830625,0.11461213680171345,0.6423270030992577,-0.28971003075090607,0.0610298511640639,0.43896435483234986,-0.25414065159983645,0.021351107235241917,0.21364523887344009,-0.30094054082468635,0.2131167160769647,0.9238076564158005,-0.28246833558803097,0.15747722274583725,6.551366635249764,209,4,0.021351107235241917,0.5406456789658038,0.0004972637860676254,0.05357799019573872
monthly_medium_3_6_12_top3_none_0bp,monthly,medium_3_6_12,3,none,0.0,4.555874227633544,0.10418353881933551,0.22410329603208737,0.5671683735189768,0.7370543072845016,-0.40995066863035146,0.2541367700836141,1.2146011483529722,0.09612650452796845,0.22029896249634182,0.5371080888179952,0.7263073225964862,-0.33072669185335213,0.29065239333809806,1.508747108600344,0.11254600069752474,0.22787788653077604,0.596667779466679,0.748201045286444,-0.40995066863035134,0.27453547294737163,0.1110959106714613,0.5770744749843973,-0.33072669185335213,0.07930507275284393,0.4862514088589191,-0.25846934679136147,0.036691786681451344,0.289036611655205,-0.40995066863035134,0.1827492285803518,0.8061788103217356,-0.28246833558803097,0.0,8.768143261074458,209,4,0.036691786681451344,0.5316629419216582,-0.006984237084374012,-0.05543213760992627
monthly_long_6_12_top3_ma200_r12_0bp,monthly,long_6_12,3,ma200_r12,0.0,5.164900848317018,0.11084119990887786,0.20977328404496592,0.620583734045658,0.7456479616752634,-0.3588224570584868,0.30890262782747496,1.033370934502324,0.08537625251060343,0.19468153885071895,0.5286089000592964,0.6368732189281695,-0.3588224570584868,0.2379345295455892,2.03186238364616,0.13724847121095163,0.22396556749862492,0.7041780406746875,0.8508125971379416,-0.3367116012831407,0.40761432242882367,0.08996773938474933,0.5286147658364366,-0.3588224570584868,0.08044259796284736,0.5321081106007389,-0.2598645524014779,0.011753259135065752,0.15607833802879614,-0.3367116012831407,0.2583347310342665,1.0363541088126933,-0.2824683355880312,0.14836632108074144,8.293119698397737,209,4,0.011753259135065752,0.5303614382185877,0.017718233429052876,0.01780692973728437
quarterly_current_top3_none_10bp,quarterly,current,3,none,10.0,3.350936086324885,0.08959502455725743,0.21757595920141806,0.5145790533678394,0.6716941595618339,-0.3840168261022131,0.2333101532728414,1.1006930026469495,0.09130179935448068,0.21168095810342222,0.5285278684065412,0.7229913143647444,-0.3626857721000718,0.2517380233192296,1.0711908312364185,0.08809414962322526,0.22326174142955954,0.5018325635236842,0.6300956737887443,-0.3840168261022132,0.2294017960550962,0.06790599220206217,0.4148565277021147,-0.3626857721000718,0.11884584483781224,0.6708928453261668,-0.2472559102969628,0.03984820978502923,0.30627159026665407,-0.3840168261022132,0.13176010932176418,0.6382226798465231,-0.29386835513939724,0.0,5.694576593720266,70,4,0.03984820978502923,0.5265396037743189,-0.03143608815867349,-0.02949829508178814
monthly_long_6_12_top3_ma200_0bp,monthly,long_6_12,3,ma200,0.0,5.5500133592230165,0.11473813195088445,0.2163021640283679,0.6249468810422225,0.7829796625896702,-0.3329128263827291,0.3446491779772317,1.0793139955256494,0.08817934105052538,0.20680473566896276,0.5222128034232424,0.6702135134013788,-0.31645046855071557,0.27865132086664435,2.150083812890983,0.142303835500597,0.22547097307854896,0.7212282851888107,0.888222044218173,-0.3329128263827299,0.42745074452913634,0.09690550176461787,0.5362760173503046,-0.31645046855071557,0.07847314832612562,0.5074287421712191,-0.2598645524014779,0.020376832504096276,0.2064851073353197,-0.3329128263827299,0.2595378098399055,1.0386591823537668,-0.2824683355880312,0.08113415017279298,8.332704995287465,209,4,0.020376832504096276,0.5218523797607619,0.022773597718698246,0.021605704637695178
monthly_classic_6_12minus1_top3_ma200_0bp,monthly,classic_6_12minus1,3,ma200,0.0,5.346315190602637,0.11270466676355628,0.20784041420885394,0.6326641980435295,0.7946899357404824,-0.28465740988317456,0.3959309079985344,1.0319318164102427,0.08528754714905129,0.1991265922210529,0.5208199567988644,0.6581417997559275,-0.28465740988317456,0.2996147094293239,2.1232914113301713,0.14117302646378294,0.21626660328422045,0.7377023509195987,0.9249549744277954,-0.28246833558803097,0.49978354625092664,0.09510402147006136,0.5395320080270599,-0.28465740988317456,0.07431088128045849,0.4998130777727289,-0.2490979710030058,0.047986009547825725,0.3685858697215978,-0.2646480116250193,0.22860884209075305,0.9748610566951473,-0.2824683355880311,0.10823122840087968,6.709707822808671,209,4,0.047986009547825725,0.5196725428998944,0.021642788681884184,0.0720501954323941
bimonthly_classic_6_12minus1_top3_none_0bp,bimonthly,classic_6_12minus1,3,none,0.0,6.8982695385632775,0.12752582510197263,0.22370013493305416,0.6635159461329988,0.8726650773354888,-0.37522247035934286,0.33986723924034656,1.130840608786071,0.09220203438341779,0.21888651144833998,0.521825141113029,0.7097649650358835,-0.35601855465359433,0.25898098056470753,2.706644929703539,0.16405821477500826,0.22839639412298587,0.7997898714312487,1.0212900701471332,-0.3752224703593431,0.4372291846431611,0.10702655523565219,0.5588623389327599,-0.35601855465359433,0.07583565446613405,0.4755956376984589,-0.24353217480624567,0.0484642912645592,0.34565762984743814,-0.3752224703593431,0.27445692839296587,1.1156562895166584,-0.28246833558803097,0.0,4.313298627543777,105,4,0.0484642912645592,0.5172289883156094,0.04452797699310951,-0.02070393933891801
bimonthly_classic_6_12minus1_top3_ma200_0bp,bimonthly,classic_6_12minus1,3,ma200,0.0,5.581877047664542,0.11564953019580515,0.21081849132949582,0.6391979735206177,0.8054475992891011,-0.3744606056334552,0.3088429822949385,1.0310149823433554,0.08610965326730291,0.20168977258990825,0.5200192063241832,0.66059352246687,-0.30900741546452337,0.2786653295612869,2.240683650728405,0.14606575024143975,0.2195599735641944,0.749932853440792,0.9414724446122799,-0.37446060563345507,0.3900697377614612,0.09873554455525091,0.5485644529403074,-0.30900741546452337,0.07217824695628505,0.4858742539641903,-0.25418235557449775,0.01901152914579418,0.1975543891802958,-0.37446060563345507,0.26874845808058745,1.1173032253385542,-0.28246833558803097,0.09985802176999527,4.869853289162328,105,4,0.01901152914579418,0.5172193534522489,0.026535512459541,-0.019942074613029992
monthly_medium_3_6_12_top3_ma200_0bp,monthly,medium_3_6_12,3,ma200,0.0,3.772319112749627,0.09452484344585854,0.21407221160214032,0.5413190718352053,0.6800955824960907,-0.349812474006975,0.27021575978440887,1.064430564225841,0.08727732114797271,0.20794643506309524,0.5164080742422141,0.6603386918876477,-0.3007640571007669,0.2901853432530724,1.311687879189705,0.10204278791350996,0.22008181122486165,0.565507794595924,0.7008672272728277,-0.3498124740069759,0.29170711594314114,0.09634037073092228,0.5313112018958067,-0.3007640571007669,0.0771782195688111,0.5006832925320317,-0.2559442579399207,0.01563400762980338,0.17903971325555176,-0.3498124740069759,0.1827492285803518,0.8061788103217356,-0.28246833558803097,0.07799245994344958,9.480678605089539,209,4,0.01563400762980338,0.5159972472139192,-0.017487449868388794,0.004706057013449172
monthly_classic_6_12minus1_top3_none_0bp,monthly,classic_6_12minus1,3,none,0.0,5.768285588432693,0.1168519911667083,0.22425059550167,0.6192243187585039,0.8135005626892708,-0.38635308187110795,0.3024487098712766,1.097490653010344,0.0892732344953826,0.21802579744124478,0.510977495026097,0.698721620528405,-0.3838684109749785,0.23256207581300994,2.2268489867731955,0.14549736586284845,0.23035063271862816,0.7231434903588687,0.9176012649729705,-0.3863530818711084,0.376591705075069,0.10097290664140823,0.5374867741153654,-0.3838684109749785,0.07615403159675815,0.47850821963262463,-0.2385704958850896,0.04744212241829193,0.34007469534454116,-0.3863530818711084,0.23785975486286404,0.9886231714757021,-0.2824683355880311,0.0,5.799245994344957,209,4,0.04744212241829193,0.507997496873995,0.025967128080949697,-0.03183455085068332
quarterly_current_top3_none_20bp,quarterly,current,3,none,20.0,2.9551961275771,0.08354840638250205,0.2176797318266254,0.48817339876356486,0.6369577194744169,-0.38850824754142754,0.21504924776041745,1.0012083522501771,0.08508738981608421,0.21179034363132734,0.5007645958635429,0.6846364035836653,-0.36989508509812874,0.23003114462445898,0.9764039676977314,0.0821999109528535,0.22336031304848566,0.47668195288150295,0.5983233572667146,-0.38850824754142677,0.21157829073908785,0.0621257832482518,0.38967137171448085,-0.36989508509812874,0.11208753331457921,0.6398122046238662,-0.2508230583157314,0.03478345755563583,0.27987109074602823,-0.38850824754142677,0.1250784608140929,0.613614499875591,-0.29386835513939735,0.0,5.694576593720266,70,4,0.03478345755563583,0.5016429357950359,-0.037330326829045246,-0.03398971652100169
quarterly_classic_6_12minus1_top3_none_0bp,quarterly,classic_6_12minus1,3,none,0.0,4.5487424447819995,0.10516772616999281,0.2230683388581533,0.5726996728330296,0.7547815742390404,-0.3957470857134755,0.26574478995945205,1.0176232994712882,0.0861312782164032,0.21723362003153968,0.4981289683654848,0.6803889930760604,-0.34732969065190344,0.2479813287909344,1.750137969875757,0.12446048480924543,0.22869456995654316,0.6432462513049821,0.8221048900668008,-0.39574708571347617,0.31449501285615467,0.09025815555230099,0.49617049611478586,-0.34732969065190344,0.08191413111660673,0.5042761643041165,-0.22723482444392695,0.039829924610143896,0.30320051009519416,-0.39574708571347617,0.20334191997370965,0.8780762699017965,-0.28246833558803097,0.0,3.8563273073263558,70,4,0.039829924610143896,0.5002233302094512,0.004930247027346679,-0.04122855469305109
quarterly_current_top3_ma200_0bp,quarterly,current,3,ma200,0.0,2.829881126297497,0.0815144889778825,0.21147142050817266,0.48705389177212444,0.616880088502604,-0.4222536915435363,0.1930462435506688,0.9422943753024935,0.08127753763944101,0.20246072062811782,0.4964712032184033,0.651709065685838,-0.4222536915435363,0.19248508483687446,0.9718335052589697,0.08190943115073623,0.2200332055297539,0.4792755462617365,0.5914022980983655,-0.4177277799629243,0.19608327499312148,0.04789029095319197,0.3301869530847254,-0.4222536915435363,0.12073574938812026,0.7149488030621501,-0.24746190185128425,0.020083863014906722,0.20354971511043657,-0.4177277799629243,0.1384705451522219,0.6627370030103633,-0.2938683551393976,0.08222327941642879,5.734538534728829,70,4,0.020083863014906722,0.49646197804754433,-0.03762080663116252,-0.06320924894249924
monthly_classic_6_12minus1_top3_ma200_r6_10bp,monthly,classic_6_12minus1,3,ma200_r6,10.0,4.001077999790216,0.0974905504268948,0.20218821139343018,0.5746171735913536,0.7108141324683068,-0.3271393272181611,0.29800926490834523,0.8686281305155299,0.07484147486798065,0.19155894385357097,0.4819284008190175,0.6024877104613309,-0.3271393272181611,0.228775535807319,1.6763366761531553,0.12091935289914213,0.21236846715295174,0.6605025693302604,0.8140020516313359,-0.3110556024457386,0.3887387076406561,0.07358877439149314,0.44870880349072556,-0.3271393272181611,0.07668673878922183,0.5418347077185945,-0.2177381386620416,0.006940264331783297,0.12544339140129201,-0.3110556024457386,0.22989289890532172,0.9855784866957885,-0.28246833558803097,0.15229343386742067,7.501413760603206,209,4,0.006940264331783297,0.4952717556046601,0.001389115117243378,0.04346292857468648
bimonthly_classic_6_12minus1_top3_none_10bp,bimonthly,classic_6_12minus1,3,none,10.0,6.347076288671583,0.1227985696731766,0.22370958131849528,0.6442071332093022,0.8471772756101678,-0.37935252919475937,0.32370568329631955,1.04658404592739,0.08707701057765838,0.2188974809167501,0.49983461319964795,0.6795974672304217,-0.3624451171158518,0.24024881689832536,2.589921607808844,0.15974744212218583,0.22840379143348757,0.7830471628790113,1.0000182984646142,-0.3793525291947597,0.42110551486575554,0.10226773525450539,0.5401013428671627,-0.3624451171158518,0.07027577437696819,0.4490008546033982,-0.24700467005647608,0.04480646783635711,0.32748546710032883,-0.3793525291947597,0.2694877870738439,1.099489766014998,-0.2824683355880312,0.0,4.313298627543777,105,4,0.04480646783635711,0.49455109873528047,0.04021720434028708,-0.024833998174334626
monthly_medium_3_6_12_top3_none_10bp,monthly,medium_3_6_12,3,none,10.0,3.793210559823491,0.0948011834592748,0.22411062269892387,0.5280256563682045,0.6859817467263614,-0.4165967033225395,0.22756105053927267,1.0559722985120779,0.08676213590137305,0.22030114148829744,0.4972204758099922,0.6716128614550613,-0.34443333930414743,0.251898193353341,1.3313595048398144,0.10312611906139679,0.22789023321945998,0.5582397751261533,0.70032087843061,-0.41659670332253973,0.2475442514041066,0.10167892466392381,0.5398955782638386,-0.34443333930414743,0.0699544464108599,0.4424317804450484,-0.26315955877487196,0.029608027388511093,0.2523941274650107,-0.41659670332253973,0.1710420929804679,0.7659660198821843,-0.28246833558803097,0.0,8.768143261074458,209,4,0.029608027388511093,0.4911636793544435,-0.01640411872050196,-0.062078172302114654
monthly_current_top3_none_0bp,monthly,current,3,none,0.0,4.658340490646291,0.10535034276317123,0.21882364958484607,0.5803684560592288,0.7536793549381731,-0.3819856268489924,0.2757966147370739,1.0159496436495403,0.08429867322433626,0.21542220954834318,0.49284043962846186,0.6573018442491254,-0.3504949734386339,0.24051321591662034,1.8067866221116566,0.12712205217912076,0.2221966374741506,0.6661899218194653,0.8439297122710273,-0.38198562684899307,0.33279276298365745,0.09351359337514387,0.5163701643358151,-0.3504949734386339,0.07400947852346174,0.4638221250722218,-0.29032625800178236,0.042337441176714785,0.3210278520987536,-0.38198562684899307,0.20615248438269074,0.901914540725171,-0.292527222453167,0.0,12.449575871819038,209,4,0.042337441176714785,0.4900961447040184,0.007591814397222008,-0.02746709582856799
bimonthly_classic_6_12minus1_top3_ma200_10bp,bimonthly,classic_6_12minus1,3,ma200,10.0,5.065123401564157,0.11036418292292383,0.21085341381417816,0.615996188061678,0.7760976219822023,-0.3794118730285919,0.29088225954016717,0.9415339226537247,0.0804194381169887,0.20172856025485292,0.4933278506999058,0.6266314358833255,-0.316394891997959,0.2541742618193326,2.1238822720512838,0.14119805684524467,0.2195908659997396,0.7299039363348166,0.9160771004655514,-0.37941187302859203,0.3721498110171269,0.09352123099574694,0.5262286389855877,-0.316394891997959,0.06592533305593107,0.4527759001489717,-0.2571230416371858,0.014426780818478147,0.17227404889232448,-0.37941187302859203,0.2636193497788064,1.100146452582688,-0.2824683355880312,0.09985802176999527,4.869853289162328,105,4,0.014426780818478147,0.4895022695672797,0.021667819063345917,-0.024893342008166952
bimonthly_current_top3_none_0bp,bimonthly,current,3,none,0.0,5.346037556031033,0.11328773327849295,0.21685399228606722,0.6171101006299003,0.812846450643385,-0.34951767187684857,0.324125909485943,0.9488058862969995,0.08089042794344214,0.21053231162131344,0.48331203956916113,0.6619661711612053,-0.3026844256702792,0.2672434426195349,2.256372325562604,0.14670771517185566,0.22298394125126522,0.7441035684193842,0.9471676803730638,-0.34951767187684835,0.4197433405414412,0.07886892444016835,0.4645122796718382,-0.3026844256702792,0.0836287031031766,0.5075478471513116,-0.271541340399298,0.0472388768713341,0.3424097263099613,-0.34951767187684835,0.24050769542793948,1.0251351484139801,-0.26778434387910865,0.0,6.976810222432561,105,4,0.0472388768713341,0.48603006341157495,0.027177477389956906,0.00500085914357673
bimonthly_medium_3_6_12_top3_none_0bp,bimonthly,medium_3_6_12,3,none,0.0,4.847751009717157,0.10801303534131068,0.223486132748303,0.5836692126757398,0.7612067159164655,-0.41228269406025586,0.26198779841465863,1.0081984982150693,0.08468008775366087,0.21794587728419826,0.49063190059798784,0.6666478472555196,-0.30192498129744405,0.2804673114154722,1.9119387425669303,0.13193903095016957,0.2288877899735753,0.6727096028156204,0.8467342298127484,-0.4122826940602553,0.32002078392086625,0.10007846473071469,0.5362990687048859,-0.30192498129744405,0.06763500683670243,0.4328276040351688,-0.25419322237211806,0.031588846922024016,0.26076783747067245,-0.4122826940602553,0.22669631615874186,0.9589591882057463,-0.31039583511909075,0.0,5.8637008991954565,105,4,0.031588846922024016,0.48456333637002735,0.012408793168270815,-0.05776416303983023
monthly_long_6_12_top3_ma200_r12_10bp,monthly,long_6_12,3,ma200_r12,10.0,4.361752395679493,0.1019163375249561,0.20976180566709657,0.5810818029031071,0.6990738522708984,-0.3723680011866978,0.2736978934821451,0.8876755857673719,0.07610058116440221,0.1946994784210214,0.4834336411908209,0.5832660111543222,-0.3723680011866978,0.20436928232790585,1.840399291120689,0.12867893679306408,0.22392773114346476,0.6694846555573513,0.8096320542043526,-0.3454885997043563,0.3724549432403212,0.0814949011395385,0.4900556430493162,-0.3723680011866978,0.07018675951951048,0.47764728440006987,-0.26335076198359664,0.0038571469565014116,0.10887699536891148,-0.3454885997043563,0.2491167405004695,1.0073332450762116,-0.28246833558803097,0.14836632108074144,8.293119698397737,209,4,0.0038571469565014116,0.483851463724693,0.009148699011165329,0.009029931316068773
quarterly_classic_6_12minus1_top3_none_10bp,quarterly,classic_6_12minus1,3,none,10.0,4.2034729057239275,0.10103211913261645,0.2230483429738701,0.5554618147988646,0.7318685891540254,-0.39854473353630193,0.2535025823479206,0.9495398041612997,0.08175154061758638,0.2172342929911088,0.4790892006481871,0.6542893835408985,-0.3525512481267352,0.2318855515388739,1.66907754056475,0.1205663977999738,0.22865492372144158,0.6277029902870487,0.8018832123579078,-0.39854473353630115,0.302516600157237,0.08614368743852241,0.47954935638427315,-0.3525512481267352,0.07721418222278187,0.4819037048905752,-0.2287773846669019,0.03723931674722558,0.2901392997607159,-0.39854473353630115,0.19815529324496373,0.8606142911536615,-0.2824683355880311,0.0,3.8563273073263558,70,4,0.03723931674722558,0.4807265306374242,0.0010361600180750496,-0.04402620251587608
monthly_classic_6_12minus1_top3_ma200_10bp,monthly,classic_6_12minus1,3,ma200,10.0,4.669247382612981,0.10547336708088828,0.207798678078858,0.6005018044740235,0.7545234315020867,-0.29807394629436157,0.3538496684870557,0.902943465543522,0.07710175501975747,0.1990860043685583,0.4819393376424988,0.6094316697108495,-0.29807394629436157,0.25866653553013313,1.9791990593865147,0.13494017190729846,0.21622261967743298,0.7117324479049408,0.8921802785063587,-0.2824683355880312,0.4777178710186593,0.08800033719882339,0.5085813343487118,-0.29807394629436157,0.06484045133073502,0.44932617032724165,-0.25162270868368053,0.04276917517165146,0.3385896203956596,-0.27145294826093624,0.22136642177406718,0.9504124008865239,-0.28246833558803086,0.10823122840087968,6.709707822808671,209,4,0.04276917517165146,0.4789537523379767,0.015409934125399705,0.07205019543239388
monthly_classic_6_12minus1_top3_none_10bp,monthly,classic_6_12minus1,3,none,10.0,5.139255769785673,0.11057361869444393,0.2242264687852591,0.5934276044983727,0.7793644286734299,-0.392041124119464,0.2820459688834827,0.9865734624917177,0.08246283652956476,0.21803002494241522,0.4815122917981104,0.6580328890963737,-0.392041124119464,0.21034231221221686,2.090374398782778,0.13977192043024056,0.23029878775749135,0.7008552132503254,0.8891092085718775,-0.3912145340070232,0.3572769114649798,0.09476510974111219,0.5127455103405939,-0.392041124119464,0.06861926943264152,0.4422290730205084,-0.24113504052647072,0.042749078686765696,0.31681519132955516,-0.3912145340070232,0.2311021925576584,0.9665619339965059,-0.2824683355880312,0.0,5.799245994344957,209,4,0.042749078686765696,0.47748729168055115,0.020241682648341808,-0.03669600298659814
monthly_long_6_12_top3_ma200_10bp,monthly,long_6_12,3,ma200,10.0,4.693160220792741,0.10574231342869944,0.21627870471876517,0.5864870419945638,0.7351235124950418,-0.3417411212569239,0.3094222698157576,0.9265352460407787,0.07863487425022786,0.20680258854718134,0.47858959309407567,0.6143129005347442,-0.3232583552734347,0.24325705110920626,1.9551290237190218,0.13387311898627274,0.225427057585048,0.6874936899642616,0.8470470616988358,-0.3417411212569246,0.3917383968715475,0.08837729546008144,0.5003550618887902,-0.3232583552734347,0.06770983363795846,0.4526256306460603,-0.2633507619835974,0.0127542033137924,0.16223349179044866,-0.3417411212569246,0.2503121153991821,1.009705489073428,-0.2824683355880314,0.08113415017279298,8.332704995287465,209,4,0.0127542033137924,0.47649034626742526,0.014342881204373992,0.012777409763500502
monthly_long_6_12_top3_none_0bp,monthly,long_6_12,3,none,0.0,5.461032253181,0.11385729255681265,0.22755700651458297,0.6014235229620526,0.7831150497282175,-0.4278532792296783,0.26611293656976337,0.9687287415019765,0.08133588922659118,0.22151334508276607,0.47255315812370735,0.6459105958751687,-0.4278532792296783,0.19010229247986857,2.28182959743442,0.1477436065440949,0.23348144456133885,0.7253004186763872,0.9052315238720438,-0.41883626120637674,0.35274788796592743,0.08230921049526785,0.46049480572746004,-0.4278532792296783,0.08060255830466101,0.4924355022656738,-0.2599338957120345,0.030918529082273993,0.25811009394554246,-0.41883626120637674,0.2595378098399055,1.0386591823537668,-0.2824683355880312,0.0,7.778510838831291,209,4,0.030918529082273993,0.4764651539965669,0.028213368762196156,-0.06431773018595166
bimonthly_classic_6_12minus1_top3_none_20bp,bimonthly,classic_6_12minus1,3,none,20.0,5.833865117261513,0.11808653660696011,0.22373756189393268,0.6248481848183066,0.8218533532503374,-0.3834590907654779,0.3079508074022462,0.9655759810361058,0.08197070066907974,0.21893108199037004,0.4777968926729861,0.6496242173012837,-0.3688146193612972,0.2222544779028399,2.476774840145935,0.15544881460230764,0.22842579366242866,0.766256543310018,0.9787437771202538,-0.38345909076547746,0.4053856548086891,0.09752463782117804,0.5213104940366315,-0.3688146193612972,0.06473859640843305,0.42232731881180186,-0.2504654428521347,0.04115852795745312,0.3092748575511332,-0.38345909076547746,0.26453323931024664,1.083268044457609,-0.2824683355880312,0.0,4.313298627543777,105,4,0.04115852795745312,0.4718189064242167,0.03591857682040889,-0.028940559745052385
quarterly_current_top3_ma200_10bp,quarterly,current,3,ma200,10.0,2.479693170940943,0.0754795234665726,0.2115392207608696,0.4597891562260489,0.5824011929786415,-0.42878532124016655,0.17603103401083042,0.851674213455283,0.0752134055107021,0.20253345059753827,0.4679426706557444,0.6142168458465959,-0.42878532124016655,0.17541040186068868,0.8792145754666618,0.07589084665033985,0.22009662385485843,0.4531158193252747,0.559194031475634,-0.4223582607168399,0.17968358549809227,0.04222477161259652,0.30440732071689325,-0.42878532124016655,0.11416456950402876,0.6826413754780152,-0.2499753656739,0.014781978187086153,0.17418905512975838,-0.4223582607168399,0.13176010932176418,0.6382226798465231,-0.29386835513939724,0.08222327941642879,5.734538534728829,70,4,0.014781978187086153,0.4713150002817082,-0.0436393911315589,-0.06783972969641483
monthly_medium_3_6_12_top3_ma200_10bp,monthly,medium_3_6_12,3,ma200,10.0,3.068171120744301,0.08447323741585966,0.2140752793734534,0.49702465691741654,0.6247416097463655,-0.35884927801363686,0.23540032707729047,0.8987580905484966,0.07682801278018925,0.20794784291193033,0.4688479134723356,0.5996111124259615,-0.3169039187394723,0.24243314215167466,1.1425431396419357,0.09237580440400794,0.22008633462732216,0.5242933327671558,0.6501740150637073,-0.358849278013637,0.257422294160217,0.08611608522626746,0.4886223594749068,-0.3169039187394723,0.066416822404602,0.44576814718801766,-0.26190004335729167,0.0080231623221938,0.13397313977112013,-0.358849278013637,0.1710420929804679,0.7659660198821843,-0.28246833558803097,0.07799245994344958,9.480678605089539,209,4,0.0080231623221938,0.4671952533314622,-0.027154433377890808,-0.004330746993211898
bimonthly_long_6_12_top3_none_0bp,bimonthly,long_6_12,3,none,0.0,5.0725723519098205,0.11044333793798944,0.22888331254774427,0.5851583215177927,0.7609765294735088,-0.41120316898584097,0.2685858141861556,0.9489953353393983,0.08090267739612611,0.22310156383503288,0.4684585542728368,0.6396191764405079,-0.3736450409714728,0.21652281851722183,2.115744938841725,0.14085296974804962,0.2345131760186748,0.696677157950616,0.8693741314136021,-0.41120316898584086,0.342538629007744,0.09359099447151875,0.5011994202783628,-0.3736450409714728,0.06687522534680523,0.42763947877290714,-0.25799673058227524,0.03570833338973678,0.28049909403002204,-0.41120316898584086,0.24050470803674728,0.9821927107324671,-0.297768049119833,0.0,5.028868906767629,105,4,0.03570833338973678,0.46441944952563496,0.021322731966150865,-0.056684637965415785
bimonthly_classic_6_12minus1_top3_ma200_20bp,bimonthly,classic_6_12minus1,3,ma200,20.0,4.5884140161364835,0.10509782385207656,0.21091443070462684,0.5927287452191413,0.7467943044617174,-0.38432987861817025,0.2734573336581273,0.8558889147939315,0.07475186187198468,0.20180044774022174,0.4665702167614703,0.5926800263106241,-0.32371506366445624,0.23091870061835618,2.0111791560309977,0.1363461584272634,0.219641448706983,0.7098170149313191,0.8907691441299935,-0.38432987861817147,0.35476335828347644,0.08832488869702004,0.5038544676220846,-0.32371506366445624,0.059701231922385745,0.4195510359149093,-0.2600559878741139,0.009858047321316121,0.14696343016831057,-0.38432987861817147,0.25850585350610333,1.0829273360591338,-0.2824683355880312,0.09985802176999527,4.869853289162328,105,4,0.009858047321316121,0.46170275176849696,0.016815920645364635,-0.029811347597746396
quarterly_classic_6_12minus1_top3_none_20bp,quarterly,classic_6_12minus1,3,none,20.0,3.8793259669880884,0.09690724239281856,0.22304805825833132,0.5381733022297467,0.708849015593144,-0.40133232555237075,0.2414638348890561,0.8836750205336739,0.07738416391961978,0.21725788008519933,0.46000102958367467,0.6280964944633153,-0.3577368043428577,0.21631591432637218,1.5903225948209,0.1166816086641198,0.22863198089750814,0.6121096154610002,0.7815713655212584,-0.4013323255523713,0.29073563537032754,0.08204001508974201,0.46289216840096625,-0.3577368043428577,0.07252868604570395,0.4594625369203022,-0.23031855402051638,0.0346527751496446,0.27705112444850716,-0.4013323255523713,0.1929850517228755,0.8430838277391595,-0.2824683355880311,0.0,3.8563273073263558,70,4,0.0346527751496446,0.4611773526606342,-0.0028486291177789447,-0.04681379453194623
bimonthly_medium_3_6_12_top3_none_10bp,bimonthly,medium_3_6_12,3,none,10.0,4.300036044305728,0.10170259588428165,0.22349635146001084,0.557406299620254,0.7268599388484485,-0.4184863934015649,0.2430248569317077,0.9006967818347458,0.07774518555594456,0.21796163056936224,0.46051641450154734,0.6255687744516464,-0.31163392458851413,0.24947600187816654,1.7884700468580812,0.12626670665749673,0.22889216625123587,0.650107699944978,0.8182129564011607,-0.4184863934015648,0.3017223705439227,0.0931303350158128,0.50835210686491,-0.31163392458851413,0.060681082815605025,0.3996620173014472,-0.255652210767326,0.026612326560941035,0.23565413739232727,-0.4184863934015648,0.22033325975835671,0.9376401055394922,-0.3122575940137551,0.0,5.8637008991954565,105,4,0.026612326560941035,0.45400706208317854,0.0067364688755979785,-0.06396786238113972
monthly_medium_3_6_12_top3_none_20bp,monthly,medium_3_6_12,3,none,20.0,3.1346092258840264,0.0854889970322188,0.2241568849034875,0.48880058016414357,0.6347600743109203,-0.42317376402961415,0.2020186606517416,0.9085561878469262,0.07746801738274844,0.22034395422468883,0.45724931470938013,0.6169360340828377,-0.357873901636624,0.21646735631872782,1.1663544684782527,0.09377662310272217,0.22793986936388214,0.5197308960318705,0.6520857536718314,-0.4231737640296145,0.22160311218197237,0.09233170062104579,0.5026491089789845,-0.357873901636624,0.06067537260813194,0.3985002536554848,-0.2680931825450398,0.022566632397618802,0.21571666354575839,-0.4231737640296145,0.1594382121535407,0.7256408370018053,-0.2824683355880312,0.0,8.768143261074458,209,4,0.022566632397618802,0.45057468131723466,-0.025753614679176584,-0.06865523300918941
monthly_classic_6_12minus1_top3_ma200_r6_20bp,monthly,classic_6_12minus1,3,ma200_r6,20.0,3.407291231177755,0.0895030202879945,0.20221582020522177,0.5374426426848593,0.6650876225646917,-0.34356700049927047,0.2605111089188688,0.7416079508787266,0.06614223833504296,0.19160430052087704,0.4384263527491254,0.548267447381863,-0.34356700049927047,0.19251627263073948,1.5305874545152722,0.11366475559770772,0.21237923861963395,0.6290073402922801,0.7754817694886491,-0.32111291662036745,0.3539712970565016,0.06554815937172354,0.41241009109456656,-0.34356700049927047,0.06716859116671814,0.48660528843508377,-0.22090605142081265,0.000733237877874604,0.08642215674842825,-0.32111291662036745,0.22158334005580294,0.9572702322324279,-0.28246833558803086,0.15229343386742067,7.501413760603206,209,4,0.000733237877874604,0.44950768976482514,-0.005865482184191029,0.033405614400057626
bimonthly_current_top3_none_10bp,bimonthly,current,3,none,10.0,4.644560641856234,0.10573962121505387,0.21690065477027504,0.5848114147629652,0.7699320780512459,-0.356406037483745,0.2966830246804572,0.8235454650839273,0.07255127002860351,0.21059444949837208,0.4456219828216352,0.609678554932219,-0.31875983548325415,0.2276048044717194,2.09537697300926,0.13998570163577084,0.2230149399670956,0.7168922936885715,0.9124122621487568,-0.35640603748374444,0.3927702870133213,0.07047467823528919,0.4278519315767118,-0.31875983548325415,0.07531004758450166,0.4685354288027407,-0.27576206820990623,0.04165037811934624,0.3139472905850607,-0.35640603748374444,0.2326525843613323,0.9983871213945985,-0.2716710950411818,0.0,6.976810222432561,105,4,0.04165037811934624,0.4481936801897263,0.02045546385387209,-0.0018875064633193661
monthly_classic_6_12minus1_top3_none_20bp,monthly,classic_6_12minus1,3,none,20.0,4.568218951308121,0.10432517988878254,0.2242240192311252,0.5675704622475825,0.7452308659567323,-0.40011347223346894,0.26073898313503446,0.8814260164005823,0.07568870550091478,0.21806102729042448,0.4519927259756452,0.6173865872106764,-0.40011347223346894,0.18916810043514332,1.9595736971687252,0.13407073356798183,0.23026374370554323,0.6785073887246643,0.8607119679850666,-0.3960411851218023,0.338527250711939,0.08858665336355598,0.4879687068349707,-0.40011347223346894,0.06113017334814286,0.4058595213252423,-0.24369267142767892,0.03807374204839298,0.29350136847348013,-0.3960411851218023,0.22437612006619667,0.9444364514308788,-0.2824683355880311,0.0,5.799245994344957,209,4,0.03807374204839298,0.4469141140801065,0.014540495786083074,-0.04152265410137723
quarterly_current_top3_ma200_20bp,quarterly,current,3,ma200,20.0,2.161042941713869,0.06946871876983374,0.211649215820737,0.4324556598648141,0.547587795935447,-0.43525401655421503,0.15960500334907476,0.7651442187755786,0.06917345627964644,0.2026515480048915,0.43933624411600847,0.5764081820022826,-0.43525401655421503,0.15892663513429112,0.790812845823196,0.06989651604073766,0.22019941384786354,0.4268948208299707,0.5266897696807916,-0.4269595403665778,0.16370758686110184,0.036580668449508025,0.2785882111730736,-0.43525401655421503,0.1076213122105023,0.650189141788845,-0.25248482891989643,0.009500019967315199,0.14484318738130095,-0.4269595403665778,0.1250784608140929,0.613614499875591,-0.29386835513939735,0.08222327941642879,5.734538534728829,70,4,0.009500019967315199,0.4461013555243323,-0.049633721741161096,-0.07244100934615272
bimonthly_long_6_12_top3_none_10bp,bimonthly,long_6_12,3,none,10.0,4.581130139806123,0.105014119107248,0.22890547593006813,0.5631324701313989,0.7322888643033152,-0.41586666272393613,0.25251872419732596,0.8655509640870485,0.07540267860351912,0.2231540081642413,0.4450224257851214,0.6073462055709989,-0.3811537924583446,0.19782743893794447,1.9916792664720413,0.13549043717121334,0.23450633923649844,0.6760060336088222,0.8437172335900656,-0.4158666627239358,0.32580259327292066,0.0882402126934656,0.48018399592743627,-0.3811537924583446,0.06118043880621227,0.40071184493299367,-0.2599293771092036,0.031230118426894826,0.2582784267282872,-0.4158666627239358,0.23425392335489814,0.9621407167370695,-0.3005640839790259,0.0,5.028868906767629,105,4,0.031230118426894826,0.44044792043021497,0.01596019938931459,-0.06134813170351072
monthly_long_6_12_top3_none_10bp,monthly,long_6_12,3,none,10.0,4.6680683989979554,0.10546007948707614,0.2275522732979177,0.5672526308927416,0.7385455400373203,-0.43920029354507584,0.24011841758082206,0.836151198397654,0.0726682107449228,0.22154574515085187,0.4353155559081244,0.5945405493627082,-0.43920029354507584,0.1654557426598458,2.086929008866095,0.13962450633073598,0.23344062902661394,0.6940780118308059,0.8666305010797521,-0.4253717726391698,0.3282411182680316,0.07403740836713579,0.4272506507642431,-0.43920029354507584,0.07142674302482765,0.4495126572009539,-0.26390140251453487,0.023900775805604457,0.22225377717597958,-0.4253717726391698,0.2503121153991821,1.009705489073428,-0.2824683355880314,0.0,7.778510838831291,209,4,0.023900775805604457,0.43838165398259854,0.020094268548837224,-0.07085324161874473
monthly_classic_6_12minus1_top3_ma200_20bp,monthly,classic_6_12minus1,3,ma200,20.0,4.0638515550283785,0.09828201612969201,0.20778785921027113,0.5682419260664183,0.7140850620396981,-0.3129217591498048,0.3140785619917263,0.7820158477758354,0.0689688733109235,0.19908676060919236,0.4429508558511529,0.5601855957602223,-0.3129217591498048,0.22040293234420327,1.8416422678555988,0.12873619657686142,0.2161998729620279,0.6856846171632488,0.8596499469418933,-0.28246833558803097,0.45575443459481463,0.0809348489466275,0.4775663014642276,-0.3129217591498048,0.05544354761497794,0.39863668669722957,-0.25414065159983634,0.03757395315899292,0.3084921828315103,-0.27820127399650985,0.2141607306959339,0.9258954511997797,-0.28246833558803097,0.10823122840087968,6.709707822808671,209,4,0.03757395315899292,0.4381014940807286,0.009205958794962665,0.0720501954323941
monthly_current_top1_ma200_r6_0bp,monthly,current,1,ma200_r6,0.0,2.7587288990120302,0.07952619370216563,0.254073235103608,0.436770150285806,0.5770558914647019,-0.470128861562358,0.1691582887250951,0.48266997972291614,0.046514523040398714,0.23940348264288697,0.31418281681984184,0.41947427172631135,-0.470128861562358,0.09893994358444427,1.5351082509369172,0.1138952630927097,0.2680497194417742,0.5486494830758241,0.722132634347937,-0.3092251128856571,0.3683247522487768,0.018316515552271095,0.20152375602380318,-0.470128861562358,0.08081671412897662,0.48050248880508684,-0.3003684122111572,0.059304964337035804,0.3915505674372284,-0.3092251128856571,0.1635788502525477,0.6550110405971449,-0.2986226433525412,0.07257304429783223,17.635249764373235,209,4,0.018316515552271095,0.4360265281211576,-0.005634974689189054,0.04529341813476795
quarterly_medium_3_6_12_top3_none_0bp,quarterly,medium_3_6_12,3,none,0.0,3.224010213119187,0.08771416770915974,0.2242692444980489,0.4979296386472264,0.6529657840244348,-0.43457755984030944,0.20183777492190652,0.8104970409105325,0.07237094394141397,0.22211182551238748,0.4332898159103249,0.5905321933399542,-0.42104680404819894,0.17188337079297572,1.3330666207523016,0.10321974971933012,0.2263818505074981,0.5608032787588363,0.7107165398755507,-0.43457755984031,0.2375174405168534,0.0775911754234091,0.43971240932526345,-0.42104680404819894,0.06685761488628827,0.42814443659933255,-0.23572796104137517,0.03013860675521074,0.2538954504146001,-0.43457755984031,0.17070742511115777,0.7754709736177363,-0.2824683355880312,0.0,4.975261655566127,70,4,0.03013860675521074,0.433928422962298,-0.01631048806256863,-0.08005902881988491
monthly_long_6_12_top3_ma200_20bp,monthly,long_6_12,3,ma200,20.0,3.9476348953747165,0.09680931368103196,0.21629634068907513,0.5479147377347319,0.6869141229443221,-0.35046123104414306,0.27623401707687933,0.7848207616819565,0.0691629729108798,0.2068505041900581,0.43486020488329985,0.5581254709136415,-0.3349224106262084,0.20650446406845385,1.7720626079630608,0.1254962858715285,0.22541598612182034,0.6536506950351744,0.8056163125936355,-0.35046123104414273,0.3580889261206798,0.0799051443125729,0.46437449909354606,-0.3349224106262084,0.05704170089830751,0.3976153956214022,-0.26682422865075517,0.005181053537893554,0.11787026144071944,-0.35046123104414273,0.24114479110136666,0.9806510361197509,-0.28246833558803097,0.08113415017279298,8.332704995287465,209,4,0.005181053537893554,0.4309949473574741,0.00596604808962975,0.004057299976282347
monthly_current_top3_none_10bp,monthly,current,3,none,10.0,3.5868684407554907,0.09202058832119953,0.21890916512177286,0.5232707717982643,0.6788645216589422,-0.39262205168218667,0.2343744777628712,0.8074138725034348,0.07071664755996543,0.21553541369791918,0.4328063660664652,0.5761276422550671,-0.3654932663989724,0.19348276442053833,1.5378074775990629,0.11403271873343845,0.22225474309242463,0.6119725276437744,0.7751624618442793,-0.3926220516821871,0.2904389049083358,0.08111932260169952,0.4649212806506457,-0.3654932663989724,0.05899294800155319,0.3921148240123448,-0.29891063666126694,0.031056954931053316,0.2615295216234203,-0.3926220516821871,0.19128258098457085,0.850321224885632,-0.29865881557036533,0.0,12.449575871819038,209,4,0.031056954931053316,0.42851805233149526,-0.005497519048460298,-0.038103520661762036
bimonthly_medium_3_6_12_top3_none_20bp,bimonthly,medium_3_6_12,3,none,20.0,3.803043841290717,0.09542044601226407,0.22353800231081117,0.5310711025398454,0.6924036363933566,-0.4246306824098799,0.22471396902063318,0.7988158198324398,0.07084532456052806,0.21801724720669538,0.43032658388278133,0.5843673006861726,-0.3212214589098209,0.2205497876790885,1.6701142987157627,0.12061685916315534,0.22891994062198537,0.6274425233612232,0.7896090426620523,-0.4246306824098801,0.2840512100506397,0.08621654729972739,0.48033337001883286,-0.3212214589098209,0.05376338472120046,0.36641843917655864,-0.2571092951744376,0.02165448821692606,0.210493500493512,-0.4246306824098801,0.2139966468150607,0.9162528959232781,-0.3141161806300884,0.0,5.8637008991954565,105,4,0.02165448821692606,0.42337590459769575,0.0010866213812565917,-0.07011215138945504
quarterly_long_6_12_top3_none_0bp,quarterly,long_6_12,3,none,0.0,2.867486195174387,0.08213133826146946,0.2258745375129819,0.4726138533588772,0.6181359157624979,-0.4225701490972944,0.19436142954470542,0.737893558194594,0.06721718099569252,0.21987465361574976,0.4130495265608704,0.560830137075932,-0.4225701490972944,0.15906750900243108,1.2253872666356593,0.09719168161432012,0.23166017753598808,0.5289337021087374,0.6706592108954296,-0.40867163872263756,0.23782340736466767,0.06081448685864621,0.37373286776442993,-0.4225701490972944,0.07484049409936966,0.4690515407378586,-0.24386313119317826,0.034459268112670305,0.27601466585900386,-0.40867163872263756,0.15463195134199936,0.701938670443903,-0.2824683355880312,0.0,4.375832540437678,70,4,0.034459268112670305,0.42139220425114426,-0.022338556167578627,-0.05415310770221249
monthly_medium_3_6_12_top3_ma200_20bp,monthly,medium_3_6_12,3,ma200,20.0,2.4673137657515785,0.0745031014594768,0.21412502994378213,0.4526328085298914,0.5689816219497882,-0.3677691879252557,0.20258114030645383,0.7462129918131999,0.06646728420841153,0.20800200758825657,0.4211815427167185,0.5385514753978199,-0.33269000126789694,0.19978744162764628,0.9856190407512908,0.08278378189517421,0.2201317782141705,0.48299076545250996,0.5990763621814256,-0.3677691879252559,0.2250971114850407,0.07597539750869498,0.4458587780552474,-0.33269000126789694,0.05575092775098267,0.39068437571405096,-0.27315765111842183,0.000462324708976114,0.08887205859683428,-0.3677691879252559,0.1594382121535407,0.7256408370018053,-0.2824683355880312,0.07799245994344958,9.480678605089539,209,4,0.000462324708976114,0.41827157688464917,-0.03674645588672454,-0.013250656904830849
monthly_current_top3_ma200_r12_0bp,monthly,current,3,ma200_r12,0.0,2.9757497825631454,0.08303391796360615,0.19485559881877684,0.5187111148652874,0.6138078968454534,-0.38844078791170866,0.21376209849126218,0.6469791344448312,0.059288667191383926,0.18283953999806402,0.4144280474359098,0.4795002849955277,-0.38844078791170866,0.15263244498633868,1.4139648763087185,0.10758882308586037,0.20626423901152235,0.6138401864353611,0.7438766084068876,-0.3084133238664406,0.34884622278009,0.05882734398582912,0.4001460356479422,-0.38844078791170866,0.06012406419846439,0.43521892104616056,-0.26837909077171873,0.011114600586320966,0.15118898530186745,-0.3084133238664406,0.19847300142419577,0.8944884094035227,-0.2661180883980777,0.2104932453660069,11.737040527803957,209,4,0.011114600586320966,0.4176824783470514,-0.011941414696038377,0.04610520715398447
bimonthly_long_6_12_top3_none_20bp,bimonthly,long_6_12,3,none,20.0,4.128958025267357,0.09960520187789279,0.22895257967449148,0.5410519390366867,0.7036958620990499,-0.42049831846444474,0.23687419783657213,0.7855831081171032,0.06992395438082588,0.22323449915964133,0.4215443418375156,0.5751216482472682,-0.38858301032036613,0.1799459897209023,1.8724275011067957,0.13014735108759368,0.23452149090505234,0.6552722606489567,0.8183634871046892,-0.4204983184644455,0.30950742338960874,0.08290918509350886,0.4591442254387774,-0.38858301032036613,0.05550898612959787,0.37370972533701585,-0.2618588750074583,0.026766717000337836,0.2360143390586648,-0.4204983184644455,0.2280276537899737,0.9420154359649721,-0.30335205978979596,0.0,5.028868906767629,105,4,0.026766717000337836,0.41642697538789664,0.010617113305694925,-0.06597978744402044
quarterly_medium_3_6_12_top3_none_10bp,quarterly,medium_3_6_12,3,none,10.0,2.887389034420746,0.08245552964156966,0.22428569588804848,0.47571041833309924,0.6237828223094031,-0.4383140558649533,0.18811974778872848,0.7365078113776569,0.06711697936501948,0.22214721601220555,0.4106271200079572,0.5595914691147209,-0.42759869324987443,0.1569625455468793,1.2386245595616896,0.09794645508089883,0.22637987277103594,0.5390225921616995,0.68291714403504,-0.4383140558649531,0.22346181640836235,0.07256384462014775,0.419656658498268,-0.42759869324987443,0.06132327132054605,0.40182303752767057,-0.23881905020060146,0.025848050754771368,0.23205243523082117,-0.4383140558649531,0.1644748385356427,0.7534284844000707,-0.2824683355880311,0.0,4.975261655566127,70,4,0.025848050754771368,0.41073984801296926,-0.02158378270099992,-0.08379552484452801
bimonthly_current_top3_none_20bp,bimonthly,current,3,none,20.0,4.019818879287404,0.09823246350789572,0.21699017698418935,0.5524174883064846,0.7270492071161265,-0.36322996104572036,0.27044152201841914,0.7061679220884678,0.06426421143982686,0.21071077713161002,0.40784924510437515,0.5575454206429311,-0.3344874763472253,0.19212740680645202,1.9421599212478347,0.13329499418485002,0.22307809203293671,0.6895891743222499,0.8776675582184803,-0.36322996104572114,0.3669713638189435,0.062133194502425715,0.3911354948420146,-0.3344874763472253,0.0670433116287541,0.4294025425681236,-0.28059976191387004,0.03608520006505955,0.2854354473469379,-0.36322996104572114,0.22483751556141018,0.971523925893809,-0.27554295080254443,0.0,6.976810222432561,105,4,0.03608520006505955,0.4102690187050691,0.013764756402951273,-0.008711430025296063
bimonthly_current_top3_ma200_0bp,bimonthly,current,3,ma200,0.0,3.7552921626176943,0.09478496375662382,0.20966308563962383,0.5488694846038351,0.6945364419976959,-0.40074840630082775,0.23651987697605983,0.649533177795361,0.060084022684028904,0.1986863309860541,0.39990588718044795,0.5150708198891931,-0.36229228329766716,0.16584405866205704,1.8828108622666444,0.13062029616551674,0.22007980467270985,0.684902638254404,0.8566638932710651,-0.40074840630082864,0.325940899855917,0.050270904152484475,0.34579592741374116,-0.36229228329766716,0.07179780962161098,0.46885514353972685,-0.2890440047608921,0.015712621172165653,0.1793888089295755,-0.40074840630082864,0.24050769542793948,1.0251351484139801,-0.26778434387910865,0.0904716832307935,7.215333648840511,105,4,0.015712621172165653,0.407325535476734,0.011090058383617984,-0.046229875280403565
bimonthly_long_6_12_top1_ma200_r6_0bp,bimonthly,long_6_12,1,ma200_r6,0.0,4.115280536942513,0.09943468449322634,0.2738853994504823,0.49276629800093796,0.6501882069104441,-0.47645045199551916,0.20869889844109432,0.6793429778076512,0.06229980265535806,0.2405465825198791,0.3772551528325168,0.5070254473342956,-0.47645045199551916,0.1307581982437577,2.0460010876517845,0.13786215072263652,0.30358601708382116,0.5903348977297495,0.7782454871033342,-0.4629136561848791,0.29781396353443707,0.03865786461010168,0.2784213170296349,-0.47645045199551916,0.09050613950028663,0.5351701422442273,-0.24592874065527304,0.00018353724760711287,0.11872449157337345,-0.4629136561848791,0.2721519597256423,0.8797037306127701,-0.3356681259491171,0.06838618078561287,6.976810222432561,105,4,0.00018353724760711287,0.4067957296369311,0.01833191294073777,-0.10839512516445404
monthly_current_top1_ma200_r12_0bp,monthly,current,1,ma200_r12,0.0,2.6507446123140137,0.07770911169774108,0.2464542675424159,0.43550543983686457,0.547027778373236,-0.3923445107107283,0.19806346100515534,0.3733782818204656,0.03730483875854418,0.2263245176988298,0.2788771866281063,0.3467707193433293,-0.3923445107107283,0.09508184195304994,1.6582221814916198,0.12003699977582705,0.2651999434495833,0.573025425088677,0.7318358506114027,-0.29862264335254085,0.40196884746652184,0.028292188598200374,0.23887454614670106,-0.3923445107107283,0.0481600103155535,0.33180424597182984,-0.33384680179828463,0.07465741870269405,0.47375791062821543,-0.22714078780402047,0.16108098560092787,0.648227916417417,-0.2986226433525412,0.14585296889726673,16.447690857681433,209,4,0.028292188598200374,0.40278107830002263,0.0005067619939282952,0.055895887667884225
monthly_current_top1_ma200_0bp,monthly,current,1,ma200,0.0,3.073834118414677,0.0845604249738281,0.25671552242556733,0.45352052352398664,0.6090113600605678,-0.4654485687770883,0.18167512083236334,0.547379013277667,0.051687988703285725,0.2446630941272393,0.3332506598020024,0.45826384691354216,-0.4654485687770883,0.1110498391671713,1.6327319185914693,0.11878632863103533,0.2683153243185295,0.5651849821328097,0.7460918335403415,-0.3092251128856571,0.38414192017761256,0.04791890907970964,0.31335208063775605,-0.4654485687770883,0.05638188574185765,0.3642377317379644,-0.3612035381448565,0.06939371766653846,0.4381796132829077,-0.3092251128856571,0.1635788502525477,0.6550110405971449,-0.2986226433525412,0.044062205466541,17.635249764373235,209,4,0.04791890907970964,0.40120867251043607,-0.0007439091508634199,0.04529341813476795
monthly_current_top3_ma200_0bp,monthly,current,3,ma200,0.0,3.26580700788553,0.08745046697928127,0.20857125696286416,0.5179517115092236,0.6489804603239323,-0.37684823429320324,0.23205752083009962,0.653345804928342,0.05976056830318055,0.20255253634836648,0.3951762325493827,0.494716606381477,-0.37684823429320324,0.15857993448016106,1.58010574386187,0.11617000855725745,0.21446103642404857,0.6354569156528346,0.7978055092351984,-0.340682364251395,0.3409921403255666,0.05677373799123986,0.3704327550697795,-0.37684823429320324,0.06357148268603541,0.4311407610731615,-0.2995867689374967,0.02054924892977894,0.20889160713505775,-0.340682364251395,0.20615248438269074,0.901914540725171,-0.292527222453167,0.09252277725416273,12.568331762488217,209,4,0.02054924892977894,0.4007867580714705,-0.003360229224641298,0.0138361667690301
monthly_long_6_12_top3_none_20bp,monthly,long_6_12,3,none,20.0,3.9717324723027057,0.09711733835204961,0.22758281176525266,0.5329976983505962,0.6938143124352445,-0.45033699220939627,0.21565480969169926,0.7123648617201876,0.06406019770931315,0.22161941974077384,0.3980147034795668,0.5431476518168882,-0.45033699220939627,0.14224946832599228,1.9034305617018075,0.13155504197812085,0.23342933980442843,0.662760842260704,0.8277274933613812,-0.4318395700763994,0.3046386924543451,0.06581898220663063,0.3939769448575126,-0.45033699220939627,0.06231901715889365,0.40646000120265796,-0.26785162585324696,0.016924380984275844,0.18631570763507882,-0.4318395700763994,0.24114479110136666,0.9806510361197509,-0.28246833558803097,0.0,7.778510838831291,209,4,0.016924380984275844,0.4002184730300853,0.012024804196222094,-0.07732103905597432
quarterly_long_6_12_top3_none_10bp,quarterly,long_6_12,3,none,10.0,2.5949082508093158,0.07752585503885734,0.22589966044130927,0.4531906015672167,0.5926188873131459,-0.4279734470091474,0.1811464135932721,0.6724092693789372,0.062403165852011444,0.2199184687714394,0.39197040265922406,0.5321108088284172,-0.4279734470091474,0.14581083543409096,1.1495385828280686,0.09278876769885236,0.2316676116766876,0.5110619945620476,0.6477471967299141,-0.41179580865809173,0.22532712997060533,0.05617115471157863,0.3547449060743408,-0.4279734470091474,0.06980634941294706,0.4450186563044567,-0.245889399865154,0.031192590260847863,0.2594342395082851,-0.41179580865809173,0.1491344799225809,0.6828763058925158,-0.2824683355880313,0.0,4.375832540437678,70,4,0.031192590260847863,0.39988178118939877,-0.026741470083046393,-0.05727727763766666
bimonthly_long_6_12_top1_ma200_0bp,bimonthly,long_6_12,1,ma200,0.0,4.56948963468138,0.10488013505790095,0.27691050226975683,0.5087064148010937,0.6855725312283028,-0.4629136561848788,0.22656522151944,0.7373524646086205,0.0665138693370999,0.24500255514634744,0.3913181192928494,0.5376322601542435,-0.4026814796621614,0.16517737392070578,2.2057338669824933,0.14462570370470984,0.30550332545668696,0.6085071726808223,0.8177605773798576,-0.4629136561848791,0.3124247940677495,0.06898339946104093,0.38746104254443786,-0.4026814796621614,0.06400752860251968,0.4030308510992211,-0.2498797024525552,0.005249394009670505,0.14160109835256598,-0.4629136561848791,0.2807011351355164,0.8963009794371877,-0.335668125949117,0.029578797917652628,6.499763369616659,105,4,0.005249394009670505,0.39524594682182945,0.02509546592281109,-0.10839512516445404
quarterly_medium_3_6_12_top3_none_20bp,quarterly,medium_3_6_12,3,none,20.0,2.5771512523016975,0.07721453520923993,0.22433463592494607,0.4534287812582775,0.5944195782286503,-0.4420317563425644,0.1746809682818364,0.665440016333569,0.06188108085844113,0.22221522041279876,0.3879147022866202,0.5285888384760387,-0.43408688783885807,0.14255459584720895,1.1478715638025458,0.09269046620265531,0.22641026213264315,0.5171675813168864,0.655006745757392,-0.442031756342564,0.20969187139310966,0.06755270533304891,0.3995595639968421,-0.43408688783885807,0.05580946212007509,0.3754387456784607,-0.24190251045596023,0.02156915183128194,0.2101668426774981,-0.442031756342564,0.15826588762416893,0.7312929476340483,-0.2824683355880311,0.0,4.975261655566127,70,4,0.02156915183128194,0.3874991548376514,-0.026839771579243443,-0.0875132253221389
bimonthly_medium_3_6_12_top1_ma200_r6_0bp,bimonthly,medium_3_6_12,1,ma200_r6,0.0,2.7878784621676282,0.08041809991646232,0.26421878163527784,0.4332191705906768,0.5684072052171883,-0.4534717124209685,0.17733873517078017,0.6556366690077757,0.06054056249043871,0.23666679469280724,0.3723988338195965,0.4992379200930154,-0.37096879028094276,0.1631958376999586,1.2878681857401162,0.10072005702739317,0.28917039257886246,0.486978549810003,0.6358751430851993,-0.4534717124209685,0.22210879812033868,0.053755682133020954,0.3356350985815014,-0.3104540158551933,0.06870946133391942,0.43115754591277206,-0.2676854396901457,0.02337323992415885,0.21823457872340699,-0.4267738333532485,0.17240566371737032,0.657191020702224,-0.4534717124209683,0.058920965451964034,7.930903928064364,105,4,0.02337323992415885,0.3833963222471367,-0.01881018075450558,-0.09895318140054343
bimonthly_long_6_12_top1_none_0bp,bimonthly,long_6_12,1,none,0.0,4.380035859517462,0.10266158765067646,0.2798692863866165,0.498892284457347,0.6857539837161704,-0.4629136561848791,0.2217726486981739,0.6782540543771292,0.06221947607262912,0.2516318291103791,0.37114569969766803,0.530973487036038,-0.4230000826358792,0.14709093124737754,2.2057338669824933,0.14462570370470984,0.30550332545668696,0.6085071726808223,0.8177605773798576,-0.4629136561848791,0.3124247940677495,0.06093690197705337,0.3554542369349302,-0.4230000826358792,0.06400752860251968,0.4030308510992211,-0.2498797024525552,0.005249394009670505,0.14160109835256598,-0.4629136561848791,0.2807011351355164,0.8963009794371877,-0.335668125949117,0.0,6.619025082820634,105,4,0.005249394009670505,0.3792425440170757,0.02509546592281109,-0.10839512516445404
quarterly_long_6_12_top3_none_20bp,quarterly,long_6_12,3,none,20.0,2.341206189114938,0.07293369065376498,0.225950886546419,0.4337215576653926,0.5669442426902055,-0.43333493700568393,0.16830789402242066,0.6093057904547232,0.0576041626785706,0.21999115665077856,0.37085099772383334,0.5032850550405332,-0.43333493700568393,0.13293219115128727,1.0761785665177075,0.08839765583957959,0.2316985568735172,0.49314138855393963,0.6247243607620254,-0.41490756917772453,0.21305385200556487,0.051541592845907314,0.33573020576938845,-0.43333493700568393,0.06478887504310782,0.42092063931814655,-0.2479129513497076,0.02793228107428658,0.24281567851803595,-0.41490756917772453,0.14365547254363298,0.6637567602864688,-0.28333709745828317,0.0,4.375832540437678,70,4,0.02793228107428658,0.3783254225437675,-0.03113258194231916,-0.06038903815729946
bimonthly_medium_3_6_12_top1_ma200_0bp,bimonthly,medium_3_6_12,1,ma200,0.0,3.1910850415150716,0.08678397348699396,0.2666778709299965,0.45429121679706846,0.6053860026305329,-0.4534717124209682,0.19137681824446506,0.7128272695981341,0.06474765039336017,0.241194675916079,0.3866625137687827,0.5299892741849489,-0.3742646038371532,0.1729996631515082,1.4468813148324031,0.10932957502663032,0.2899402979196851,0.5141206650747271,0.6769388174944018,-0.45347171242096806,0.241094586568472,0.08452202565355593,0.4479329594459383,-0.3104540158551933,0.04274049595823892,0.30552954311507463,-0.27152240710605313,0.0407695702471238,0.2943048484946062,-0.4267738333532485,0.17240566371737032,0.657191020702224,-0.4534717124209683,0.029578797917652628,7.692380501656412,105,4,0.0407695702471238,0.37673125128050644,-0.01020066275526843,-0.09895318140054299
bimonthly_current_top3_ma200_10bp,bimonthly,current,3,ma200,10.0,3.2129226954786443,0.08711204453614307,0.2096991994308059,0.514366942741814,0.6508214811959722,-0.4094527448997538,0.21275237648601109,0.5435535642257898,0.051908956172616705,0.19873183306974937,0.3600256063168431,0.46353145845654203,-0.3753473663993563,0.1382957783094911,1.7293660505988067,0.12347238586025511,0.22010662916644044,0.6551847716729895,0.8194115692227617,-0.4094527448997536,0.30155466631560834,0.04254734780697578,0.3092831513834281,-0.3753473663993563,0.06305132332945917,0.42474984476881217,-0.293589517884827,0.009281042365641534,0.14424890057169348,-0.4094527448997536,0.2326525843613323,0.9983871213945985,-0.2716710950411818,0.0904716832307935,7.215333648840511,105,4,0.009281042365641534,0.36701649807612013,0.003942148078356356,-0.05493421387932851
monthly_current_top3_none_20bp,monthly,current,3,none,20.0,2.717318937267757,0.07883526297417243,0.2190623545087281,0.4660736535226859,0.6041447017663635,-0.40308773797551933,0.19557842014772556,0.6202174438835517,0.057287259958870296,0.2157235051045505,0.3727058941674002,0.49535683363704675,-0.38528550188333743,0.14868781638250328,1.294333363278441,0.10108027398630082,0.22237346286658494,0.5576314353170891,0.7061113440430113,-0.4030877379755199,0.2507649438654955,0.06885043953447467,0.4134440213531096,-0.38528550188333743,0.044166050228124254,0.3202749054722413,-0.3074038338912971,0.019885804332862467,0.20199606920196342,-0.4030877379755199,0.17657854485231117,0.7985649731777776,-0.30474380436866433,0.0,12.449575871819038,209,4,0.019885804332862467,0.36685946341267545,-0.018449963795597935,-0.04856920695509481
bimonthly_current_top1_ma200_0bp,bimonthly,current,1,ma200,0.0,1.7490236140022963,0.06048963870985613,0.2497311980971632,0.36668502091887073,0.4863878433673676,-0.4087181245549951,0.14799842501654692,0.5772962075494741,0.054564226215103595,0.23530875934396372,0.34863291515232897,0.47127972404356666,-0.4087181245549951,0.1335008724521628,0.7428708703187987,0.06653540183667794,0.26337621777328235,0.38392999913985404,0.5040002587124299,-0.3843329443258636,0.17311917393234108,0.038512038237699775,0.279960687057085,-0.4087181245549951,0.07362920052308697,0.43597417161155644,-0.23935785245442576,0.004314557939829156,0.12971244614560548,-0.3843329443258636,0.1234721613103329,0.5521771383666124,-0.2986226433525411,0.057501183151916706,9.242782773308091,105,4,0.004314557939829156,0.3579674293343207,-0.05299483594522081,-0.029814413305438547
bimonthly_current_top1_none_0bp,bimonthly,current,1,none,0.0,2.05071770122737,0.06692257593607875,0.25270304776215086,0.3899032640244091,0.5326085281330928,-0.4089097834319336,0.16366098011743602,0.576784940703162,0.054524369690593266,0.23922106606930332,0.3466466916294826,0.487976117505396,-0.4089097834319336,0.13334082944403136,0.9347709522561185,0.07953165033927267,0.26550948636977084,0.4299246470639834,0.5748593084866892,-0.3441992096798464,0.2310628499503188,0.038438536904305876,0.2787893612585301,-0.4089097834319336,0.07362920052308697,0.43597417161155644,-0.23935785245442576,0.03097893258326856,0.2521893087980404,-0.3441992096798464,0.1234721613103329,0.5521771383666124,-0.2986226433525411,0.0,9.481306199716043,105,4,0.03097893258326856,0.35738176643504327,-0.03999858744262608,0.010319321340578669
bimonthly_medium_3_6_12_top1_none_0bp,bimonthly,medium_3_6_12,1,none,0.0,2.963503245264101,0.08326572747150163,0.2690417842265481,0.44026872213426965,0.5975815798304701,-0.4534717124209685,0.18361834970249277,0.6198183464143938,0.05783981205216637,0.24638427588771541,0.35662190174008834,0.5072831870978055,-0.374264603837154,0.1545425654982137,1.4468813148324031,0.10932957502663032,0.2899402979196851,0.5141206650747271,0.6769388174944018,-0.45347171242096806,0.241094586568472,0.07138289038145817,0.3957506354690865,-0.3262979460853024,0.04274049595823892,0.30552954311507463,-0.27152240710605313,0.0407695702471238,0.2943048484946062,-0.4267738333532485,0.17240566371737032,0.657191020702224,-0.4534717124209683,0.0,7.811642214860388,105,4,0.0407695702471238,0.35064008929208057,-0.01020066275526843,-0.09895318140054299
monthly_current_top3_ma200_r12_10bp,monthly,current,3,ma200_r12,10.0,2.262003522594544,0.07071937741199008,0.19492790669103993,0.45830648822810865,0.5427306505051808,-0.4057309167879978,0.17430117963857883,0.4885449878822825,0.04699238571179021,0.18293470540698925,0.348953727011598,0.4040515442361204,-0.4057309167879978,0.11582155504394218,1.1914040550667546,0.09523567249063536,0.20631614363607076,0.5577808211832547,0.6763891330073338,-0.31804957784507215,0.2994365631166674,0.047882050103730256,0.3449559463469383,-0.4057309167879978,0.0461814218996468,0.3558337921971855,-0.2742911555056743,0.0010118888808510196,0.08555145292159058,-0.31804957784507215,0.1838681760010421,0.8419542290009886,-0.2707327919235142,0.2104932453660069,11.737040527803957,209,4,0.0010118888808510196,0.35039486927206187,-0.024294565291263392,0.036468953175352925
bimonthly_medium_3_6_12_top1_ma200_r6_10bp,bimonthly,medium_3_6_12,1,ma200_r6,10.0,2.316208760815306,0.07210575586523071,0.2642172623639662,0.40320506144559487,0.5291469697152243,-0.45561677090120056,0.15825966134347297,0.5355946100901035,0.051275183519964296,0.23680236717844005,0.33443095159920433,0.44842516557850565,-0.3860403842776856,0.1328233666949237,1.1595600421003742,0.09337830097380695,0.2890557536629381,0.463230093792654,0.604841951234595,-0.45561677090120034,0.20494921815346404,0.04431525997191699,0.3002637506853657,-0.3281040923850056,0.05960161285573151,0.3889013676831908,-0.27061961081388586,0.016249693210923732,0.18642320360842848,-0.435833733857808,0.1648567657381228,0.6374105184056496,-0.4556167709012009,0.058920965451964034,7.930903928064364,105,4,0.016249693210923732,0.34458255918427827,-0.026151936808091802,-0.10109823988077526
monthly_current_top1_none_0bp,monthly,current,1,none,0.0,2.6800005427327656,0.07820635960707101,0.26130499361666837,0.4270110218558661,0.5848129874153781,-0.46108823552705236,0.16961256779339925,0.5666850346642618,0.05319443038225091,0.2475813715945609,0.3381424353335897,0.47961317948126975,-0.46108823552705236,0.11536713861598831,1.3489089774329632,0.10408578263521973,0.2744520886454251,0.5090371342928847,0.6793466839002049,-0.3851856828086846,0.2702223558161621,0.049745290173488055,0.3195044517031345,-0.46108823552705236,0.057517852457948715,0.3672536976984435,-0.35846651862849777,0.03922595392581063,0.2893947922551805,-0.3851856828086846,0.1635788502525477,0.6550110405971449,-0.2986226433525412,0.0,17.160226201696513,209,4,0.03922595392581063,0.343379074700789,-0.015444455146679026,-0.030667151788259517
bimonthly_medium_3_6_12_top1_ma200_10bp,bimonthly,medium_3_6_12,1,ma200,10.0,2.683903687920149,0.0786730360329635,0.26667736621479404,0.42544680707773225,0.5669437879421698,-0.4622688308422457,0.17018892640808728,0.5950014673378974,0.05593747225256518,0.2413291424681829,0.35137639271890814,0.4815299426514141,-0.39166859089977535,0.14281837643417034,1.3096553597964338,0.10193039149419292,0.28982675232068744,0.49044418127315986,0.6456986473240857,-0.45561677090120123,0.22371957751374374,0.07527425955044786,0.41432275466502283,-0.31321294648802533,0.03437438696278128,0.26754006783105805,-0.277305886965144,0.03352492551597197,0.26284829710582475,-0.435833733857808,0.1648567657381228,0.6374105184056496,-0.4556167709012009,0.029578797917652628,7.692380501656412,105,4,0.03352492551597197,0.34093141124804044,-0.017599846287705834,-0.10109823988077615
monthly_medium_3_6_12_top1_ma200_r12_0bp,monthly,medium_3_6_12,1,ma200_r12,0.0,2.27990983841775,0.07105818259325036,0.2632186666795795,0.40004018916063644,0.5161175178751631,-0.41032606494909907,0.17317491785969075,0.5381819689954752,0.050964491824189384,0.22955387476306222,0.3364633512206543,0.4454206913595989,-0.41032606494909907,0.12420486090863257,1.132328882102101,0.0917706782359824,0.2932983233721767,0.45559537315152443,0.5877948833461966,-0.37729234804422196,0.2432349309804345,0.051819147121303644,0.33206361437936915,-0.3514279529660148,0.05021455364030647,0.3464230668299029,-0.3394437678211547,0.006828874386514139,0.141770489003536,-0.3639179900157946,0.1710286606793503,0.6439456261302919,-0.3772923480442224,0.09330819981149858,12.528746465598493,209,4,0.006828874386514139,0.339243340604636,-0.027759559545916357,-0.022773817023796883
monthly_current_top3_ma200_10bp,monthly,current,3,ma200,10.0,2.451435291580616,0.07421810782179317,0.20863189043550204,0.4575595205209963,0.5733057257952098,-0.39891407101631726,0.1860503632592026,0.478442162832067,0.0461696025180216,0.20264006653997743,0.3298709630942935,0.41287394174406084,-0.39891407101631726,0.11573821500052595,1.3345081588914711,0.10329876700613272,0.2144954053347693,0.5797277119192502,0.7278938140451002,-0.35247096451321,0.2930702877861057,0.044493788465260975,0.31490059303692325,-0.39891407101631726,0.04836627053339093,0.3522494697328999,-0.31167652247859035,0.00968453490519905,0.14320916491238353,-0.35247096451321,0.19128258098457085,0.850321224885632,-0.29865881557036533,0.09252277725416273,12.568331762488217,209,4,0.00968453490519905,0.33357503138491157,-0.016231470775766033,0.0020475665072150484
bimonthly_current_top3_ma200_20bp,bimonthly,current,3,ma200,20.0,2.731779865844041,0.07948225418839439,0.20978236591904137,0.4797686498427159,0.606997635436445,-0.4180425383373786,0.19012958466979915,0.44423691423338596,0.043784629151091936,0.19883637018511252,0.3200685260344149,0.41195631236127034,-0.38815404432555123,0.11280219745532019,1.5839111499409961,0.11636076998164491,0.22016977914360544,0.6253709516218013,0.7821988032709687,-0.4180425383373799,0.2783467214710488,0.0348688437124105,0.27275291996175605,-0.38815404432555123,0.05436319261429867,0.38047162933817963,-0.2987325930964809,0.002882111111828234,0.10907645733507013,-0.4180425383373799,0.22483751556141018,0.971523925893809,-0.27554295080254443,0.0904716832307935,7.215333648840511,105,4,0.002882111111828234,0.32661227464996784,-0.0031694678002538446,-0.06352400731695484
monthly_current_top1_ma200_r12_10bp,monthly,current,1,ma200_r12,10.0,1.7678538128234549,0.06060252290892487,0.24642422525440125,0.3688131036395637,0.46351294856220043,-0.4200228474600848,0.1442838723545485,0.17855057831012644,0.019145967493250815,0.22631061852187953,0.1989845517969118,0.24764466062109716,-0.4200228474600848,0.045583157223537174,1.348523571039412,0.10406477550558035,0.2651535773387917,0.5173260612206271,0.6607491729262679,-0.2986226433525412,0.34848253413498154,0.012328389038814613,0.17137133179721434,-0.4200228474600848,0.027293629227292948,0.23553710687153243,-0.34839203358252924,0.06125740523926515,0.4084347955649362,-0.23640299323042246,0.14268492888635764,0.595722660222068,-0.29862264335254096,0.14585296889726673,16.447690857681433,209,4,0.012328389038814613,0.3219859512182343,-0.015465462276318398,0.05589588766788389
monthly_current_top1_ma200_10bp,monthly,current,1,ma200,10.0,2.0276671579487777,0.06611621355206432,0.25667381501436537,0.38488736514581645,0.5165272141424001,-0.4874480786877696,0.1356374482592113,0.304293726141315,0.031142905363310325,0.24461300602986316,0.2506903906610961,0.34442608578880674,-0.4874480786877696,0.06388968738403547,1.321307767772503,0.10257357636256126,0.26827844549631097,0.5092235442884833,0.6718028423648603,-0.32023745624935296,0.3203047437483151,0.028561011397309377,0.24104805932269216,-0.4874480786877696,0.03433187651615044,0.2665555883556333,-0.37514871140574557,0.0555215221938814,0.3729590194970865,-0.32023745624935296,0.14514568300059283,0.602565898077427,-0.29862264335254096,0.044062205466541,17.635249764373235,209,4,0.028561011397309377,0.3197573039263599,-0.016956661419337493,0.03428107477107212
bimonthly_current_top1_none_10bp,bimonthly,current,1,none,10.0,1.6018128377709502,0.05710526216811984,0.25274515168536926,0.3523250054763266,0.4809686000780557,-0.42752194545758115,0.13357270375208338,0.45120797873620777,0.044370736630471086,0.23921722105169535,0.3052921987172501,0.42948256237604254,-0.42752194545758115,0.10378586901072559,0.7928600696068144,0.07003826412846292,0.26559293632459385,0.39564640481649344,0.5286810757664857,-0.3519632418567894,0.1989931214378371,0.027369922748342157,0.23540035574308918,-0.42752194545758115,0.06451702067856657,0.39717582927281236,-0.24535507754313812,0.022228485789330676,0.2130890961572944,-0.3519632418567894,0.11326652236236323,0.5204556718300576,-0.29893131140703133,0.0,9.481306199716043,105,4,0.022228485789330676,0.31628809250795076,-0.04949197365343583,0.0025552891636356767
bimonthly_medium_3_6_12_top1_none_10bp,bimonthly,medium_3_6_12,1,none,10.0,2.4771546637923225,0.07506070781700891,0.26902498832926175,0.41125934439916745,0.5581001578841133,-0.4622688308422459,0.16237458121554418,0.5054863700958325,0.048851105337375245,0.2464801702124579,0.3211781386012836,0.4566115595680857,-0.3916685908997758,0.12472561362439137,1.3096553597964338,0.10193039149419292,0.28982675232068744,0.49044418127315986,0.6456986473240857,-0.45561677090120123,0.22371957751374374,0.06180030208456189,0.36172796656955725,-0.33562775281961776,0.03437438696278128,0.26754006783105805,-0.277305886965144,0.03352492551597197,0.26284829710582475,-0.435833733857808,0.1648567657381228,0.6374105184056496,-0.4556167709012009,0.0,7.811642214860388,105,4,0.03352492551597197,0.31463401720030765,-0.017599846287705834,-0.10109823988077615
bimonthly_medium_3_6_12_top1_ma200_20bp,bimonthly,medium_3_6_12,1,ma200,20.0,2.2372646562894687,0.07060661789062861,0.2667334420246401,0.39651815937109447,0.5284061643207826,-0.4916636591853272,0.14360755889020105,0.4850694181718316,0.04718280672661246,0.2415319558645076,0.31604011612566163,0.43292432339482845,-0.40862220777514224,0.1154680431675812,1.1798742985864243,0.0945659465678581,0.2897602769207973,0.4666733174902566,0.6144662587005082,-0.457757625104638,0.2065851913362261,0.06608717370580974,0.38066810173863797,-0.3159663472273131,0.026058809784373693,0.22949141219269295,-0.28305486339137387,0.02631641927663564,0.23128015630405047,-0.44476809481777846,0.1573415477407425,0.617547615665166,-0.45775762510463835,0.029578797917652628,7.692380501656412,105,4,0.026058809784373693,0.30597412902134424,-0.024964291214040646,-0.10323909408421295
bimonthly_medium_3_6_12_top1_ma200_r6_20bp,bimonthly,medium_3_6_12,1,ma200_r6,20.0,1.9025008554620335,0.06384095596645412,0.26427459970093936,0.37310749383394104,0.4897411843829448,-0.45775762510463736,0.13946453857947405,0.42404198815208094,0.042072477017291776,0.23701147503990835,0.2964145243752738,0.3974269743776707,-0.4007803084586017,0.10497640759622706,1.0382129737820893,0.08607101389769922,0.28898830984062934,0.43939102382778256,0.5737800859889888,-0.45775762510463813,0.1880274826181746,0.03494086688308329,0.2648735774730303,-0.34538096167766486,0.050553336312510355,0.34653372238750213,-0.2735478922966099,0.009161680892341817,0.15451830141111447,-0.44476809481777846,0.1573415477407425,0.617547615665166,-0.45775762510463835,0.058920965451964034,7.930903928064364,105,4,0.009161680892341817,0.3057036499302662,-0.03345922388419953,-0.10323909408421306
monthly_medium_3_6_12_top1_ma200_0bp,monthly,medium_3_6_12,1,ma200,0.0,2.1530573910420143,0.06861944475963799,0.26984798709061253,0.38809640189907024,0.5194153794579766,-0.4122050507291548,0.16646919934206575,0.29366749493227307,0.030169605694462476,0.24249914520232296,0.2467514080719428,0.34450883237871194,-0.4122050507291548,0.07319077153735762,1.4373012411563186,0.1088250891576299,0.2948669298766548,0.5088470083187231,0.6665054986729344,-0.37729234804422185,0.2884370428442261,0.02083471382598412,0.2128485458907095,-0.407879284467053,0.04137498490219382,0.3028646134205449,-0.34154861881322796,0.04116427571266956,0.29758375425831635,-0.33518241127936976,0.1710286606793503,0.6439456261302919,-0.3772923480442224,0.03440150801131008,12.647502356267672,209,4,0.02083471382598412,0.3002241838394306,-0.010705148624268856,-0.022773817023796772
bimonthly_medium_3_6_12_top1_none_20bp,bimonthly,medium_3_6_12,1,none,20.0,2.0496874234409153,0.06690164623943429,0.26906514088381067,0.3821654405868541,0.5185546291737559,-0.4916636591853283,0.13607197723396575,0.39901985422670716,0.0399210610974976,0.2466448981003986,0.2856821935449716,0.405853185341575,-0.40862220777514224,0.09769674858069749,1.1798742985864243,0.0945659465678581,0.2897602769207973,0.4666733174902566,0.6144662587005082,-0.457757625104638,0.2065851913362261,0.05228462729147698,0.3276571521483919,-0.34484659743509993,0.026058809784373693,0.22949141219269295,-0.28305486339137387,0.02631641927663564,0.23128015630405047,-0.44476809481777846,0.1573415477407425,0.617547615665166,-0.45775762510463835,0.0,7.811642214860388,105,4,0.026058809784373693,0.2794686542262212,-0.024964291214040646,-0.10323909408421295
bimonthly_current_top1_none_20bp,bimonthly,current,1,none,20.0,1.2182566836635815,0.047358914189904455,0.2528606050020802,0.3146679600457813,0.4292887287877735,-0.4455835968191023,0.10628513825012098,0.33541128617055294,0.03429493158970742,0.23929396162793154,0.2638474921025065,0.3709752670323651,-0.4455835968191023,0.07696632424202647,0.6611037413235359,0.06060953866795238,0.2657433882369893,0.3612985791303139,0.4823928000476283,-0.3596505264684625,0.16852342540159518,0.016397636703205265,0.19197115529714348,-0.4455835968191023,0.05546419593331642,0.3582206042653511,-0.25131676993737406,0.013535001611964859,0.1739194758048883,-0.3596505264684625,0.10313331549233817,0.4886664823403614,-0.3003894835076989,0.0,9.481306199716043,105,4,0.013535001611964859,0.2750958797812473,-0.05892069911394637,-0.005131995448037441
monthly_long_6_12_top1_ma200_0bp,monthly,long_6_12,1,ma200,0.0,2.9365038801316294,0.0824131655893301,0.2740540630603049,0.43432991424896833,0.5884226225560346,-0.4410652876472042,0.18685026434283825,0.37584115599352197,0.03751940826277189,0.24472027706114188,0.27643242395534867,0.39034535059506237,-0.4410652876472042,0.08506542979819037,1.8611615977492844,0.1296324950512382,0.3007425808747481,0.5682524253376953,0.7549303882401702,-0.4273882310785092,0.30331320711408477,0.06819878405744384,0.3845553279501341,-0.4410652876472042,0.002838954877090405,0.11884226581566296,-0.37473155609089737,0.00831017888381047,0.15110192142950266,-0.4273882310785092,0.2463211696717149,0.8190222435480741,-0.33566812594911677,0.03440150801131008,12.291234684260132,209,4,0.002838954877090405,0.2678286246898184,0.010102257269339443,-0.07286970005808413
monthly_current_top1_none_10bp,monthly,current,1,none,10.0,1.7565900539645956,0.06035260348830018,0.2612900644697532,0.36136041502461175,0.4942648441249159,-0.4811941229516553,0.1254225698312689,0.3311042452541646,0.03356776581947729,0.24755620305151055,0.260350379547894,0.36855143629376147,-0.4811941229516553,0.0697593013264,1.0709047122287898,0.08807671954799101,0.27444465875876345,0.4542708696155013,0.6057097935204745,-0.39859626468694054,0.22096724769151285,0.031238305422338852,0.25127862481713686,-0.4811941229516553,0.0364711859346778,0.2753925759589765,-0.36999164103339677,0.02572604238047349,0.22904752570058057,-0.39859626468694054,0.14514568300059283,0.602565898077427,-0.29862264335254096,0.0,17.160226201696513,209,4,0.02572604238047349,0.2633356003880567,-0.03145351823390774,-0.04407773366651546
monthly_medium_3_6_12_top1_none_0bp,monthly,medium_3_6_12,1,none,0.0,1.6627773760703906,0.05823289900072126,0.2742784609525997,0.3496211816087458,0.4765631030718052,-0.4703222860474904,0.1238148833858178,0.24602016457890663,0.025716516938509182,0.24660723950115407,0.2287219145510845,0.3293032673337503,-0.4321209659787666,0.05951231012422765,1.1370259099862081,0.0920492631292722,0.2996100084414777,0.4531109944535745,0.5979482120223516,-0.4618705314051854,0.19929667919973895,0.011728666445192992,0.18033716037386774,-0.4321209659787666,0.04249481413988265,0.3066687273529232,-0.3387273848388753,0.007384772806094286,0.15060783572418546,-0.4618705314051854,0.1710286606793503,0.6439456261302919,-0.3772923480442224,0.0,12.291234684260132,209,4,0.007384772806094286,0.2435029438633955,-0.027480974652626555,-0.10735200038476034
monthly_medium_3_6_12_top1_ma200_10bp,monthly,medium_3_6_12,1,ma200,10.0,1.5483768532888167,0.055550661110621125,0.26983226738261207,0.34124729183237557,0.45681655153188344,-0.44313652669752,0.1253578925768387,0.13689687908879766,0.014921383431800272,0.24257922591532605,0.18381355857009682,0.25643498522555846,-0.44313652669752,0.0336722037855964,1.241519789667549,0.09811101137946343,0.2947682343041645,0.475015322385968,0.6224521198146061,-0.37969030565384243,0.2583974621382872,0.005360361739668917,0.1547863121439336,-0.42657142520558866,0.026323170257756656,0.2314086260638275,-0.3532926055224206,0.029762378143564305,0.2469639777447742,-0.3522469443416989,0.16098251784172457,0.6183401298940258,-0.3796903056538423,0.03440150801131008,12.647502356267672,209,4,0.005360361739668917,0.23918630190430085,-0.02141922640243532,-0.025171774633417354
monthly_current_top1_ma200_20bp,monthly,current,1,ma200,20.0,1.24882231601274,0.04794971895803468,0.2567644623908828,0.31606888991859255,0.42399441048899644,-0.5085836215095375,0.0942808948815814,0.09902062747746698,0.010959334539344168,0.24472103542282495,0.167987694505671,0.23073049267486245,-0.5085836215095375,0.021548736679359713,1.0462057397178723,0.08656399903881096,0.2683502895376123,0.4530630847175014,0.5972823936479856,-0.3310958824337391,0.26144692106261597,0.009523193063361912,0.1686461776390355,-0.5085836215095375,0.01269934303867215,0.16864405366004448,-0.3899259487185127,0.04180198671006208,0.30759536138312854,-0.3310958824337391,0.12696852400138203,0.5499080761340834,-0.299143895232719,0.044062205466541,17.635249764373235,209,4,0.009523193063361912,0.23812076951108202,-0.032966238743087795,0.023422648586685968
monthly_current_top1_none_20bp,monthly,current,1,none,20.0,1.0636947075631817,0.04275964824460887,0.2614017615681649,0.29555906384645503,0.4038659178205676,-0.5005879812624605,0.08541884712607552,0.13057934947128347,0.01426873072988788,0.2476802274217565,0.1824325477408223,0.2579228756793073,-0.5005879812624605,0.02850394189229789,0.8253426515602544,0.07226839560089271,0.274543502935028,0.39934699497342846,0.5319700144369853,-0.4117403966347092,0.17551932283440314,0.013021698865877562,0.18295257351452926,-0.5005879812624605,0.01580247006268176,0.18336030434021683,-0.38245530487563884,0.012374903277883043,0.16868953041561544,-0.4117403966347092,0.12696852400138203,0.5499080761340834,-0.299143895232719,0.0,17.160226201696513,209,4,0.012374903277883043,0.18315643892737304,-0.04726184218100604,-0.057221865614284106
bimonthly_medium_3_6_12_top3_ma200_r12_0bp,bimonthly,medium_3_6_12,3,ma200_r12,0.0,4.005541981307793,0.0980508152990529,0.2061754337119985,0.569621160025514,0.6875872161903472,-0.4719531040177838,0.20775541990154647,1.3997760679470939,0.10744174965030462,0.1894316823002285,0.6458987090115843,0.7818296652826169,-0.2612235031039205,0.41130200144189133,1.0858371112892367,0.08898355502796473,0.22167168877683685,0.5076221041181718,0.6177863163612647,-0.471953104017783,0.18854321387112197,0.14986844064292937,0.8083520566333392,-0.2414710014458613,0.06104798679520762,0.4338476773943142,-0.26122350310392006,-0.0419826775167369,-0.14045051476004144,-0.471953104017783,0.21647211921929443,0.9402306580071761,-0.31039583511909097,0.1624073197665247,6.022716516800758,105,3,-0.0419826775167369,0.6210998670138267,-0.030546682753934018,-0.11743457299735793
bimonthly_medium_3_6_12_top3_ma200_r12_10bp,bimonthly,medium_3_6_12,3,ma200_r12,10.0,3.5245289312651265,0.0916266388678082,0.20619165130760958,0.5403670444288226,0.6526519572499884,-0.47925707319547295,0.19118473986598158,1.2804643646630383,0.10087728440495947,0.18943851717032412,0.6137833561080537,0.7437393186935406,-0.26267809690971544,0.3840338634691411,0.9840384271620326,0.08268380398418329,0.22169603417307632,0.480656049563012,0.5850374258811201,-0.4792570731954733,0.1725249529086434,0.14409298581761076,0.7826088757333096,-0.24200814468572718,0.053623928326511194,0.3929114908907586,-0.2626780969097151,-0.048047437763506395,-0.17525647457604865,-0.4792570731954733,0.209986455181012,0.9178141945050451,-0.31225759401375497,0.1624073197665247,6.022716516800758,105,3,-0.048047437763506395,0.5877601833120341,-0.03684643379771546,-0.1247385421750482
bimonthly_classic_6_12minus1_top3_ma200_r12_0bp,bimonthly,classic_6_12minus1,3,ma200_r12,0.0,5.53295626946266,0.11516624340447335,0.20573163712045747,0.6476704131958221,0.7872475400873682,-0.39472959243957695,0.29175984169999203,1.2446909667713029,0.09884990850608433,0.1921938220666357,0.5980053790704699,0.7183191528253986,-0.30900741546452426,0.31989493960035026,1.91040342130457,0.13186981264310904,0.21843759664683815,0.6939143899292137,0.8569825332398053,-0.39472959243957684,0.3340763276148215,0.12754121508319338,0.6927175602219443,-0.30900741546452426,0.06720205237376575,0.47225604840881025,-0.2541823555744984,-0.007733191314243326,0.047161006875503245,-0.39472959243957684,0.268344807397495,1.1188484133666363,-0.2824683355880312,0.15515065467739392,5.028868906767629,105,3,-0.007733191314243326,0.5824868043153772,0.01233957486121029,-0.04021106141915176
bimonthly_medium_3_6_12_top3_ma200_r12_20bp,bimonthly,medium_3_6_12,3,ma200_r12,20.0,3.0891964643140533,0.08523168004305481,0.2062454983566386,0.5110242770193199,0.617368100707483,-0.48646881983755885,0.17520481594589205,1.1669293827076954,0.09434259338507012,0.1894896674650196,0.5815342869109287,0.7049477933604309,-0.26413141892977077,0.35718050418740466,0.8870926283737022,0.07641286648261736,0.2217525047372384,0.4536301901875015,0.5522244179877823,-0.48646881983755874,0.15707659641605207,0.1383388488997932,0.7567608878614507,-0.24254528792559338,0.046241117844736834,0.3518121331592251,-0.26413141892977077,-0.054082060007645594,-0.21002357606805605,-0.48646881983755874,0.20352851277889594,0.895325300572173,-0.31411618063008817,0.1624073197665247,6.022716516800758,105,3,-0.054082060007645594,0.5542865105103378,-0.04311737129928139,-0.13195028881713367
bimonthly_classic_6_12minus1_top3_ma200_r12_10bp,bimonthly,classic_6_12minus1,3,ma200_r12,10.0,5.003643396588615,0.10970735691378919,0.2057854889370939,0.6230634928475761,0.7576197820580823,-0.39992247689200044,0.27432155793387875,1.1457151829562502,0.09308815139046622,0.19225973886457504,0.5698993541572606,0.6850499094060847,-0.3163948919979582,0.2942150892596172,1.7979684555883724,0.126710880303059,0.21848080473600473,0.6722961771131134,0.8303116925473675,-0.39992247689199967,0.3168386065414314,0.12267103827765169,0.6711148151715515,-0.3163948919979582,0.06044492493028364,0.4346691695804143,-0.25712304163718513,-0.012699266204263537,0.018766758263942782,-0.39992247689199967,0.26303558245205116,1.1010334132955413,-0.28246833558803097,0.15515065467739392,5.028868906767629,105,3,-0.012699266204263537,0.5528919923759829,0.007180642521160241,-0.04540394587157459
monthly_medium_3_6_12_top3_ma200_r12_10bp,monthly,medium_3_6_12,3,ma200_r12,10.0,3.1393861750605563,0.08556143703399899,0.20407356114281808,0.5161527201262359,0.6221472512156898,-0.3655669034388124,0.23405137672240078,1.0546801522644484,0.08668326743235388,0.19210517676720745,0.5395022826854946,0.6480365756514163,-0.3389124563742709,0.2557689037449453,1.0146134036962202,0.08460537936498147,0.215482055934947,0.49675174906944847,0.6045726498181989,-0.3655669034388114,0.2314361025823628,0.09329386915113003,0.5478819634160518,-0.3389124563742709,0.07941382470017166,0.5317385235947691,-0.25994807875715775,-0.0020405952737915234,0.07165291073565884,-0.3655669034388114,0.16559286204293744,0.7574706800706298,-0.28246833558803097,0.1613257932767829,9.163996229971724,209,3,-0.0020405952737915234,0.5398102435054104,-0.03492485841691728,-0.011048372418386299
bimonthly_long_6_12_top1_ma200_r12_0bp,bimonthly,long_6_12,1,ma200_r12,0.0,4.769159328311168,0.10714266229496672,0.27086073843272246,0.5216966308183822,0.6776095816963954,-0.4895029213358275,0.21888053702024918,1.3512923056122093,0.10480975965380934,0.23396743894089203,0.5526676041872642,0.7202914086632416,-0.36162601580386633,0.28982914689040123,1.4536121325880855,0.10968297598083465,0.3033262422028257,0.5054604203405497,0.6668326679859238,-0.4895029213358282,0.22407011521303177,0.13517870824097677,0.6393610133375127,-0.36162601580386633,0.07136186665782418,0.43855204834128597,-0.24748181629485433,-0.05996561656381494,-0.15933423358638726,-0.4895029213358282,0.2807011351355164,0.8963009794371877,-0.335668125949117,0.08826313298627544,6.619025082820634,105,3,-0.05996561656381494,0.5389565308393993,-0.0098472618010641,-0.1349843903154031
monthly_long_6_12_top3_ma200_r6_0bp,monthly,long_6_12,3,ma200_r6,0.0,4.559460683609985,0.10422471968534985,0.21184207958801776,0.5876023187658728,0.7262847660859515,-0.3563775538479663,0.2924559040264724,1.0093288169467858,0.08388698646911985,0.20020354663989157,0.5124604915098699,0.6507262947876283,-0.33214252502644026,0.2525632225576716,1.7668247410384934,0.12524948984104167,0.22296688481907756,0.6573559437058213,0.7995777397155321,-0.356377553847967,0.35145167951423206,0.08008343835896659,0.4685693000543072,-0.33214252502644026,0.08878710177309479,0.5856333358956316,-0.22582202994816525,-0.01094501922790192,0.017559010397572822,-0.356377553847967,0.25805529759683554,1.0366133973747635,-0.2824683355880311,0.12009110901665095,8.76814326107446,209,3,-0.01094501922790192,0.5271013179749694,0.005719252059142921,-0.0018590228275419118
bimonthly_classic_6_12minus1_top3_ma200_r6_10bp,bimonthly,classic_6_12minus1,3,ma200_r6,10.0,4.853039814637665,0.10807121045737156,0.2052310754826774,0.6167965964534727,0.7625458598659546,-0.3794118730285928,0.2848387679455335,0.995949688014494,0.08390670988660243,0.19383756228588064,0.5222962992608433,0.6549248712640053,-0.3194474981344566,0.2626619722383482,1.9324585934127811,0.13286106247734808,0.2160226569695704,0.7034216665272507,0.8642059155162038,-0.37941187302859203,0.35017634376280005,0.09245329237389877,0.5291013196877241,-0.3194474981344566,0.07456589078599962,0.5214608711343468,-0.2571230416371849,-0.0014642242556673901,0.08134115428667962,-0.37941187302859203,0.26353860518200567,1.110888206848938,-0.28246833558803086,0.14884051112162802,5.26739233317558,105,3,-0.0014642242556673901,0.5252810954110354,0.013330824695449328,-0.024893342008166952
bimonthly_classic_6_12minus1_top3_ma200_r12_20bp,bimonthly,classic_6_12minus1,3,ma200_r12,20.0,4.51664076427422,0.10426849971621577,0.2058688688356424,0.5983836084807619,0.7279051619043619,-0.4050773329556838,0.2574039355779577,1.0509804738896138,0.08734899797980078,0.19236201789357527,0.5417101761555664,0.6515659802236385,-0.3237150636644557,0.2698329728342259,1.689757818031333,0.121569695264512,0.21854762784840845,0.6506162037917824,0.8036896691814894,-0.4050773329556838,0.3001147814849762,0.11781545390570525,0.6494643945090872,-0.3237150636644557,0.05372167785555493,0.3969281753378466,-0.26005598787411366,-0.01764644507283175,-0.009627574202458437,-0.4050773329556838,0.25774309728914013,1.083150730287621,-0.2824683355880311,0.15515065467739392,5.028868906767629,105,3,-0.01764644507283175,0.5231962849234669,0.0020394574826132494,-0.050558801935258746
quarterly_current_top3_ma200_r6_0bp,quarterly,current,3,ma200_r6,0.0,2.46286089523323,0.07517523857672859,0.2093773016492034,0.46096642397450155,0.5762151016157948,-0.4426965891553801,0.16981210250604203,0.9590017124270929,0.08236821311306564,0.2016162987128056,0.5028226299056117,0.6514659264467999,-0.4222536915435363,0.19506807107350793,0.7676660889402385,0.06828380784394317,0.2167906510327518,0.42299153286593444,0.5155380465074639,-0.44269658915538035,0.1542451636553642,0.04789029095319197,0.3301869530847254,-0.4222536915435363,0.12315135719447268,0.7323802351403552,-0.2474619018512837,-0.01501567322564401,0.0009661037482176353,-0.44269658915538035,0.14594848371692892,0.6935298716272464,-0.2938683551393976,0.11631779257849666,5.734538534728829,70,3,-0.01501567322564401,0.511858412355986,-0.051246429937955584,-0.08817805813495527
bimonthly_long_6_12_top1_ma200_r12_10bp,bimonthly,long_6_12,1,ma200_r12,10.0,4.162045204364067,0.10001593529035158,0.27090810088127587,0.4971726911833329,0.645906771186559,-0.49552830449491425,0.2018369775916162,1.215796090503464,0.09719141076251248,0.2341511595973215,0.5221973342553119,0.6806044015059449,-0.3668029736356564,0.26496898266438873,1.3296571496302199,0.10303268913843588,0.30326883725837367,0.48509720207182994,0.6400140640248799,-0.4955283044949145,0.2079249322467175,0.12743510295802118,0.6112086582543937,-0.3668029736356564,0.06384725342292263,0.4045433033186457,-0.25046677031492204,-0.06696458053228249,-0.1930312503201544,-0.4955283044949145,0.27460901519776537,0.8823784491054579,-0.33566812594911677,0.08826313298627544,6.619025082820634,105,3,-0.06696458053228249,0.5078759807865197,-0.016497548643462867,-0.1410097734744894
bimonthly_medium_3_6_12_top3_ma200_0bp,bimonthly,medium_3_6_12,3,ma200,0.0,3.9866328329380103,0.09780947724972888,0.21646611258677237,0.5515832741066172,0.6928160255065516,-0.44277185469255753,0.22090265271636053,1.0259029756300215,0.08579059858504645,0.20661818265233736,0.5109879150765056,0.6565014825178566,-0.26723584935594014,0.3210295280060991,1.4614371433001425,0.11009275167587695,0.2258904824218563,0.5898073493796342,0.7299016803603926,-0.44277185469255753,0.24864442152114843,0.10363918853858989,0.5632990413061149,-0.26723584935594014,0.06601939385112932,0.44364892782977267,-0.26122350310392095,-0.01100157315010164,0.035543315563670554,-0.44277185469255753,0.22669631615874186,0.9589591882057463,-0.31039583511909075,0.07438081716359048,6.221486038807383,105,3,-0.01100157315010164,0.5034739845679438,-0.009437486106021797,-0.08825332367213246
bimonthly_long_6_12_top3_ma200_r12_0bp,bimonthly,long_6_12,3,ma200_r12,0.0,3.734835487044747,0.0945108841279485,0.21427947517162008,0.5406593678303763,0.648155266095673,-0.4514704178533776,0.20934014808173423,0.9949513538982073,0.08384349140985115,0.19709944783558697,0.5166267224103318,0.621593096730624,-0.3606015197476229,0.23251008888850877,1.373408994556537,0.10541497804224886,0.2301919284349208,0.5642719617674529,0.6806934213993462,-0.45147041785337694,0.23349254762575442,0.11194383458042156,0.6169574501113049,-0.3606015197476229,0.05277515483265649,0.3836728547749222,-0.2649911578848988,-0.029377525248644454,-0.06598583545998327,-0.45147041785337694,0.236910817130761,0.972576891631768,-0.29776804911983334,0.14284587474365043,5.5854235683861795,105,3,-0.029377525248644454,0.5003151524431135,-0.014115259739649888,-0.09695188683295186
monthly_medium_3_6_12_top3_ma200_r6_0bp,monthly,medium_3_6_12,3,ma200_r6,0.0,3.0153725809099656,0.08365480212221343,0.2113413489900523,0.4970025979899863,0.6162557508890446,-0.37047611253674195,0.22580349796214452,0.9035109857578272,0.07713883236704322,0.20431131793834434,0.4749165738989101,0.5981078708825932,-0.367863107036151,0.20969439688732516,1.1094559532113077,0.09040626183771794,0.2182071765371465,0.5184035996207137,0.6364009390533798,-0.37047611253674184,0.24402723624657968,0.06166483106955556,0.38624972030324733,-0.367863107036151,0.09596576320219263,0.610368794130029,-0.2559442579399207,-0.010479822277676965,0.018878165941533673,-0.37047611253674184,0.18589640350609749,0.8177040656052722,-0.28246833558803097,0.11184417216462456,9.797360980207351,209,3,-0.010479822277676965,0.49830925721663816,-0.029123975944180813,-0.015957581516316766
bimonthly_medium_3_6_12_top1_ma200_r12_0bp,bimonthly,medium_3_6_12,1,ma200_r12,0.0,3.2926470309345746,0.08829631145272665,0.26048299823298066,0.4642957659063848,0.5958522750584762,-0.4551522546479799,0.19399291237393967,1.2921014176721175,0.1015307332347184,0.23018758759877364,0.5447528504897259,0.708595441146878,-0.3722643350139434,0.27273827677022966,0.8727997800787697,0.07546435500690074,0.28762888995648567,0.40497581408452143,0.5229045269208118,-0.45515225464798004,0.16580024428367543,0.14884708310879358,0.7035403928699352,-0.2951304696990231,0.04994783792254398,0.33941645338104337,-0.26919370550724664,-0.026749792542539508,-0.014861054746224003,-0.45515225464798004,0.17240566371737032,0.657191020702224,-0.4534717124209683,0.08826313298627544,7.811642214860388,105,3,-0.026749792542539508,0.49830373704163367,-0.04406588277499801,-0.10063372362755496
bimonthly_long_6_12_top3_ma200_r6_0bp,bimonthly,long_6_12,3,ma200_r6,0.0,3.8430859751978668,0.09594875838477979,0.21647652906912201,0.5435844689086682,0.669461034488697,-0.43310153887892,0.22153871499312242,0.9435363408994717,0.08054928581812915,0.20302016504591275,0.49204503469023647,0.6263232369733697,-0.3673916887844343,0.2192463473646818,1.4918937059630442,0.11167679709802059,0.2291502157837753,0.5911769665373641,0.714828490141973,-0.43310153887892033,0.25785361415961494,0.08673698112056183,0.49392256649764155,-0.3673916887844343,0.07386904390484372,0.495992139336454,-0.26499115788489835,-0.018180017181245067,-0.0065205954154014594,-0.43310153887892033,0.23771115512351537,0.975456631367825,-0.2977680491198329,0.11342483041489194,5.744439185991481,105,3,-0.018180017181245067,0.4949573529170478,-0.007853440683878166,-0.07858300785849526
bimonthly_classic_6_12minus1_top3_ma200_r6_20bp,bimonthly,classic_6_12minus1,3,ma200_r6,20.0,4.3573534855470655,0.10239105602559895,0.20528437594977114,0.5909774475029203,0.7308838210186989,-0.38432987861817125,0.2664145093109549,0.9028663278971598,0.07788853073538049,0.19389970493759112,0.4928244850352779,0.6182306439738766,-0.32804972925447684,0.23742903526361486,1.8154124159984528,0.1275231507150869,0.21606777660109672,0.6808175978849796,0.8366219004462105,-0.38432987861817147,0.331806496995723,0.08679813328500208,0.5041953271547707,-0.32804972925447684,0.0681062280755198,0.48480141681875993,-0.26005598787411366,-0.006621379537694372,0.05156608455374448,-0.38432987861817147,0.25806081372887424,1.0921884861223794,-0.2824683355880311,0.14884051112162802,5.26739233317558,105,3,-0.006621379537694372,0.4944983719867653,0.007992912933188157,-0.029811347597746396
monthly_medium_3_6_12_top3_ma200_r12_20bp,monthly,medium_3_6_12,3,ma200_r12,20.0,2.5468060159119257,0.07591162956694575,0.20413146917668526,0.47111367907954804,0.5680166182695171,-0.3735608306174333,0.20321089189537506,0.8997304268817881,0.07689165548512777,0.19215974518810228,0.4911656677590412,0.5899624265829448,-0.35461436611576835,0.21683175537232893,0.8670049001287248,0.07507796709595915,0.21554314422866613,0.45453965474608654,0.5534591878009116,-0.37356083061743284,0.20097922732388185,0.08371490525963288,0.5038861883419681,-0.35461436611576835,0.06932598618554309,0.4771492767137055,-0.2639350433234028,-0.00952947478064281,0.02552223178639255,-0.37356083061743284,0.1540392709316427,0.7162694352425352,-0.2824683355880311,0.1613257932767829,9.163996229971724,209,3,-0.00952947478064281,0.4905177325278368,-0.0444522706859396,-0.01904229959700776
quarterly_current_top3_ma200_r12_0bp,quarterly,current,3,ma200_r12,0.0,1.9048536611697582,0.06420688458869761,0.1994028592419506,0.4209744382399047,0.5052494902777414,-0.4356969185530809,0.14736593685795207,0.8178853416863388,0.07288512929133795,0.18679214120870047,0.4790979087158492,0.5925253060495449,-0.3821294673653123,0.19073412420628746,0.5979300754332,0.0558519059000675,0.2111524008854738,0.37152231609996134,0.438080978930388,-0.4356969185530819,0.12818981159092807,0.05863716612165293,0.397099419515808,-0.3821294673653123,0.08959659026343902,0.5814066755063964,-0.24746190185128425,-0.02853252943858431,-0.08987056632479586,-0.4356969185530819,0.13463785179679522,0.660352427475654,-0.2938683551393976,0.19988899460830953,5.734538534728829,70,3,-0.02853252943858431,0.4892530475111022,-0.06367833188183125,-0.08117838753265683
quarterly_current_top3_ma200_r6_10bp,quarterly,current,3,ma200_r6,10.0,2.1463131425558415,0.06917726180695527,0.20943785160470405,0.43345253387757726,0.5419707115564022,-0.4493552326715321,0.15394782741413449,0.8663584878602093,0.07621358184503646,0.20168934086990695,0.4737734647064436,0.6140081148142791,-0.42878532124016655,0.17774298248971201,0.6858032168102441,0.06242626226923931,0.21683978408721602,0.39685006550277957,0.4836923475896539,-0.4493552326715322,0.1389240799491733,0.04222477161259652,0.30440732071689325,-0.42878532124016655,0.11637907487246801,0.6987971486472802,-0.24997536567390033,-0.02013036461863127,-0.029115227022813536,-0.4493552326715322,0.1393596771149621,0.6694267506135454,-0.29386835513939724,0.11631779257849666,5.734538534728829,70,3,-0.02013036461863127,0.4869170356652193,-0.057103975512659444,-0.09483670165110714
bimonthly_current_top3_ma200_r12_0bp,bimonthly,current,3,ma200_r12,0.0,3.1655916734558556,0.08639893878864013,0.19473400297721993,0.5348176304912209,0.6477975290245929,-0.4300083822383255,0.20092384790014362,0.8227454330075323,0.0724964015558982,0.173882543632646,0.4986711302338755,0.6124497783844096,-0.28345773455641887,0.25575735892106577,1.2853392459651491,0.10057890850684204,0.21357056663836016,0.5693699545540258,0.6921712655462783,-0.43000838223832594,0.23389987884258875,0.102823238580531,0.653283525137568,-0.28345773455641887,0.038959499976010115,0.31416430014807717,-0.2635455210355706,-0.030184274694737834,-0.0839086024070068,-0.43000838223832594,0.22771742001885964,1.005154347900782,-0.25173083971014587,0.20436977441236787,6.89730241362991,105,3,-0.030184274694737834,0.4837239126428226,-0.018951329275056716,-0.07548985121790086
monthly_long_6_12_top3_ma200_r6_10bp,monthly,long_6_12,3,ma200_r6,10.0,3.796487457983557,0.09484442538305271,0.21184033237443894,0.546216825757734,0.6756627534727333,-0.369557936662258,0.25664291298858455,0.8591184235826683,0.07420859399730495,0.20023032681774303,0.4665441885223134,0.5927189325265989,-0.3480328249771456,0.21322297401740203,1.579979519938457,0.11616367680985373,0.22293894332089675,0.6199739363578644,0.7544862144607679,-0.36955793666225767,0.3143314357121134,0.07122428908724543,0.43018784874181265,-0.3480328249771456,0.07809075180637981,0.5279445053245233,-0.22999675404970543,-0.019326467979089768,-0.03447201772647381,-0.36955793666225767,0.24830083755797738,1.005857540819417,-0.28246833558803097,0.12009110901665095,8.76814326107446,209,3,-0.019326467979089768,0.479066177033168,-0.0033665609720450185,-0.015039405641832593
bimonthly_medium_3_6_12_top3_ma200_r6_0bp,bimonthly,medium_3_6_12,3,ma200_r6,0.0,3.389219295702243,0.08970340711178637,0.2138786031032971,0.5200404755195402,0.6443779696335465,-0.4427718546925584,0.202595097590547,0.8663165943778883,0.07545412254286443,0.20272716017303732,0.46856252992886904,0.5936288313604595,-0.35150505113122266,0.21466013731534161,1.3518085350172546,0.10424372956430217,0.22448188515576287,0.5678680219612501,0.6948943451047099,-0.44277185469255753,0.2354344081709636,0.07459187893362595,0.44197769534135295,-0.35150505113122266,0.07682508134778776,0.5134135446454834,-0.26122350310392095,-0.022240787528004402,-0.03046537991182088,-0.44277185469255753,0.22669631615874186,0.9589591882057463,-0.31039583511909075,0.10711468685912603,6.380501656412684,105,3,-0.022240787528004402,0.47769561999341814,-0.015286508217596584,-0.08825332367213246
bimonthly_long_6_12_top1_ma200_r12_20bp,bimonthly,long_6_12,1,ma200_r12,20.0,3.6177937424169837,0.09292097307668712,0.27100344601173476,0.47257363838149713,0.613956500003063,-0.5030069500448215,0.18473099242149077,1.0878601817986517,0.08961051722014557,0.23439340873827705,0.4916520451324062,0.6405426743428007,-0.3719483818987145,0.24092191707543836,1.2117351452331686,0.09640908611916044,0.30325184047283754,0.46466434879787694,0.613088694583703,-0.5030069500448211,0.19166551498059775,0.11972902395748197,0.5830043527085474,-0.3719483818987145,0.05637044476259856,0.3704200170904227,-0.2534457943760149,-0.07392521134208119,-0.22673706655704745,-0.5030069500448211,0.268533722621094,0.8683922464545479,-0.335668125949117,0.08826313298627544,6.619025082820634,105,3,-0.07392521134208119,0.4767121848994851,-0.023121151662738315,-0.14848841902439602
bimonthly_long_6_12_top3_ma200_0bp,bimonthly,long_6_12,3,ma200,0.0,4.1530354255295405,0.09990433709157753,0.22075672677274966,0.5540710404838041,0.6929649754870758,-0.4331015388789208,0.23067185895986184,0.9267238158285438,0.07945537983028639,0.2097874079838756,0.47794973379346994,0.6163116266901937,-0.352459843801193,0.22543101356846668,1.674506529267977,0.12083044700602241,0.2312075202077763,0.6244730300086933,0.7654097794632623,-0.43310153887892033,0.27898872702874944,0.0922861509220767,0.5104317916093473,-0.352459843801193,0.06526076211075638,0.4377128444202825,-0.26499115788489835,-0.0032161878621435047,0.07886678335096094,-0.43310153887892033,0.24050470803674728,0.9821927107324671,-0.297768049119833,0.07414418678024925,5.42640795078088,105,3,-0.0032161878621435047,0.47407231801481486,0.0013002092241236607,-0.07858300785849526
quarterly_classic_6_12minus1_top3_ma200_r6_0bp,quarterly,classic_6_12minus1,3,ma200_r6,0.0,2.212831331253623,0.07048339565357775,0.2076324106245916,0.4414383250742179,0.5512711108072518,-0.4900951351949445,0.14381574227530675,0.824772522796998,0.0733627816936182,0.20039467983721615,0.46197689292720606,0.5940799664296269,-0.3904603466975498,0.18788791823320525,0.7606749833831439,0.06779304417504761,0.21456103030583387,0.4229324180969395,0.5181431219442663,-0.4900951351949442,0.13832629484902295,0.07358669741140922,0.43808401847315065,-0.3904603466975498,0.07347571068449832,0.5051825316436623,-0.21687765383438196,-0.05244615537455122,-0.21966634066379795,-0.4900951351949442,0.1838515492160322,0.841658799626928,-0.2824683355880311,0.15580399619410085,4.575642245480495,70,3,-0.05244615537455122,0.47163327505840646,-0.05173719360685114,-0.1355766041745191
bimonthly_medium_3_6_12_top3_ma200_10bp,bimonthly,medium_3_6_12,3,ma200,10.0,3.4926446594491463,0.09117837735819223,0.21646917290802642,0.5228347277098118,0.6567541038638501,-0.4504742699874059,0.2024052946703068,0.9149627402650207,0.07868512222372792,0.20661548356476128,0.4784934840149439,0.6149212088357606,-0.2764837509420417,0.28459221185921485,1.3460741898442334,0.10393119718511556,0.22589857714469785,0.564432921940792,0.6983416187560534,-0.45047426998740603,0.23071505768358574,0.09682075559261771,0.5348361897147301,-0.2764837509420417,0.058560854041317834,0.40527872852598734,-0.26267809690971555,-0.016926465648059996,0.00299607681093269,-0.45047426998740603,0.22033325975835671,0.9376401055394922,-0.3122575940137551,0.07438081716359048,6.221486038807383,105,3,-0.016926465648059996,0.47005745912035873,-0.015599040596783187,-0.09595573896698095
bimonthly_long_6_12_top3_ma200_r12_10bp,bimonthly,long_6_12,3,ma200_r12,10.0,3.311146434843069,0.08856814837468985,0.21430743085425866,0.5145261719455471,0.6172179264597242,-0.4568974853600243,0.19384687202841633,0.9019671266068818,0.0778291366787669,0.1971436462664797,0.48768866935193167,0.5871186004072144,-0.36786227490324397,0.21157140046295236,1.2666776804571618,0.09953305451340366,0.23020607090806325,0.5403950216719163,0.6522366091590434,-0.4568974853600245,0.21784548548122112,0.10681904728486447,0.5944221121673263,-0.36786227490324397,0.0457665817766959,0.3455626744647589,-0.26691489115112454,-0.03487738016784536,-0.09675938956246753,-0.4568974853600245,0.23067807844242094,0.9524744848834021,-0.30056408397902545,0.14284587474365043,5.5854235683861795,105,3,-0.03487738016784536,0.4699923933160426,-0.01999718326849509,-0.10237895433959943
bimonthly_medium_3_6_12_top1_ma200_r12_10bp,bimonthly,medium_3_6_12,1,ma200_r12,10.0,2.765070317629403,0.08003919603963627,0.2605166896564676,0.4342505315282947,0.5574788105194677,-0.4757455294489543,0.1682395126914675,1.142859039218716,0.09291842534740846,0.2303629869257136,0.5096677686453135,0.6631721517769842,-0.3884995032570512,0.23917257182676208,0.7570312599759914,0.06753657771240706,0.28754939888575864,0.37853106509617596,0.48880571134548434,-0.4648361039246409,0.14529116207237652,0.14003349596086823,0.6707962802587054,-0.298004645920672,0.041521990527535024,0.300966666584823,-0.27354102960478544,-0.03500054543081432,-0.054458051796225496,-0.4648361039246409,0.1648567657381228,0.6374105184056496,-0.4556167709012009,0.08826313298627544,7.811642214860388,105,3,-0.03500054543081432,0.46918859249523626,-0.05199366006949169,-0.11031757290421584
quarterly_medium_3_6_12_top1_none_0bp,quarterly,medium_3_6_12,1,none,0.0,1.5346491921535224,0.055774133180539476,0.26903870267162217,0.34216852273397025,0.4667597578366069,-0.5687123437585205,0.0980709031422423,1.0359438345701681,0.08728753840333225,0.25253370214424203,0.46527166889078275,0.6778624250592822,-0.41018048058643786,0.21280276008877033,0.24495044957300416,0.025730120297766224,0.2844359192482509,0.23505218690970012,0.30672082803583195,-0.5687123437585212,0.04524276742038044,0.09886093952260078,0.4818239102239666,-0.41018048058643786,0.07478075990882593,0.45148221284130746,-0.2488613708448102,-0.0636241098266721,-0.1836088656101202,-0.5687123437585212,0.10965542190746658,0.492201963412761,-0.465125809472544,0.0,6.413891531874405,70,3,-0.0636241098266721,0.466653061532637,-0.09380011748413253,-0.21419381273809612
bimonthly_long_6_12_top3_ma200_r6_10bp,bimonthly,long_6_12,3,ma200_r6,10.0,3.398408598129918,0.08983577552253097,0.21647711099551423,0.5170469957978996,0.6370370193647865,-0.43833428293026677,0.204948093318137,0.8505825661249735,0.07439316221171222,0.2030302877173876,0.46325110212671894,0.5897720729687987,-0.37579763401327515,0.19796069873362815,1.376769714922769,0.1055963596056424,0.2291422788145556,0.5665501925149787,0.6852421628438516,-0.4383342829302673,0.24090372055712844,0.08079667057096618,0.46858722529714675,-0.37579763401327515,0.06743601153532497,0.46194044285138364,-0.2669148911511243,-0.023895196793204954,-0.03862853016637933,-0.4383342829302673,0.23129641901209097,0.9547670802262166,-0.3005640839790257,0.11342483041489194,5.744439185991481,105,3,-0.023895196793204954,0.4652638340742652,-0.013933878176256353,-0.08381575190984225
quarterly_current_top3_ma200_r6_20bp,quarterly,current,3,ma200_r6,20.0,1.858263618287829,0.06320323623708246,0.2095412796990321,0.40587147818969344,0.507365153101856,-0.4559450001617984,0.13862030774469272,0.7779568267872545,0.07008405572828491,0.2018081869568342,0.4446443895022683,0.5761408409722014,-0.43525401655421503,0.1610187455204225,0.6076113745982608,0.056591678661616074,0.2169291509285855,0.37065168467083015,0.4516374217816827,-0.45594500016179873,0.12411952898163965,0.036580668449508025,0.2785882111730736,-0.43525401655421503,0.10963687648843812,0.6650613683491278,-0.25248482891989665,-0.02522628381219516,-0.0591407180628106,-0.45594500016179873,0.13279824740740365,0.6452252180524114,-0.29386835513939735,0.11631779257849666,5.734538534728829,70,3,-0.02522628381219516,0.46190671461274246,-0.06293855912028268,-0.10142646914137365
quarterly_current_top3_ma200_r12_10bp,quarterly,current,3,ma200_r12,10.0,1.6392437322197866,0.058268438144636114,0.19947335621819462,0.3920772658606744,0.47086666632748686,-0.43981852023627666,0.1324829116184864,0.7365318862053749,0.06711872078799397,0.1868729351584701,0.4494538929539179,0.5561508535547929,-0.38952383789323874,0.17230966184511143,0.5198360324882916,0.04973520999381953,0.21121407281514337,0.34316804259329137,0.40493158248198363,-0.43981852023627543,0.11308120896569161,0.05307385341098603,0.36936629167335644,-0.38952383789323874,0.08356500366551556,0.5492802533379871,-0.2499753656739,-0.033907882737620354,-0.12313324231212887,-0.43981852023627543,0.12779118317699822,0.6345578811070076,-0.29386835513939746,0.19988899460830953,5.734538534728829,70,3,-0.033907882737620354,0.4593232725056718,-0.06979502778807922,-0.08529998921585036
bimonthly_classic_6_12minus1_top1_ma200_r12_0bp,bimonthly,classic_6_12minus1,1,ma200_r12,0.0,3.285424146531861,0.08818987615817675,0.27097582950155114,0.45604086896140683,0.6007473972602159,-0.5725913974657113,0.15401886327406422,1.1240575363499579,0.09179613373135087,0.23518936631372578,0.49932893209329166,0.6664068431893548,-0.3616260158038652,0.253842726241074,1.0175650015093667,0.08478951413402025,0.30258654307420135,0.42870731362310116,0.5700542878065741,-0.5725913974657104,0.14808031435557475,0.15822019644063934,0.7110101772366281,-0.3616260158038652,0.020450860687813988,0.2033254099307556,-0.2358134526671083,-0.09480729763490392,-0.3139852567654552,-0.5725913974657104,0.2682677571044474,0.8745049525736993,-0.33566812594911677,0.08826313298627544,6.380501656412684,105,3,-0.09480729763490392,0.45716779358369186,-0.0347407236478785,-0.21807286644528534
quarterly_classic_6_12minus1_top3_ma200_r12_0bp,quarterly,classic_6_12minus1,3,ma200_r12,0.0,2.5047516481450676,0.07592995936337132,0.20938383580060083,0.464397605793592,0.57159060636649,-0.4483379749334321,0.16935875078314563,0.7999130432107182,0.07163112051624854,0.1998595787769258,0.4544116276648477,0.563254460592204,-0.3904603466975496,0.18345299624428693,0.9471783158442089,0.08033210574186955,0.2184080982545723,0.47432033875730567,0.5827513856615474,-0.44833797493343275,0.17917756298425738,0.07754764434738837,0.46455271276634635,-0.3904603466975496,0.06533506364926334,0.44404244601120907,-0.2564219988882144,-0.027863521933266355,-0.066096762777832,-0.44833797493343275,0.18348932689356467,0.8319745205721171,-0.2824683355880312,0.15104662226451,4.415794481446241,70,3,-0.027863521933266355,0.4542975793887777,-0.0391981320400292,-0.09381944391300767
bimonthly_current_top3_ma200_r6_0bp,bimonthly,current,3,ma200_r6,0.0,3.4762467663451684,0.09094667095747067,0.20532110495347503,0.5384959648297953,0.6689276180400153,-0.41571763434302067,0.21877029850128496,0.6930547508715117,0.06330736058208997,0.19187553794378567,0.42330187759167004,0.5353722115613714,-0.39858787587654465,0.15882911752613937,1.6438877797903446,0.11933499866638364,0.21793463300002688,0.6420993434967682,0.7904443995345898,-0.41571763434302034,0.2870578219636383,0.03691985678172549,0.2833418987656933,-0.39858787587654465,0.09484672445152253,0.6137261410595007,-0.2635455210355705,-0.007004035334251535,0.050693474582950704,-0.41571763434302034,0.2414876605240721,1.0296598918105062,-0.2651057229030027,0.1329862754377662,7.215333648840511,105,3,-0.007004035334251535,0.448534019912597,-0.0001952391155151112,-0.06119910332259526
monthly_current_top3_ma200_r6_0bp,monthly,current,3,ma200_r6,0.0,3.1781817987807415,0.08614685244911113,0.2044802079507172,0.518122884617105,0.6399501256430208,-0.39905417357579964,0.2158775879404446,0.7186292188783578,0.0645088382425687,0.19697187563013843,0.4239001857343608,0.5231208449559512,-0.39905417357579964,0.16165433796751247,1.4311129782301508,0.10849828304441167,0.21178025916842622,0.6072706011896964,0.7525067061048647,-0.3550375887308789,0.3055966086076992,0.04620029428251504,0.3234562137742539,-0.39905417357579964,0.08671595602782856,0.573050395212116,-0.28224457581574935,-0.0008706322366652808,0.07548620095329277,-0.3550375887308789,0.21271098161552193,0.9268086715114846,-0.2745621144955962,0.13462142632736412,12.489161168708765,209,3,-0.0008706322366652808,0.4482533044931849,-0.011031954737487082,-0.0005190577104537963
quarterly_classic_6_12minus1_top3_ma200_r6_10bp,quarterly,classic_6_12minus1,3,ma200_r6,10.0,1.9765690166767618,0.0657225442881828,0.2076482385463289,0.41936913089841854,0.5237311401870468,-0.49585007834560313,0.13254519290884284,0.7583777295300032,0.06869020234903833,0.2004367359987802,0.4396436219325603,0.5655484115222081,-0.3957776851227772,0.17355754235544993,0.6927927183611267,0.06293608972021314,0.21455260409631943,0.40107475703163187,0.49112705912744253,-0.4958500783456026,0.1269256423840823,0.06936229853663711,0.41987343859036014,-0.3957776851227772,0.06827257786076535,0.4764871872695557,-0.21896686383730213,-0.05656481281411696,-0.24459704565839854,-0.4958500783456026,0.17824471062751157,0.8214980533169097,-0.2824683355880312,0.15580399619410085,4.575642245480495,70,3,-0.05656481281411696,0.4481803129299579,-0.05659414806168561,-0.1413315473251775
monthly_medium_3_6_12_top3_ma200_r6_10bp,monthly,medium_3_6_12,3,ma200_r6,10.0,2.40472959039786,0.07337259538430185,0.2113410217534097,0.450645301798918,0.5591787506598461,-0.3877814757141159,0.1892111923324422,0.7460843597836038,0.06645821504256655,0.20431308280526125,0.42496705114350447,0.535383042039865,-0.3877814757141159,0.17138058211826893,0.9499227350159738,0.08050855151612901,0.2182047482020384,0.4753930562845405,0.5840416870026125,-0.3825478185318931,0.21045356323059777,0.0508611770605405,0.3393542373464664,-0.3877814757141159,0.08538115764690146,0.5554096398529629,-0.259948078757158,-0.01838492583420237,-0.030572979931659607,-0.3825478185318931,0.17398883798347753,0.7768474453818703,-0.28246833558803097,0.11184417216462456,9.797360980207351,209,3,-0.01838492583420237,0.44738193859971465,-0.03902168626576974,-0.02802928751146805
bimonthly_long_6_12_top3_ma200_10bp,bimonthly,long_6_12,3,ma200,10.0,3.704622678503056,0.09410404426662033,0.22077429008019284,0.5294479774050566,0.6621365420357804,-0.43833428293026633,0.21468556745672376,0.8381682888528188,0.07355041672690765,0.2098205080995148,0.4511722312081838,0.5815759500059623,-0.35981178025327054,0.20441358722367486,1.5594080297398425,0.11512807523039603,0.23121087777258398,0.6017574174939792,0.7375919736955844,-0.4383342829302673,0.26264903228824393,0.08678003395887424,0.48756963637788103,-0.35981178025327054,0.05887902053233729,0.40519795407959963,-0.2669148911511243,-0.008361165106563595,0.051079681072034214,-0.4383342829302673,0.23425392335489814,0.9621407167370695,-0.3005640839790259,0.07414418678024925,5.42640795078088,105,3,-0.008361165106563595,0.44638379522874033,-0.00440216255150272,-0.08381575190984225
bimonthly_medium_3_6_12_top3_ma200_r6_10bp,bimonthly,medium_3_6_12,3,ma200_r6,10.0,2.9439699707532525,0.08295494999837061,0.21387479330742407,0.49021685624344014,0.6076500487538846,-0.4504742699874058,0.18415025124673565,0.7617837713307747,0.06825156131825305,0.20271702163446445,0.4346757769035913,0.5510089558077774,-0.3601138576780851,0.18952772814220564,1.2386231698423176,0.09794637604820267,0.22448349845915558,0.5416421308815936,0.6627694643309561,-0.45047426998740603,0.2174294572938449,0.06779831660137847,0.4127817833549949,-0.3601138576780851,0.06911367463261886,0.47238184017879986,-0.26267809690971555,-0.028420511504332446,-0.06552933365337679,-0.45047426998740603,0.22033325975835671,0.9376401055394922,-0.3122575940137551,0.10711468685912603,6.380501656412684,105,3,-0.028420511504332446,0.44258181176689737,-0.021583861733696086,-0.09595573896698095
bimonthly_current_top3_ma200_r12_10bp,bimonthly,current,3,ma200_r12,10.0,2.7100796673700045,0.07911668965490048,0.19478247749221492,0.4992742513946314,0.6048684404567007,-0.43829102573787093,0.18051177187966852,0.7170071292532028,0.06505024207364674,0.1739518220909426,0.4575842944499996,0.5618533252100429,-0.2934268505166886,0.2216915117314631,1.1607829135710594,0.09345007329177246,0.2136024058235911,0.5380035173108074,0.6541543072366321,-0.43829102573787015,0.21321466287028745,0.09567073296612993,0.615296490070238,-0.2934268505166886,0.03116490983727571,0.2691097664495444,-0.2653445379350412,-0.03681289618186345,-0.12293850530855734,-0.43829102573787015,0.22012016261391198,0.978203103473371,-0.25224401826637677,0.20436977441236787,6.89730241362991,105,3,-0.03681289618186345,0.44220312825989117,-0.02608016449012629,-0.08377249471744508
quarterly_medium_3_6_12_top1_none_10bp,quarterly,medium_3_6_12,1,none,10.0,1.2769200325477157,0.04918814628036405,0.2690888649511328,0.31826914850263793,0.43409961470059555,-0.575577573794841,0.08545876093827222,0.9382938572426314,0.08101515097811052,0.2526105134375189,0.44176423961770467,0.6435712204958822,-0.41902613708068015,0.193341521706823,0.17470321852374182,0.018845511437067364,0.2844624491283725,0.21070208209614805,0.27488103705318223,-0.5755775737948414,0.03274191402701289,0.09324740669344456,0.4632831440142904,-0.41902613708068015,0.06774880402712946,0.41996988220116105,-0.25040851224309346,-0.07066741686937705,-0.21757782712581264,-0.5755775737948414,0.10296091119255335,0.4731373591896123,-0.46718991250779063,0.0,6.413891531874405,70,3,-0.07066741686937705,0.4416265131077257,-0.10068472634483139,-0.22105904277441635
quarterly_classic_6_12minus1_top3_ma200_0bp,quarterly,classic_6_12minus1,3,ma200,0.0,2.7165357549473073,0.07962012843339594,0.21255583991557525,0.4771611944654314,0.6073579452864662,-0.4392680295358872,0.18125636986948343,0.7703418660033383,0.06954355684578695,0.2047289646789868,0.4386510621453244,0.5684650101877501,-0.3904603466975498,0.178106579666732,1.0993322399009924,0.08979818216572455,0.22003189900506542,0.5132537278502822,0.645550204236385,-0.4392680295358873,0.20442685587795145,0.07358669741140922,0.43808401847315065,-0.3904603466975498,0.06533506364926334,0.44404244601120907,-0.2564219988882144,-0.009478061112447755,0.040658962604836514,-0.4392680295358873,0.18363041564032168,0.8296336928072741,-0.2824683355880311,0.1069616238503013,4.375832540437678,70,3,-0.009478061112447755,0.44106323224217986,-0.029732055616174202,-0.08474949851546221
bimonthly_medium_3_6_12_top1_ma200_r12_20bp,bimonthly,medium_3_6_12,1,ma200_r12,20.0,2.301468390692487,0.07182840878172425,0.2606091744705011,0.40412187696167856,0.518907422976591,-0.5054004667082133,0.14212176979091215,1.0030643876564032,0.08435643372325297,0.2306059157077506,0.47449708400664825,0.6173995808811592,-0.404346324200032,0.2086242131423988,0.6482088199646983,0.05965156825443452,0.2875222041967372,0.352007654067561,0.4546245368677558,-0.4743666604721225,0.12574991715283101,0.13127016789291246,0.6379600668009564,-0.30087296328908886,0.033147047370126304,0.2624485025012531,-0.2778710807499154,-0.04319765237399775,-0.09405274574742674,-0.4743666604721225,0.1573415477407425,0.617547615665166,-0.45775762510463835,0.08826313298627544,7.811642214860388,105,3,-0.04319765237399775,0.43999805908320955,-0.059878669527464234,-0.11984812945169743
bimonthly_long_6_12_top3_ma200_r12_20bp,bimonthly,long_6_12,3,ma200_r12,20.0,2.9248817219575365,0.08264984915302764,0.21436933191976681,0.4883224550409114,0.5860755753117377,-0.46227817831077356,0.17878812591812418,0.8131937570117749,0.07183967188520457,0.1972280872437531,0.45866998244416973,0.5523380887291115,-0.37505220147131824,0.1915457944344274,1.1646234478690785,0.09367524726195575,0.23024894540021681,0.5164565601246881,0.6237504967213883,-0.4622781783107742,0.20263826340290933,0.1017108904140287,0.5718443235600503,-0.37505220147131824,0.03879452396664962,0.3073001254769027,-0.2688361036831287,-0.04035337464243405,-0.12751521724441142,-0.4622781783107742,0.22446978431809161,0.9322992456613127,-0.3033520597897953,0.14284587474365043,5.5854235683861795,105,3,-0.04035337464243405,0.43957222451847655,-0.025854990519943,-0.10775964729034915
monthly_long_6_12_top3_ma200_r12_20bp,monthly,long_6_12,3,ma200_r12,20.0,3.6625184361454135,0.09305345654679331,0.2097925854422427,0.541466459738748,0.6517110560883299,-0.3856448987292912,0.24129310890253336,0.7522634261562007,0.06689320223896122,0.19476986152836687,0.4381486991810458,0.5287524203459291,-0.3856448987292912,0.17345802436224583,1.6608547359646706,0.12016556043510329,0.2239233902009505,0.634684591374429,0.7679516474801371,-0.3541580492978469,0.3392992497935408,0.0730771213654362,0.45142421678233224,-0.3856448987292912,0.06001703843338735,0.4230008612889646,-0.26682422865075495,-0.003984960442329544,0.06157375706996196,-0.3541580492978469,0.23995707915088982,0.9782122888476499,-0.28246833558803097,0.14836632108074144,8.293119698397737,209,3,-0.003984960442329544,0.4372125390356484,0.0006353226532045397,0.00036048172257818756
bimonthly_medium_3_6_12_top3_ma200_20bp,bimonthly,medium_3_6_12,3,ma200,20.0,3.047039237038116,0.08457872570919589,0.21650913697235946,0.4940027775815451,0.6204987359771386,-0.4580794972791279,0.184637658335663,0.8099502208813163,0.07161596590646746,0.2066589025951157,0.44589867475872996,0.5730780652789635,-0.28562935863124184,0.25073040898056403,1.23599477507591,0.09779682278277346,0.22593520187830857,0.5389922429988011,0.6667099768470248,-0.4580794972791282,0.2134931237125016,0.09003452600462714,0.5062962092387261,-0.28562935863124184,0.0511439872653936,0.36676531338894813,-0.26413141892977066,-0.0228232533866215,-0.029568715214453038,-0.4580794972791282,0.2139966468150607,0.9162528959232781,-0.3141161806300884,0.07438081716359048,6.221486038807383,105,3,-0.0228232533866215,0.4365307613138371,-0.02173341499912529,-0.10356096625870315
bimonthly_long_6_12_top3_ma200_r6_20bp,bimonthly,long_6_12,3,ma200_r6,20.0,2.9940641982347422,0.08374907466377768,0.21651127301447434,0.4904335891376377,0.6044938258451,-0.44352555791187664,0.18882581436359444,0.7619567001154837,0.06826378492083673,0.20307894474352714,0.4343776015723429,0.5531156274141477,-0.3841051658165854,0.1777216007384641,1.2668344789477106,0.09954187366465161,0.2291636427439886,0.5418524222086156,0.6557873986428878,-0.4435255579118773,0.22443323025914388,0.07488079633592237,0.4432106475378241,-0.3841051658165854,0.0610328160353677,0.4277268447069677,-0.2688361036831288,-0.029584112335175217,-0.07075286476894188,-0.4435255579118773,0.2249073705918705,0.9339982355853607,-0.3033520597897962,0.11342483041489194,5.744439185991481,105,3,-0.029584112335175217,0.4354687461223959,-0.019988364117247137,-0.08900702689145223
quarterly_medium_3_6_12_top1_ma200_r12_0bp,quarterly,medium_3_6_12,1,ma200_r12,0.0,0.9381522139164984,0.03937148501583887,0.26318797643528236,0.282745339295186,0.3693211473164625,-0.571849886028341,0.06884933612435416,0.861345976104154,0.0758729522582875,0.24360538772532758,0.4288874199339703,0.592039187221398,-0.4753066768931111,0.15962946860801222,0.041263815968864526,0.004699564224110553,0.2812315500533673,0.15871533330636828,0.2008472657797317,-0.5718498860283417,0.00821817812494525,0.07717534040354979,0.417416943688864,-0.4753066768931111,0.07478075990882593,0.45148221284130746,-0.2488613708448102,-0.10466453590217561,-0.411133169147568,-0.5718498860283417,0.10965542190746658,0.492201963412761,-0.465125809472544,0.07326355851569934,6.413891531874405,70,3,-0.10466453590217561,0.43444957826508573,-0.1148306735577882,-0.21733135500791667
quarterly_classic_6_12minus1_top3_ma200_r12_10bp,quarterly,classic_6_12minus1,3,ma200_r12,10.0,2.255526936097839,0.07130840318671239,0.2094139697850857,0.4432443434957607,0.545638192857317,-0.4527225217684264,0.1575101740204292,0.7366784163157614,0.06712931940348899,0.19992113684071966,0.43278139946031113,0.5366317345135513,-0.3957776851227771,0.16961370468035433,0.8745709657659002,0.07558224228844868,0.21840982846999674,0.45355702596490494,0.5571998526091766,-0.4527225217684263,0.1669504799390343,0.07362286404029317,0.44698987917137195,-0.3957776851227771,0.060165746497480965,0.41692700926490484,-0.2584057126788891,-0.03208978180533739,-0.09041917736175081,-0.4527225217684263,0.1782202755994562,0.813264803017044,-0.28246833558803086,0.15104662226451,4.415794481446241,70,3,-0.03208978180533739,0.4319584442181384,-0.043947995493450076,-0.09820399074800124
monthly_long_6_12_top3_ma200_r6_20bp,monthly,long_6_12,3,ma200_r6,20.0,3.1375306437926813,0.08553330820737393,0.21188401218447409,0.5047224165400772,0.624600957777514,-0.38248251450297155,0.22362671485393984,0.7199784519923038,0.06460527821442485,0.2003097937750462,0.42052952671392985,0.5342658736515239,-0.3639440886429993,0.17751429472398322,1.4055712087555792,0.10714157602147334,0.2229499579729369,0.5824807625512546,0.7093338736528734,-0.38248251450297055,0.28012150087619553,0.0624271956243041,0.3917606573938895,-0.3639440886429993,0.06748721403900149,0.47002865308067104,-0.2341538894311347,-0.027645889640166788,-0.08655167735245191,-0.38248251450297055,0.23861175486068875,0.9749889469720214,-0.2824683355880312,0.12009110901665095,8.76814326107446,209,3,-0.027645889640166788,0.43089465523728027,-0.012388661760425412,-0.027963983482545474
quarterly_medium_3_6_12_top3_ma200_r12_0bp,quarterly,medium_3_6_12,3,ma200_r12,0.0,2.0245478398198764,0.06671746580891735,0.20868276098419045,0.4229527709383907,0.5188407378072875,-0.48311048709660287,0.13809980861702245,0.7250999546179624,0.06628939973637138,0.1995856012567354,0.4291537451946175,0.5378806156489123,-0.40789207506679814,0.1625170082687082,0.7532594744573446,0.06727060174852828,0.2173185512067382,0.4180419891291968,0.5058511663230075,-0.48311048709660276,0.13924475569307368,0.06931558160426854,0.42931162411353485,-0.40789207506679814,0.06320652984155473,0.4312917922090272,-0.24746190185128347,-0.03660659798519861,-0.11793916343335431,-0.48311048709660276,0.16598860395153436,0.7721813334006188,-0.2824683355880313,0.15620044402156674,5.215033301617507,70,3,-0.03660659798519861,0.430301708161281,-0.05225963603337047,-0.12859195607617768
quarterly_current_top3_ma200_r12_20bp,quarterly,current,3,ma200_r12,20.0,1.3975502328906746,0.05235365168657191,0.1995891303338783,0.3631181190183854,0.43602233538556595,-0.44391621034149653,0.11793588624821161,0.6586962886576306,0.061374052301900184,0.18700036813326198,0.4197307895983431,0.5192518866299689,-0.39684218436759533,0.15465606913666552,0.4454425739572738,0.043644235396955056,0.21131998268585536,0.31476441555506907,0.37138231906351804,-0.44391621034149675,0.09831638129046995,0.04753058837597246,0.3415665349415693,-0.39684218436759533,0.07755743252855041,0.5170583430119092,-0.25248482891989643,-0.039261867864237354,-0.15628311720035132,-0.44391621034149675,0.12097479443773529,0.6086589886135776,-0.29386835513939735,0.19988899460830953,5.734538534728829,70,3,-0.039261867864237354,0.42931243897673926,-0.0758860023849437,-0.08939767932107168
quarterly_long_6_12_top1_none_0bp,quarterly,long_6_12,1,none,0.0,3.12724938108746,0.08624421461046938,0.28182666204610657,0.44272943656712127,0.6135977852901913,-0.5543860006325041,0.15556708595107482,0.9583292960297431,0.08232447573661217,0.2547917760294302,0.4450014680527197,0.6466525172422669,-0.40961300241947896,0.20098110960917404,1.1075359437531413,0.09029113523023335,0.3062601668652059,0.4442475932751231,0.6005932818001493,-0.5543860006325043,0.16286691064929368,0.1148723407852894,0.5327245315686555,-0.40961300241947896,0.04706275972783258,0.32486326782493985,-0.26112436010778295,-0.03749499740716211,-0.04004506788242288,-0.5543860006325043,0.21429577575944547,0.7437978886269679,-0.3356681259491169,0.0,4.855375832540437,70,3,-0.03749499740716211,0.4287938996967977,-0.029239102551665397,-0.19986746961207924
quarterly_medium_3_6_12_top1_ma200_r6_0bp,quarterly,medium_3_6_12,1,ma200_r6,0.0,1.2757043389865816,0.04915544805488414,0.2673803571838985,0.3184633113556113,0.4279463735635609,-0.5687123437585211,0.08643288403065832,0.8279477225516136,0.07358245847913403,0.24897399063652623,0.41618513358445025,0.588369507546923,-0.47530667689311,0.1548104877468021,0.24495044957300416,0.025730120297766224,0.2844359192482509,0.23505218690970012,0.30672082803583195,-0.5687123437585212,0.04524276742038044,0.07064755311170301,0.3890068900107629,-0.47530667689311,0.07727926422458009,0.46765351939757294,-0.2488613708448102,-0.0636241098266721,-0.1836088656101202,-0.5687123437585212,0.10965542190746658,0.492201963412761,-0.465125809472544,0.029257849666983825,6.533777354900095,70,3,-0.0636241098266721,0.42833020470416794,-0.09380011748413253,-0.21419381273809612
bimonthly_classic_6_12minus1_top1_ma200_r12_10bp,bimonthly,classic_6_12minus1,1,ma200_r12,10.0,2.8504053480409,0.08144592137449513,0.27099040020560605,0.43247122779291824,0.5701375990232971,-0.5793478810001829,0.1405820648448517,1.0062021718319478,0.08455432640655802,0.23523981766973603,0.4703376929568586,0.6283405296794072,-0.36680297363565706,0.23051701453910586,0.9192509120478762,0.07852396883269375,0.3025733285298083,0.4090088030238948,0.5440785280812452,-0.5793478810001824,0.13553854498808293,0.1508771586565305,0.6855640091228713,-0.36680297363565706,0.013305642366650439,0.16865438655703108,-0.2373034418712876,-0.10108463218768449,-0.3449371798226215,-0.5793478810001824,0.2621893391206396,0.8601433162681166,-0.3356681259491171,0.08826313298627544,6.380501656412684,105,3,-0.10108463218768449,0.42710919783995116,-0.041006268949205005,-0.22482934997975734
quarterly_classic_6_12minus1_top3_ma200_r6_20bp,quarterly,classic_6_12minus1,3,ma200_r6,20.0,1.757388937740732,0.06097631427469685,0.2076940998976595,0.3972458491932861,0.49594827336900493,-0.501549644798324,0.12157582984475203,0.6943106914333299,0.0640314561895945,0.20050943202583593,0.417255950356334,0.5367390994346535,-0.40105767150564975,0.15965648019948792,0.6274399681725844,0.05809461893133849,0.21457367650130124,0.37916324624171704,0.4640184503499566,-0.501549644798325,0.11583024638507831,0.065148422532602,0.4016282145876269,-0.40105767150564975,0.06308766324629689,0.44769217408073936,-0.22105328427407545,-0.060671679066961026,-0.26946295064160614,-0.501549644798325,0.17265734354426132,0.801246691822031,-0.28246833558803086,0.15580399619410085,4.575642245480495,70,3,-0.060671679066961026,0.4246601943341831,-0.06143561885056026,-0.1470311137778999
quarterly_medium_3_6_12_top1_ma200_0bp,quarterly,medium_3_6_12,1,ma200,0.0,1.2547804264998015,0.0485900694461765,0.2681619422612637,0.3162532764417492,0.42795909402563653,-0.5687123437585213,0.0854387459309449,0.8111406982287175,0.07241581251645446,0.25065772219053684,0.41063368901120784,0.5885015707281621,-0.47530667689311,0.15235597570353465,0.24495044957300416,0.025730120297766224,0.2844359192482509,0.23505218690970012,0.30672082803583195,-0.5687123437585212,0.04524276742038044,0.07064755311170301,0.3890068900107629,-0.47530667689311,0.07478075990882593,0.45148221284130746,-0.2488613708448102,-0.0636241098266721,-0.1836088656101202,-0.5687123437585212,0.10965542190746658,0.492201963412761,-0.465125809472544,0.014509990485252141,6.413891531874405,70,3,-0.0636241098266721,0.4202445514260352,-0.09380011748413253,-0.21419381273809612
bimonthly_long_6_12_top3_ma200_20bp,bimonthly,long_6_12,3,ma200,20.0,3.29474221823589,0.08832715424220416,0.22082195947541297,0.5047600051190788,0.6314078061091285,-0.44352555791187587,0.1991478341362098,0.7535724562836714,0.06766991462177585,0.20988866680383056,0.4243322859786012,0.5468556493101027,-0.3670914431285984,0.18434075729210042,1.4491387298233955,0.10944819606598966,0.23123990736721714,0.5789781799745121,0.7100811875768968,-0.4435255579118773,0.24676863399095383,0.08129450491144152,0.46467866972975086,-0.3670914431285984,0.0525268769724494,0.3725511763089738,-0.2688361036831288,-0.013485620466936021,0.023272747022009793,-0.4435255579118773,0.2280276537899737,0.9420154359649721,-0.30335205978979596,0.07414418678024925,5.42640795078088,105,3,-0.013485620466936021,0.4186149230193623,-0.010082041715909096,-0.08900702689145223
quarterly_classic_6_12minus1_top3_ma200_10bp,quarterly,classic_6_12minus1,3,ma200,10.0,2.4545472323722617,0.0750244344306128,0.21258601867699004,0.456509635620668,0.5808911430429308,-0.44297897470529823,0.16936342064659954,0.7058914302076595,0.06488494974305037,0.20478172452769924,0.416773513543249,0.5400980528013428,-0.3957776851227772,0.1639429209429074,1.0250686363737413,0.08525655665759713,0.22004126809104904,0.4937107425681631,0.6205584473297814,-0.44297897470529646,0.19246185829545595,0.06936229853663711,0.41987343859036014,-0.3957776851227772,0.060165746497480965,0.41692700926490484,-0.2584057126788891,-0.01311807202556059,0.020324787995432657,-0.44297897470529646,0.17818083814089536,0.8102964417175075,-0.2824683355880312,0.1069616238503013,4.375832540437678,70,3,-0.01311807202556059,0.4184002239276325,-0.034273681124301625,-0.08846044368487138
quarterly_medium_3_6_12_top1_none_20bp,quarterly,medium_3_6_12,1,none,20.0,1.0449588144409572,0.042630195650242175,0.2691858468314281,0.2943274816275141,0.4013320180007038,-0.5823469956713561,0.07320411364206687,0.845146954892168,0.07476657205367165,0.2527329911227249,0.418195524292215,0.6092320774847253,-0.4294384817039455,0.17410310263069453,0.10829048549169129,0.011993427185885697,0.2845369562764827,0.186325096247067,0.24297333974846339,-0.5823469956713558,0.0205949842190894,0.08765160939386663,0.4446910394114809,-0.4294384817039455,0.06074883692774846,0.3883862105812817,-0.25195565364137573,-0.07767175073627008,-0.25144469291075083,-0.5823469956713558,0.09629349187443759,0.45401836461358785,-0.46925003167316304,0.0,6.413891531874405,70,3,-0.07767175073627008,0.4165386249963813,-0.10753681059601305,-0.22782846465093076
quarterly_long_6_12_top3_ma200_r6_0bp,quarterly,long_6_12,3,ma200_r6,0.0,1.6145827008513325,0.057688834830528,0.2161908701784154,0.3752879745652354,0.47199231020797455,-0.4811427512878085,0.11989962371067682,0.6507504254206715,0.060774301681402854,0.20749561230659322,0.395030423124726,0.5142456665989366,-0.44634637199295435,0.13615950637179636,0.5838752246179484,0.054770856066520546,0.2244719652337509,0.35776618497777096,0.43999151788954305,-0.48114275128780815,0.11383493967210975,0.05094473842214575,0.3347565926919127,-0.44634637199295435,0.0723047615202761,0.49616640296353864,-0.21687765383438218,-0.053512063968015666,-0.22132272203972247,-0.48114275128780815,0.15819066564535444,0.7189697562247163,-0.2824683355880311,0.11148112908341261,5.015223596574691,70,3,-0.053512063968015666,0.4154614978277257,-0.0647593817153782,-0.12662422026738307
bimonthly_current_top1_ma200_r12_0bp,bimonthly,current,1,ma200_r12,0.0,1.9200095318063206,0.06421260716023425,0.23948593517938008,0.38689248277080784,0.4889139476534657,-0.41481246549882866,0.15479912611357038,0.7626655092426771,0.06831387656037013,0.21390217737563968,0.4228876653212853,0.524600070655722,-0.33564748384436727,0.20352864194878295,0.6565874333473922,0.0602747702293811,0.26260965451128226,0.3612057066088354,0.46993332213997885,-0.4148124654988292,0.1453060726053596,0.09426487351900725,0.5346652261485108,-0.3266692381110483,0.039525856848676044,0.2925683593006175,-0.25345303419463716,-0.008396354342666945,0.06842055645458378,-0.4148124654988292,0.1234721613103329,0.5521771383666124,-0.2986226433525411,0.14576431613819216,8.765735920492192,105,3,-0.008396354342666945,0.4136167927245641,-0.05925546755251765,-0.06029393447840414
quarterly_medium_3_6_12_top1_ma200_r12_10bp,quarterly,medium_3_6_12,1,ma200_r12,10.0,0.7409818105696686,0.03288454811185049,0.2632504673223704,0.2583140036004576,0.3375421627315178,-0.5786714073661519,0.05682767057996859,0.7755514025662922,0.06991354325468735,0.2437030772761252,0.4054840810809162,0.5600336813331863,-0.4826446418322936,0.14485511118339625,-0.019469778203354715,-0.002277236949578487,0.2812634990988205,0.13324398087193187,0.16865278497986813,-0.5786714073661525,-0.003935285069541327,0.07214024518178719,0.39948111235974354,-0.4826446418322936,0.06774880402712946,0.41996988220116105,-0.25040851224309346,-0.1118485992400946,-0.4487159233224183,-0.5786714073661525,0.10296091119255335,0.4731373591896123,-0.46718991250779063,0.07326355851569934,6.413891531874405,70,3,-0.1118485992400946,0.40972549728045227,-0.12180747473147724,-0.22415287634572745
quarterly_classic_6_12minus1_top3_ma200_r12_20bp,quarterly,classic_6_12minus1,3,ma200_r12,20.0,2.0237146975170464,0.06670031637699947,0.2094728886160356,0.4220391653491405,0.5193909750580717,-0.4570799087721369,0.14592703616349686,0.6755795723442666,0.06264002660400303,0.20001289321916785,0.4111024091867512,0.5096858157428338,-0.40105767150564886,0.1561870799499736,0.8045783962898443,0.07084688841971798,0.21843910541047923,0.43273946373125477,0.531398995738112,-0.45707990877213656,0.15499891170022212,0.06970666179189378,0.42939156894127256,-0.40105767150564886,0.05501431195603046,0.3897399805854718,-0.26038677776463304,-0.03630416814329962,-0.11470800151252233,-0.45707990877213656,0.17296848137582232,0.7944803663379087,-0.28246833558803097,0.15104662226451,4.415794481446241,70,3,-0.03630416814329962,0.4095657747633722,-0.04868334936218077,-0.10256137775171148
bimonthly_classic_6_12minus1_top1_ma200_r6_0bp,bimonthly,classic_6_12minus1,1,ma200_r6,0.0,2.6850847145334225,0.07869311698530734,0.2707991896087228,0.42293494473274573,0.5576354404400672,-0.5592953109373713,0.14070047691517162,0.8271176078957514,0.07279599857385954,0.2364097389618063,0.4220444081360159,0.5714352672893863,-0.4404653472075949,0.16527065984954817,1.0168842435804963,0.08474706634206242,0.3013131673818225,0.42911979557873203,0.5643324263185237,-0.5592953109373713,0.151524721707442,0.09818543883805386,0.4937844839295257,-0.4404653472075949,0.04464208030931127,0.32283264315752747,-0.2342362954150201,-0.08782415182500003,-0.28092078330093206,-0.5592953109373713,0.2598015793017514,0.8576368837489147,-0.335668125949117,0.08802650260293422,6.857548509228585,105,3,-0.08782415182500003,0.40830856354352657,-0.034783171439836336,-0.2047767799169462
quarterly_long_6_12_top1_none_10bp,quarterly,long_6_12,1,none,10.0,2.8055643250274103,0.08111256822127766,0.2818605948525796,0.42544997652986877,0.5896788976236538,-0.5570311538418907,0.14561585588496703,0.8794787813575173,0.07710137624562985,0.2548403798355074,0.4255365649639396,0.6182653894662983,-0.4166832781786073,0.18503592604592375,1.0247977060314062,0.08523972000806035,0.3062822443990148,0.42863279597150666,0.5795632817728066,-0.5570311538418911,0.15302504971248876,0.11016144011549156,0.5174633328396091,-0.4166832781786073,0.04127526052076802,0.2987559743278198,-0.2655478213871951,-0.041826123076036725,-0.05916205679046339,-0.5570311538418911,0.20851376523949416,0.7297963007986503,-0.33566812594911655,0.0,4.855375832540437,70,3,-0.041826123076036725,0.4081096535837144,-0.0342905177738384,-0.20251262282146598
bimonthly_current_top3_ma200_r6_10bp,bimonthly,current,3,ma200_r6,10.0,2.965840703763832,0.08330282011017243,0.20534745688832592,0.5032896653753306,0.625261524213623,-0.4245875640896285,0.19619703249854858,0.5874868328055867,0.055356279304039635,0.19190872279757565,0.3832676296893158,0.48462416789917806,-0.41050981425416566,0.13484763915964745,1.4981880931604032,0.11200203245280305,0.21795457615541522,0.6110186970481463,0.752244080400321,-0.4245875640896276,0.263790185878266,0.029443251953691574,0.24725693146874886,-0.41050981425416566,0.08628366703482238,0.568460226929059,-0.26534453793503965,-0.013783483949863284,0.011716622734102582,-0.4245875640896276,0.23362599659048433,1.0028636094479766,-0.26900764508242136,0.1329862754377662,7.215333648840511,105,3,-0.013783483949863284,0.4078585791989039,-0.007528205329095705,-0.07006903306920254
bimonthly_medium_3_6_12_top3_ma200_r6_20bp,bimonthly,medium_3_6_12,3,ma200_r6,20.0,2.5433846749442908,0.07623941742561025,0.21390978558622373,0.4603086617969553,0.5705866853934003,-0.45807949727912844,0.16643272156569394,0.6629674590673438,0.06108694274580051,0.2027548921106411,0.4006907347063155,0.5080716370973821,-0.36862196015677995,0.1657170471336526,1.1307600792931658,0.09167751028509796,0.22451567963858898,0.5153464426318027,0.6304705702690041,-0.4580794972791282,0.20013449811580364,0.061037739353465126,0.383527170674169,-0.36862196015677995,0.061446763083901734,0.43116482565757136,-0.26413141892977066,-0.034569330102500406,-0.10060205964233326,-0.4580794972791282,0.2139966468150607,0.9162528959232781,-0.3141161806300884,0.10711468685912603,6.380501656412684,105,3,-0.034569330102500406,0.4073459981658702,-0.02785272749680079,-0.10356096625870315
quarterly_medium_3_6_12_top3_ma200_r12_10bp,quarterly,medium_3_6_12,3,ma200_r12,10.0,1.7722273885248288,0.0613086550066726,0.2087167619111821,0.39789769610866316,0.4883263738084015,-0.48721948226126166,0.12583375098657706,0.6556778591503447,0.06114652161339196,0.19963383259968687,0.40431069565522837,0.5070560864611319,-0.4142158310820411,0.1476199532346726,0.6743760709269138,0.06158870556997753,0.21733968891905306,0.3927476085110961,0.47535518682964206,-0.4872194822612621,0.12640854442875454,0.06479730761620428,0.40886270650594586,-0.4142158310820411,0.05733569750867873,0.4006071629776431,-0.24997536567389989,-0.04175906444527766,-0.14798674211693197,-0.4872194822612621,0.1597874397231851,0.7496338753728234,-0.28246833558803097,0.15620044402156674,5.215033301617507,70,3,-0.04175906444527766,0.40473493474179445,-0.05794153221192122,-0.13270095124083703
quarterly_medium_3_6_12_top1_ma200_r6_10bp,quarterly,medium_3_6_12,1,ma200_r6,10.0,1.0401015755115215,0.04248551627530084,0.267443747456044,0.29395735489479535,0.3950620740368604,-0.5755775737948408,0.07381371027920626,0.7366953144772441,0.06713054160744836,0.24907995749457992,0.3913436917643398,0.5534675323031766,-0.4832045711122954,0.13892778674034398,0.17470321852374182,0.018845511437067364,0.2844624491283725,0.21070208209614805,0.27488103705318223,-0.5755775737948414,0.03274191402701289,0.06516488394244724,0.3702090743523346,-0.4832045711122954,0.069692385814627,0.4330285729464159,-0.25040851224309346,-0.07066741686937705,-0.21757782712581264,-0.5755775737948414,0.10296091119255335,0.4731373591896123,-0.46718991250779063,0.029257849666983825,6.533777354900095,70,3,-0.07066741686937705,0.40161882364937523,-0.10068472634483139,-0.22105904277441635
bimonthly_classic_6_12minus1_top1_ma200_0bp,bimonthly,classic_6_12minus1,1,ma200,0.0,3.0123001998213725,0.08403583549860061,0.27386013359892636,0.4397686263233661,0.5924020621377359,-0.5503297996318539,0.15270086329109714,0.8902316686681546,0.07705170290760432,0.24094146804886235,0.43538337571009733,0.6025620444148541,-0.36162601580386544,0.2130701319602922,1.1226499726609709,0.09119489857788587,0.30324921233735186,0.4484199256935606,0.6012535311671748,-0.5503297996318544,0.16570954114949094,0.13024899117131294,0.6037648868418809,-0.36162601580386544,0.019257937101979206,0.19773163426681903,-0.24240560939598588,-0.08320404759754596,-0.254789357189771,-0.5503297996318544,0.2682677571044474,0.8745049525736993,-0.33566812594911677,0.04921911973497397,6.261239943208708,105,3,-0.08320404759754596,0.40074826055435,-0.028335339204012877,-0.19581126861142928
bimonthly_current_top3_ma200_r12_20bp,bimonthly,current,3,ma200_r12,20.0,2.3038344822377868,0.0718730064086961,0.19488005738348113,0.4636317047223221,0.5618636156363033,-0.4464646290652945,0.16098253194025103,0.6172565093568696,0.05764463061288971,0.1740814832262578,0.4163856928086277,0.5111141728372509,-0.3032712503511483,0.190076146506287,1.0428636169482024,0.08635806798639467,0.21367461322016026,0.5065507119734528,0.6163272529175784,-0.44646462906529527,0.19342644940807804,0.08855417728583781,0.5772126246172016,-0.3032712503511483,0.023416834350085125,0.22393203094028874,-0.2677889923521726,-0.04340555371942445,-0.16192095257902261,-0.44646462906529527,0.21256067091730824,0.9511358837889926,-0.25275719682260767,0.20436977441236787,6.89730241362991,105,3,-0.04340555371942445,0.4005723277787452,-0.03317216979550408,-0.0919460980448702
bimonthly_classic_6_12minus1_top1_ma200_r12_20bp,bimonthly,classic_6_12minus1,1,ma200_r12,20.0,2.4588068291506615,0.07473042646699657,0.2710512377327384,0.40883432360440186,0.539287610383657,-0.5860107284870864,0.12752399031998843,0.8946709036431,0.07734628706710844,0.2353467220769809,0.44125301695790203,0.590043713496383,-0.3719483818987146,0.2079489811792504,0.8255449125755852,0.07228217180876007,0.30259908027822313,0.3892584396810551,0.5179391429079884,-0.5860107284870866,0.12334615783463918,0.14356628065854715,0.6600182136144939,-0.3719483818987146,0.006196308044162047,0.13391936337797006,-0.2387934310754677,-0.10733077195470131,-0.37587350536954656,-0.5860107284870866,0.2561278394323987,0.8457272424581107,-0.3356681259491169,0.08826313298627544,6.380501656412684,105,3,-0.10733077195470131,0.39696878849623196,-0.047248065973138687,-0.2314921974666615
monthly_medium_3_6_12_top3_ma200_r6_20bp,monthly,medium_3_6_12,3,ma200_r6,20.0,1.8864061890081492,0.06317635594959037,0.2113918622600989,0.4041900035168823,0.50174021788171,-0.4070981352577391,0.15518704331473443,0.6015077640963906,0.055870591038605255,0.20437407473683272,0.37490971197885825,0.47236335106069344,-0.4070981352577391,0.1372410880812138,0.8023054609646156,0.07069040789631709,0.21824591730329979,0.432295181843365,0.5313980412727648,-0.39439963127450195,0.17923548170641315,0.04015371992550465,0.29240537446958,-0.4070981352577391,0.07488680595783559,0.5002336047516402,-0.26393504332340234,-0.026234686484397085,-0.08002960508862465,-0.39439963127450195,0.16218806914417638,0.7358758917270851,-0.2824683355880312,0.11184417216462456,9.797360980207351,209,3,-0.026234686484397085,0.39631948961061014,-0.048839829885581665,-0.03988110025407687
quarterly_classic_6_12minus1_top3_ma200_20bp,quarterly,classic_6_12minus1,3,ma200,20.0,2.210710794313424,0.07044215190609693,0.21264343186216209,0.4358081158317387,0.5542491443546019,-0.44667121686161426,0.1577047036991439,0.6437003847279525,0.06024003104940534,0.204864990504432,0.39484843005232634,0.5115224750383125,-0.40105767150564975,0.15020291426729818,0.9533430935132545,0.08072814811660489,0.22007488382895107,0.47411718004365627,0.5954772670419762,-0.4466712168616138,0.18073281883666978,0.065148422532602,0.4016282145876269,-0.40105767150564975,0.05501431195603046,0.3897399805854718,-0.26038677776463304,-0.016749315216362914,-7.705877162978943e-06,-0.4466712168616138,0.17274953424759976,0.7908844760817749,-0.2824683355880312,0.1069616238503013,4.375832540437678,70,3,-0.016749315216362914,0.3956840975865493,-0.03880208966529386,-0.09215268584118874
quarterly_medium_3_6_12_top1_ma200_10bp,quarterly,medium_3_6_12,1,ma200,10.0,1.0253955295867057,0.04204549083910436,0.2682244341263107,0.2922671887838411,0.39550584402409295,-0.5755775737948402,0.07304921656675095,0.7241763686763611,0.06622218737012786,0.25076137691756634,0.3869256927652239,0.5546417424471688,-0.4832045711122954,0.1370479323440382,0.17470321852374182,0.018845511437067364,0.2844624491283725,0.21070208209614805,0.27488103705318223,-0.5755775737948414,0.03274191402701289,0.06516488394244724,0.3702090743523346,-0.4832045711122954,0.06774880402712946,0.41996988220116105,-0.25040851224309346,-0.07066741686937705,-0.21757782712581264,-0.5755775737948414,0.10296091119255335,0.4731373591896123,-0.46718991250779063,0.014509990485252141,6.413891531874405,70,3,-0.07066741686937705,0.3950894782767478,-0.10068472634483139,-0.22105904277441635
quarterly_long_6_12_top1_ma200_r12_0bp,quarterly,long_6_12,1,ma200_r12,0.0,2.1166521595760783,0.06858644377392054,0.2761717831280987,0.38511649425323546,0.5114678076231273,-0.5576277645429843,0.12299682357124382,0.7680910832548618,0.06938340679917854,0.24575607028251387,0.4020707760578568,0.5521587574631709,-0.4748018580537682,0.1461312874460599,0.7627214961339335,0.06793688394880193,0.30330658788669046,0.3753094094891404,0.49317836198569015,-0.5576277645429847,0.12183196079643022,0.08983041889452936,0.46106733379247516,-0.4748018580537682,0.04706275972783258,0.32486326782493985,-0.26112436010778295,-0.07968063655139734,-0.2461424313478074,-0.5576277645429847,0.21429577575944547,0.7437978886269679,-0.3356681259491169,0.07326355851569934,4.855375832540437,70,3,-0.07968063655139734,0.3929653008087075,-0.05159335383309682,-0.2031092335225596
quarterly_current_top1_none_0bp,quarterly,current,1,none,0.0,1.1431499293381067,0.04548761403149637,0.2606319795733118,0.3059685001278732,0.4216179774599697,-0.5392662600848829,0.08435093644526624,1.5593614645696148,0.11696774117057807,0.24823194412268207,0.5800431959293134,0.8465541035098322,-0.38042324853736353,0.307467384341759,-0.16262319371191247,-0.020369048941489387,0.27229931660188494,0.05917545364563596,0.07838259940146482,-0.5392662600848817,-0.037771784458169616,0.10816168070120602,0.5183297284268777,-0.38042324853736353,0.12761040669232404,0.6812082236777266,-0.2488613708448093,-0.08014785164770544,-0.26625045071367537,-0.505858633413039,0.03420897342032614,0.2670445826859382,-0.45452107381681617,0.0,6.893434823977165,70,3,-0.08014785164770544,0.392687155556408,-0.13989928672338814,-0.18474772906445658
quarterly_long_6_12_top3_ma200_r6_10bp,quarterly,long_6_12,3,ma200_r6,10.0,1.4042888196759837,0.05252602659917982,0.21624271567740322,0.3520054303504696,0.4427733647285431,-0.48700581962637846,0.10785502858975439,0.5853790945699675,0.05574103935825936,0.20754105858138144,0.37153405426789393,0.483829067600811,-0.4518963678113126,0.12334916438525965,0.5165387432638988,0.04947088600073646,0.22452974156656283,0.3346461968309545,0.4114241123403277,-0.4870058196263778,0.10158171423637123,0.04618799422216746,0.3148453447040667,-0.4518963678113126,0.06692718240908069,0.4666966467706828,-0.21896686383730224,-0.058102466150088294,-0.2487788306236169,-0.4870058196263778,0.15217933169856623,0.697974085848649,-0.2824683355880313,0.11148112908341261,5.015223596574691,70,3,-0.058102466150088294,0.3907709957373747,-0.0700593517811623,-0.1324872886059527
quarterly_medium_3_6_12_top3_ma200_r6_0bp,quarterly,medium_3_6_12,3,ma200_r6,0.0,1.7815468460368846,0.06151653003531776,0.21687810752719905,0.3918612538627543,0.49579538076191976,-0.4961817418205763,0.12397983410192204,0.6427141485594521,0.06016513034576998,0.21332998736892664,0.3871919832631288,0.5047341547470081,-0.45469288542079456,0.1323203689234994,0.693262853111799,0.0629703154002863,0.22033620707570892,0.396439584080051,0.4904746891881077,-0.49618174182057606,0.1269097794071128,0.06334340311615994,0.3852854007801807,-0.45469288542079456,0.0568801327361923,0.3957783057456288,-0.24746190185128347,-0.048558483192213564,-0.18766829050518619,-0.49618174182057606,0.16976288065075562,0.7752503759943852,-0.2824683355880312,0.09181731684110371,5.37488106565176,70,3,-0.048558483192213564,0.39053185326290474,-0.05655992238161245,-0.14166321080015098
quarterly_long_6_12_top1_ma200_r6_0bp,quarterly,long_6_12,1,ma200_r6,0.0,2.123479033482145,0.0687228961147357,0.27744511402001376,0.3850913071952927,0.515577750752999,-0.595990499457665,0.11530871075507353,0.7582624411834245,0.06868195439798974,0.2512631554936508,0.39601990466790754,0.5584976535016669,-0.47480185805376673,0.14465392928224846,0.776457803068261,0.06889854121743766,0.30114266179712074,0.3789191387082433,0.4932279233063529,-0.5959904994576666,0.11560342200107764,0.08624785972669247,0.440955704174652,-0.47480185805376673,0.04949682900189223,0.3381504528753935,-0.26112436010778295,-0.09034046914122906,-0.29918366111427286,-0.5959904994576666,0.22861328551750382,0.7817557754186187,-0.33566812594911677,0.058991436726926735,5.334919124643196,70,3,-0.09034046914122906,0.38955307852502274,-0.05063169656446109,-0.2414719684372415
quarterly_long_6_12_top3_ma200_r12_0bp,quarterly,long_6_12,3,ma200_r12,0.0,1.7949551595405042,0.061814461312779345,0.2156611874145578,0.3942265605883938,0.4851006987996747,-0.44833797493343264,0.13787469446896017,0.602648487068097,0.057088239236008365,0.20439740364361256,0.3804626253259798,0.4773495992429978,-0.446346371992954,0.12790120592020754,0.7439601897067369,0.06661267434606621,0.2262652863825561,0.40750604639255117,0.4957412078388002,-0.4483379749334332,0.14857691757196456,0.05111068616346026,0.34168654040752644,-0.446346371992954,0.06417299431692536,0.4361800838569603,-0.2564219988882148,-0.02762475083466598,-0.06538742708601053,-0.4483379749334332,0.15536868248378122,0.7061540934079671,-0.2824683355880312,0.1266254360926102,4.815413891531874,70,3,-0.02762475083466598,0.38893331213224336,-0.05291756343583254,-0.09381944391300812
quarterly_medium_3_6_12_top3_ma200_0bp,quarterly,medium_3_6_12,3,ma200,0.0,2.2024925947026666,0.07028206791444802,0.21847916421446703,0.42926335728877335,0.5486742749587638,-0.466651141758022,0.15060944166915205,0.6389407765206672,0.05987819101021463,0.21354915846046044,0.3857163631834248,0.5071474040082103,-0.45469288542079456,0.1316893070688812,0.9540014139505972,0.08077037511886997,0.22325290179379545,0.4707338192691396,0.588339892981745,-0.46665114175802247,0.17308513339232906,0.06334340311615994,0.3852854007801807,-0.45469288542079456,0.05626934301043529,0.3920320934302174,-0.24746190185128347,-0.014676163273379395,0.013811100202614555,-0.46665114175802247,0.17070742511115777,0.7754709736177363,-0.2824683355880312,0.06771328893117665,5.175071360608944,70,3,-0.014676163273379395,0.38865874710519904,-0.03875986266302878,-0.1121326107375974
quarterly_long_6_12_top1_none_20bp,quarterly,long_6_12,1,none,20.0,2.5083836876472114,0.07599499490732775,0.2819284252042807,0.4081255997823284,0.5656378080393775,-0.5596658186952391,0.135786378886773,0.803655976971275,0.07189318991548932,0.25492687188898655,0.40601873215951995,0.5898013104610449,-0.4236828584272312,0.16968633138089817,0.9451512552513186,0.08020163957929372,0.30633518698291723,0.4129786354171111,0.5584127170479517,-0.5596658186952397,0.1433027297723299,0.1054612852577157,0.502155041254016,-0.4236828584272312,0.03550821895961276,0.27259764277861914,-0.2699535932391298,-0.046146372160064675,-0.07827137765317302,-0.5596658186952397,0.2027477395747601,0.7157429542151318,-0.33566812594911677,0.0,4.855375832540437,70,3,-0.046146372160064675,0.38737634201631754,-0.039328598202605036,-0.2051472876748146
quarterly_long_6_12_top3_ma200_0bp,quarterly,long_6_12,3,ma200,0.0,1.984923170011811,0.06589686246900461,0.2203466069781699,0.40837024848425874,0.5211126006534683,-0.44634637199295435,0.1476361556940017,0.6015106277277875,0.056999868991897795,0.21168400239172305,0.3741139854180353,0.4908586249204297,-0.44634637199295435,0.12770322011892044,0.8638172724752906,0.07486497193083586,0.2286018074051394,0.4403722069663219,0.5509523590774438,-0.44221473374083364,0.16929551690313321,0.05094473842214575,0.3347565926919127,-0.44634637199295435,0.06417299431692536,0.4361800838569603,-0.2564219988882148,-0.01054346637413639,0.03617121148430188,-0.44221473374083364,0.15463195134199936,0.701938670443903,-0.2824683355880312,0.07262924199175388,4.735490009514748,70,3,-0.01054346637413639,0.3854683382744365,-0.044665265851062896,-0.08769620272040857
quarterly_medium_3_6_12_top1_ma200_r12_20bp,quarterly,medium_3_6_12,1,ma200_r12,20.0,0.5635341175011139,0.026425240055118593,0.2633608082820954,0.23385176797410956,0.30560764983898,-0.5853976431065822,0.04514066697447807,0.6935521991505524,0.06397537634326689,0.2438461518682511,0.38202838041341697,0.5279220274051565,-0.4898944687232474,0.13059011772473808,-0.07677240873629321,-0.009219455666935161,0.2813456178836134,0.10775919530172559,0.13637488683521953,-0.5853976431065819,-0.01574904814786997,0.06711886739173578,0.38150567311949246,-0.4898944687232474,0.06074883692774846,0.3883862105812817,-0.25195565364137573,-0.11898929752727794,-0.4860958136052128,-0.5853976431065819,0.09629349187443759,0.45401836461358785,-0.46925003167316304,0.07326355851569934,6.413891531874405,70,3,-0.11898929752727794,0.3849459418503871,-0.1287496934488339,-0.23087911208615686
quarterly_long_6_12_top1_ma200_0bp,quarterly,long_6_12,1,ma200,0.0,2.671530225392968,0.07885281580309833,0.28099315567847577,0.41824320033415907,0.5752390228475326,-0.5543860006325045,0.14223450035378665,0.7420961366166012,0.06752063373962769,0.25293160426174,0.3906765339337659,0.5585245212294316,-0.47480185805376673,0.14220802339821853,1.1075359437531413,0.09029113523023335,0.3062601668652059,0.4442475932751231,0.6005932818001493,-0.5543860006325043,0.16286691064929368,0.08624785972669247,0.440955704174652,-0.47480185805376673,0.04706275972783258,0.32486326782493985,-0.26112436010778295,-0.03749499740716211,-0.04004506788242288,-0.5543860006325043,0.21429577575944547,0.7437978886269679,-0.3356681259491169,0.014509990485252141,4.855375832540437,70,3,-0.03749499740716211,0.3829094859997959,-0.029239102551665397,-0.19986746961207924
monthly_current_top3_ma200_r6_10bp,monthly,current,3,ma200_r6,10.0,2.3851750541260968,0.07301535017819183,0.20453090880328992,0.4569319843569728,0.5645168197431563,-0.4207162995950786,0.17355008647981068,0.5389075017189224,0.051021705585332144,0.1970479004863752,0.35755335983170916,0.4411885621184337,-0.4207162995950786,0.12127342257582686,1.1997261371102135,0.09571714210909366,0.2118067704553511,0.5508610837730377,0.6828855830623464,-0.37123624186455406,0.2578335068482246,0.03389705445063784,0.2669180851636009,-0.4207162995950786,0.07172318533309574,0.49207459517221,-0.28756507815102816,-0.011508292527308561,0.007338839538477146,-0.37123624186455406,0.19776457718771367,0.8750723562997241,-0.28083731893903974,0.13462142632736412,12.489161168708765,209,3,-0.011508292527308561,0.37949634016790545,-0.023813095672805096,-0.016717710844128986
quarterly_medium_3_6_12_top3_ma200_r12_20bp,quarterly,medium_3_6_12,3,ma200_r12,20.0,1.540614276441568,0.05591896842806143,0.20878868313972299,0.37278306578530346,0.45744996042999386,-0.4913025689924242,0.11381778145948122,0.5889511312925428,0.05602075539675622,0.19971863078020533,0.3794101677301323,0.4757904824417888,-0.4204820360076882,0.1332298424176483,0.5989253705838573,0.05592814140058744,0.21740003875511899,0.36739186962075293,0.4446102962328178,-0.4913025689924243,0.11383645217912514,0.0602916385615464,0.3883715554447796,-0.4204820360076882,0.05148819818652006,0.3698421319469935,-0.25248482891989654,-0.04689230049907267,-0.17797084425622725,-0.4913025689924243,0.1536097743440863,0.7269849256757479,-0.2824683355880312,0.15620044402156674,5.215033301617507,70,3,-0.04689230049907267,0.37910684369588654,-0.06360209638131131,-0.13678403797199923
quarterly_current_top1_ma200_r12_0bp,quarterly,current,1,ma200_r12,0.0,0.8000360454837037,0.034897127483280554,0.25275193485028796,0.26613148102863415,0.3461498137957227,-0.5221192885039883,0.06683746080952148,1.0724821074874482,0.08956641908620111,0.23536957502147346,0.4905196985999787,0.6596095318953111,-0.3784595486454756,0.236660481699467,-0.13145882467185022,-0.016209549665378464,0.2688302965004037,0.07266073837705983,0.09315015719895406,-0.5221192885039867,-0.03104568251409217,0.09457581878020016,0.4877195974169163,-0.3784595486454756,0.08437761512306774,0.5004628883855292,-0.2488613708448093,-0.07167718868786721,-0.24339947594275094,-0.4984219787965317,0.03420897342032614,0.2670445826859382,-0.45452107381681617,0.1027592768791627,6.7735490009514745,70,3,-0.07167718868786721,0.37738209005142725,-0.13573978744727722,-0.16760075748356162
bimonthly_classic_6_12minus1_top1_ma200_r6_10bp,bimonthly,classic_6_12minus1,1,ma200_r6,10.0,2.2849113135633075,0.07151548518926787,0.2707938298518646,0.39761944295595814,0.5246385526969705,-0.567111903999578,0.12610471528617584,0.7188476573836187,0.06518327671517099,0.23645851996599426,0.39120554925329326,0.5301228246808227,-0.4461091919521901,0.1461150720296226,0.9111125406910732,0.0779926800470947,0.3012650480676685,0.4078012493048674,0.5364986702682188,-0.5671119039995777,0.1375260852347631,0.0902624204632878,0.4656721817571282,-0.4461091919521901,0.03733609817376582,0.2870976487645694,-0.23423629541502,-0.09459552542631999,-0.31408896554461235,-0.5671119039995777,0.2532350177222549,0.841997807938793,-0.3356681259491172,0.08802650260293422,6.857548509228585,105,3,-0.09459552542631999,0.37638491526084883,-0.041537557734804054,-0.2125933729791526
bimonthly_current_top1_ma200_r12_10bp,bimonthly,current,1,ma200_r12,10.0,1.5202203244694155,0.05515092378986797,0.23954708714398584,0.35020076065180017,0.4425668724579993,-0.4229115088162406,0.13040771565720527,0.6451290565854488,0.05975366755059319,0.21390722936706988,0.38442565535500783,0.47691291806786845,-0.3423439477939004,0.1745427893078057,0.531928643762613,0.05070028332004051,0.26271714682901837,0.32563267632435444,0.4236334043777847,-0.42291150881624107,0.11988390541074219,0.08496952598766994,0.4941156572085248,-0.3386841579976124,0.03173328954936272,0.25644458134948694,-0.26230183621914127,-0.017319425558564694,0.025543131210983644,-0.42291150881624107,0.11326652236236323,0.5204556718300576,-0.29893131140703133,0.14576431613819216,8.765735920492192,105,3,-0.017319425558564694,0.37528011927900584,-0.06882995446185824,-0.06839297779581599
quarterly_medium_3_6_12_top1_ma200_r6_20bp,quarterly,medium_3_6_12,1,ma200_r6,20.0,0.8284907710133533,0.03584476921948765,0.2675551104183801,0.26941469784566063,0.36204518513006656,-0.5823469956713558,0.06155225232709269,0.6498298911247402,0.060704655572657806,0.249234097985296,0.3664525336101461,0.5184964545919288,-0.49249523748700297,0.12325937583154764,0.10829048549169129,0.011993427185885697,0.2845369562764827,0.186325096247067,0.24297333974846339,-0.5823469956713558,0.0205949842190894,0.059699578640206585,0.3513769567938952,-0.49249523748700297,0.06214382869625279,0.3983228620193179,-0.25195565364137573,-0.07767175073627008,-0.25144469291075083,-0.5823469956713558,0.09629349187443759,0.45401836461358785,-0.46925003167316304,0.029257849666983825,6.533777354900095,70,3,-0.07767175073627008,0.37484990940660656,-0.10753681059601305,-0.22782846465093076
quarterly_long_6_12_top1_ma200_r12_10bp,quarterly,long_6_12,1,ma200_r12,10.0,1.873488376888465,0.0635328937096038,0.27622412076344977,0.36746585640991847,0.48825366583922686,-0.5602601818165491,0.11339890959876732,0.700180298542749,0.0644646837874232,0.24583955302016056,0.3828246349853215,0.5258357349999978,-0.481120520781641,0.1339886390268538,0.6901080311019805,0.06274048407130772,0.30333447208689635,0.35875399195110874,0.47167938016851524,-0.5602601818165487,0.11198454951391038,0.08569130164443628,0.44653327449637664,-0.481120520781641,0.04127526052076802,0.2987559743278198,-0.2655478213871951,-0.08428533938322691,-0.2681414362632934,-0.5602601818165487,0.20851376523949416,0.7297963007986503,-0.33566812594911655,0.07326355851569934,4.855375832540437,70,3,-0.08428533938322691,0.3726446244120982,-0.05678975371059103,-0.2057416507961236
bimonthly_long_6_12_top1_ma200_r6_10bp,bimonthly,long_6_12,1,ma200_r6,10.0,3.550644541442878,0.09199158753111569,0.27388210647326955,0.4672984511084911,0.6166287454916872,-0.48995155547503044,0.18775649654163387,0.5700357485193839,0.0539971540044224,0.24069662500076242,0.34383815221641356,0.4620430523114574,-0.48995155547503044,0.1102091694597636,1.8984337112924758,0.13132906152680235,0.3034598281203065,0.5709207453573227,0.7525782781422338,-0.46818925021906077,0.280504222310433,0.030232131188300926,0.24746571920309238,-0.48995155547503044,0.08231441660498229,0.49746882494075056,-0.24745255953242684,-0.00623382986160026,0.09037839755500815,-0.46818925021906077,0.26556658517113263,0.8645203391892141,-0.3356681259491169,0.06838618078561287,6.976810222432561,105,3,-0.00623382986160026,0.3724672720719215,0.011798823744903597,-0.1136707191986357
bimonthly_classic_6_12minus1_top1_ma200_10bp,bimonthly,classic_6_12minus1,1,ma200,10.0,2.612218043022146,0.07744266882901285,0.27387416190694824,0.4168843603914577,0.5618145302715503,-0.5565512975346338,0.13914740504974502,0.7853439427586355,0.06990724629709888,0.24099052609598912,0.4070998528872796,0.5636486496956857,-0.3668029736356564,0.19058527689728438,1.0232617124970886,0.08514422981541836,0.3032353221851469,0.429553244645236,0.5760722504698707,-0.5565512975346336,0.15298541247245934,0.12258353565652791,0.577368837774719,-0.3668029736356564,0.01263897450196172,0.16604531573390294,-0.24388274540039012,-0.08910449386557595,-0.28325518752479684,-0.5565512975346336,0.2621893391206396,0.8601433162681166,-0.3356681259491171,0.04921911973497397,6.261239943208708,105,3,-0.08910449386557595,0.37170707675431097,-0.03438600796648039,-0.20203276651420854
quarterly_current_top1_none_10bp,quarterly,current,1,none,10.0,0.9098187570866589,0.03847864202973983,0.2606906459465742,0.27945667473760344,0.3849506651927747,-0.5618425815627974,0.06848651791879012,1.4269850075337098,0.11000704471356282,0.2482931470488113,0.5541873813774943,0.8089680061069314,-0.38660018780377525,0.2845498998293259,-0.2130900062594938,-0.02740448395226469,0.2723548817025333,0.03200129279894909,0.042358318199836265,-0.5618425815627975,-0.04877608933811592,0.10153390423460618,0.49607493165127553,-0.38660018780377525,0.12022981749486283,0.6494747238981595,-0.25040851224309235,-0.0870884531292837,-0.3001896640311805,-0.5137231669967126,0.02708395530357599,0.24388785073099534,-0.4566261009935578,0.0,6.893434823977165,70,3,-0.0870884531292837,0.36998139119113543,-0.14693472173416344,-0.20732405054237246
quarterly_medium_3_6_12_top1_ma200_20bp,quarterly,medium_3_6_12,1,ma200,20.0,0.8189560708039276,0.03552878691811712,0.2683338890927317,0.2682453194291987,0.36293889318611755,-0.5823469956713568,0.061009650916388554,0.6412268215015486,0.06005209871993111,0.25091101039137664,0.3631707260705635,0.5207291928424601,-0.49249523748700297,0.12193437448522718,0.10829048549169129,0.011993427185885697,0.2845369562764827,0.186325096247067,0.24297333974846339,-0.5823469956713558,0.0205949842190894,0.059699578640206585,0.3513769567938952,-0.49249523748700297,0.06074883692774846,0.3883862105812817,-0.25195565364137573,-0.07767175073627008,-0.25144469291075083,-0.5823469956713558,0.09629349187443759,0.45401836461358785,-0.46925003167316304,0.014509990485252141,6.413891531874405,70,3,-0.07767175073627008,0.36988158368758844,-0.10753681059601305,-0.22782846465093076
quarterly_long_6_12_top1_ma200_r6_10bp,quarterly,long_6_12,1,ma200_r6,10.0,1.857100299155912,0.06317797925896618,0.2774779325409458,0.3658192980564038,0.4900243799069406,-0.6000074149067063,0.10529533083985232,0.6839974914259799,0.06326703558144708,0.2513404462410225,0.37528969166038817,0.5294016007268969,-0.48112052078164,0.1314993496404226,0.6966179069165743,0.06321431878637873,0.3011389923056005,0.36069749998567807,0.469783723316377,-0.6000074149067067,0.10535589597039852,0.0816444423083642,0.4254697238493628,-0.48112052078164,0.0431706535425036,0.3091088299389551,-0.2655478213871951,-0.095350806068222,-0.32344670069855486,-0.6000074149067067,0.22226180287410813,0.7664933039904271,-0.3356681259491169,0.058991436726926735,5.334919124643196,70,3,-0.095350806068222,0.36728927689415897,-0.05631591899552002,-0.24548888388628165
bimonthly_current_top3_ma200_r6_20bp,bimonthly,current,3,ma200_r6,20.0,2.5130344039091486,0.07570186611573604,0.20542212154190836,0.4679823112164082,0.581388380084935,-0.4333346674503826,0.17469607627089748,0.48835563821433703,0.0474526913284159,0.1920011946303435,0.3431412354386114,0.4337254747625341,-0.4222124629469711,0.11239055094964319,1.3603460851090214,0.10470779589198664,0.21801333749659602,0.5798404765202629,0.7140232669485712,-0.43333466745038296,0.24163263121332368,0.02200925224234096,0.21117243990257337,-0.4222124629469711,0.07777476891839896,0.5229245217391473,-0.2677889923521726,-0.020525508951936944,-0.02727041163404511,-0.43333466745038296,0.22580441004133878,0.9759515188844748,-0.27289460977138225,0.1329862754377662,7.215333648840511,105,3,-0.020525508951936944,0.36704848082086033,-0.014822441889912108,-0.07881613642995788
quarterly_long_6_12_top3_ma200_r6_20bp,quarterly,long_6_12,3,ma200_r6,20.0,1.2106352924863777,0.047380848757380356,0.2163281107733216,0.3286830654667401,0.4133258989105271,-0.4928124097459974,0.09614378173187872,0.5225084154389799,0.0507245014331259,0.20761937509227824,0.34799287053760014,0.45316649628181066,-0.45739985160565955,0.11089750303823288,0.451969178015341,0.04418955783480727,0.2246217381680887,0.3114906425168642,0.38276134749803337,-0.49281240974599794,0.08966811095033737,0.041445972263197906,0.2949111852371793,-0.45739985160565955,0.06156897412199269,0.4371254702778228,-0.2210532842740759,-0.06267764312761981,-0.27615475883907875,-0.49281240974599794,0.1461902618806119,0.6769081019077601,-0.2833370974582826,0.11148112908341261,5.015223596574691,70,3,-0.06267764312761981,0.36601832775750104,-0.07534067994709148,-0.13829387872557286
bimonthly_current_top1_ma200_r6_0bp,bimonthly,current,1,ma200_r6,0.0,1.5418493603075292,0.055674732443492525,0.24696509508618586,0.34909370231380166,0.45563918423609817,-0.47065198631132643,0.1182927812115189,0.5572546617516634,0.05299324501838987,0.23021153132241345,0.3445942064620789,0.45446647563432013,-0.47065198631132643,0.11259539226365008,0.6322631248047361,0.05845774909310664,0.26266587331862595,0.3544612665462982,0.46196637072289437,-0.3843329443258636,0.15210184283224543,0.01372585879187227,0.17880211980409694,-0.47065198631132643,0.10036743466933218,0.5622662022050273,-0.21483947656119506,-0.012069141066905376,0.050907937147743235,-0.3843329443258636,0.1234721613103329,0.5521771383666124,-0.2986226433525411,0.08684335068622812,9.481306199716043,105,3,-0.012069141066905376,0.36548962908535465,-0.061072488688792115,-0.029814413305438547
quarterly_long_6_12_top3_ma200_r12_10bp,quarterly,long_6_12,3,ma200_r12,10.0,1.5787389052129548,0.0568371597331625,0.2157125495884618,0.3718094029685895,0.4576197595727761,-0.452722521768426,0.1255452446040127,0.5412195983786188,0.05223630717443806,0.20444873002903477,0.3573887499333653,0.4485756314307075,-0.4518963678113114,0.11559355395449704,0.6731807121618509,0.06150079961213395,0.22631683531929267,0.38562157333408026,0.4691193273032715,-0.4527225217684263,0.1358465652910293,0.04666588778893077,0.3220180230137847,-0.4518963678113114,0.058830560887620065,0.40831561640899217,-0.2584057126788891,-0.03233953309517468,-0.09258549305554875,-0.4527225217684263,0.14987095965046549,0.6870469204190187,-0.28246833558803097,0.1266254360926102,4.815413891531874,70,3,-0.03233953309517468,0.3651668197113884,-0.0580294381697648,-0.09820399074800124
quarterly_medium_3_6_12_top3_ma200_r6_10bp,quarterly,medium_3_6_12,3,ma200_r6,10.0,1.5426149495096309,0.05596747407363423,0.21692070162504506,0.3670062169674728,0.4644302117754906,-0.5018665888903766,0.11151862927830662,0.5734310268505616,0.05480136207540376,0.21338443068238216,0.3628190132603216,0.47314092867713525,-0.4605142187329333,0.11900036925284341,0.615968482964911,0.0572271061290035,0.22036746346200498,0.37111564106553663,0.4589859174767209,-0.501866588890377,0.11402852350767595,0.058535157379639546,0.3655040353948231,-0.4605142187329333,0.05086525588380564,0.3645176159156877,-0.24997536567389989,-0.05348497516074413,-0.21674979732426122,-0.501866588890377,0.16319711894179667,0.7518499302032403,-0.2824683355880311,0.09181731684110371,5.37488106565176,70,3,-0.05348497516074413,0.36501082565525544,-0.06230313165289525,-0.14734805786995198
bimonthly_long_6_12_top1_ma200_10bp,bimonthly,long_6_12,1,ma200,10.0,3.9940599657424976,0.09790437260416729,0.2769268625062603,0.4852053146623287,0.6538164204618816,-0.4681892502190611,0.2091128161493644,0.6307750145817661,0.05867151437394491,0.24515117902716776,0.3604469930662022,0.49496079068869964,-0.4169226972492156,0.14072516262858678,2.062384400722073,0.1385701139887816,0.30541244927111544,0.590717008704674,0.7937469071942249,-0.46818925021906077,0.2959703024448898,0.06077363272310099,0.35816983662845936,-0.4169226972492156,0.056546439335389165,0.3694372442303713,-0.25435120950778944,-0.0007089041934787987,0.11568628796216403,-0.46818925021906077,0.27460901519776537,0.8823784491054579,-0.33566812594911677,0.029578797917652628,6.499763369616659,105,3,-0.0007089041934787987,0.3638035404294153,0.019039876206882855,-0.1136707191986357
quarterly_medium_3_6_12_top3_ma200_10bp,quarterly,medium_3_6_12,3,ma200,10.0,1.9372737553164128,0.06489637731394371,0.21851299138638877,0.4055137756594639,0.5183138243264973,-0.47053093584929984,0.13792159530766435,0.5708749478317583,0.05459951747280867,0.21359935845298786,0.3617519216146108,0.4757173569312437,-0.4605142187329333,0.11856206660249213,0.8698329611600584,0.07526666728935005,0.22327126162349356,0.44718111233087415,0.5587020127153565,-0.4705309358493003,0.1599611450700792,0.058535157379639546,0.3655040353948231,-0.4605142187329333,0.05043585546398055,0.3617947657417637,-0.24997536567389989,-0.019446471379299446,-0.0126550764417582,-0.4705309358493003,0.1644748385356427,0.7534284844000707,-0.2824683355880311,0.06771328893117665,5.175071360608944,70,3,-0.019446471379299446,0.3636494005682934,-0.0442635704925487,-0.1160124048288752
quarterly_long_6_12_top1_ma200_10bp,quarterly,long_6_12,1,ma200,10.0,2.3851750879632916,0.07375257793221768,0.2810389595384121,0.40089851263137943,0.5514854604160894,-0.5570311538418905,0.13240296781165645,0.6718584172036679,0.06236197000650945,0.25300682124611723,0.3710399090482047,0.530503336708173,-0.48112052078164,0.12961818777797024,1.0247977060314062,0.08523972000806035,0.3062822443990148,0.42863279597150666,0.5795632817728066,-0.5570311538418911,0.15302504971248876,0.0816444423083642,0.4254697238493628,-0.48112052078164,0.04127526052076802,0.2987559743278198,-0.2655478213871951,-0.041826123076036725,-0.05916205679046339,-0.5570311538418911,0.20851376523949416,0.7297963007986503,-0.33566812594911655,0.014509990485252141,4.855375832540437,70,3,-0.041826123076036725,0.3621128490885913,-0.0342905177738384,-0.20251262282146598
quarterly_long_6_12_top3_ma200_10bp,quarterly,long_6_12,3,ma200,10.0,1.7576957533706965,0.06098320313950012,0.22039612473581968,0.3867922302944604,0.4934818203772154,-0.4518963678113126,0.1349495315372028,0.5380566789708852,0.051981894441953225,0.21173974164792672,0.3510698398008072,0.46063039261700534,-0.4518963678113126,0.11503056484768659,0.7929740763623114,0.0700461536554069,0.2286456431804306,0.4201096716461564,0.5253260290456373,-0.44590483902483746,0.15708767325466327,0.04618799422216746,0.3148453447040667,-0.4518963678113126,0.058830560887620065,0.40831561640899217,-0.2584057126788891,-0.014675347856698662,0.013284802864387161,-0.44590483902483746,0.1491344799225809,0.6828763058925158,-0.2824683355880313,0.07262924199175388,4.735490009514748,70,3,-0.014675347856698662,0.36158048055652947,-0.049484084126491856,-0.09138630800441239
monthly_medium_3_6_12_top1_ma200_r6_0bp,monthly,medium_3_6_12,1,ma200_r6,0.0,2.056205059949162,0.06669440354846246,0.2676428403174767,0.3821648134608114,0.5038712386151173,-0.4543449033812236,0.14679245448143988,0.26282440493315407,0.027303961501664142,0.2382520947285972,0.23491133671790101,0.32126337611538625,-0.4543449033812236,0.060095230074044485,1.4201346188830914,0.10791669498682199,0.2943210037965192,0.5063785004034266,0.6577646803503547,-0.37729234804422185,0.2860293762813691,-0.004042351482633877,0.1182438594337542,-0.4543449033812236,0.06546269351038791,0.42487499263084477,-0.3037691616121758,0.03931980095259702,0.2898995503076429,-0.3261102140950086,0.1710286606793503,0.6439456261302919,-0.3772923480442224,0.06267672007540057,13.003770028275213,209,3,-0.004042351482633877,0.3573872714692439,-0.011613542795076759,-0.022773817023796772
bimonthly_classic_6_12minus1_top1_none_0bp,bimonthly,classic_6_12minus1,1,none,0.0,3.3533656158976193,0.08918444003204695,0.27801486199229164,0.45482279193245045,0.6311206432810031,-0.514827706560318,0.17323162466897646,0.7202166687936897,0.0652821482125443,0.24768319949091508,0.38480996685882735,0.5579301919239683,-0.39516350540276535,0.16520287759368443,1.5307077270390708,0.11367089279516596,0.3053603676512233,0.5161557612635308,0.7004518870552209,-0.5148277065603184,0.220794046914505,0.10723004922648682,0.5140243416879802,-0.39516350540276535,0.019257937101979206,0.19773163426681903,-0.24240560939598588,-0.04185960937677857,-0.05739130591953827,-0.5148277065603184,0.2682677571044474,0.8745049525736993,-0.33566812594911677,0.0,6.261239943208708,105,3,-0.04185960937677857,0.3558779879773996,-0.005859344986732795,-0.16030917553989332
monthly_long_6_12_top1_ma200_r12_0bp,monthly,long_6_12,1,ma200_r12,0.0,3.262637701229619,0.08740375828323388,0.2674530235616645,0.4560424646108113,0.5937724097517023,-0.4438940842496891,0.19690228228873968,0.7029074860482183,0.06338012158261175,0.23172518383458673,0.3873724322086887,0.5138784409786402,-0.37273277995939014,0.1700417161847614,1.503152834873935,0.11225805344685025,0.29920932041081294,0.5162971017543598,0.6758049848243719,-0.4438940842496889,0.25289378126450873,0.11013416842038626,0.551519127059438,-0.3579368041577137,0.01135141580942678,0.15915110447800557,-0.3727327799593899,-0.02494176363940459,-0.005774774791660371,-0.4438940842496889,0.2463211696717149,0.8190222435480741,-0.33566812594911677,0.09330819981149858,12.053722902921772,209,3,-0.02494176363940459,0.3553351157687218,-0.007272184335048504,-0.08937555322926383
quarterly_current_top1_ma200_r12_10bp,quarterly,current,1,ma200_r12,10.0,0.6071365397949973,0.028074078266707048,0.25283191117260145,0.23925657751450705,0.3113351117636161,-0.5455271893167766,0.05146228971990798,0.9690193195290422,0.08301824548302172,0.2354849631678962,0.46419103830217684,0.6249817134133796,-0.3834225225060326,0.21651895913786742,-0.18378833368714786,-0.023272704945688893,0.26887900638783435,0.045134355159031365,0.05785066085907641,-0.5455271893167762,-0.04266094413155807,0.08849910679329431,0.4655126383863469,-0.3834225225060326,0.07726774610727172,0.46803918376587733,-0.2533394945971994,-0.07867731239329612,-0.2788012220144688,-0.5064156826306132,0.02708395530357599,0.24388785073099534,-0.4566261009935578,0.1027592768791627,6.7735490009514745,70,3,-0.07867731239329612,0.3547002445586711,-0.14280294272758765,-0.19100865829635116
quarterly_long_6_12_top1_ma200_r12_20bp,quarterly,long_6_12,1,ma200_r12,20.0,1.6488664750451623,0.05849321732961088,0.27631103941725565,0.34977812493018223,0.46486457741640475,-0.5628821354149025,0.10391734547854377,0.6347506500269535,0.05955887653879888,0.24596036486846937,0.363536378912886,0.49941326800691827,-0.487375708513359,0.12220321098987716,0.6203489351733833,0.05755901145320075,0.3033950622471496,0.3421647285631388,0.4500019168599595,-0.5628821354149024,0.10225766254026485,0.08155984042006614,0.43196601211750346,-0.487375708513359,0.03550821895961276,0.27259764277861914,-0.2699535932391298,-0.08887616161572687,-0.2900896157316923,-0.5628821354149024,0.2027477395747601,0.7157429542151318,-0.33566812594911677,0.07326355851569934,4.855375832540437,70,3,-0.08887616161572687,0.3522818274480613,-0.061971226328698004,-0.20836360439447732
monthly_current_top1_ma200_r6_10bp,monthly,current,1,ma200_r6,10.0,1.7935313874416252,0.061168691533530994,0.2540254218405592,0.367429191295719,0.4852620919739048,-0.49091899302604125,0.12460037684931502,0.25227704387030303,0.026309785374224237,0.23934016406753544,0.23080476689878623,0.3079788079792852,-0.49091899302604125,0.053592926222002193,1.230761476556268,0.09749858951209389,0.2680131405037625,0.49173936953203834,0.6469427148776205,-0.32023745624935296,0.3044571695453907,-6.345415237429819e-05,0.13007649371274374,-0.49091899302604125,0.058258840360669195,0.3789313121573107,-0.3156360646959193,0.04503866983406257,0.32359169651828845,-0.32023745624935296,0.14514568300059283,0.602565898077427,-0.29862264335254096,0.07257304429783223,17.635249764373235,209,3,-6.345415237429819e-05,0.35126150433779957,-0.02203164826980486,0.03428107477107212
bimonthly_long_6_12_top1_none_10bp,bimonthly,long_6_12,1,none,10.0,3.8148584028878174,0.09557675642970409,0.27987150776514463,0.47523809627544567,0.6530514173026032,-0.4681892502190619,0.20414128770573975,0.5722580097235812,0.05417096748839567,0.25174528583221056,0.3401999232176158,0.4863013663142866,-0.4378452261404929,0.12372172688943203,2.062384400722073,0.1385701139887816,0.30541244927111544,0.590717008704674,0.7937469071942249,-0.46818925021906077,0.2959703024448898,0.052344464008105884,0.32584598981830803,-0.4378452261404929,0.056546439335389165,0.3694372442303713,-0.25435120950778944,-0.0007089041934787987,0.11568628796216403,-0.46818925021906077,0.27460901519776537,0.8823784491054579,-0.33566812594911677,0.0,6.619025082820634,105,3,-0.0007089041934787987,0.34764161702433966,0.019039876206882855,-0.1136707191986357
quarterly_current_top1_none_20bp,quarterly,current,1,none,20.0,0.7014985896682089,0.031502775648067693,0.26080121492587416,0.2529064377487554,0.34820523473572773,-0.5833548190599551,0.054002769187426476,1.3012122144966143,0.10307600593394928,0.24840460651614377,0.528237417145969,0.7712158482859307,-0.3927277640158626,0.26246172381585414,-0.26060770104142317,-0.034403383925333486,0.2724639461018261,0.004837267685193367,0.006396796143060264,-0.5833548190599562,-0.058975057377211045,0.09493285498791249,0.4737453720016632,-0.3927277640158626,0.11288281695703928,0.617610011928915,-0.2519556536413765,-0.09399052980703537,-0.33397088048899143,-0.5214779638918894,0.019993895637462122,0.22069291267408792,-0.45872706531383756,0.0,6.893434823977165,70,3,-0.09399052980703537,0.34721914233787554,-0.15393362170723224,-0.22883628803953115
quarterly_current_top1_ma200_0bp,quarterly,current,1,ma200,0.0,0.9481444235069472,0.03968342983386264,0.25884969846506534,0.284194958121894,0.38509250555547814,-0.5292045945761317,0.07498693367476755,1.2767640399760425,0.10169005474039317,0.24632942107510902,0.5253817336567103,0.7539999535685425,-0.4391574733883473,0.23155715410191496,-0.14433626440821423,-0.017912041112663424,0.2706360017404005,0.06739492487316831,0.08777458156237315,-0.5292045945761317,-0.03384710052831295,0.0797094966450902,0.42360653110759783,-0.4391574733883473,0.12761040669232404,0.6812082236777266,-0.2488613708448093,-0.07514929608403964,-0.25075273099450457,-0.505858633413039,0.03420897342032614,0.2670445826859382,-0.45452107381681617,0.029019980970504282,6.893434823977165,70,3,-0.07514929608403964,0.345325556896768,-0.13744227889456218,-0.1746860635557066
quarterly_current_top1_ma200_r6_0bp,quarterly,current,1,ma200_r6,0.0,0.9662228150656125,0.04024400616219492,0.25803996821972774,0.28641888622204653,0.3853527760647175,-0.5292045945761296,0.07604621459197396,1.2978919560097317,0.10288854719032381,0.24461560209737837,0.5318865419433468,0.7528596817363732,-0.4391574733883473,0.23428622629709725,-0.14433626440821423,-0.017912041112663424,0.2706360017404005,0.06739492487316831,0.08777458156237315,-0.5292045945761317,-0.03384710052831295,0.0797094966450902,0.42360653110759783,-0.4391574733883473,0.13023172219470447,0.7020521361740006,-0.2488613708448093,-0.07514929608403964,-0.25075273099450457,-0.505858633413039,0.03420897342032614,0.2670445826859382,-0.45452107381681617,0.04376784015223597,7.013320647002854,70,3,-0.07514929608403964,0.345325556896768,-0.13744227889456218,-0.1746860635557066
quarterly_long_6_12_top1_ma200_r6_20bp,quarterly,long_6_12,1,ma200_r6,20.0,1.6129740001828727,0.05765084722728986,0.27754856999751687,0.3465046257831131,0.4642858972538061,-0.6039923166049364,0.09544963676251289,0.6127309189239674,0.05786886788586232,0.25145801160943737,0.3545154345547861,0.5002277126704985,-0.4873757085133591,0.11873564249309754,0.6202169683249359,0.05754902396651573,0.3011713765890411,0.3424344188256859,0.4461337260524981,-0.6039923166049364,0.09528105306041139,0.07705155591458146,0.40995036999256446,-0.4873757085133591,0.03687001676827251,0.2800087356172556,-0.2699535932391298,-0.10034351437728561,-0.3476372113234642,-0.6039923166049364,0.21593053768418957,0.7511647237134456,-0.33566812594911655,0.058991436726926735,5.334919124643196,70,3,-0.10034351437728561,0.34497955280491,-0.06198121381538302,-0.24947378558451128
bimonthly_classic_6_12minus1_top1_ma200_r6_20bp,bimonthly,classic_6_12minus1,1,ma200_r6,20.0,1.927522387970841,0.06437143701671988,0.2708382048184256,0.3722345720758584,0.4913949574987612,-0.5748050236515051,0.1119882992806744,0.616796857998164,0.05760958176333886,0.23656738298399904,0.36028788468220324,0.48864430586268764,-0.45170740462208014,0.12753738631213665,0.8106927741036998,0.07126697037148122,0.30125915219814875,0.3864217246390421,0.5084683668975544,-0.5748050236515058,0.12398459901889991,0.08238101271359222,0.43750204424601435,-0.45170740462208014,0.030066763928945583,0.2512379672025116,-0.2342362954150201,-0.10132992224273096,-0.34726036924875325,-0.5748050236515058,0.24668953406474103,0.8262975051491945,-0.3356681259491171,0.08802650260293422,6.857548509228585,105,3,-0.10132992224273096,0.344370005724263,-0.04826326741041753,-0.2202864926310807
bimonthly_classic_6_12minus1_top1_ma200_20bp,bimonthly,classic_6_12minus1,1,ma200,20.0,2.2513479505438636,0.07087656357261074,0.2739331212317831,0.3939378136746297,0.531058432985334,-0.5626988726522282,0.1259582469723828,0.6860848129380741,0.0627961055279973,0.241094691553656,0.37874125367803285,0.5246282395972149,-0.3719483818987145,0.168830161882778,0.9283418755657038,0.07911509485409529,0.303258775995957,0.410634262436187,0.5507710786642596,-0.5626988726522291,0.14059934842448432,0.11495501978957123,0.5508985707411328,-0.3719483818987145,0.006049898908678353,0.13428818717803326,-0.24535988140479525,-0.09497856143150663,-0.3117208671542222,-0.5626988726522291,0.2561278394323987,0.8457272424581107,-0.3356681259491169,0.04921911973497397,6.261239943208708,105,3,-0.09497856143150663,0.34259337895958303,-0.04041514292780346,-0.208180341631804
quarterly_long_6_12_top3_ma200_r12_20bp,quarterly,long_6_12,3,ma200_r12,20.0,1.3789660658403817,0.05187588880346872,0.21579622220025535,0.34935060315294614,0.4298637803748113,-0.4573998516056591,0.1134147477778213,0.4820608012151524,0.04739961974408535,0.20453292615894358,0.33427272852825823,0.41952553330286524,-0.4573998516056591,0.10362841084817463,0.6051744057260318,0.05640583534302279,0.22640027252942513,0.363695833958396,0.4422578542896222,-0.45707990877213744,0.12340475759380208,0.042233499366977956,0.3023231840353081,-0.4573998516056591,0.05350715613347079,0.38037846561582833,-0.2603867777646337,-0.037038902177621846,-0.11974096506279489,-0.45707990877213744,0.14439169494902937,0.6678801348834953,-0.28333709745828306,0.1266254360926102,4.815413891531874,70,3,-0.037038902177621846,0.3413508248255682,-0.06312440243887596,-0.10256137775171237
quarterly_long_6_12_top1_ma200_20bp,quarterly,long_6_12,1,ma200,20.0,2.1206475955849475,0.06866633678440426,0.28111875521856317,0.38351309913156656,0.5275999144537368,-0.559665818695239,0.12269167508654999,0.6043213026031458,0.05721805564006055,0.2531201839317357,0.35136199741452245,0.5024116613258608,-0.4873757085133591,0.1174003025604059,0.9451512552513186,0.08020163957929372,0.30633518698291723,0.4129786354171111,0.5584127170479517,-0.5596658186952397,0.1433027297723299,0.07705155591458146,0.40995036999256446,-0.4873757085133591,0.03550821895961276,0.27259764277861914,-0.2699535932391298,-0.046146372160064675,-0.07827137765317302,-0.5596658186952397,0.2027477395747601,0.7157429542151318,-0.33566812594911677,0.014509990485252141,4.855375832540437,70,3,-0.046146372160064675,0.3412740063855918,-0.039328598202605036,-0.2051472876748146
quarterly_medium_3_6_12_top3_ma200_r6_20bp,quarterly,medium_3_6_12,3,ma200_r6,20.0,1.3238834129616275,0.050438889428926714,0.21700097462319237,0.3421015281087674,0.4328072283644077,-0.507496286961542,0.09938770139760444,0.5069732714114334,0.049456803028813834,0.21347429002818666,0.33840232592966324,0.4413295287957937,-0.46628257870246836,0.10606616092421474,0.5420866826556854,0.05150577369684228,0.22043857618398768,0.34573635873466696,0.42740785812769305,-0.5074962869615401,0.10148995178903757,0.05374178591149814,0.3456910738611271,-0.46628257870246836,0.044875454006062965,0.3331915692126752,-0.25248482891989654,-0.058394049513090796,-0.24575879542007908,-0.5074962869615401,0.15665799965052551,0.7283511359289881,-0.2824683355880311,0.09181731684110371,5.37488106565176,70,3,-0.058394049513090796,0.3394413215369011,-0.06802446408505647,-0.15297775594111507
quarterly_medium_3_6_12_top3_ma200_20bp,quarterly,medium_3_6_12,3,ma200,20.0,1.6936674681719297,0.05952971045731226,0.21858195007650025,0.38171018594137596,0.4877363321822476,-0.4743887620183105,0.12548718524452426,0.5055400171837783,0.04933926646668896,0.21368470642350396,0.3377431787127881,0.444081473310513,-0.46628257870246836,0.10581408939614705,0.7891702893494861,0.06978268316824998,0.2233247516856384,0.4235656388749252,0.5289754919227433,-0.4743887620183096,0.1471002029461158,0.05374178591149814,0.3456910738611271,-0.46628257870246836,0.04462555675043367,0.3314899851421688,-0.25248482891989654,-0.02420074206110223,-0.03911013349451402,-0.4743887620183096,0.15826588762416893,0.7312929476340483,-0.2824683355880311,0.06771328893117665,5.175071360608944,70,3,-0.02420074206110223,0.3385905295016479,-0.04974755461364877,-0.11987023099788452
bimonthly_long_6_12_top1_ma200_r6_20bp,bimonthly,long_6_12,1,ma200_r6,20.0,3.047389551861479,0.08458417792587158,0.27392883404815577,0.4417493117850616,0.5828841909521696,-0.5031306461108181,0.16811573411340425,0.46764578401027634,0.045742994630776135,0.24091134171060222,0.3103794420269547,0.41688830857880615,-0.5031306461108181,0.09091673302822606,1.7577427714214298,0.12482058804923724,0.303372454181986,0.5514198796216041,0.7268290438234066,-0.4750211273950178,0.2627684977587092,0.021858144508209776,0.21651937091924636,-0.5031306461108181,0.07416799762647885,0.4596027146455214,-0.2489763784095803,-0.012622593246535918,0.06192591198263654,-0.4750211273950178,0.2590022018097413,0.8492657234658204,-0.3356681259491172,0.06838618078561287,6.976810222432561,105,3,-0.012622593246535918,0.33806104278238386,0.005290350267338484,-0.12050259637459271
quarterly_long_6_12_top3_ma200_20bp,quarterly,long_6_12,3,ma200,20.0,1.5474790996247414,0.056085254012277375,0.2204755897269712,0.36517429763998893,0.465680932074992,-0.45739985160565955,0.12261756057723963,0.47702996909706075,0.04698049248773928,0.2118281985781341,0.32798715677114376,0.4302154932404343,-0.45739985160565955,0.10271208511069393,0.7247308131344605,0.06524229341593779,0.22871692609197433,0.39980691975305144,0.4996129006174131,-0.4495763555632426,0.14511949440535035,0.041445972263197906,0.2949111852371793,-0.45739985160565955,0.05350715613347079,0.38037846561582833,-0.2603867777646337,-0.01879554417353435,-0.009596600454551905,-0.4495763555632426,0.14365547254363298,0.6637567602864688,-0.28333709745828317,0.07262924199175388,4.735490009514748,70,3,-0.01879554417353435,0.3376448254265038,-0.05428794436596096,-0.09505782454281753
bimonthly_current_top1_ma200_r12_20bp,bimonthly,current,1,ma200_r12,20.0,1.1745269129687697,0.04614849772612262,0.23967985861386973,0.3134340809599737,0.3960754100960654,-0.451155010861379,0.10228967121081609,0.5352191807165789,0.051245216413101424,0.21398735800338972,0.3458440814551465,0.4291188407246539,-0.35050812834885436,0.14620264772318772,0.41642766080722393,0.04119326594112804,0.2628940997259512,0.29001209816382695,0.37718312871568377,-0.43091428578918634,0.09559503432494874,0.07573493973084178,0.4534304152378464,-0.35050812834885436,0.023983728198849308,0.22022005255328425,-0.2721148945126014,-0.026179863305550444,-0.0173153041783478,-0.43091428578918634,0.10313331549233817,0.4886664823403614,-0.3003894835076989,0.14576431613819216,8.765735920492192,105,3,-0.026179863305550444,0.3368252338955653,-0.07833697184077071,-0.07639575476876126
bimonthly_long_6_12_top1_ma200_20bp,bimonthly,long_6_12,1,ma200,20.0,3.477107760268277,0.09095885689306327,0.276989336593581,0.46163012505712475,0.6219447436150405,-0.47502112739501945,0.1914838133450503,0.5305418580886059,0.050871324580600286,0.24535953790537351,0.32953302831587883,0.4521452749189268,-0.430852059054439,0.1180714435768139,1.9251782540984816,0.13253458507170524,0.3053571055855701,0.5728495878801356,0.7697427888364772,-0.4750211273950178,0.27900776918811065,0.05261072981678527,0.32886556972574466,-0.430852059054439,0.0491228755902291,0.33573940574015576,-0.25880491326581145,-0.006643573318995344,0.08967918735377041,-0.4750211273950178,0.268533722621094,0.8683922464545479,-0.335668125949117,0.029578797917652628,6.499763369616659,105,3,-0.006643573318995344,0.33230248773295024,0.013004347289806484,-0.12050259637459271
bimonthly_current_top1_ma200_r6_10bp,bimonthly,current,1,ma200_r6,10.0,1.1676516673399506,0.04595611196495919,0.2470256379299685,0.3106262727594058,0.405413625527711,-0.48527633557347927,0.09470091285339553,0.43606848203789017,0.04309466189959288,0.23021909309306388,0.30264184381626946,0.3990908777586054,-0.48527633557347927,0.08880437544654926,0.5094347480308792,0.048899670237198656,0.26277309651034764,0.31889893244794804,0.41559929533226575,-0.39163710090987325,0.12485964716721731,0.003792124851923262,0.1375003343895284,-0.48527633557347927,0.09047939144685468,0.5194709242265655,-0.21793787722437252,-0.02095916224547767,0.008061045155826316,-0.39163710090987325,0.11326652236236323,0.5204556718300576,-0.29893131140703133,0.08684335068622812,9.481306199716043,105,3,-0.02095916224547767,0.3284856293080469,-0.0706305675447001,-0.03711856988944817
quarterly_current_top1_ma200_r12_20bp,quarterly,current,1,ma200_r12,20.0,0.4345833461408295,0.021282487292319408,0.25296446434103287,0.21235452533853583,0.27633238364437684,-0.5678322184246302,0.03748023905963745,0.8705306902019989,0.07649649250656787,0.23565129337985713,0.4377935068214288,0.5900190624559206,-0.38835571524952117,0.196975323145221,-0.23306078127704688,-0.03029919220531818,0.2689819109318574,0.01761439377084724,0.022563678633557717,-0.56783221842463,-0.05335941009014774,0.08244427459645287,0.4432398755826149,-0.38835571524952117,0.07019029048471315,0.435550440175023,-0.25938732429404276,-0.08563860491752373,-0.31404155529215394,-0.5142976956999696,0.019993895637462122,0.22069291267408792,-0.45872706531383756,0.1027592768791627,6.7735490009514745,70,3,-0.08563860491752373,0.3281216764245555,-0.14982942998721693,-0.21331368740420498
bimonthly_classic_6_12minus1_top1_none_10bp,bimonthly,classic_6_12minus1,1,none,10.0,2.919872442827703,0.08256955082688666,0.27799709507862064,0.43232917866587883,0.6000326122952796,-0.5195833694639369,0.1589149223772791,0.6215976397434413,0.05797521257781524,0.24770616007071575,0.35638133173435865,0.516730989722396,-0.40482990558946597,0.1432088187590749,1.417290421961816,0.10776564084804185,0.3053087217652455,0.49826574157964165,0.6762691343149605,-0.5195833694639364,0.2074077947475987,0.09925261329447044,0.4872382046410596,-0.40482990558946597,0.01263897450196172,0.16604531573390294,-0.24388274540039012,-0.04752388256135309,-0.08284611994534112,-0.5195833694639364,0.2621893391206396,0.8601433162681166,-0.3356681259491171,0.0,6.261239943208708,105,3,-0.04752388256135309,0.32664176018748126,-0.011764596933856897,-0.16506483844351127
quarterly_current_top1_ma200_10bp,quarterly,current,1,ma200,10.0,0.7360178552078571,0.03271245860849881,0.2589121686983886,0.25750178033861515,0.34890013212292437,-0.5522556303186809,0.05923426908227623,1.158883278448947,0.09481734658380447,0.24641771536279836,0.49928495153136776,0.7168891486191744,-0.4458593575634542,0.2126620087149571,-0.1958722953956512,-0.02496049683610113,0.27067450340803273,0.04005462500543711,0.05214334652995035,-0.5522556303186793,-0.04519736054424229,0.07323852412460496,0.4010184284061606,-0.4458593575634542,0.12022981749486283,0.6494747238981595,-0.25040851224309235,-0.0821181943157544,-0.2854236843032766,-0.5137231669967126,0.02708395530357599,0.24388785073099534,-0.4566261009935578,0.029019980970504282,6.893434823977165,70,3,-0.0821181943157544,0.32245313956857796,-0.14449073461799988,-0.19773709929825423
quarterly_current_top1_ma200_r6_10bp,quarterly,current,1,ma200_r6,10.0,0.7486227799902379,0.03314854297723313,0.25810335704562937,0.2591760154418984,0.34871453619054926,-0.5522556303186792,0.060023911314593136,1.1745585557838778,0.09575006209811443,0.24470626200919182,0.5046152341397367,0.7147366112493442,-0.4458593575634542,0.2147539587850579,-0.1958722953956512,-0.02496049683610113,0.27067450340803273,0.04005462500543711,0.05214334652995035,-0.5522556303186793,-0.04519736054424229,0.07323852412460496,0.4010184284061606,-0.4458593575634542,0.12226892843826342,0.6671843734385826,-0.25040851224309235,-0.0821181943157544,-0.2854236843032766,-0.5137231669967126,0.02708395530357599,0.24388785073099534,-0.4566261009935578,0.04376784015223597,7.013320647002854,70,3,-0.0821181943157544,0.32245313956857796,-0.14449073461799988,-0.19773709929825423
bimonthly_current_top1_ma200_10bp,bimonthly,current,1,ma200,10.0,1.353747832656274,0.05097146137752051,0.24978903703739563,0.32959775897898724,0.43705569238618575,-0.425049740198288,0.11991881551025545,0.4574749159033069,0.044895523846592456,0.2353119529013517,0.30860803836157524,0.416981211622934,-0.425049740198288,0.10562416489338036,0.6149491198601436,0.05714975527543009,0.2634830389778286,0.3493577787855947,0.4585141313362361,-0.39163710090987325,0.14592528425590062,0.02833689734268008,0.23895615746311494,-0.425049740198288,0.06451702067856657,0.39717582927281236,-0.24535507754313812,-0.004222921004516378,0.08958217992151514,-0.39163710090987325,0.11326652236236323,0.5204556718300576,-0.29893131140703133,0.057501183151916706,9.242782773308091,105,3,-0.004222921004516378,0.31806599336796365,-0.06238048250646866,-0.03711856988944817
bimonthly_long_6_12_top1_none_20bp,bimonthly,long_6_12,1,none,20.0,3.3080991009657605,0.08852344542960044,0.27992019109609206,0.45150932833508545,0.6203103152350959,-0.4750211273950188,0.18635685935709126,0.47276464089996617,0.046167553977628284,0.25191879433673503,0.3092083016066382,0.441579905550795,-0.4523371194091744,0.1020644824327718,1.9251782540984816,0.13253458507170524,0.3053571055855701,0.5728495878801356,0.7697427888364772,-0.4750211273950178,0.27900776918811065,0.04380471059701674,0.2962180608135756,-0.4523371194091744,0.0491228755902291,0.33573940574015576,-0.25880491326581145,-0.006643573318995344,0.08967918735377041,-0.4750211273950178,0.268533722621094,0.8683922464545479,-0.335668125949117,0.0,6.619025082820634,105,3,-0.006643573318995344,0.31597873327686565,0.013004347289806484,-0.12050259637459271
monthly_current_top3_ma200_r6_20bp,monthly,current,3,ma200_r6,20.0,1.7419413084656195,0.060026134947215315,0.20465624576811137,0.3956270796878341,0.48866666443701023,-0.4416262809122452,0.13592065857861163,0.3777728133458562,0.03768745970786336,0.19721006290891402,0.29113049416668096,0.35897175988145424,-0.4416262809122452,0.08533790070195611,0.9901258624830434,0.08306846424971859,0.2118971921998806,0.49431654971095246,0.612857608752919,-0.38704741926248987,0.21462089686065772,0.021722400445455925,0.2104099449190129,-0.4416262809122452,0.056916885418970775,0.4107652130204228,-0.2928542070867777,-0.022044989598056453,-0.060786922782550455,-0.38704741926248987,0.1829848422165341,0.8231604342953217,-0.2870649235832634,0.13462142632736412,12.489161168708765,209,3,-0.022044989598056453,0.31058757896971784,-0.036461773532180164,-0.03252888824206479
quarterly_current_top1_ma200_20bp,quarterly,current,1,ma200,20.0,0.546632173531217,0.025774418104117514,0.25902689535988627,0.2307749142579848,0.3126054826048608,-0.5742210713251523,0.04488588000547748,1.0468891100435451,0.08797395224484861,0.24655662651935598,0.4731097172053427,0.6796114341657321,-0.45249437137696324,0.19441999240153954,-0.24439865064389354,-0.03197237379916085,0.2707668456904774,0.012719572261632712,0.016545870243001547,-0.5742210713251521,-0.05567955513261986,0.06679370034364984,0.3783766723961875,-0.45249437137696324,0.11288281695703928,0.617610011928915,-0.2519556536413765,-0.08904846279972134,-0.31994747498241083,-0.5214779638918894,0.019993895637462122,0.22069291267408792,-0.45872706531383756,0.029019980970504282,6.893434823977165,70,3,-0.08904846279972134,0.2995347925351377,-0.1515026115810596,-0.21970254030472702
quarterly_current_top1_ma200_r6_20bp,quarterly,current,1,ma200_r6,20.0,0.5547393919217802,0.02608742394752217,0.2582200682828604,0.23189862585996238,0.3119563915501385,-0.5742210713251533,0.04543097641352513,1.0576186017225577,0.08864369749509016,0.24484980747056515,0.477261019319119,0.6764240977585531,-0.45249437137696324,0.19590011081318626,-0.24439865064389354,-0.03197237379916085,0.2707668456904774,0.012719572261632712,0.016545870243001547,-0.5742210713251521,-0.05567955513261986,0.06679370034364984,0.3783766723961875,-0.45249437137696324,0.11434637017050386,0.6321676415005281,-0.2519556536413765,-0.08904846279972134,-0.31994747498241083,-0.5214779638918894,0.019993895637462122,0.22069291267408792,-0.45872706531383756,0.04376784015223597,7.013320647002854,70,3,-0.08904846279972134,0.2995347925351377,-0.1515026115810596,-0.21970254030472702
bimonthly_classic_6_12minus1_top1_none_20bp,bimonthly,classic_6_12minus1,1,none,20.0,2.528807342880977,0.07598177335676382,0.2780235975917373,0.40976743280232036,0.5688816822963616,-0.5243016678718313,0.14491995355494086,0.5284529148454113,0.050704014246952145,0.24778461943161464,0.3278845103799791,0.4755406711185554,-0.4143608627856227,0.12236680343332718,1.308744553794702,0.1018799964013597,0.3052926342001947,0.4803137182841425,0.6520054443653976,-0.5243016678718311,0.19431560615646357,0.09131701724048091,0.4603867575468462,-0.4143608627856227,0.006049898908678353,0.13428818717803326,-0.24535988140479525,-0.05316575081555386,-0.1083612779469923,-0.5243016678718311,0.2561278394323987,0.8457272424581107,-0.3356681259491169,0.0,6.261239943208708,105,3,-0.05316575081555386,0.29733747236243974,-0.017650241380539056,-0.169783136851406
monthly_medium_3_6_12_top1_ma200_r6_10bp,monthly,medium_3_6_12,1,ma200_r6,10.0,1.455311030535575,0.053283588020420325,0.26762799964456235,0.33359703108175504,0.4400880348929633,-0.4841595273809973,0.1100537839431798,0.10535809994945255,0.011630597441110835,0.23833426472366517,0.16887067335355113,0.2308356898314813,-0.4841595273809973,0.024022242222568976,1.2212810768273643,0.09695674533988496,0.2942231694920148,0.47167075639539435,0.6131004610440742,-0.3796903056538421,0.25535744235798047,-0.019982518631521895,0.05671991837723191,-0.4841595273809973,0.050064870523498506,0.35022819022767676,-0.30796197150734805,0.0274220312024116,0.23659355910167065,-0.34194017951272426,0.16098251784172457,0.6183401298940258,-0.3796903056538423,0.06267672007540057,13.003770028275213,209,3,-0.019982518631521895,0.2934108746646737,-0.022573492442013787,-0.02517177463341702
monthly_current_top3_ma200_r12_20bp,monthly,current,3,ma200_r12,20.0,1.6757402798727759,0.058529947810102456,0.19507116243899497,0.3978019245653028,0.47095889875964553,-0.4225551273247221,0.13851434765604864,0.345172246941599,0.03482290445771263,0.18311231591129,0.28341982727551673,0.3280264282954094,-0.4225551273247221,0.0824103228333381,0.9891432386866401,0.08300644348473818,0.2064289395629209,0.5016016520301781,0.6081719027652888,-0.3306478631667975,0.25104182646075357,0.037036170938702595,0.28975834454216215,-0.4225551273247221,0.032403560416766064,0.27628694005636795,-0.2801653074624868,-0.009000807854164461,0.01993823917215603,-0.3306478631667975,0.1694245417653777,0.7892559970677249,-0.2765722820508397,0.2104932453660069,11.737040527803957,209,3,-0.009000807854164461,0.28302264229926505,-0.03652379429716057,0.02387066785362757
quarterly_classic_6_12minus1_top1_none_0bp,quarterly,classic_6_12minus1,1,none,0.0,2.4705073375246913,0.07531363912104894,0.28196185101595195,0.40599007777416035,0.5598076870984388,-0.5839170315270562,0.12898003492737517,0.41223275216449684,0.041466412963663046,0.250780133090148,0.29112303478479407,0.41690324880983987,-0.4884515821337677,0.08489359944852636,1.4574613017617026,0.10988469122453237,0.3097475326165653,0.5021731213817907,0.6801574598199543,-0.5839170315270561,0.18818545322639868,0.06035321606105626,0.35377033656663787,-0.4884515821337677,0.02071462416766412,0.20488609186419215,-0.26112436010778295,-0.06715907315229142,-0.1581744547036198,-0.5839170315270561,0.28964724548995613,0.9197432995742677,-0.33566812594911666,0.0,5.454804947668887,70,3,-0.06715907315229142,0.279328214215415,-0.00964554655736638,-0.22939850050663102
bimonthly_current_top1_ma200_20bp,bimonthly,current,1,ma200,20.0,1.0146818544231642,0.04151992013517258,0.24991924416953712,0.29244296210401793,0.3876542098567797,-0.44096165978809465,0.09415766476188678,0.34654404999168986,0.035296471722487954,0.23539317057800643,0.26849522222619804,0.3626614664048031,-0.44096165978809465,0.08004430983738987,0.4961871128060016,0.04782808059023913,0.2636573755129935,0.3147329645731878,0.412883654196327,-0.3988689043258512,0.1199092736273233,0.01824152884707675,0.19791561794755463,-0.44096165978809465,0.05546419593331642,0.3582206042653511,-0.25131676993737406,-0.012704736167454156,0.04944529502999002,-0.3988689043258512,0.10313331549233817,0.4886664823403614,-0.3003894835076989,0.057501183151916706,9.242782773308091,105,3,-0.012704736167454156,0.27806811110645285,-0.07170215719165962,-0.04435037330542613
quarterly_classic_6_12minus1_top1_ma200_r12_0bp,quarterly,classic_6_12minus1,1,ma200_r12,0.0,1.8068383375381378,0.06207738143565478,0.2744981348742349,0.3631088183869729,0.47556735343313106,-0.5994493214501253,0.10355734707561876,0.3898413029733445,0.03950897907274231,0.23838554895879294,0.28547089088948907,0.37953046355863435,-0.5039640374166994,0.07839642541809898,1.0195387282946222,0.08491251181578408,0.30608424590489636,0.42796653672181356,0.5632191138310434,-0.5994493214501257,0.1416508598431182,0.05659247217465069,0.3467256415776464,-0.5039640374166994,0.02071462416766412,0.20488609186419215,-0.26112436010778295,-0.11197377564317923,-0.38452545827965995,-0.5994493214501257,0.28964724548995613,0.9197432995742677,-0.33566812594911666,0.08824928639391057,5.334919124643196,70,3,-0.11197377564317923,0.2758058667209193,-0.034617725966114676,-0.24493079042970067
monthly_medium_3_6_12_top1_ma200_r12_10bp,monthly,medium_3_6_12,1,ma200_r12,10.0,1.6562477490839531,0.0580827542550888,0.263199404491304,0.3524677379981535,0.45503560641504426,-0.4402355600113861,0.13193562613067097,0.35996766896894195,0.03613047753619569,0.22962305836308072,0.2730475105460291,0.36132729295589777,-0.4402355600113861,0.08207078395770943,0.953169777262266,0.08071702890686461,0.29320730168577663,0.4199259649182061,0.5421517520778809,-0.3802691339901656,0.2122628993310619,0.037217721770671064,0.27458165062050577,-0.3769919371904502,0.035033835580853934,0.27391181393946057,-0.34992359911959703,-0.005201700862669467,0.08529105361179981,-0.3802691339901656,0.16098251784172457,0.6183401298940258,-0.3796903056538423,0.09330819981149858,12.528746465598493,209,3,-0.005201700862669467,0.2742467322799832,-0.038813208875034144,-0.02575060296974052
quarterly_classic_6_12minus1_top1_ma200_r6_0bp,quarterly,classic_6_12minus1,1,ma200_r6,0.0,1.369994484052655,0.051643987672420844,0.27454058742689463,0.3261568603921222,0.42660680574044646,-0.6341852706564082,0.08143359687141136,0.3821153137229101,0.03882712253299103,0.2440593505071907,0.2816774357520662,0.3851392980980238,-0.5039640374166994,0.07704343891682708,0.7147588631145123,0.06452631591379365,0.301706852254475,0.3650683942642327,0.46763631180682586,-0.6341852706564084,0.10174679056643211,0.05311917487790563,0.3304171395914383,-0.5039640374166994,0.023087442875222575,0.21602916820272103,-0.26112436010778295,-0.15919142280788834,-0.6432487529733011,-0.6341852706564084,0.30485320880660094,0.9591978265159802,-0.3356681259491172,0.08848715509039011,5.934348239771646,70,3,-0.15919142280788834,0.2732231538970797,-0.0550039218681051,-0.2796667396359833
quarterly_classic_6_12minus1_top1_ma200_0bp,quarterly,classic_6_12minus1,1,ma200,0.0,1.7858379355001435,0.06161202445220626,0.278128320885843,0.3603555035179181,0.4845868977280389,-0.5965140315970004,0.10328679827909026,0.36940748548022295,0.037698244672838,0.24577636392657065,0.2768990578469255,0.3840503874847013,-0.5039640374166994,0.07480344205923457,1.0343381827821747,0.08583140560578895,0.306816072570463,0.4305193629325077,0.5731333562421855,-0.5965140315969999,0.14388832627457113,0.05311917487790563,0.3304171395914383,-0.5039640374166994,0.02071462416766412,0.20488609186419215,-0.26112436010778295,-0.11034575649818712,-0.3716256067849628,-0.5965140315969999,0.28964724548995613,0.9197432995742677,-0.33566812594911666,0.04400570884871551,5.454804947668887,70,3,-0.11034575649818712,0.26765161572781526,-0.033698832176109805,-0.24199550057657482
monthly_current_top3_ma200_20bp,monthly,current,3,ma200,20.0,1.7917762604930525,0.0611301489225049,0.20876615296304035,0.3970623341669969,0.49737148024022043,-0.42022605699237126,0.14546967734467417,0.3218423557347254,0.03273500451586275,0.20281126414085537,0.2645129196440527,0.33089214911408843,-0.42022605699237126,0.07789855952806139,1.1120341986176463,0.09056071161463075,0.2145938678806746,0.5238598543394051,0.6577002375838679,-0.36698212885490467,0.24677144878200905,0.032341146470245885,0.2593898892164217,-0.42022605699237126,0.03335743386410073,0.2731493049547442,-0.3235758392144662,-0.0010775241915470524,0.07748413783816377,-0.36698212885490467,0.17657854485231117,0.7985649731777776,-0.30474380436866433,0.09252277725416273,12.568331762488217,209,3,-0.0010775241915470524,0.26626959708558295,-0.028969526167268,-0.01246359783447959
monthly_current_top1_ma200_r6_20bp,monthly,current,1,ma200_r6,20.0,1.0749534703477903,0.043087584075738095,0.2541113438231134,0.29790525842778875,0.3932974377821018,-0.5109326664142548,0.08433123757407883,0.05732829724556776,0.006455944191325225,0.23943663033571314,0.14728423538028385,0.19646682234733526,-0.5109326664142548,0.012635606638020016,0.9624495776318645,0.08131115686750978,0.2680870652269271,0.43463449221716155,0.5714821555549943,-0.3310958824337391,0.24558190295157856,-0.01814730865624381,0.05857877363794086,-0.5109326664142548,0.03612801663388843,0.27700701695973673,-0.3318152639939552,0.03093646364206215,0.25551730232441866,-0.3310958824337391,0.12696852400138203,0.5499080761340834,-0.299143895232719,0.07257304429783223,17.635249764373235,209,3,-0.01814730865624381,0.26626215964207767,-0.03821908091438897,0.023422648586685968
monthly_long_6_12_top1_ma200_r6_0bp,monthly,long_6_12,1,ma200_r6,0.0,2.20646667727732,0.06965730624514399,0.2710095245127572,0.39120760947570477,0.520037288258526,-0.475352452497686,0.14653822838009462,0.3430389152593003,0.034633318971484695,0.24051294992735064,0.2651821114493849,0.3669496821986995,-0.475352452497686,0.07285818930670877,1.3874711602516872,0.10617242109291025,0.2986288781327772,0.4978160765749675,0.6509308680420208,-0.4446247857547574,0.23879105370313744,0.042167487752884814,0.29141869481083754,-0.475352452497686,0.02603529901463819,0.23095524951652333,-0.33885601069640503,-0.023462143762796428,0.0015262712269598618,-0.4446247857547574,0.23202202282772033,0.7866648455737719,-0.33566812594911655,0.06809613572101791,12.885014137606031,209,3,-0.023462143762796428,0.2611869721636804,-0.0133578166889885,-0.09010625473433231
quarterly_classic_6_12minus1_top1_none_10bp,quarterly,classic_6_12minus1,1,none,10.0,2.167915383702634,0.06960426576441403,0.2820135620871514,0.38657328416692677,0.5330653644718215,-0.5872162222559116,0.11853260030353889,0.3390638981261227,0.0349648788435577,0.25087887294378963,0.2655606325214811,0.3803228524947584,-0.4966203356037915,0.07040565264216853,1.3657686448987274,0.10500177410417111,0.30976105432169476,0.487513818404192,0.6601904206067631,-0.587216222255911,0.1788127952269189,0.053513166840073456,0.3300832150012232,-0.4966203356037915,0.014552215219855613,0.17602215386033246,-0.2655478213871951,-0.07135077068922313,-0.17666765547212718,-0.587216222255911,0.28406121143511953,0.9069828359895259,-0.335668125949117,0.0,5.454804947668887,70,3,-0.07135077068922313,0.25305268443077783,-0.014528463677727643,-0.2326976912354859
quarterly_classic_6_12minus1_top1_ma200_r12_10bp,quarterly,classic_6_12minus1,1,ma200_r12,10.0,1.566980686256863,0.0565553463482491,0.27457145996509874,0.3435818649577038,0.4501352466229029,-0.6042499603840035,0.09359594547976129,0.32308552264219914,0.03350350048043382,0.23849954356614503,0.26058603067956915,0.3465963317428729,-0.5109122339735699,0.06557584307555846,0.9401472106887001,0.07987905272560991,0.30612672964208265,0.412316453188764,0.5426264006200906,-0.6042499603840032,0.13219537933415246,0.05070547992345231,0.3245762743699277,-0.5109122339735699,0.014552215219855613,0.17602215386033246,-0.2655478213871951,-0.11642513065291116,-0.40585154024871956,-0.6042499603840032,0.28406121143511953,0.9069828359895259,-0.335668125949117,0.08824928639391057,5.334919124643196,70,3,-0.11642513065291116,0.25029921411513006,-0.03965118505628884,-0.24973142936357817
quarterly_classic_6_12minus1_top1_ma200_r6_10bp,quarterly,classic_6_12minus1,1,ma200_r6,10.0,1.146094587764932,0.04557138735556032,0.2745940632785461,0.3044819935556326,0.39844112961776157,-0.6400210423274941,0.07120295168708184,0.31049201251255965,0.0323406872541494,0.2441659684714327,0.255406972514956,0.3493747202174021,-0.5109122339735686,0.06329988812877499,0.6376250807132335,0.05886033307860439,0.3017180286622447,0.3468635937714413,0.4444197616713702,-0.6400210423274939,0.09196624671050425,0.0467890284657968,0.30766011752524547,-0.5109122339735686,0.016398965317378167,0.18412817201424447,-0.2655478213871951,-0.1642501545063586,-0.6695598905962299,-0.6400210423274939,0.29866867588254276,0.9452190865288735,-0.3356681259491172,0.08848715509039011,5.934348239771646,70,3,-0.1642501545063586,0.24589414476974497,-0.060669904703294364,-0.28550251130706883
quarterly_classic_6_12minus1_top1_ma200_10bp,quarterly,classic_6_12minus1,1,ma200,10.0,1.5427549523063586,0.05597086704872112,0.278194857506594,0.3406614594430302,0.45816135268374597,-0.6013439512030033,0.09307629508328807,0.3010453477231896,0.03146194655555301,0.24588073881768183,0.25179621823299836,0.34932620175267753,-0.5109122339735686,0.06157994360569698,0.9543937932341473,0.08079553773273407,0.3068527375341182,0.4149141176021167,0.5522476096501187,-0.6013439512030034,0.13435827793910723,0.0467890284657968,0.30766011752524547,-0.5109122339735686,0.014552215219855613,0.17602215386033246,-0.2655478213871951,-0.11480198626514637,-0.3928024388619388,-0.6013439512030034,0.28406121143511953,0.9069828359895259,-0.335668125949117,0.04400570884871551,5.454804947668887,70,3,-0.11480198626514637,0.24184113569278898,-0.03873470004916468,-0.24682542018257836
monthly_current_top1_ma200_r12_20bp,monthly,current,1,ma200_r12,20.0,1.097318386045533,0.043734067349786354,0.24652305483695966,0.3019465766380297,0.3795816155937497,-0.44836433240400886,0.09754136131947887,0.011052085058628203,0.0012696516263244195,0.22645023847605414,0.11900137269651435,0.14818891539419024,-0.44836433240400886,0.0028317409181878705,1.0743920288972295,0.08828901828611668,0.2652155229593387,0.46141869779071476,0.5892528640245146,-0.2991438952327192,0.29513896052410554,-0.0034186239437856702,0.10380069120245745,-0.44836433240400886,0.006802069592103166,0.13914279073279448,-0.36264798114159746,0.04799811199781234,0.34291606428141536,-0.24557251494870347,0.12454439925529104,0.5430088219352648,-0.2991438952327188,0.14585296889726673,16.447690857681433,209,3,-0.0034186239437856702,0.24102942750710493,-0.03124121949578207,0.05537463578770585
monthly_medium_3_6_12_top1_ma200_r6_20bp,monthly,medium_3_6_12,1,ma200_r6,20.0,0.9716982449805502,0.040015069196980946,0.26770759550416084,0.2849233169639904,0.3760343965902813,-0.5124001889668113,0.07809339273989371,-0.03273080011798857,-0.00383427023229177,0.23854363725333874,0.10282067368510221,0.14047999213209178,-0.5124001889668113,-0.007482960222991096,1.038417273310321,0.08608363613831438,0.29419364954290406,0.4368384615598006,0.5681237763101888,-0.38208364412088014,0.2253005001990612,-0.03569866208371264,-0.004707424750407028,-0.5124001889668113,0.03485942304407641,0.2752965488019294,-0.31213791996684603,0.01563707570633044,0.18314424507409452,-0.3601495174479935,0.15100275591135137,0.5926337624913491,-0.3820836441208805,0.06267672007540057,13.003770028275213,209,3,-0.03569866208371264,0.22922039693801194,-0.03344660164358437,-0.027565113100455063
quarterly_classic_6_12minus1_top1_none_20bp,quarterly,classic_6_12minus1,1,none,20.0,1.891179114351174,0.06391388672315346,0.28210330759815033,0.36711410727413174,0.5063783331112364,-0.5904957543780016,0.10823767359763173,0.2695513518725554,0.028491094538279027,0.2510273202361473,0.239970816343222,0.34388266146372076,-0.50467472427999,0.05645437183113685,1.2773234891891292,0.10013060824104425,0.3098035842142367,0.4728115197495367,0.6402025855264565,-0.5904957543780016,0.16957041180849264,0.046703845839360936,0.3063623942597156,-0.50467472427999,0.008414723855358686,0.14714740713020363,-0.2699535932391298,-0.07553195604709462,-0.19514056932337856,-0.5904957543780016,0.27848820470155333,0.8941628597355128,-0.3356681259491169,0.0,5.454804947668887,70,3,-0.07553195604709462,0.22675490069495963,-0.0193996295408545,-0.23597722335757654
quarterly_classic_6_12minus1_top1_ma200_r12_20bp,quarterly,classic_6_12minus1,1,ma200_r12,20.0,1.3472004687881043,0.05105105969500645,0.2746829829315017,0.3240202731325362,0.42464046847232645,-0.6090025591097319,0.083827331973178,0.25941253964285393,0.027520850844637845,0.23866186778016352,0.23567721245249498,0.3137027492422675,-0.517776842578677,0.05315195385636817,0.863726455712216,0.07485889889810893,0.30620008774576046,0.39663071625378216,0.5219424822414953,-0.6090025591097323,0.12292049972259735,0.04483975853949285,0.3023979899021776,-0.517776842578677,0.008414723855358686,0.14714740713020363,-0.2699535932391298,-0.12086304314683893,-0.4270994789680994,-0.6090025591097323,0.27848820470155333,0.8941628597355128,-0.3356681259491169,0.08824928639391057,5.334919124643196,70,3,-0.12086304314683893,0.2247726985161906,-0.044671338883789824,-0.25448402808930726
quarterly_classic_6_12minus1_top1_ma200_r6_20bp,quarterly,classic_6_12minus1,1,ma200_r6,20.0,0.9429616039271584,0.039521816973327795,0.2746900126363012,0.28277183731709016,0.3701918335926994,-0.6505716866810722,0.06074936518518128,0.24244853019578394,0.025881943212932912,0.24432365138838877,0.22911154633071973,0.3136642148596454,-0.5177768425786777,0.049986675889237116,0.5638165740523562,0.053213233217093814,0.3017651875208382,0.32862095253096973,0.42107924024665044,-0.6457751940032879,0.08240210170851327,0.0404845349835703,0.2848747570542369,-0.5177768425786777,0.009740890983753081,0.1522152373817422,-0.2699535932391298,-0.16928852301831043,-0.6957078190733186,-0.6457751940032879,0.29250116131191195,0.9311656932597623,-0.335668125949117,0.08848715509039011,5.934348239771646,70,3,-0.16928852301831043,0.21854499721798956,-0.06631700456480494,-0.2912566629828628
quarterly_classic_6_12minus1_top1_ma200_20bp,quarterly,classic_6_12minus1,1,ma200,20.0,1.3204587788415716,0.050348491720746624,0.27829994213337733,0.3209323743850014,0.4317072561802367,-0.6061255968339522,0.08306610376419983,0.23596975849573187,0.025250809665421814,0.2460339154244994,0.226669711908312,0.3146670882690112,-0.5177768425786777,0.04876774623535791,0.8774397697770062,0.075772976538377,0.3069202059180336,0.3992725248847324,0.5313168730916368,-0.6061255968339527,0.1250120056538957,0.0404845349835703,0.2848747570542369,-0.5177768425786777,0.008414723855358686,0.14714740713020363,-0.2699535932391298,-0.11924476878661461,-0.4139073830086072,-0.6061255968339527,0.27848820470155333,0.8941628597355128,-0.3356681259491169,0.04400570884871551,5.454804947668887,70,3,-0.11924476878661461,0.21601108209222028,-0.04375726124352175,-0.25160706581352765
monthly_medium_3_6_12_top1_ma200_r12_20bp,monthly,medium_3_6_12,1,ma200_r12,20.0,1.1502658638363767,0.045239050692843064,0.2632727426091866,0.30478108551110056,0.39361377856298985,-0.46868349221200956,0.09652366990638347,0.20210542454641311,0.0214768162416219,0.22981461306650244,0.20955822725514434,0.27712819423494517,-0.46868349221200956,0.04582370960039454,0.78874982171196,0.06975352896013365,0.2931863946890751,0.3841425152108534,0.49624076472073203,-0.3962315245665191,0.1760423505839033,0.022790453044869263,0.21708942260738454,-0.4015967954606148,0.020042821435826363,0.20119408289879903,-0.3602576668968308,-0.01711216641925495,0.028744514346028097,-0.3962315245665191,0.15100275591135137,0.5926337624913491,-0.3820836441208805,0.09330819981149858,12.528746465598493,209,3,-0.01711216641925495,0.20914175275309177,-0.0497767088217651,-0.041712993546094035
monthly_long_6_12_top1_ma200_r6_10bp,monthly,long_6_12,1,ma200_r6,10.0,1.5811545718876667,0.05633058021381099,0.2710008927043651,0.3436740490511194,0.4571408136443215,-0.5009602819510102,0.11244520223126124,0.17566239482139578,0.018857339877723422,0.24055727861322457,0.19978311148298408,0.2762043657840093,-0.5009602819510102,0.03764238514934307,1.1954896093106764,0.09547224166020651,0.2985737519953899,0.4643393073395702,0.6077827198212035,-0.45125176772509745,0.21157200589265768,0.027274736230775254,0.23683221061254522,-0.5009602819510102,0.009164524619790893,0.14689723852712228,-0.3455009770404498,-0.03464780499193232,-0.05191018784824747,-0.45125176772509745,0.2219642896785503,0.7627326781996985,-0.335668125949117,0.06809613572101791,12.885014137606031,209,3,-0.03464780499193232,0.19186472456983375,-0.024057996121692238,-0.09673323670467238
monthly_medium_3_6_12_top1_ma200_20bp,monthly,medium_3_6_12,1,ma200,20.0,1.0587829753888536,0.042616054994726094,0.2699077076335208,0.2942932931907617,0.39402253642861207,-0.4731763086801756,0.09006379696733866,-0.0011338450280766743,-0.00013095598129897468,0.24278063209903938,0.12085682335016651,0.16846672034378998,-0.4731763086801756,-0.000276759378896734,1.0611199660145867,0.08747935779454274,0.2947361722310307,0.4410612365302391,0.5781831088600856,-0.38208364412088025,0.2289534219550806,-0.009909639579931295,0.09677109309169103,-0.44851022496341564,0.011459434577206773,0.1597755681127732,-0.3656673329761242,0.01846291749508011,0.19620256397425495,-0.36890636450429526,0.15100275591135137,0.5926337624913491,-0.3820836441208805,0.03440150801131008,12.647502356267672,209,3,-0.009909639579931295,0.17798906604351405,-0.03205087998735601,-0.027565113100455174
monthly_long_6_12_top1_none_0bp,monthly,long_6_12,1,none,0.0,1.830496049885336,0.06197517991953472,0.27889488472177393,0.36134442390516747,0.4991040779867343,-0.543589582714395,0.11401097793313826,0.1282870089294028,0.014031115292512997,0.2498348905072603,0.18198366439544794,0.2652801890608571,-0.543589582714395,0.025811965016785513,1.5086667022525684,0.11254186606181205,0.30539828965546006,0.5128127433666291,0.6861533168351097,-0.5286080932263496,0.21290227581442212,0.022794106923268664,0.2217043827235017,-0.543589582714395,0.003917344888992869,0.12534241724148465,-0.37205249940205454,-0.024403406678872974,0.013893111440468895,-0.5286080932263496,0.2463211696717149,0.8190222435480741,-0.33566812594911677,0.0,12.172478793590951,209,3,-0.024403406678872974,0.17352339998249316,-0.006988371720086706,-0.17408956220592453
monthly_classic_6_12minus1_top1_ma200_r6_0bp,monthly,classic_6_12minus1,1,ma200_r6,0.0,1.6269737878921817,0.0574053142695059,0.26813249010698703,0.34839544763663377,0.4534504304705759,-0.5180882736026104,0.11080218795598051,0.13940577698644496,0.015179683526379772,0.23521263182784302,0.18335569626926382,0.23893672083143833,-0.5180882736026104,0.029299415369557377,1.3055647434403275,0.10170391890694952,0.29766027403059114,0.48438079241826726,0.637296969898314,-0.45838047799411674,0.22187663696326718,0.027183540200221623,0.2360356757142346,-0.5180882736026104,0.0013534849709271324,0.10590932456198768,-0.2256308739102092,-0.06703985866532658,-0.2073828460917272,-0.45838047799411674,0.2718353185654434,0.8831414809394783,-0.3605457148575034,0.08741753063147974,10.391140433553252,209,3,-0.06703985866532658,0.17097250013811113,-0.017826318874949232,-0.10386194697369167
monthly_long_6_12_top1_ma200_r12_10bp,monthly,long_6_12,1,ma200_r12,10.0,2.47948158853494,0.07472066373565345,0.2674625820167861,0.410959216429215,0.5354541401004294,-0.4538356597015024,0.1646425575830662,0.5026304970379609,0.048131316267874924,0.23178612354880002,0.3235270844985111,0.4290095249908153,-0.38518643238143657,0.12495589725292343,1.3155936175885006,0.10225852656680567,0.2991763820143495,0.4852458131444787,0.6356261911032051,-0.45383565970150175,0.22532060753900096,0.09614723732902908,0.49965788012049955,-0.37822915527484646,-0.00528104694273146,0.07747684729740763,-0.38518643238143646,-0.03515163593181014,-0.05461631260698881,-0.45383565970150175,0.2366764258531615,0.796397545976761,-0.3356681259491173,0.09330819981149858,12.053722902921772,209,2,-0.03515163593181014,0.2885673637089536,-0.017271711215093077,-0.09931712868107667
bimonthly_current_top1_ma200_r6_20bp,bimonthly,current,1,ma200_r6,20.0,0.8479523072852497,0.036307778764300025,0.2471612144084591,0.2720950661593079,0.3550743278150507,-0.4995247754379939,0.07268464058156994,0.3240992891217307,0.033269683271410555,0.2303083947045405,0.2605997134985811,0.3436366843780541,-0.4995247754379939,0.06660266899122069,0.39562971029989247,0.039408945287386254,0.26294976579249874,0.28329077056549457,0.3690796367160548,-0.3988689043258512,0.09880174879511687,-0.006063718007793595,0.09619624713132911,-0.4995247754379939,0.08066070075375609,0.47644985048093724,-0.22103015239825352,-0.029786781942357843,-0.03476038651433781,-0.3988689043258512,0.10313331549233817,0.4886664823403614,-0.3003894835076989,0.08684335068622812,9.481306199716043,105,2,-0.029786781942357843,0.2863230488061332,-0.0801212924945125,-0.04435037330542613
monthly_classic_6_12minus1_top1_ma200_r12_0bp,monthly,classic_6_12minus1,1,ma200_r12,0.0,2.5331788761247473,0.0756722955931235,0.2680577476275878,0.4140619347794475,0.5350323557393246,-0.4771165320591023,0.15860338200091895,0.3453488088461598,0.03483858328869771,0.23320993001077667,0.2671059584274207,0.3396282276930729,-0.4771165320591023,0.07301902354618497,1.6262177160992124,0.1184649944637175,0.29911430323639565,0.5354288877220594,0.7097492733593337,-0.47559920988477156,0.24908576801971405,0.07628894255940599,0.4222136963185832,-0.4771165320591023,-0.011579839166905304,0.04354644916255389,-0.2653092565822729,-0.0488773712764653,-0.11516339539496206,-0.47559920988477156,0.2865965481900614,0.91542037618608,-0.3356681259491172,0.09802073515551367,9.322337417530631,209,2,-0.0488773712764653,0.23288007274056854,-0.0010652433181812526,-0.12108067886434648
monthly_long_6_12_top1_ma200_r12_20bp,monthly,long_6_12,1,ma200_r12,20.0,1.8390586580313673,0.0621605812581183,0.26755987884702376,0.365759211166274,0.47673152966533233,-0.46467094323185376,0.13377333393343352,0.3255763361034565,0.03307135576402365,0.23197022189096447,0.25957741041522,0.3439672209726292,-0.3979190670453817,0.08311075920433825,1.141754179451342,0.09232915480036108,0.29920450786541436,0.4540949919226238,0.5951533798925118,-0.46467094323185376,0.19869793053595824,0.08230918151828259,0.44767754976117385,-0.3979190670453817,-0.02167248063105609,-0.0042385679887755445,-0.3974171260112176,-0.04527472412540434,-0.10343692739991775,-0.46467094323185376,0.22708725065599356,0.7736711753294041,-0.3356681259491173,0.09330819981149858,12.053722902921772,209,2,-0.04527472412540434,0.22171949088619916,-0.027201082981537672,-0.11015241221142869
monthly_long_6_12_top1_ma200_10bp,monthly,long_6_12,1,ma200,10.0,2.200524958886768,0.06954265400104154,0.27405720743576234,0.3894757741385891,0.5277485063229277,-0.45866864126188345,0.1516185057031949,0.20679748250529761,0.021936283466410744,0.2447607956825438,0.21312468240976254,0.3006004207323787,-0.45866864126188345,0.04782599352347244,1.6520812359025698,0.11973666895047574,0.30071052383963115,0.5381571522668605,0.7153190414191138,-0.43080906523395845,0.27793442295707177,0.05338917609322191,0.3317899578668325,-0.45866864126188345,-0.013652429203641514,0.0383321788276898,-0.3883726899398473,-0.001746659434734621,0.10555043428989767,-0.43080906523395845,0.2366764258531615,0.796397545976761,-0.3356681259491173,0.03440150801131008,12.291234684260132,209,2,-0.013652429203641514,0.2186701960783651,0.00020643116857699262,-0.07629053421353338
monthly_medium_3_6_12_top1_none_10bp,monthly,medium_3_6_12,1,none,10.0,1.1647662612513288,0.04564512042806812,0.27429076583052664,0.3047945295229901,0.41531007445792345,-0.5149654151165095,0.08863725424694983,0.10154361673278611,0.011226977886731548,0.2467147949390891,0.16969399193403242,0.2439542312236953,-0.44895088073046474,0.025007140800046353,0.9652115707157387,0.08148751049964797,0.2995407985591877,0.4197553795850958,0.5539907580469808,-0.4746324997151904,0.17168548413466345,-0.0031819769999099634,0.12491852919231691,-0.44895088073046474,0.028445915262948596,0.2410684976148779,-0.3479551506679345,-0.0036666789720024573,0.10269584576125522,-0.4746324997151904,0.16098251784172457,0.6183401298940258,-0.3796903056538423,0.0,12.291234684260132,209,2,-0.0036666789720024573,0.1829935134035974,-0.03804272728225078,-0.12011396869476532
monthly_classic_6_12minus1_top1_ma200_r12_10bp,monthly,classic_6_12minus1,1,ma200_r12,10.0,2.0197571418782676,0.0659550443581185,0.26807059543403666,0.37926640940664785,0.4908030478526891,-0.49160355061717986,0.1341630756639486,0.22321856360883818,0.023531962795666495,0.23329805015168392,0.2188739630655257,0.27884542470302137,-0.49160355061717986,0.047867764108138505,1.4686979348720275,0.1104719518818269,0.2990655206760376,0.5107800827911835,0.6776177135355128,-0.48492017682959543,0.22781471499926384,0.06501172349160456,0.38000542032705087,-0.49160355061717986,-0.022950175442869147,-0.014347607728338662,-0.27408291385785366,-0.05594176586192712,-0.1496753432452796,-0.48492017682959543,0.27768656420723503,0.8948448849720436,-0.338878520288435,0.09802073515551367,9.322337417530631,209,2,-0.05594176586192712,0.1828289062993561,-0.00905828590007185,-0.13040164580917035
monthly_long_6_12_top1_ma200_20bp,monthly,long_6_12,1,ma200,20.0,1.601069872301582,0.0567999036435507,0.27414763102093337,0.34451294723327913,0.46686421139689055,-0.47575121805920717,0.119389927944403,0.05824619080361626,0.006556768277613978,0.24492341086416716,0.14976320223513728,0.2110004682967944,-0.47575121805920717,0.013781926411795311,1.4579061988650905,0.10990798799234192,0.30073769041738274,0.5079554116945503,0.6754559088655924,-0.44270364993775047,0.2482653757379148,0.03875598036479988,0.2789624947639441,-0.47575121805920717,-0.029904844407075526,-0.042195223087178275,-0.4025125714190091,-0.011723026724007823,0.059955878566417736,-0.44270364993775047,0.22708725065599356,0.7736711753294041,-0.3356681259491173,0.03440150801131008,12.291234684260132,209,2,-0.029904844407075526,0.1694591866651809,-0.009622249789556836,-0.08818511891732539
monthly_classic_6_12minus1_top1_ma200_0bp,monthly,classic_6_12minus1,1,ma200,0.0,2.096870030522636,0.06750956497121163,0.27100435938793327,0.38360777720610195,0.5079946440661597,-0.4807967669608122,0.1404118530121357,0.12083427657326506,0.013255630744730462,0.23904176953763132,0.17607088670511695,0.23344618773409054,-0.4807967669608122,0.0275701328620017,1.763004393469045,0.1250692233792834,0.2997821253208166,0.5551243715702978,0.7421071632587846,-0.44828576924721353,0.2789944092789441,0.04372597724752292,0.2981183575902079,-0.4807967669608122,-0.02128485901492272,-0.002668603016572189,-0.28038600739681807,-0.03668536658129595,-0.05470639498826067,-0.44828576924721353,0.2865965481900614,0.91542037618608,-0.3356681259491172,0.058435438265786996,9.322337417530631,209,2,-0.03668536658129595,0.14772487728681785,0.005538985597384638,-0.09376723822678845
monthly_classic_6_12minus1_top1_ma200_r12_20bp,monthly,classic_6_12minus1,1,ma200_r12,20.0,1.580133272598001,0.05630642043336631,0.26815147412118046,0.3443868249573957,0.4462265546239552,-0.5238647241349879,0.10748274857853847,0.11196387157734944,0.01232666461007148,0.23347969382642947,0.1706100222300717,0.21772014041530174,-0.505717127315388,0.024374623567740106,1.3203391212144298,0.10252021830820479,0.2990654802659361,0.4860440061785497,0.6452987626169432,-0.49409358759662547,0.20749149732317834,0.05383057988525697,0.337732855562274,-0.505717127315388,-0.03421212308173449,-0.07218650067689238,-0.2827690890377995,-0.06296756084249722,-0.1842352485381748,-0.49409358759662547,0.268820535697601,0.8741821806933101,-0.3520205645160511,0.09802073515551367,9.322337417530631,209,2,-0.06296756084249722,0.13277317744269082,-0.01701001947369396,-0.1395750565762004
monthly_long_6_12_top1_ma200_r6_20bp,monthly,long_6_12,1,ma200_r6,20.0,1.0768873220614528,0.043143742914397265,0.27108468966288063,0.296036489756654,0.39393158016029933,-0.5253658534237338,0.08212133056085714,0.028871463055594626,0.0032910993806041233,0.24072767505777468,0.1343378210338378,0.18557820805656944,-0.5253658534237338,0.0062643952955002725,1.0186071794560263,0.08485447328674511,0.29858442282386777,0.4307552306386008,0.5642196595453612,-0.46594615045812526,0.18211218872248416,0.012565740042786988,0.18222236134188818,-0.5253658534237338,-0.007461813399974426,0.06273039524933965,-0.35209241651445333,-0.04572733968448206,-0.10534374149758223,-0.46594615045812526,0.2119687997684887,0.7386956794836899,-0.3356681259491169,0.06809613572101791,12.885014137606031,209,2,-0.04572733968448206,0.12247637829561392,-0.03467576449515364,-0.11142761943770019
monthly_medium_3_6_12_top1_none_20bp,monthly,medium_3_6_12,1,none,20.0,0.7591678354871079,0.03318234197552239,0.2743902721973599,0.2598892798512337,0.35404446687536933,-0.5559242973593765,0.05968859812952501,-0.026420877944543064,-0.0030862518283979457,0.24693620520876713,0.1106664648905379,0.1588688288428188,-0.4689742552196585,-0.00658085554600946,0.8069079293453691,0.07100708472339035,0.2995371704669449,0.38629975087007257,0.5099034259692506,-0.4871164896922925,0.14577023407326026,-0.017902006735928122,0.06955461320248739,-0.4689742552196585,0.014558762256938973,0.1753414753838142,-0.35789963096801236,-0.014618668345610986,0.05474679548372198,-0.4871164896922925,0.15100275591135137,0.5926337624913491,-0.3820836441208805,0.0,12.291234684260132,209,2,-0.017902006735928122,0.12244804429315079,-0.048523153058508406,-0.1325979586718674
monthly_classic_6_12minus1_top1_ma200_r6_10bp,monthly,classic_6_12minus1,1,ma200_r6,10.0,1.2052781513990993,0.04676618146594125,0.26813396697371517,0.309639988623055,0.40365709066970473,-0.5388870338095291,0.08678290352495449,0.02771569720261602,0.003160931055975258,0.23529655974444547,0.1315492749286489,0.17172316863005718,-0.5388870338095291,0.00586566545056732,1.1458056517008974,0.09256854897691902,0.2975935113798808,0.45562152779058857,0.6001053334899461,-0.4690499572580964,0.19735328304482255,0.014673064085649834,0.18842622805249587,-0.5388870338095291,-0.01015853100663322,0.046256809511972474,-0.22722586381756193,-0.07536216188389178,-0.24934060284826176,-0.4690499572580964,0.261947351778562,0.8600337801270402,-0.37570678437297245,0.08741753063147974,10.391140433553252,209,2,-0.07536216188389178,0.11734151878223417,-0.026961688804979733,-0.11453142623767132
monthly_long_6_12_top1_none_10bp,monthly,long_6_12,1,none,10.0,1.3055997159815598,0.04946091659522489,0.2789221369592073,0.3176679829799779,0.43861705170213244,-0.558846732075484,0.08850533385340466,-0.008414078300866934,-0.0009749493124739939,0.24989471340440242,0.1209237829501607,0.17597506179113284,-0.558846732075484,-0.0017445737024410237,1.3251638264799048,0.10278579302940027,0.30539428607691854,0.4831261082676239,0.6465606864697018,-0.5379326153385797,0.19107559218119904,0.008181913970122245,0.1686695234003414,-0.558846732075484,-0.011612365761669796,0.050805335114733986,-0.3833247607169974,-0.0341528423035643,-0.029200971664455382,-0.5379326153385797,0.2366764258531615,0.796397545976761,-0.3356681259491173,0.0,12.172478793590951,209,2,-0.0341528423035643,0.10973742925753768,-0.016744444752498477,-0.18341408431815465
monthly_classic_6_12minus1_top1_ma200_10bp,monthly,classic_6_12minus1,1,ma200,10.0,1.6468586969932968,0.05786624812421648,0.271015188128047,0.3491946084428477,0.46291583913607237,-0.501211085198548,0.11545284977345134,0.01705044878987394,0.001953606175563616,0.23912301087735213,0.12806381704102693,0.16998353888704476,-0.501211085198548,0.0038977712849062813,1.6024851570958125,0.11728831790418792,0.2997327658082207,0.531330875982821,0.7107229687083401,-0.4570062316716743,0.25664489841891486,0.03189960445529416,0.2538759478597269,-0.501211085198548,-0.03205101265735355,-0.057219262357645594,-0.29180366997778495,-0.043359993835240807,-0.08656245242652272,-0.4570062316716743,0.27768656420723503,0.8948448849720436,-0.338878520288435,0.058435438265786996,9.322337417530631,209,2,-0.043359993835240807,0.09832834275104065,-0.0022419198777108296,-0.10248770065124924
monthly_classic_6_12minus1_top1_ma200_r6_20bp,monthly,classic_6_12minus1,1,ma200_r6,20.0,0.850628072814924,0.036213153766631256,0.2682111203775917,0.27080852556518714,0.35349309967337683,-0.5588272625844475,0.0648020527830975,-0.07321702529913454,-0.008739117345226699,0.23548088051559285,0.0797457854494943,0.10426844713468068,-0.5588272625844475,-0.01563831604208122,0.9968300274530304,0.08349089344732619,0.29758349280060864,0.4267679636035859,0.5625992675849375,-0.4795299036325176,0.1741098788936185,0.0022904825367233705,0.14081981216967795,-0.5588272625844475,-0.02156087570643861,-0.013392057555880176,-0.23973483594654077,-0.08362655731450153,-0.29132201343790826,-0.4795299036325176,0.2521166210780119,0.8368288222926319,-0.3905377023596128,0.08741753063147974,10.391140433553252,209,2,-0.08362655731450153,0.06371387730689888,-0.036039344334572565,-0.1250113726120925
monthly_classic_6_12minus1_top1_ma200_20bp,monthly,classic_6_12minus1,1,ma200,20.0,1.2615295663203767,0.048291034929434984,0.2710933094871894,0.31470605174392546,0.4176024075943393,-0.5208613761623775,0.09271379514686907,-0.07730259927859029,-0.009244552012846463,0.2392973935649239,0.08005818376515161,0.1063894461098377,-0.5208613761623775,-0.017748584241278995,1.4509980894627001,0.10954582780324906,0.2997304934992984,0.5074498104374582,0.6792108690688033,-0.46560585092466256,0.2352758832082936,0.020184080645606617,0.20961325530364436,-0.5208613761623775,-0.04271996023674318,-0.11171585227823665,-0.30306250950653313,-0.05000147935128074,-0.11847951818226587,-0.46560585092466256,0.268820535697601,0.8741821806933101,-0.3520205645160511,0.058435438265786996,9.322337417530631,209,2,-0.05000147935128074,0.048948701512703856,-0.009984409978649689,-0.11108731990423748
monthly_classic_6_12minus1_top1_none_0bp,monthly,classic_6_12minus1,1,none,0.0,1.4577493076740216,0.053344009578483176,0.2789528181706026,0.331298886646754,0.45426478950997345,-0.5900635033566042,0.09040384513706279,-0.06468649781865998,-0.007690110902108138,0.2493659687797068,0.09313706418932113,0.1304597547365417,-0.5900635033566042,-0.013032683530437959,1.6277278174024628,0.11853954779685205,0.3058683532195355,0.5305011884297355,0.7198867811668492,-0.5433850636846981,0.21815017695376923,-0.0011464404062365707,0.1353944414938095,-0.5900635033566042,-0.015346199844132546,0.029745962728917073,-0.26285814277363073,-0.04874020504662202,-0.08766308935202942,-0.5433850636846981,0.2865965481900614,0.91542037618608,-0.3356681259491172,0.0,8.609802073515551,209,1,-0.04874020504662202,0.08257020211136329,-0.0009906899850467,-0.188866532664273
monthly_long_6_12_top1_none_20bp,monthly,long_6_12,1,none,20.0,0.8772712893825374,0.03706952389639717,0.2790343266710113,0.27391667102241896,0.3780808255974224,-0.5736229171450841,0.06462350577081517,-0.12877770660425314,-0.015788284529283825,0.2500723337657944,0.059864916180160495,0.08696562985812036,-0.5736229171450841,-0.02752380363020008,1.1547557995394335,0.09309598385541573,0.30544859584774064,0.45335212858649476,0.6068131674844602,-0.5470908083598556,0.17016550531073943,-0.006250031286187063,0.11562907308543353,-0.5736229171450841,-0.02693226571047147,-0.023712353867476926,-0.3951960566940379,-0.043824116478182185,-0.07225894563197953,-0.5470908083598556,0.22708725065599356,0.7736711753294041,-0.3356681259491173,0.0,12.172478793590951,209,1,-0.043824116478182185,0.0459583596089783,-0.02643425392648302,-0.1925722773394305
monthly_classic_6_12minus1_top1_none_10bp,monthly,classic_6_12minus1,1,none,10.0,1.1255962704102616,0.04454223634703092,0.2789974700374037,0.3003860787775027,0.411978863717752,-0.6054246499992417,0.07357189098112656,-0.1428352192936022,-0.01763475182862073,0.24947919874314034,0.05187571646164658,0.0726444339296471,-0.6054246499992417,-0.02912790522923508,1.4797988884453903,0.11104980565198463,0.30585389756785425,0.5078995938120814,0.6894741833375105,-0.5488155350182782,0.2023445011415104,-0.01205780832428871,0.0952201817730419,-0.6054246499992417,-0.02421863732405871,-0.014250038080052018,-0.268730925841523,-0.054878627543447744,-0.11519915898438172,-0.5488155350182782,0.27768656420723503,0.8948448849720436,-0.338878520288435,0.0,8.609802073515551,209,1,-0.054878627543447744,0.04048507184649494,-0.008480432129914117,-0.1942970039978531
monthly_classic_6_12minus1_top1_none_20bp,monthly,classic_6_12minus1,1,none,20.0,0.8377983048796345,0.03579662560018093,0.2791025509354504,0.2694248178235218,0.369647214018781,-0.6202394062124783,0.05771420719424253,-0.214591322782397,-0.027499308837641956,0.24967261039157598,0.010648385135711895,0.014910975648334976,-0.6202394062124783,-0.044336603837488824,1.3399261533374367,0.10359536680845105,0.3058840720454779,0.4852250553701062,0.6590036150679558,-0.5541920815298532,0.18693043488184624,-0.02287138793535437,0.05508448451965147,-0.6202394062124783,-0.03302867536064269,-0.05822126813675479,-0.27456855200095387,-0.06098953478121605,-0.1427525564375948,-0.5541920815298532,0.268820535697601,0.8741821806933101,-0.3520205645160511,0.0,8.609802073515551,209,1,-0.06098953478121605,-0.0015683918085516585,-0.0159348709734477,-0.19967355050942814
