0,full_equal_weight_10bp,strategy_core025_10bp,cashmatched_core025_10bp,strategy_core050_10bp,cashmatched_core050_10bp,strategy_core075_10bp,cashmatched_core075_10bp
2009-05-01,0.999,0.99975,0.99975,0.9995,0.9995,0.99925,0.99925
2009-05-07,1.0419405768988268,1.0104932036422927,1.0104932036422927,1.0209810343395282,1.0209810343395282,1.031463492091706,1.031463492091706
2009-05-08,1.0545686264466267,1.0136525861586623,1.0136525861586623,1.0272982192859879,1.0272982192859879,1.0409368993819756,1.0409368993819756
2009-05-11,1.065848529992094,1.0164746791440429,1.0164746791440429,1.0329409938574066,1.0329409938574066,1.04939894414009,1.04939894414009
2009-05-12,1.0483696059506677,1.0121016675548498,1.0121016675548498,1.024197157731578,1.024197157731578,1.0362864705301837,1.0362864705301837
2009-05-13,1.0541234647156534,1.013541212174543,1.013541212174543,1.0270755270186667,1.0270755270186667,1.0406029445323701,1.0406029445323701
2009-05-14,1.0257715969331975,1.0064479239324235,1.0064479239324235,1.0128924980654312,1.0128924980654312,1.0193337223990224,1.0193337223990224
2009-05-15,1.0460110383409276,1.011511582978314,1.011511582978314,1.0230172836945735,1.0230172836945735,1.0345171021487778,1.0345171021487778
2009-05-18,1.0203363039566902,1.005088080550726,1.005088080550726,1.0101734913937501,1.0101734913937501,1.015256232529071,1.015256232529071
2009-05-19,1.0447811827745725,1.011203888257978,1.011203888257978,1.022402048139733,1.022402048139733,1.033594479645264,1.033594479645264
2009-05-20,1.054231967776226,1.013568358304375,1.013568358304375,1.0271298057018712,1.0271298057018712,1.040684342192488,1.040684342192488
2009-05-21,1.0488422602269671,1.012219919835313,1.012219919835313,1.0244336031515786,1.0244336031515786,1.0366410499487966,1.0366410499487966
2009-05-22,1.0432347549916445,1.010816991066791,1.010816991066791,1.0216284472543289,1.0216284472543289,1.0324343685626134,1.0324343685626134
2009-05-25,1.053760112848675,1.0134503060111268,1.0134503060111268,1.0268937601562818,1.0268937601562818,1.0403303624354645,1.0403303624354645
2009-05-26,1.05685163137922,1.0142237658837276,1.0142237658837276,1.0284402930748402,1.0284402930748402,1.0426495815733376,1.0426495815733376
2009-05-27,1.0660519281693268,1.016525566863685,1.016525566863685,1.0330427438464678,1.0330427438464678,1.0495515309483483,1.0495515309483483
2009-05-28,1.0667060174773442,1.0166892119551991,1.0166892119551991,1.0333699521864894,1.0333699521864894,1.050042220693871,1.050042220693871
2009-05-29,1.073459883181213,1.0183789459986032,1.0183789459986032,1.0367485751950063,1.0367485751950063,1.0551088875892096,1.0551088875892096
2009-06-01,1.0910329805466117,1.0227666784915395,1.0227666784915395,1.0455305065172849,1.0455305065172849,1.0682877623077451,1.0682877623077451
2009-06-02,1.0893584646340737,1.0223742432699456,1.0223742432699456,1.0447281671281814,1.0447281671281814,1.0670580573705093,1.0670580573705093
2009-06-03,1.0925479253835022,1.0231217170482447,1.0231217170482447,1.046256387893422,1.046256387893422,1.069400283921673,1.069400283921673
2009-06-04,1.087643128406254,1.0219722415047596,1.0219722415047596,1.0439062688047132,1.0439062688047132,1.0657983754453775,1.0657983754453775
2009-06-05,1.094370531202029,1.023548858237478,1.023548858237478,1.0471296841267177,1.0471296841267177,1.0707387408195117,1.0707387408195117
2009-06-08,1.1040309583761936,1.0258128509833204,1.0258128509833204,1.0517584494787593,1.0517584494787593,1.0778330149932778,1.0778330149932778
2009-06-09,1.0947442700820103,1.0236364467154886,1.0236364467154886,1.0473087600151,1.0473087600151,1.071013201362113,1.071013201362113
2009-06-10,1.1189969857979394,1.0293202504912355,1.0293202504912355,1.058929377631165,1.058929377631165,1.0888235333117546,1.0888235333117546
2009-06-11,1.122171335068371,1.0300641827823716,1.0300641827823716,1.0604503577755575,1.0604503577755575,1.0911546625301358,1.0911546625301358
2009-06-12,1.1355600723916988,1.0332019326592163,1.0332019326592163,1.0668655320025882,1.0668655320025882,1.1009868750917338,1.1009868750917338
2009-06-15,1.1362176913186135,1.0333560505313582,1.0333560505313582,1.0671806281830023,1.0671806281830023,1.1014698070454951,1.1014698070454951
2009-06-16,1.0965672710655907,1.0240636805145826,1.0240636805145826,1.048182245590573,1.048182245590573,1.0723519484551147,1.0723519484551147
2009-06-17,1.1064642990462419,1.0263831224139552,1.0263831224139552,1.0529243775252288,1.0529243775252288,1.0796199738471952,1.0796199738471952
2009-06-18,1.093131328605735,1.0232584419196427,1.0232584419196427,1.04653592383657,1.04653592383657,1.0698287145011658,1.0698287145011658
2009-06-19,1.1012448314093226,1.025159901467914,1.025159901467914,1.0504234849126861,1.0504234849126861,1.0757869824287174,1.0757869824287174
2009-06-22,1.1057116162154406,1.0262067256109846,1.0262067256109846,1.0525637317540346,1.0525637317540346,1.0790672303430704,1.0790672303430704
2009-06-23,1.0796301973677538,1.0200943516954337,1.0200943516954337,1.0400668963949196,1.0400668963949196,1.0599139638455852,1.0599139638455852
2009-06-24,1.080053387429042,1.0201935294244924,1.0201935294244924,1.0402696666718134,1.0402696666718134,1.0602247395771616,1.0602247395771616
2009-06-25,1.1009776387578998,1.0250972828886673,1.0250972828886673,1.0502954603372787,1.0502954603372787,1.075590765647385,1.075590765647385
2009-06-26,1.1117796314211508,1.0276288099722364,1.0276288099722364,1.055471203445863,1.055471203445863,1.0835233649201226,1.0835233649201226
2009-06-29,1.0976156577438452,1.0243093777070171,1.0243093777070171,1.0486845769931452,1.0486845769931452,1.0731218463490246,1.0731218463490246
2009-06-30,1.115181415519965,1.0284260433019627,1.0284260433019627,1.05710115832134,1.05710115832134,1.086021514188458,1.086021514188458
2009-07-01,1.1126527822881496,1.027833148557403,1.027833148557403,1.0558894742237674,1.0558894742237674,1.0841648097118335,1.0841648097118335
2009-07-02,1.1061843719252167,1.02633932076689,1.02633932076689,1.052820265875079,1.052820265875079,1.0794377131266042,1.0794377131266042
2009-07-03,1.0996985447377339,1.024841470699639,1.024841470699639,1.0497427933841488,1.0497427933841488,1.0746978883736742,1.0746978883736742
2009-07-06,1.0887964779968256,1.022323725325146,1.022323725325146,1.0445698509791799,1.0445698509791799,1.066730687845054,1.066730687845054
2009-07-07,1.0850162563817336,1.0214507132887913,1.0214507132887913,1.0427761664276525,1.0427761664276525,1.0639681122375273,1.0639681122375273
2009-07-08,1.0616677681959061,1.0160585661364825,1.0160585661364825,1.0316974978138223,1.0316974978138223,1.0469051009904407,1.0469051009904407
2009-07-09,1.0453281203904001,1.0122850547775042,1.0122850547775042,1.0239444672165872,1.0239444672165872,1.0349641311058029,1.0349641311058029
2009-07-10,1.0435795707059095,1.011881241171807,1.011881241171807,1.0231147945476282,1.0231147945476282,1.0336862957832287,1.0336862957832287
2009-07-13,1.0199340556411236,1.006420498030465,1.006420498030465,1.0118951890844745,1.0118951890844745,1.016406218106144,1.016406218106144
2009-07-14,1.0378764951744528,1.0105641613574055,1.0105641613574055,1.020408731380292,1.020408731380292,1.029518503797652,1.029518503797652
2009-07-15,1.0362931989260475,1.0101985117149468,1.0101985117149468,1.019657470128857,1.019657470128857,1.0283614352337693,1.0283614352337693
2009-07-16,1.0434350885396226,1.0118478741676866,1.0118478741676866,1.0230462389294588,1.0230462389294588,1.0335807086116426,1.0335807086116426
2009-07-17,1.053057310982711,1.0140700497078088,1.0140700497078088,1.0276119055767856,1.0276119055767856,1.0406126024311342,1.0406126024311342
2009-07-21,1.0802116131326835,1.0203411192453982,1.0203411192453982,1.0404964021045722,1.0404964021045722,1.0604568921043735,1.0604568921043735
2009-07-22,1.086237988792649,1.0217328626462985,1.0217328626462985,1.0433558685654343,1.0433558685654343,1.0648609509387943,1.0648609509387943
2009-07-23,1.0859711917588466,1.021671247998934,1.021671247998934,1.0432292755328951,1.0432292755328951,1.0646659763968784,1.0646659763968784
2009-07-24,1.097913380504842,1.024429201255974,1.024429201255974,1.0488957474084064,1.0488957474084064,1.0733932952393654,1.0733932952393654
2009-07-27,1.1053868227211412,1.0261551331383227,1.0261551331383227,1.0524418352347369,1.0524418352347369,1.0788548663516473,1.0788548663516473
2009-07-28,1.109351071948383,1.027070644884162,1.027070644884162,1.0543228393983342,1.0543228393983342,1.081751928834337,1.081751928834337
2009-07-29,1.1070046275309975,1.0265287522578574,1.0265287522578574,1.0532094705191977,1.0532094705191977,1.0800371536777675,1.0800371536777675
2009-07-30,1.109576595809814,1.027122727821503,1.027122727821503,1.0544298486447325,1.0544298486447325,1.0819167410548738,1.0819167410548738
2009-07-31,1.126174781248096,1.0309559463850437,1.0309559463850437,1.062305553255588,1.062305553255588,1.0940466495337684,1.0940466495337684
2009-08-03,1.1326806798069937,1.032458359746556,1.032458359746556,1.0653927539240267,1.0653927539240267,1.0988013579953129,1.0988013579953129
2009-08-04,1.1367280766821626,1.0333806781045625,1.0333806781045625,1.0672962327155049,1.0672962327155049,1.1017461101629358,1.1017461101629358
2009-08-05,1.12771869287391,1.03132762515795,1.03132762515795,1.0630591461306662,1.0630591461306662,1.095191180336048,1.095191180336048
2009-08-06,1.135403426325825,1.0330788175805588,1.0330788175805588,1.0666732535668868,1.0666732535668868,1.1007823383539248,1.1007823383539248
2009-08-07,1.1344226496344012,1.032855318779847,1.032855318779847,1.066211997186828,1.066211997186828,1.1000687576557375,1.1000687576557375
2009-08-10,1.1474502225276264,1.0358240342308578,1.0358240342308578,1.0723388262257167,1.0723388262257167,1.1095471890276523,1.1095471890276523
2009-08-11,1.1544044573636183,1.0374087610696001,1.0374087610696001,1.0756093823212856,1.0756093823212856,1.1146068604013895,1.1146068604013895
2009-08-12,1.1394376627913738,1.0339981369523608,1.0339981369523608,1.068570543056606,1.068570543056606,1.1037175154425647,1.1037175154425647
2009-08-13,1.1506354988172516,1.0365498930699717,1.0365498930699717,1.0738368522531363,1.0738368522531363,1.1118646907571952,1.1118646907571952
2009-08-14,1.1572292533537212,1.0380524738755468,1.0380524738755468,1.0769378755289574,1.0769378755289574,1.1166620885817493,1.1166620885817493
2009-08-17,1.1287146179828653,1.0315545759709093,1.0315545759709093,1.0635275267667306,1.0635275267667306,1.0959157825220551,1.0959157825220551
2009-08-18,1.1282404919348668,1.0314465324131448,1.0314465324131448,1.0633045466872653,1.0633045466872653,1.095570824083179,1.095570824083179
2009-08-19,1.1194569084699788,1.0294449347125465,1.0294449347125465,1.0591736533367346,1.0591736533367346,1.0891801791216207,1.0891801791216207
2009-08-20,1.1383718442790105,1.0337552588728014,1.0337552588728014,1.0680692917594337,1.0680692917594337,1.102942061126772,1.102942061126772
2009-08-21,1.1266929806434092,1.031093886473704,1.031093886473704,1.062576756699351,1.062576756699351,1.0944449060251058,1.0944449060251058
2009-08-24,1.152364007159752,1.0369437845082037,1.0369437845082037,1.0746497646193607,1.0746497646193607,1.1131222962862104,1.1131222962862104
2009-08-25,1.1467010437384024,1.03565331182037,1.03565331182037,1.071986489654756,1.071986489654756,1.109002111306947,1.109002111306947
2009-08-26,1.1585526706378584,1.0383540534078015,1.0383540534078015,1.077560274767363,1.077560274767363,1.1176249632481896,1.1176249632481896
2009-08-27,1.1458815144641004,1.0354665579837867,1.0354665579837867,1.071601067458529,1.071601067458529,1.108405848898944,1.108405848898944
2009-08-28,1.151619792411557,1.0367741933003904,1.0367741933003904,1.0742997626222288,1.0742997626222288,1.1125808302376567,1.1125808302376567
2009-08-31,1.1477557922507553,1.0358936672750059,1.0358936672750059,1.072482534763632,1.072482534763632,1.1097695114566832,1.1097695114566832
2009-09-01,1.1501605090832996,1.036440762848676,1.036440762848676,1.073612756907259,1.073612756907259,1.1115189166735862,1.1115189166735862
2009-09-02,1.1281889764709794,1.0314909771792355,1.0314909771792355,1.063358137001994,1.063358137001994,1.0955938953826214,1.0955938953826214
2009-09-03,1.122374415305437,1.0301810625711327,1.0301810625711327,1.0606443474944238,1.0606443474944238,1.0913794870392108,1.0913794870392108
2009-09-04,1.1139979302434786,1.0282939932231931,1.0282939932231931,1.0567348491463502,1.0567348491463502,1.0853081899062864,1.0853081899062864
2009-09-07,1.1253819488683567,1.0308586050436024,1.0308586050436024,1.0620480326211854,1.0620480326211854,1.0935593548193914,1.0935593548193914
2009-09-08,1.1281954563924308,1.031492436987384,1.031492436987384,1.0633611613304592,1.0633611613304592,1.0955985920457487,1.0955985920457487
2009-09-09,1.1238237439338037,1.0305075698840989,1.0305075698840989,1.0613207825189603,1.0613207825189603,1.0924299640210213,1.0924299640210213
2009-09-10,1.1436491694528088,1.034973876757453,1.034973876757453,1.0705737648550009,1.0705737648550009,1.1067994815719069,1.1067994815719069
2009-09-11,1.1351258382654197,1.0330537256550407,1.0330537256550407,1.0665957300407904,1.0665957300407904,1.1006217500033315,1.1006217500033315
2009-09-14,1.1178330247084727,1.0291579700771851,1.0291579700771851,1.0585247759909273,1.0585247759909273,1.0880878758792913,1.0880878758792913
2009-09-15,1.1158338130790402,1.028707584150625,1.028707584150625,1.0575916979152304,1.0575916979152304,1.0866388423354953,1.0866388423354953
2009-09-16,1.1139534939648488,1.028283982539867,1.028283982539867,1.0567141097124928,1.0567141097124928,1.0852759823814055,1.0852759823814055
2009-09-17,1.1246033890530491,1.0306832097134444,1.0306832097134444,1.0616846608382347,1.0616846608382347,1.0929950527356982,1.0929950527356982
2009-09-18,1.1223367299425395,1.0301725727460251,1.0301725727460251,1.060626758868299,1.060626758868299,1.0913521725947843,1.0913521725947843
2009-09-24,1.1334200146276023,1.0326694346933656,1.0326694346933656,1.0657995828925744,1.0657995828925744,1.0993853648029817,1.0993853648029817
2009-09-25,1.1068763679651001,1.026689635096178,1.026689635096178,1.0534110521411515,1.0534110521411515,1.0801464639170615,1.0801464639170615
2009-09-28,1.0853493520198965,1.0218399909265383,1.0218399909265383,1.043363898394177,1.043363898394177,1.064543629408099,1.064543629408099
2009-09-29,1.0854718953102314,1.021867597695401,1.021867597695401,1.0434210921678886,1.0434210921678886,1.0646324490886414,1.0646324490886414
2009-09-30,1.092161428115597,1.0233746274597555,1.0233746274597555,1.0465432510756545,1.0465432510756545,1.069481039045098,1.069481039045098
2009-10-01,1.0784748131258444,1.0202883460063699,1.0202883460063699,1.0401544219739098,1.0401544219739098,1.0595617350696327,1.0595617350696327
2009-10-02,1.0535991840047136,1.014404964636919,1.014404964636919,1.0281585481181577,1.0281585481181577,1.0412321938287898,1.0412321938287898
2009-10-05,1.0448350775500213,1.0123321494978792,1.0123321494978792,1.0239321981039757,1.0239321981039757,1.0347743852677207,1.0347743852677207
2009-10-06,1.0493942198994186,1.0134104407454496,1.0134104407454496,1.0261307715047718,1.0261307715047718,1.0381337771974375,1.0381337771974375
2009-10-07,1.066830469344894,1.0175343205734162,1.0175343205734162,1.0345391236251078,1.0345391236251078,1.0509816312854765,1.0509816312854765
2009-10-08,1.0675254847172724,1.017698699953468,1.017698699953468,1.0348742836604286,1.0348742836604286,1.0514937515164464,1.0514937515164464
2009-10-09,1.0779981187771575,1.0201756021382118,1.0201756021382118,1.0399245437566895,1.0399245437566895,1.059210484105045,1.059210484105045
2009-10-13,1.080671868964802,1.0208079757744304,1.0208079757744304,1.0412139169748138,1.0412139169748138,1.061180629828536,1.061180629828536
2009-10-14,1.075857026518424,1.0196692084207315,1.0196692084207315,1.038892036296306,1.038892036296306,1.0576328259615744,1.0576328259615744
2009-10-15,1.087629513646532,1.0224535412753637,1.0224535412753637,1.04456912972255,1.04456912972255,1.066307351830697,1.066307351830697
2009-10-16,1.0837185532953584,1.021528552759306,1.021528552759306,1.0426831317122454,1.0426831317122454,1.0634255710846074,1.0634255710846074
2009-10-19,1.0901088282978337,1.0230399286007836,1.0230399286007836,1.0457647395164131,1.0457647395164131,1.0681342282457122,1.0681342282457122
2009-10-20,1.1004291227419134,1.0254808006592904,1.0254808006592904,1.0507415362720876,1.0507415362720876,1.0757387097930637,1.0757387097930637
2009-10-21,1.0995071992961662,1.025262754828234,1.025262754828234,1.0502969534514486,1.0502969534514486,1.0750593929509675,1.0750593929509675
2009-10-22,1.0916983528098103,1.023415870003291,1.023415870003291,1.0465312622621676,1.0465312622621676,1.0693054651601126,1.0693054651601126
2009-10-23,1.085004068688032,1.0218325923988494,1.0218325923988494,1.0433030509277574,1.0433030509277574,1.064372799686988,1.064372799686988
2009-10-26,1.0934037786667428,1.0238192234487375,1.0238192234487375,1.0473536765758111,1.0473536765758111,1.0705621036726756,1.0705621036726756
2009-10-27,1.0728963250138783,1.018968967394162,1.018968967394162,1.0374642854000327,1.0374642854000327,1.0554512409224526,1.0554512409224526
2009-10-28,1.0642348632108778,1.0169204289328495,1.0169204289328495,1.0332874341256681,1.0332874341256681,1.0490690658003277,1.0490690658003277
2009-10-29,1.05504441165442,1.0147467781198065,1.0147467781198065,1.0288554860124437,1.0288554860124437,1.042297105983522,1.042297105983522
2009-10-30,1.0697917912523494,1.0182347083326337,1.0182347083326337,1.0359671737007514,1.0359671737007514,1.0531636734668341,1.0531636734668341
2009-11-02,1.0530830559871853,1.0135217713521214,1.0135233513786381,1.0273964833855784,1.0274011441682032,1.0405949101749852,1.0406046711848338
2009-11-04,1.0554960640756712,1.016483842461152,1.0158457133526928,1.0301829473527941,1.0297553053684072,1.0431982368155286,1.0429890866155154
2009-11-05,1.0485795459111957,1.0099042042892201,1.0091890183939471,1.0234872028228772,1.0230074627975467,1.0363901073914543,1.036154524926038
2009-11-06,1.0448938472446678,1.0117223434265414,1.0056417752364077,1.0235172893489723,1.0194116485780307,1.0345843482836914,1.0325124995158264
2009-11-09,1.0407568337658983,1.0129255556636023,1.0016601711816635,1.0229850437243844,1.0153755259214539,1.0322708296932566,1.0284245070955833
2009-11-10,1.0440893498533483,1.0165485602949211,1.0048674992782203,1.0265171885054225,1.0186267707513268,1.0357060883636213,1.0317175349224799
2009-11-11,1.0417136863766705,1.0154851099203699,1.002581079042949,1.025025943842339,1.0163090434265725,1.0337771417561075,1.029370021592986
2009-11-12,1.0350909356670979,1.0121536518612344,0.9962071159862373,1.0206208309023548,1.0098478040989893,1.0282741832860827,1.02282574639523
2009-11-13,1.0333670787422384,1.0077802543539012,0.9945480167937781,1.0171047161824516,1.0081659874873616,1.0256418339276527,1.0211223161118688
2009-11-16,1.0265938254935165,0.9981618000121033,0.9880292049172111,1.008401950888326,1.0015579159796928,1.0178880855404353,1.0144293217372413
2009-11-17,1.023360228289674,0.9916042817389187,0.984917079756319,1.0029188508175104,0.9984031776633571,1.013513690692113,1.0112340406661826
2009-11-18,1.0126890409409128,0.9813192265640646,0.9746467620416662,0.9924979824535073,0.9879922323638213,1.0029640000555065,1.0006893003068384
2009-11-19,1.0000427107801104,0.9700496608348474,0.962475498954348,0.9807694668270809,0.9756543127639685,0.9907762263164085,0.9881928213597527
2009-11-20,1.0012992301806023,0.968793252553209,0.963684816440389,0.9803290183687743,0.9768801889780006,0.9911739823683415,0.989434451780214
2009-11-24,0.9905504459034725,0.9585655670377082,0.9533398167731119,0.9699216852893022,0.9663935391340449,0.9805928079476836,0.9788130339682505
2009-11-25,0.9931113456078402,0.9658418364881675,0.955804514724673,0.9756717493549413,0.968891985264584,0.9847700394601617,0.981343588590367
2009-11-26,0.9907122951329587,0.9615047159020805,0.9534955860379901,0.971960575535012,0.9665514412886865,0.9817053143082198,0.9789729653841759
2009-11-27,0.9694044804134071,0.9297126136266429,0.9329882123200924,0.9435463334364906,0.9457632678410856,0.956788115407804,0.957917635129032
2009-11-30,1.0033295846249184,0.9623331117397091,0.9656388993868292,0.9766235768055908,0.9788610284448384,0.9903005992375941,0.9914407477764361
2009-12-01,1.0249541162113993,0.9857534187372935,0.9862239943960213,0.9994843309026428,0.9998113188905373,1.0125635705667555,1.0127437620534616
2009-12-02,1.0259196762509433,0.9909740492334099,0.9869208000851492,1.0033270866465434,1.0005962140721325,1.0149870353167458,1.0136183145339228
2009-12-03,1.0580456547621404,1.0184566230921839,1.0101048214599109,1.03234656499569,1.02671113671265,1.0455554544919854,1.0427163022752952
2009-12-04,1.057986263674536,1.0227950767843002,1.0100619613103279,1.035259850293932,1.0266628582249526,1.0470018221909163,1.0426625090145403
2009-12-07,1.069259775189419,1.0350615041812221,1.0181975993217451,1.047215833637645,1.0358269956222166,1.058626655490977,1.0528734509084332
2009-12-08,1.0651054125287458,1.0317183883107817,1.0151995635517221,1.043605668731143,1.0324499511077179,1.0547458812130548,1.0491106520965197
2009-12-09,1.051460160769297,1.0186570875651546,1.0053523363818226,1.0303414540212794,1.0213578471276261,1.0412868381975202,1.0367515151355708
2009-12-10,1.0378611278315437,1.007927833054556,0.9955384634691246,1.0186686161720604,1.0103033140172495,1.0286567260253139,1.0244342407036233
2009-12-11,1.054622280815218,1.0276590820062805,1.0076343107256904,1.0374542257715336,1.0239283064320945,1.0464517096751276,1.039615593821949
2009-12-14,1.0498503113671387,1.0275361689522786,1.0041905730774996,1.0358200131629194,1.0200492148447031,1.0432667698828493,1.0352933999172864
2009-12-15,1.049862674719792,1.0271679787372423,1.0041994952098507,1.035575152626461,1.0200592649042837,1.043148844440429,1.0353045979788127
2009-12-16,1.065319343664981,1.0324373574857335,1.0153539490137395,1.0441611963721549,1.0326238538285715,1.055132952321876,1.049304419442081
2009-12-17,1.0643691220576235,1.0319627449050106,1.0146682124517212,1.0435315109855958,1.0318514271222894,1.0543446223540223,1.0484437596905705
2009-12-18,1.0618502265617824,1.0250699402027936,1.0128504272908423,1.0380535323749887,1.0298038393424958,1.0503255682310653,1.0461622792919505
2009-12-21,1.0599814332769084,1.0229845752796392,1.0115017946430793,1.0360364724421935,1.0282847138768358,1.0483807398188505,1.0444696265973261
2009-12-22,1.0722480869940616,1.0335592772797482,1.0203541432766365,1.047171750066674,1.0382561677508346,1.0600804185003119,1.0555801034148644
2009-12-24,1.083825511352667,1.0491951968909632,1.0287091029147075,1.0615041383638222,1.0476673531998955,1.0730591225192496,1.0660663132573427
2009-12-25,1.0804240412286554,1.0448231773820411,1.0262543992849578,1.057443210852145,1.0449023283424694,1.0693219130569662,1.062985444111625
2009-12-28,1.0888261495768488,1.05083311449299,1.03231786158447,1.0642367515079634,1.0517323276047126,1.0769134016207829,1.0705956230710676
2009-12-29,1.091620691732554,1.0543546589123662,1.034334569808562,1.0675255159118633,1.0540039861064596,1.0799596818257513,1.0731267694254458
2009-12-30,1.0800115158776038,1.0463552654127686,1.025956696397773,1.0583447387987421,1.0445669901479857,1.069574806530947,1.062611800781081
2010-01-04,1.0894331074755508,1.0539155497842598,1.0325410280350673,1.06652372587866,1.0520947966858722,1.0783807488596742,1.0711007707815117
2010-01-05,1.0973175695965647,1.057683926615453,1.040013749919571,1.0716389189304671,1.0597090334070303,1.0848690162443808,1.0788525578321042
2010-01-06,1.1118271464478333,1.0676246216312106,1.0537656115947487,1.0830801501404286,1.0737213212681058,1.097834418700031,1.0931179760963974
2010-01-07,1.1135585445659073,1.063470554540993,1.055406593111197,1.080842637871175,1.0753933789084673,1.0975601413459015,1.0948202392698527
2010-01-08,1.1215210584787272,1.0784126546235753,1.0629532907880628,1.0935215653821313,1.0830829923401986,1.107910950651754,1.1026487647028118
2010-01-12,1.1360153068557726,1.0994187824996673,1.0766906244684291,1.1124230015930274,1.0970804770822384,1.1246403383486592,1.11689911243139
2010-01-13,1.1228761988641731,1.0833776696806239,1.0642376634008637,1.0973133881561128,1.0843916877878799,1.1104986359425961,1.1039811015864704
2010-01-14,1.13677175024199,1.107257020036137,1.077407565073865,1.1179578522057776,1.0978109947663126,1.1278129149776452,1.117642826835212
2010-01-15,1.1437930637367433,1.1169816130749977,1.0840622134449138,1.1268096936612775,1.1045916656886858,1.1357630815949094,1.124545989814677
2010-01-18,1.1330653691906387,1.1046794699002154,1.0738947376457357,1.115009448123227,1.0942316430907446,1.1244879337643952,1.1139988145744577
2010-01-19,1.1261111348885495,1.093576248761879,1.0673036654759953,1.1052494156230686,1.0875157523454042,1.1161118225763422,1.107161602018633
2010-01-20,1.1209591017557072,1.0853401767111683,1.0624206804161942,1.0980117837150971,1.0825402956475838,1.1099028918839569,1.1020962642555219
2010-01-21,1.1318680417183598,1.0984510998624346,1.0727599366830713,1.1104168109742998,1.0930753518096463,1.1215734957259045,1.1128216350214992
2010-01-22,1.1131780143130372,1.074556204787796,1.0550459348056973,1.0881973083546999,1.0750258906282975,1.1010900242978632,1.0944461123552598
2010-01-25,1.1050242776211199,1.0669277055828974,1.0473180003336964,1.0803900434836282,1.067151608225598,1.0931074851353266,1.0864295819271554
2010-01-26,1.086499526041791,1.0444226716420253,1.0297606432930817,1.0591621331502155,1.0492617583460837,1.0732071213854828,1.068216553922955
2010-01-27,1.0781798381096068,1.027027518868056,1.0218754238413486,1.0447117186101331,1.0412272123758555,1.0617839461221648,1.0600368647840108
2010-01-28,1.0847332943280477,1.0359220899019261,1.0280866472515235,1.0528509193174775,1.0475560609673098,1.0691422755725206,1.0664800433129986
2010-01-29,1.0699255937919707,1.0214978051756838,1.0140522304255235,1.0382875848131776,1.0332558670609677,1.0544509169560063,1.0519215180131332
2010-02-01,1.0659507550173555,1.0112417127820892,1.0102849646003411,1.0300707552473025,1.0294172585555512,1.0483288049133241,1.048013565477077
2010-02-02,1.0830257546972997,1.0383838093327722,1.0264682782909649,1.054002489738205,1.0459070441086171,1.0689031283626627,1.06480123715034
2010-02-03,1.0892062407654302,1.0369774595854304,1.0323260086965804,1.0550382827906022,1.0518757054138874,1.0724693607721303,1.0708777216503553
2010-02-04,1.0871792283550827,1.0264898178072113,1.0304048503770304,1.0472634092730249,1.0499181651159926,1.0675162677737098,1.0688848186072877
2010-02-05,1.0628554889905206,1.0034964874313732,1.0073513387141257,1.0238141026735632,1.0264280770639609,1.0436229808553754,1.044970384758254
2010-02-08,1.0536944865090452,0.9900100892005381,0.9986687396126782,1.0117048810695939,1.017581051049192,1.0329562739206473,1.0359635382142043
2010-02-09,1.0494070876751835,0.9947822464778939,0.9946052361546549,1.0135645285590016,1.0134405949041834,1.031794318354749,1.0317482851949178
2010-02-10,1.0523668173151735,0.9967840412601472,0.9974104035983564,1.0158772752825556,1.0162988852686519,1.034426588663088,1.034658210253138
2010-02-12,1.0636102341823068,1.0115741107818301,1.0080666698077778,1.0295425671233394,1.0271569547560864,1.0469091157183086,1.0457124295438573
2010-02-15,1.0536721921984575,0.9982577387815221,0.9986476095495144,1.0172985121402247,1.017559520834988,1.0357917002607862,1.0359416190591035
2010-02-16,1.0561536575839454,1.001176363291903,1.0009994885245368,1.0200798041487171,1.0199559385703343,1.0384272168315944,1.0383813278111376
2010-02-17,1.0790645905051042,1.0252948304295928,1.022713972937878,1.043838084664214,1.0420816415145246,1.0617830038019933,1.0609067290889094
2010-02-18,1.0791887678830248,1.0236740290128867,1.0228316655585419,1.0427774303207946,1.0422015629418062,1.061304338816736,1.0610288168832784
2010-02-19,1.0599842037265832,1.0048641654712778,1.004629996928325,1.023817986046135,1.0236551998076515,1.0422130479017655,1.0421474157863788
2010-02-22,1.0849646631951542,1.0308602540858653,1.028305933636578,1.049517943441369,1.0477795000931518,1.0675745383711588,1.066707518841502
2010-02-23,1.0814768451290957,1.0250461162212388,1.0250002554569675,1.044446207169568,1.0444112205595968,1.0632786425625995,1.0632783917172517
2010-02-24,1.068799863208454,1.0102127581370142,1.012985287438369,1.0302897485653817,1.0321687188172974,1.0498412462375024,1.0508147305587925
2010-02-25,1.0639450009996263,1.0027779115310052,1.0083839545234115,1.0236770785947347,1.027480248058069,1.0440890047130524,1.0460415631029558
2010-02-26,1.0685836516870548,1.0089017098160693,1.012780366856236,1.0293297975047897,1.0319599175470893,1.0492464445281826,1.0506021573171374
2010-03-01,1.0742979743825063,1.0134841001039985,1.0181962777460363,1.0342831121375797,1.0374783923696504,1.05457853374172,1.0562203227662994
2010-03-02,1.077490730071268,1.0197132073132926,1.0212223022155678,1.0395456851877567,1.0405617222447807,1.0588285284855088,1.0593593526486151
2010-03-03,1.0802052873536419,1.0242283085354544,1.023795100625832,1.0434886751194017,1.0431832430820804,1.062171074400556,1.0620282309648053
2010-03-04,1.070859000087944,1.013329744446486,1.014936892631771,1.0330744694569345,1.0341572825773941,1.0522744291501358,1.0528392174994154
2010-03-05,1.0864102744215118,1.0313390603595038,1.0296760525466424,1.0503177513006843,1.049175565660505,1.0686981601689896,1.0681288041762118
2010-03-08,1.1050240175744748,1.0549734614661666,1.047317753867136,1.0723708495700712,1.0671513570915718,1.0890771177824714,1.0864293262564213
2010-03-09,1.101261869250737,1.052522595378196,1.043752071429952,1.0694960679643113,1.0635181494640409,1.0857649756812657,1.082730485141993
2010-03-10,1.0987430960066729,1.0529951052964608,1.041364832877197,1.069009220779889,1.0610857025281735,1.08428050570382,1.0802540963259852
2010-03-11,1.108096529193928,1.065386226536139,1.0502298136204433,1.0804411782521517,1.0701185640411333,1.0946995197523426,1.0894501354655863
2010-03-12,1.1147669222966399,1.0698283898042589,1.0565518672687226,1.0856040419838169,1.0765603417207876,1.1006055831086006,1.096008283134043
2010-03-15,1.1175767354976263,1.0713111283050172,1.059214947168925,1.0875145387143534,1.079273853755746,1.102958694643468,1.0987708144585246
2010-03-16,1.1168774513935944,1.0666860378090066,1.0585521808891862,1.0841434542415942,1.078598536324865,1.1008968533827075,1.0980832974942574
2010-03-17,1.12860396185995,1.0782034662608038,1.0696663127152803,1.0957425584712532,1.0899231422692568,1.1125658396930398,1.1096124811705232
2010-03-18,1.1219435024893027,1.0706451455696828,1.0633536740424114,1.088462810580613,1.0834909578613188,1.1055854404676164,1.1030641000751569
2010-03-19,1.1295389661874908,1.080076842576606,1.0705524895011258,1.0973171659262055,1.0908261010476659,1.1138275132974513,1.110531751797642
2010-03-23,1.1256279757988084,1.0802332095527307,1.0668457377888312,1.0961684445950204,1.087049152642494,1.1113222813244805,1.1066865732446018
2010-03-24,1.1298153047844204,1.0885443360853275,1.0708143972190036,1.1031666917186609,1.0910929686487678,1.1169453010334616,1.1108034403319236
2010-03-25,1.1284052013408268,1.0919962835116144,1.0694779318139291,1.1050626910133439,1.0897311939004022,1.1172197929511587,1.1094170652759876
2010-03-26,1.1453906040006945,1.1093086864419945,1.0855763273956909,1.122292066269725,1.1061344532060333,1.134340336216293,1.1261166476148938
2010-03-29,1.1542095447903478,1.1178523078340143,1.0939347278579545,1.130934856205753,1.1146511410626883,1.143075060285011,1.134787188479181
2010-03-30,1.1693456611741562,1.134444831537821,1.1082804100886066,1.147080994574058,1.129268494969196,1.1587356863832012,1.1496686032389207
2010-03-31,1.1696190461487908,1.131043891490285,1.1085395184274496,1.1448549051898225,1.1295325101779605,1.157734984162529,1.1499373878527184
2010-04-01,1.1793592020121633,1.1442031782764155,1.1177710265203997,1.1569286481970402,1.1389388401604497,1.1686690641529225,1.1595136421277192
2010-04-02,1.1869513077877547,1.150551332380828,1.1249666594130379,1.1636903888725816,1.1462707405108048,1.1758458873755098,1.1669779924327455
2010-04-05,1.1917127006346244,1.1625697554523495,1.1294794040976361,1.1733487258887512,1.1508689453980943,1.183083178816049,1.1716592633738254
2010-04-06,1.1879617433970935,1.1533924290490782,1.1259243283287985,1.1659359244636223,1.1472465453029272,1.177480687253461,1.167971425028617
2010-04-07,1.1935936393758813,1.1548716912696377,1.1312621169675146,1.1687746610103795,1.1526854184325395,1.1817048823778786,1.1735085507892056
2010-04-08,1.1843312572289653,1.142001521381054,1.1224834324219424,1.157070382955387,1.143740487353414,1.1712041440444438,1.1644020305368301
2010-04-09,1.1885595151230313,1.1424233451089942,1.1264908833822431,1.1587373395369966,1.1478238295052796,1.17414104612232,1.1685591378051152
2010-04-12,1.195920487352452,1.1502590523965268,1.1334674529218964,1.1664262325507118,1.1549325179855374,1.1816716306124002,1.1757962439427319
2010-04-13,1.188830200988517,1.1434107784764431,1.1267474335640812,1.1594914622711368,1.1480852381118842,1.174656050012373,1.1688252687287783
2010-04-14,1.1907298203881571,1.147217618032821,1.1285478515560814,1.162678744301738,1.1499197515595947,1.1772070634460812,1.170692922455459
2010-04-15,1.2008579336188048,1.1586534808364464,1.1381470572121875,1.1736992715263612,1.1597007423860084,1.1877913989331947,1.1806506057803643
2010-04-16,1.1894775881035797,1.1440465241746143,1.1273610130052938,1.160131697874219,1.1487104372273924,1.1753001758250001,1.169461761995946
2010-04-19,1.1679396121269487,1.1215010233352092,1.1069477873523326,1.1378914215260107,1.1279106356602575,1.1533958174202958,1.1482862143543844
2010-04-20,1.1685992926375717,1.1168191963153749,1.107573018206746,1.1349512015912653,1.1285477068378627,1.1522376393629983,1.1489347941511148
2010-04-21,1.1847852262965883,1.1342122078092312,1.122913694440384,1.151968198669884,1.1441788974683862,1.1688520906942352,1.164848360481189
2010-04-22,1.1749065045279523,1.1239128011500814,1.1135508565931884,1.1417952844874277,1.1346387506715139,1.1588194279254795,1.1551358720061133
2010-04-23,1.1762815516006613,1.1243397401006252,1.1148540963316442,1.142532707534782,1.1359666705414613,1.1598731726777627,1.1564877805990625
2010-04-26,1.195577046561916,1.1462540789574263,1.1331419472029163,1.163614252617699,1.1546008479947751,1.1800812089167687,1.1754585823709138
2010-04-27,1.1936166687617311,1.15193692803502,1.1312839437190396,1.1668039229692617,1.1527076585286569,1.1807209242338224,1.1735311926501566
2010-04-28,1.170844416191816,1.127952748845243,1.1097008975293567,1.14319026018346,1.1307158829224047,1.157511359772322,1.1511421380926101
2010-04-30,1.1844613844997776,1.1369054278810777,1.1226067642218092,1.1536777532982077,1.1438661547519804,1.1695550890287907,1.1645299681028087
2010-05-06,1.1482614842252048,1.0970323319492277,1.0882972852939228,1.1149619090597684,1.108906939304895,1.132064776053055,1.1289392183631062
2010-05-07,1.1208638810603737,1.0687315772699248,1.0623304323101141,1.0869186887887474,1.0824483384659902,1.104322508315497,1.1020026458777916
2010-05-10,1.138518475593262,1.0824545225189657,1.0790630734089068,1.101931045307418,1.0994978543272176,1.1206466115311586,1.1193601593242388
2010-05-11,1.1243253247976417,1.0668144711277026,1.0656111134739592,1.0867400835749708,1.0857911476022384,1.1059381451718655,1.1054058424848743
2010-05-12,1.1251161060094188,1.0669542093175408,1.0663605987243672,1.0870907144490831,1.086554826246222,1.1065059633018581,1.1061833168976143
2010-05-13,1.1425127407569406,1.0863757391004067,1.082848751143546,1.1058807250104394,1.1033552234180355,1.1246207064690512,1.1232872113535601
2010-05-14,1.1313795295021931,1.0739129037814679,1.0722969354189935,1.0938329260943784,1.092603582448847,1.1130163175697425,1.112341343200291
2010-05-17,1.1106718469916819,1.0461441528303757,1.0526706438725832,1.0683154759186297,1.072605617570383,1.0898540850653542,1.09198211733694
2010-05-18,1.1010886258986232,1.0360696323061007,1.0435878751450538,1.0583875896327664,1.0633508437083508,1.0800899750456345,1.0825601570266552
2010-05-19,1.0968719935156146,1.0334555479843264,1.0395914425915338,1.055251600838474,1.059278728624589,1.0764193510162914,1.0784144796421957
2010-05-20,1.0839394691967856,1.015982481445184,1.0273342770403648,1.039226679602628,1.0467894427285673,1.0619089310852263,1.065699576202051
2010-05-21,1.0611142368607642,0.9966103613105992,1.0057010177795123,1.0187130910661741,1.024746503139995,1.0402431671135441,1.0432584333906019
2010-05-24,1.0622207876744891,0.997461831803565,1.0067497825975966,1.019648169134652,1.0258151289651145,1.0412633491505483,1.0443463638209851
2010-05-25,1.038940294511761,0.9675034190504628,0.9846850370171102,0.9918143532404937,1.003332531775147,1.0156569078944262,1.0214576210430524
2010-05-26,1.03678225133048,0.9710420831248704,0.9826396905799094,0.9935135325725575,1.0012484515443651,1.015455728231531,1.0193358921374513
2010-05-27,1.0482739271362806,0.9918509074688975,0.9935312512172232,1.0113322834760452,1.012346271353146,1.0301665587768758,1.0306341928120897
2010-05-28,1.0589103804825728,1.0066377831039497,1.0036122505897103,1.0247939809176412,1.022618179875145,1.0422438656640718,1.0410916622055015
2010-05-31,1.0632557177755195,1.0071374687410415,1.007730666860366,1.0265389900005257,1.026814588745395,1.045271776164659,1.0453638787297137
2010-06-01,1.0627417869667777,0.9991985726885473,1.006515345610261,1.0209958186080066,1.0258328388250821,1.0422086278480385,1.0446256153168363
2010-06-02,1.05032014325306,0.9962788397813147,1.003574232545712,1.0150289664302345,1.0198377183781457,1.0330723933393904,1.0354681929541163
2010-06-03,1.0733445919862121,1.0016907838191906,1.0090258063095228,1.026088974689342,1.0309501239953769,1.0500070895765814,1.0524421624687486
2010-06-04,1.073066483154315,1.0016254137661609,1.0089599575750308,1.0259553825233205,1.0308158989295961,1.0498025379435048,1.052237136459697
2010-06-07,1.0362545957064697,0.9929727038965225,1.0002438870131294,1.0082724497449873,1.0130491923475047,1.022727052268605,1.02509885998856
2010-06-08,1.0345061031984246,0.9925617171357164,0.9998298907436182,1.0074325450938884,1.012205308604911,1.0214410197629011,1.0238098450430952
2010-06-09,1.0264369409779177,0.9906650439568686,0.9979193289070645,1.0035564479140073,1.0083108482152296,1.0155060758831744,1.0178611374268172
2010-06-10,1.0349768235482564,0.9926723609222541,0.9999413447349375,1.0076586599953656,1.012432494737367,1.021787238959263,1.0241568671568737
2010-06-11,1.0443451424776309,0.9948744035579915,1.0021595121394347,1.0121588191928212,1.016953973670537,1.0286777246842764,1.0310633326168521
2010-06-14,1.057762559148626,0.9980281949472175,1.0053363976123275,1.0186040001792143,1.0234296890334338,1.0385463594665703,1.0409548537637043
2010-06-15,1.0582838098662013,0.9981507160006384,1.0054598158434973,1.0188543878131706,1.0236812628916876,1.038929744218486,1.0413391276237278
2010-06-16,1.0732602316351432,1.0016709547451361,1.009005832034268,1.0260484514094848,1.030909408734397,1.0499450417535754,1.05237997075055
2010-06-17,1.067821070492402,1.0003924687297416,1.007717984124137,1.0234356997271952,1.0282842790065962,1.0459444881331612,1.0483701394407072
2010-06-18,1.065301010991147,0.9998001235600059,1.007121301423087,1.02222516568921,1.0270680100013287,1.0440909609261468,1.0465123137161862
2010-06-21,1.0858526559953592,1.0046308299946378,1.0119873813890667,1.032097339660418,1.0369869539046117,1.059206887016477,1.0616632951715972
2010-06-22,1.0765766868390179,1.002450494363023,1.009791079941301,1.027641541536025,1.0325100462073702,1.0523843254086498,1.054824911351719
2010-06-23,1.0600117122430535,0.9985568630087525,1.0058689369205422,1.0196844018030993,1.0245152091155947,1.04020063249115,1.0426129632151406
2010-06-24,1.0598718764179424,0.9985239943104066,1.0058358275365022,1.019617230362924,1.0244477194472659,1.0400977819409034,1.0425098741440408
2010-06-25,1.0460345368203836,0.9952714991734765,1.0025595155437474,1.0129703354901396,1.0177693345680636,1.0299202899396245,1.032308779507
2010-06-28,1.0393951745640777,0.993710903417428,1.000987492104472,1.0097810560315517,1.0145649457339643,1.025036977234842,1.027414141904977
2010-06-29,1.0289782268005951,0.9912623784171194,0.9985210374334151,1.0047771782130603,1.009537361786877,1.0173752152470616,1.019734611514385
2010-06-30,1.0167104581909618,0.9883788141696352,0.9956163578787431,0.9988842413737951,1.0036165068561662,1.0083521573089511,1.0106906281901435
2010-07-01,1.0020659767976239,0.9849330488254556,0.9921453604303012,0.9918460162566345,0.9965449377854227,0.997579297541258,0.9998927850684789
2010-07-02,1.004957740755865,0.9856436292557422,0.9928611441863262,0.9932771518446833,0.9979828534519465,0.9997384097591003,1.0020569044864487
2010-07-05,1.0111715232236664,0.9871705146735837,0.9943992104386736,0.9963523562370479,1.0010726267833276,1.0043778802826233,1.0067071344124727
2010-07-06,1.0224623758400784,0.9899449661939469,0.9971939782728424,1.0019402054640607,1.0066869487335275,1.0128081042517958,1.0151569089256995
2010-07-07,1.0171460702564052,0.9886386138208854,0.9958780599496978,0.9993091628798088,1.0040434414496753,1.0088387275996038,1.0111783268866292
2010-07-08,1.039693056247459,0.9941789854551372,1.0014590017391298,1.010467678761811,1.0152548213747326,1.025673252696326,1.0280518929537623
2010-07-09,1.0379601011908033,0.9937531540361112,1.0010300521092887,1.0096100383423705,1.0143931178396826,1.0243793557912435,1.0267549953705797
2010-07-12,1.0345193705581688,0.9929076784410267,1.0001783853995356,1.0079072188424525,1.01268223114478,1.0218103620370838,1.0241800438594553
2010-07-13,1.0293245782336629,0.9916311849863387,0.998892544640919,1.00533631323761,1.0100991457423711,1.017931712279025,1.0202923991193837
2010-07-14,1.0468932554557877,0.9959482587172316,1.0032412307550145,1.0140310613465873,1.018835085667827,1.03104922331706,1.0334403309953908
2010-07-15,1.0298762513089348,0.9917667451831131,0.9990290974964143,1.0056093365487762,1.0103734625155198,1.0183436145277127,1.0207052566111456
2010-07-16,1.013003146500795,0.9876205914001699,0.9948525829157703,0.9972588276135675,1.0019833926146282,1.0057454470180969,1.0080778726738522
2010-07-20,1.0021725644103594,0.9849592401304218,0.9921717435248039,0.9918987665253401,0.9965979379612402,0.9976588803219588,0.9999725524097164
2010-07-21,0.9989115400237649,0.9841579229602572,0.9913645585962851,0.9902848837463359,0.9949764093295422,0.995224062785862,0.9975320882849076
2010-07-22,0.994879301736526,0.9831670987925379,0.9903664789784095,0.9882893267798293,0.9929713983092429,0.99221342461589,0.994514468139796
2010-07-23,1.0145117093228022,0.9879912839029662,0.9952259898668664,0.9980054161915284,1.0027335181943864,1.0068718032724158,1.0092068410625168
2010-07-26,1.0201370883080023,0.9893735835226976,0.9966184115711401,1.0007894193737517,1.005530710734912,1.0110719470850966,1.0134167254345166
2010-07-27,1.0196987094448269,0.9892658626140335,0.9965099018608812,1.0005724654310375,1.0053127289617327,1.0107446350453886,1.0130886543250048
2010-07-28,1.042335701635044,0.9948283510754722,1.0021131224310964,1.011775525430965,1.0165688640347657,1.0276463625442092,1.0300295786434202
2010-07-29,1.0365614728090733,0.9934094752394833,1.0006838566760465,1.008917856379923,1.0136976566295781,1.0233350811993949,1.0257082990000825
2010-07-30,1.0197802319657274,0.9892858947842991,0.9965300807195479,1.0006128109718813,1.0053532656416522,1.0108055031775902,1.0131496636165762
2010-08-02,1.0205912812461229,0.9894846927430287,0.9967303344044576,1.0010138723410769,1.0057562270597173,1.0114110795294302,1.0137566443613704
2010-08-03,1.03280043195647,0.9924439497838422,0.9997112610236476,1.0070013471780352,1.011772067866749,1.0204855767304641,1.0228521862414008
2010-08-04,1.0181586253106558,0.9888950649813856,0.9961363890101054,0.999820876485252,1.0045575793246504,1.009602998852798,1.0119443705623425
2010-08-05,1.0338303673282014,0.992693585780046,0.9999627250147537,1.007506436538322,1.0122795501138653,1.0212510800705203,1.0236194648613104
2010-08-06,1.039501765647545,0.9940682207408177,1.001347425934518,1.010287740130443,1.0150740302748418,1.025466368209376,1.027844528680713
2010-08-09,1.0362744447705206,0.9932859818894122,1.0005594590284468,1.0087050336015115,1.013483825592305,1.0230676498250928,1.0254402474253104
2010-08-10,1.0318803074768677,0.9922209297794794,0.9994866079237484,1.0065501100445773,1.011318692974157,1.0198016907491336,1.0221667142591457
2010-08-11,1.0086657162667774,0.9865941712835062,0.9938186466925776,0.9951654704395563,0.9998801180533101,1.0025473584899234,1.004872367454154
2010-08-12,1.0004333905649856,0.9845988180952906,0.9918086822483255,0.9911282655463978,0.9958237866942712,0.9964286514388593,0.9987394705011139
2010-08-13,1.0046764631899614,0.9856272551125764,0.9928446501411805,0.9932091056618284,0.9979144848968001,0.9995823311314603,1.0019004638966473
2010-08-16,1.002173993796921,0.9850207059474081,0.9922336594339317,0.9919818726726909,0.99668143782824,0.9977223613398208,1.0000361806464944
2010-08-17,1.0004004162349507,0.9845908257688268,0.9918006313969205,0.9911120946450767,0.9958075391824731,0.9964041431439987,0.998714905369033
2010-08-18,1.0112148697033638,0.9872120357389707,0.9944410355479367,0.9964155976940402,1.0011361678499766,1.0044420263725722,1.0067714292637073
2010-08-19,1.0210182435837436,0.9895881799825381,0.9968345794439202,1.0012232584248002,1.0059666051207847,1.0117284208932655,1.0140747216720007
2010-08-20,1.003401755442973,0.9853182911260758,0.9925334237221745,0.9925839777769624,0.9972863954364191,0.9986348998025657,1.0009508353784489
2010-08-23,0.9988637895468735,0.9842183778030613,0.9914254561282291,0.9903585194090151,0.9950503938449621,0.995262039576699,0.9975701531477723
2010-08-24,0.9908382028732649,0.9822731340728478,0.9894659680755752,0.9864227011526858,0.9910959294471603,0.9892969920861644,0.9915912721073609
2010-08-25,0.9789488084700209,0.9793913796467199,0.9865631115949324,0.9805920376196552,0.985237642845676,0.9804601549634326,0.9827339414634485
2010-08-26,0.982927609654797,0.9803557624854103,0.9875345562634065,0.9825432766976457,0.9871981260191826,0.9834174139138134,0.985698058597147
2010-08-27,0.9921758911586366,0.9825973632981898,0.9897925715152939,0.9870787152472262,0.9917550514422231,0.99029123393717,0.9925878197060168
2010-08-30,1.003469559498898,0.9853347254903205,0.9925499784293765,0.992617229482042,0.9973198046731622,0.9986852954222369,1.0010013478706714
2010-08-31,0.9743993316452051,0.9782886763018883,0.9854523335488405,0.9783609341910747,0.9829959694498208,0.9770787391964889,0.9793446838505279
2010-09-01,0.9848708969709365,0.9805803372117463,0.9877627464656232,0.983332567934157,0.9879968222386992,0.9847835168033098,0.98707902381646
2010-09-02,0.993716286758975,0.9833170505989871,0.9921984275977715,0.9881060222288013,0.9939124652797808,0.9915960681693203,0.9944667084562323
2010-09-03,0.9987770398953447,0.9844440646249843,0.9947362340415091,0.9905437565477888,0.997297009069392,0.995346885885907,0.9986934581085536
2010-09-06,1.0161340353731916,0.9914633304736078,1.0034402142161287,1.0010130294483144,1.008905066144667,1.009266974025316,1.0131900503398747
2010-09-07,1.0123342946429372,0.9903348508616967,1.0015347653135789,0.9989939962480624,1.0063638655478047,1.006356266036715,1.010016500400224
2010-09-08,0.9967964203108214,0.9850536879978768,0.9937430164296734,0.990292137519281,0.9959724050956856,0.9942306688048422,0.9970392412529434
2010-09-09,1.0026298549140433,0.9860402871916119,0.9966682980085728,0.9928931574015403,0.9998737048284367,0.9984495562267747,1.0019113357844494
2010-09-10,1.0101726239927329,0.9870521960305265,1.000450756361255,0.9960799859266685,1.0049181777663252,1.0038163715724338,1.0082110693857134
2010-09-13,1.0147922414305095,0.986159936437134,1.0027673473083492,0.9970209438992009,1.0080076976634809,1.0065971485573584,1.0120693817500637
2010-09-14,1.0105461893125742,0.9834349799750911,1.0006380874659946,0.9937860674498211,1.0051680117632054,1.0028544860351594,1.0085230717780869
2010-09-15,1.0246741672351005,0.9884152245675938,1.0077228182249602,1.0018175195296188,1.0146165579872466,1.0139394996757751,1.0203227830390231
2010-09-16,1.0174849006492237,0.9817955178437094,1.0041176301085382,0.9949993161188041,1.0098085013760238,1.006931053328119,1.0143182953227743
2010-09-17,1.0271927483398404,0.9838052200880358,1.0089858063977581,0.9995737728915672,1.0163009412809938,1.0140751498101477,1.0224263062739933
2010-09-21,1.0245236641040996,0.9847219320502745,1.007647345700345,0.9992983244348433,1.0145159041075533,1.012602798649839,1.020197082567277
2010-09-22,1.0223364625616227,0.982805218042942,1.0065505338190541,0.9972890002153985,1.0130531417088073,1.0105031503743156,1.0183703281079888
2010-09-24,1.0131195848113408,0.9777316486624938,1.0019285633108095,0.9908296333948275,1.0068890539715225,1.0026606714261996,1.0106723760884526
2010-09-27,1.025340024872428,0.983537613822889,1.0080567246134142,0.9987782581188385,1.0150618720087878,1.0127505259712908,1.0208789084735646
2010-09-28,1.0260008700215255,0.983003996128553,1.008388117398737,0.9986414521515213,1.0155038337652698,1.013012415314777,1.0214308474693856
2010-09-29,1.0315776395483252,0.9774349450635269,1.0111846896201009,0.9967743504803191,1.0192334803533194,1.0148656243564094,1.0260885748912343
2010-09-30,1.0117360382642793,0.966769918939264,1.0012347588023243,0.9830408406198033,1.005963762073792,0.9980688167941016,1.0095168356522406
2010-10-01,1.01328816113305,0.968227091398825,1.0017743715962377,0.9845334394535141,1.0068528399859589,0.9995977118400572,1.0107564769484294
2010-10-04,1.0035749256667623,0.9659067697755369,0.9993736551148259,0.9798146410461822,1.0020270662871187,0.9924112112577788,1.003489751620737
2010-10-05,1.014554196435117,0.9685295250315141,1.0020872839956407,0.98514849356064,1.007481837386848,1.0005344093459572,1.0117036310483394
2010-10-06,1.031586104372779,0.972598149169246,1.0062968784441384,0.9934227848952845,1.0159437071368305,1.0131357528155092,1.024445646540407
2010-10-07,1.035561682370111,0.9735478450377644,1.0072794795202125,0.9953541651431066,1.0179188718287397,1.0160771510439246,1.0274198803501091
2010-10-08,1.0279227790509688,0.9717230449893015,1.0053914535208608,0.9916431004889819,1.0141236772353992,1.0104253799794303,1.0217050171186282
2010-10-12,1.0089468893425377,0.9671900376958592,1.0007013858981209,0.9824244010716109,1.0046959896451138,0.996385748909824,1.0075086580538912
2010-10-13,1.0055640475262273,0.9663819361068685,0.9998652850818056,0.980780978688774,1.0030153108310207,0.9938828965114601,1.0049778656735893
2010-10-14,1.0249536652857314,0.9710137757766489,1.0046576094401596,0.990200671819851,1.0126485486681078,1.0082286312362554,1.0194837455069665
2010-10-15,1.0123605530394175,0.9680055020916309,1.0015451046288715,0.9840827970686925,1.0063919815257043,0.9989114053947796,1.0100625090886404
2010-10-18,1.017026346519125,0.9691200783353899,1.0026982988806195,0.9863494917161557,1.0087100622040468,1.0023634711534124,1.013553111140907
2010-10-19,1.020292837714835,0.9699003858014233,1.0035056425589586,0.9879363896664193,1.0103329351751036,1.0047802395887553,1.0159968585808754
2010-10-20,1.0075868357521829,0.9668651447427865,1.00036523600437,0.9817636718286795,1.0040202816518164,0.9953794903924702,1.0064911664151521
2010-10-21,1.0033362910265837,0.965849764144654,0.9993146743441342,0.9796987096694623,1.001908506742855,0.9922346534067367,1.003311222809213
2010-10-22,1.0080819530570893,0.9669834195846376,1.0004876088510128,0.9820042053520296,1.0042662680768497,0.9957458112556217,1.00686157661186
2010-10-25,1.0039710932315635,0.9660014072596426,0.9994715716129405,0.9800071036792881,1.0022238920534852,0.99270432249193,1.0037861349306179
2010-10-26,1.001097134061911,0.9653148688112608,0.9987612458755036,0.9786109021767546,1.0007960386239472,0.9905779754762691,1.001636050958974
2010-10-27,0.9992611739321826,0.9648762901313462,0.9983074712544773,0.9777189722151927,0.9998838885852794,0.9892196095036613,1.0002625211993346
2010-10-28,0.9940107326938515,0.9636220517903334,0.997009775871791,0.9751682491487935,0.9972753405558217,0.9853349822702904,0.9963345288778714
2010-10-29,0.9887773704938891,0.9623718933320919,0.9957163017322775,0.9726258232702193,0.9946752778116683,0.981462991250631,0.9924193138314077
2010-11-01,0.981172448402412,0.9605527709782025,0.9938341501491282,0.9689294734795013,0.9908951316680983,0.9758358687699153,0.9867293743421549
2010-11-02,0.9810753168263922,0.9605289983975905,0.993809553892511,0.9688815136906973,0.9908460846295445,0.9757634163105964,0.9866561130774881
2010-11-04,0.9980035261753541,0.9646721126952658,0.9980962194473951,0.9772400040856056,0.9993940622348355,0.9883905191483752,0.9994241754962034
2010-11-05,1.0200636786220636,0.9700712503788071,1.0036824272783258,0.9881324480845534,1.010533438243045,1.004845644898504,1.0160629940268373
2010-11-08,1.0285137518511764,0.9721393733852188,1.0058222069266505,0.9923047651008325,1.0148003418024552,1.011148729970955,1.0224364420512524
2010-11-09,1.0260309183504521,0.9715317094106338,1.0051934885178295,0.9910788386286252,1.01354662354293,1.0092967329111093,1.0205637706742017
2010-11-10,1.0394481361569137,0.9748155219972487,1.0085910791446766,0.9977037381587446,1.020321709730175,1.0193049142577948,1.0306836759108948
2010-11-11,1.0423392768630653,0.9755231175940022,1.0093231916217793,0.9991312708247543,1.021781604601539,1.021461476139947,1.0328643120453183
2010-11-12,1.032376277208951,0.9730847116490033,1.006800299415036,0.9942119296707832,1.0167507418464001,1.0140298678338406,1.0253497427935405
2010-11-15,1.0360172732150552,0.9739758314538037,1.0077222948749867,0.9960097116758116,1.0185892796196252,1.016745762353649,1.028095955539018
2010-11-16,1.0312383987599512,0.9728062202637725,1.0065121588177393,0.9936500896149049,1.0161761648607845,1.0131811006726938,1.0244915006273285
2010-11-17,1.032973824900957,0.9732309591542921,1.0069516141262331,0.9945069754456298,1.0170524763171918,1.0144755910643308,1.0258004417465374
2010-11-18,1.0558990355290225,0.9788418165091594,1.01275687732401,1.0058265514790916,1.028628667455051,1.0315759816733394,1.043091728392829
2010-11-19,1.0570756903328604,0.9791297982584817,1.0130548371089834,1.006407537788586,1.029222824740386,1.0324536729226823,1.0439792175342368
2010-11-22,1.0644305491650206,0.9809298717427322,1.014917279814348,1.0100390805960529,1.0329366947245873,1.0379398148362524,1.0495266026541885
2010-11-24,1.0542142494164268,0.9784294715713264,1.0123302453957692,1.0049946697218832,1.0277779269152043,1.0303192647303443,1.0418209823969373
2010-11-25,1.057161709286952,0.9791508510675072,1.0130766193589527,1.0064500105975367,1.0292662604091003,1.032517836246571,1.044044097129733
2010-11-26,1.0538604225093156,0.9783428737931719,1.012240647164566,1.0048199637772919,1.0275992603819764,1.030055337893739,1.0415541092775018
2010-11-29,1.0626001389392123,0.9804818858618378,1.014453772050205,1.009135295324039,1.032012420615249,1.0365744738435845,1.0481460200105548
2010-11-30,1.0455574270960197,0.9763107475179573,1.0101381114676808,1.00072026805754,1.0234066244459117,1.023861961217917,1.0352915943526275
2010-12-01,1.0515391491924373,0.977038545081648,1.0109137940924755,1.0031707757999995,1.0259442970484756,1.0280694447931515,1.0395754652488627
2010-12-02,1.0643282342498082,0.9954697196289768,1.0232087833073298,1.019853809016926,1.0384220910413613,1.042869817885785,1.0522190449566027
2010-12-03,1.0661337572067469,0.9971617284722833,1.0249445513613502,1.0215861426608734,1.0401836669011704,1.0446400953424673,1.0540040259241859
2010-12-06,1.0694390512959786,1.0020280417967082,1.0281221481164522,1.0259682084064277,1.0434085089087357,1.0485012705695849,1.0572717146671453
2010-12-07,1.0677400563540518,1.0029681826170957,1.0264887924547004,1.0260714508215554,1.0417508681326193,1.047723635801949,1.0555920497126208
2010-12-08,1.0775371860657053,1.0105055494319708,1.035907418071854,1.0343462549339886,1.0513095320804469,1.05675295996837,1.0652777144697696
2010-12-09,1.0811700113113252,1.0092856360661424,1.039399892084966,1.034666468413917,1.0548539330148103,1.058692911967737,1.0688692079465303
2010-12-10,1.0787633253294207,1.0036578781022845,1.0370861864478296,1.0300489537269026,1.0525058266605984,1.0551503662166744,1.0664899035703996
2010-12-13,1.090000892030818,1.013797885273081,1.0478895989495907,1.0405633189291323,1.0634698668286269,1.0660314075108674,1.0775996170231437
2010-12-14,1.097328293348806,1.0239220412348906,1.0549339121098702,1.049823398416424,1.0706189164861204,1.0743582938269647,1.084843652245287
2010-12-15,1.0971373812638392,1.027964444379891,1.0547503757571817,1.0525297033863947,1.0704326512719724,1.0756517059940498,1.0846549122257607
2010-12-16,1.0989080777059823,1.027309438197329,1.056452662790325,1.0526444360723533,1.0721602483072477,1.0765760839635172,1.086405462910506
2010-12-17,1.098092896751485,1.0263057971282914,1.0556689756853648,1.0516982180211412,1.0713649091589417,1.075692739076368,1.0855995565201595
2010-12-20,1.0923977521476511,1.0189476146402379,1.050193858335917,1.0448504995670915,1.0658083864829604,1.0693998835178216,1.079969207326088
2010-12-21,1.1012764340956902,1.028096582791372,1.058729519667714,1.0539363737944634,1.0744709580257257,1.078395833821474,1.0887468737819856
2010-12-22,1.1019749216718366,1.0320055916576731,1.059401021747566,1.0568342004804416,1.0751524441557065,1.0802221580332039,1.089437414450396
2010-12-24,1.0983285656413755,1.0304518262074494,1.05589553970042,1.0546111077702633,1.0715948417808137,1.0773005373225573,1.08583254413269
2010-12-27,1.1013473641180367,1.034058838403437,1.0587977093666523,1.0580400791188462,1.0745401615850716,1.0805332868600974,1.0888169968116774
2010-12-28,1.0995857497650896,1.0322255217867535,1.057104153543616,1.0562249836162019,1.0728214255775794,1.0787420656961577,1.0870754248864092
2010-12-29,1.1063192698355997,1.038813054619894,1.063577529572749,1.0628753984458184,1.079391049276998,1.0854414206911955,1.0937323356304731
2010-12-30,1.0946118984209552,1.027610573476656,1.0523224628786394,1.0514843741230047,1.0679686396163521,1.0738815110288897,1.0821581625770331
2011-01-04,1.110397411554871,1.04612921699609,1.0674981156217245,1.069184467676407,1.0833699275171995,1.0906708523726765,1.0977640790785588
2011-01-05,1.1104588883528896,1.0521238041701881,1.0675572173139265,1.0732886657882792,1.0834299079471974,1.0927943828358657,1.0978248564361601
2011-01-06,1.1234397448058733,1.0659848644491072,1.080036568993351,1.086899380326519,1.0960948055489377,1.1061116246341696,1.1106580256974308
2011-01-07,1.1248272182674945,1.0656542887174183,1.0813704385524325,1.0871194651168956,1.0974485073928963,1.1069052907264931,1.1120297134472337
2011-01-11,1.1258267028121254,1.069283739847033,1.0823313088290414,1.0899132206763154,1.0984236641137275,1.1088211044258394,1.1130178265491486
2011-01-12,1.1294162362135398,1.068507644694486,1.0857821635429454,1.0905365232309607,1.101925826943399,1.110901900768767,1.116566520726315
2011-01-13,1.1402271375114825,1.0791111618229274,1.0961753945101953,1.1012312090830303,1.1124735869018334,1.1216661252849252,1.1272544230789752
2011-01-14,1.1314190087553893,1.0704865741844372,1.0877075606054705,1.0925276977016396,1.103879851260205,1.1129010917040643,1.118546507109684
2011-01-15,1.1314081233644426,1.070476333111549,1.0876970957627012,1.0925172260621534,1.1038692308237035,1.1128904046607482,1.1185357455651743
2011-01-17,1.1290480690864284,1.0650265887946366,1.0854282202517096,1.0880465066968104,1.1015666211404471,1.109451059491939,1.116202542349713
2011-01-18,1.1338992377039023,1.0756830770208567,1.0900919679368424,1.0968644401266954,1.1062997105179944,1.1163311220639174,1.120998517731499
2011-01-19,1.1412118953064072,1.0874940527410302,1.0971221069930293,1.1072590373032194,1.1134343753274973,1.1252242387956837,1.1282279769819394
2011-01-20,1.1308554088169658,1.07657416250062,1.0871657348897659,1.0964946374174462,1.1033299695529124,1.114647627767583,1.1179893194209032
2011-01-21,1.1114389117048162,1.0465170212152608,1.0684993782650953,1.0697829830578762,1.084386077167958,1.0914876227471157,1.0987937297613382
2011-01-24,1.1186391378005174,1.053053700143667,1.0754214295137996,1.0765478040177658,1.0914110470951521,1.0984741622252336,1.105912036672768
2011-01-25,1.132280462935803,1.0708827884772725,1.0885357332081045,1.0930741555381396,1.104720337326979,1.1136028865323682,1.1193981602612395
2011-01-26,1.1241193952515227,1.0608169493103359,1.0806899616998376,1.0835963160297897,1.0967579130511504,1.1047606913337882,1.1113299435511639
2011-01-27,1.1316543901272154,1.0727184840114117,1.0879338482104859,1.0941239780960554,1.1041095033623083,1.1138308712405827,1.118779210475331
2011-01-28,1.118756475937058,1.063549176623451,1.0755342343873917,1.08373665328368,1.091525529178014,1.1021984473897475,1.1060280398172817
2011-01-31,1.1089703603142367,1.0549903342591331,1.0661261973387555,1.0747640419070537,1.0819776112320192,1.0928158535765113,1.0963532638382927
2011-02-01,1.1145666454445984,1.0662864275534512,1.071506274569643,1.0842556902639522,1.0874376807107078,1.1004054126727454,1.1018858783134922
2011-02-02,1.133025134344257,1.0866136389399272,1.089251634845671,1.1040210382473208,1.1054468831576931,1.1195472680727272,1.1201343593143092
2011-02-03,1.1329411054023963,1.0846121261880721,1.0891708522932617,1.1026369619120728,1.1053648995113825,1.1188034415143717,1.1200512863955345
2011-02-04,1.1427225015981897,1.088569829942742,1.0985743522460738,1.1084916911885294,1.11490821290295,1.1266029673974085,1.1297213966418667
2011-02-07,1.1487253277504696,1.096292227096689,1.1043452641189595,1.1156732413655903,1.1207649280445922,1.1332105045357945,1.1356559267968847
2011-02-08,1.1521867126999432,1.100269317737273,1.1076729212915661,1.1194917341227126,1.1241420616030804,1.1368568916670998,1.1390779305064165
2011-02-09,1.1503001854037016,1.0871631819896492,1.1058592784346482,1.1099953246700174,1.122301453079573,1.1311066846747433,1.1372128668107842
2011-02-10,1.1549559836631436,1.0949547747914203,1.1103352037357614,1.1167869843150566,1.1268439274859239,1.1368514163344619,1.1418156946231213
2011-02-14,1.1697992890752,1.1169914757598136,1.1246050501818012,1.1365389085998212,1.1413259413496428,1.1542018346992216,1.1564901231894946
2011-02-15,1.1737459837456525,1.1190633395530019,1.128399267531194,1.139223215822602,1.145176572010852,1.1575122541417906,1.1603919151022177
2011-02-16,1.178348040993756,1.1195579804052285,1.1328235280609933,1.1410508345787314,1.1496666134819737,1.160711467171773,1.164941613331212
2011-02-17,1.1868980305633325,1.1288243666108733,1.1410431957755711,1.1501050213852557,1.1580084931404417,1.169526668951229,1.1733943270428144
2011-02-18,1.1868954410839052,1.1293206218422536,1.141040706338564,1.1504405938455917,1.1580059666899023,1.1696956760268424,1.17339176702469
2011-02-21,1.1895135882730727,1.1370639240263076,1.1435577035521498,1.156538771685984,1.160560387207315,1.1740826214134246,1.1759801267489658
2011-02-22,1.170534282055211,1.1200220072310165,1.1253116473090927,1.1388316451904148,1.1420430443284444,1.1557281050972514,1.157216753928575
2011-02-23,1.1585546233488915,1.1050189650299456,1.1137948129201507,1.1247764381331367,1.130354974949597,1.1426821021334979,1.145373391479627
2011-02-24,1.1436518006002165,1.0914393032330398,1.0994677485411206,1.1107382534746135,1.1158148924232647,1.128201725389881,1.130640122723658
2011-02-25,1.152089394607596,1.0991138287069644,1.107579363004132,1.1186768692547242,1.1240471122691253,1.1363953498229693,1.1389817196319034
2011-02-28,1.1619561760885702,1.1100177179230941,1.1170649494514584,1.1292681155383821,1.133673732636425,1.1466405590459505,1.1487362437087958
2011-03-01,1.1768565343051307,1.1275483219506321,1.131389644513557,1.1459837400180495,1.1482114106182668,1.1624783229127247,1.1634670759723893
2011-03-02,1.15219822811856,1.1052772871480108,1.1076839918214019,1.1228898164300392,1.124153296732145,1.1385866392606105,1.1390893149105785
2011-03-03,1.1595019798330004,1.1138547722245298,1.1147055690612266,1.1310723512267733,1.1312792724261957,1.1463440530049587,1.146309969597979
2011-03-04,1.1684455541647332,1.1262497435824756,1.1233036157125411,1.1423737557214106,1.140005156848014,1.1564932412067637,1.1551517901369852
2011-03-07,1.1526474334635977,1.11247625922418,1.1081158424852857,1.12791340702933,1.1245915682528003,1.141356446387775,1.1395334095084053
2011-03-08,1.1491786544300955,1.1071874313675847,1.1047810768930402,1.1232039463521433,1.121207220585026,1.1372546238516015,1.1361040958396105
2011-03-09,1.156375623007556,1.1146292495538432,1.1116999964750571,1.1305823304955165,1.1282290122831795,1.1445514357865796,1.1432191822945854
2011-03-10,1.1389378383243025,1.0897816226867643,1.0949359063427464,1.1080862952127488,1.1112156697341338,1.124529151597902,1.125979792644733
2011-03-11,1.1207587442229712,1.0721129948308055,1.0774591466754961,1.090213889556516,1.0934790615126597,1.106485830812926,1.1080075276817898
2011-03-14,1.0404792582013223,0.9885114909972716,1.0002811929452287,1.0075104662430026,1.0151536078981689,1.0248895912952252,1.0286414060352602
2011-03-15,0.9361982005020986,0.8880648055483108,0.9000289486311122,0.9056026653475914,0.913410789745497,0.9216987884280311,0.9255467859656517
2011-03-16,0.9990041050739414,0.9615367349793119,0.9604083984413182,0.9757708959192558,0.9746879753509384,0.9883071704281311,0.9876381284665864
2011-03-17,0.9946251915275865,0.9639289642787074,0.956198660638833,0.9759704439796506,0.9704156461812624,0.9862456733971275,0.9833090351648939
2011-03-18,1.021311023414373,0.9985404033504218,0.9818535072338486,1.008083926533067,0.9964519350415191,1.0157134247465205,1.0096912541441532
2011-03-22,1.0678955886425336,1.044509986464706,1.026638315880407,1.0543522170759887,1.041902614707624,1.062188258442131,1.0557458124624746
2011-03-23,1.0588432396529526,1.0249129294855615,1.0179356969911966,1.038135612373503,1.0330706032433952,1.049492374103545,1.046796454828319
2011-03-24,1.0536427125859777,1.0335650420073896,1.0129360880345604,1.0423099620164453,1.0279966589303313,1.0490410955442553,1.0416550957554387
2011-03-25,1.0572724692631725,1.0369859542891922,1.016425612030879,1.045806036918631,1.031538065986361,1.0526069982817725,1.04524355557582
2011-03-28,1.0566759841814655,1.034523094019179,1.0158521716625093,1.0439436724479794,1.0309560995723461,1.0513678144128267,1.0446538568881334
2011-03-29,1.0572104242988771,1.0351685957714178,1.01636596412304,1.0445545162550292,1.0314775312194642,1.051941587675992,1.045182216516144
2011-03-30,1.0744809744971417,1.0520950517189855,1.0329692807379283,1.061629147688459,1.0483277098327917,1.0691315581177685,1.0622562743591193
2011-03-31,1.0770235026318,1.0539799519938422,1.035413580377336,1.0637315697245817,1.0508083518914741,1.071453632053213,1.0647698753700998
2011-04-01,1.0708279369891343,1.0596653367929219,1.0292643183057137,1.0655736607582107,1.04464769987263,1.069333499377369,1.0586031374188138
2011-04-04,1.067326094918262,1.0596605957977188,1.0267398783601902,1.0644089293266852,1.0418008440751276,1.0670006013388131,1.0554297618135062
2011-04-05,1.0520843698280864,1.0459279292860217,1.0157522841518816,1.0501471266561206,1.0294099387862166,1.0522343119332842,1.0416176830260933
2011-04-06,1.04248957476828,1.0369761903810197,1.008835500519759,1.0409634542463506,1.0216097589411408,1.0428355712722157,1.0329228624246805
2011-04-07,1.0445069197792005,1.0348891001091114,1.0102897826451094,1.0402334516138638,1.0232497787431962,1.0434765468732559,1.0347509841148024
2011-04-08,1.0595277471004918,1.0446509878921715,1.021118134049099,1.0517600373878806,1.0354611030911978,1.0567601075299315,1.048362884945341
2011-04-11,1.062231675196094,1.0490757423577015,1.0230673664691268,1.0556232078284842,1.037659287138109,1.0600485855389432,1.0508131894660564
2011-04-12,1.043998936533219,1.0287257975766755,1.0099235830359155,1.0359331767423434,1.0228368089348527,1.0410651855996975,1.0342906487804047
2011-04-13,1.0489731049943014,1.0318871624724786,1.013509407097876,1.0397024249510585,1.02688060646615,1.045440072811606,1.0387982492180101
2011-04-14,1.0498471310105502,1.0322502467075862,1.0141394829677155,1.0402357431938314,1.0275911542239207,1.046144075946975,1.0395902931715162
2011-04-15,1.043314692490825,1.0271968472339157,1.0094303189314393,1.034681231040447,1.0222805462366582,1.0400953594670395,1.0336705855941546
2011-04-18,1.038666844661153,1.0259183271873493,1.0060797358713025,1.0322824512750202,1.018502034164435,1.0365710569119329,1.029458697501729
2011-04-19,1.0284066361628688,1.0154441924521842,0.9986832629127097,1.0218574732712018,1.0101609001396081,1.0262172311058,1.0201608780413232
2011-04-20,1.0391706619132919,1.0262806696404023,1.0064429322607464,1.0326924748240507,1.018911617188485,1.0370283491278849,1.029915257604987
2011-04-21,1.0439939208504547,1.0335520853301572,1.009919967284643,1.039166978017663,1.0228327313878747,1.0426852870720693,1.034286103559631
2011-04-22,1.0422498666558868,1.0355851480920257,1.0086626975429416,1.0399514114340578,1.0214148859526786,1.0422080775986247,1.0327056385005664
2011-04-25,1.0410495848915302,1.0337894635277658,1.0077974274449468,1.0383494828872013,1.0204391054833315,1.0408049838202658,1.0316179409992463
2011-04-26,1.034278605073837,1.030736069360386,1.0029163015757094,1.034056618213104,1.0149345730804842,1.0352702127230535,1.0254820668671087
2011-04-27,1.0409362239007312,1.0366754135872707,1.0077157067369178,1.0402465753742982,1.0203469475883336,1.041700275582748,1.0315152130647722
2011-04-28,1.0553456281859932,1.0468213355896465,1.0181032899096374,1.0518278038079991,1.0320612097674486,1.0547059691017686,1.0445730412364675
2011-05-02,1.071189703372824,1.0534503944430826,1.0295250994663687,1.0615270669959949,1.0449417920461699,1.0674835965789458,1.0589309656150225
2011-05-06,1.0616136891480186,1.0356950762216421,1.0226224376645592,1.0464362249575208,1.0371573185201293,1.05512439451677,1.0502534085075088
2011-05-09,1.057211345505774,1.0354089476726867,1.0194491038970461,1.0447897993082869,1.0335785928905437,1.0521030062141226,1.0462641090489178
2011-05-10,1.0613147036548438,1.0417910248082756,1.0224069204676771,1.0504325857650536,1.0369142691050335,1.0569848117468363,1.0499824749405327
2011-05-11,1.0627080768484989,1.0427223635347063,1.0234113032613652,1.0515185066578516,1.038046961317395,1.058225095095876,1.0512451167010992
2011-05-12,1.0497472277766826,1.030330861109069,1.0140687568003024,1.0389128569402188,1.0275109090407377,1.0454288997634218,1.0395003024869331
2011-05-13,1.0359577939118914,1.0163883528130904,1.004128942993373,1.0249915722077716,1.0163012888021317,1.031558336697017,1.0270046443735554
2011-05-16,1.0218174162513722,1.002574282274645,0.9939361589760323,1.011040643085453,1.004806381530441,1.017498003464706,1.0141909693110103
2011-05-17,1.0210156514124502,1.007126669259818,0.9933582242113443,1.0138339919497514,1.0041546158776153,1.0185030195886797,1.0134644290184405
2011-05-18,1.0328023080633617,1.0167721490946735,1.001854379576751,1.024207057448314,1.0137361510033547,1.029591594007392,1.0241452178930015
2011-05-19,1.026149768765729,1.011919044366296,0.9970590411596614,1.0187493387792224,1.0083282104105742,1.0235326608621809,1.018116844468529
2011-05-20,1.0192928589997656,1.0013978582341145,0.9921163867307066,1.0094164192095343,1.0027541342562882,1.0154234231475,1.0119032753699069
2011-05-23,1.0067599859405587,0.9890075332678231,0.983082337479963,0.9969529323054583,0.992565989560147,1.0029119557294368,1.0005462828739295
2011-05-24,1.008957890821513,0.9894577071642406,0.9846666494608783,0.9979813754351599,0.9943526966343935,1.004524213017444,1.0025379721794823
2011-05-25,1.0077267513721038,0.9883584559037725,0.9837792093369774,0.9968362447165079,0.9933518864616218,1.0033349948575263,1.001422342792478
2011-05-26,1.0185766726540364,1.0012097938655744,0.9916001393635256,1.0090535063841357,1.0021719365363224,1.0148840942908326,1.011254284279377
2011-05-27,1.0163274046037223,1.0016930006067213,0.9899788033579131,1.0086351211381812,1.0003434756360363,1.013552984817223,1.0092160508872263
2011-05-30,1.015133747744348,1.0001139503789014,0.9891183817446778,1.0071800535619357,0.999373135575669,1.0122266051104853,1.0081343873348514
2011-05-31,1.0335852658877047,1.018202203038301,1.0024187577135877,1.0254263678324949,1.0143726281756436,1.030594794619485,1.0248547157147476
2011-06-01,1.0343759451734524,1.02283125217271,1.002751685595289,1.0287983462267232,1.0148641920776174,1.0326851959222065,1.0255085680043234
2011-06-02,1.0187492472704787,1.0034248824561087,0.98760274701487,1.0106044781958416,0.999532265406137,1.0157533156859346,1.010015832830143
2011-06-03,1.0062903435470858,0.9896518839707723,0.9755247527734178,0.9972383382265816,0.9873083778337189,1.0028257272904386,0.9976637353399621
2011-06-06,0.9944988680114542,0.9810366272118474,0.9640937812546172,0.9875520289897836,0.9757393285449083,0.9920781741682972,0.9859733443872067
2011-06-07,1.0024444314079255,0.9938878964603883,0.9717964227613083,0.9988037635071388,0.9835350123237004,1.001691584173712,0.9938507929867453
2011-06-08,1.0030719313577259,0.9965652451865257,0.9724047379829733,1.0008071143530264,0.9841506755480381,1.0030102811064712,0.9944729135783398
2011-06-09,1.0011266178705314,0.9946054491294428,0.9705188990987673,0.99884802018092,0.9822420571102919,1.0010559663662888,0.9925442766471728
2011-06-10,1.0072719047587988,1.0022084421612083,0.9764763044448898,1.005983635614454,0.9882714235529743,1.0077048744573613,0.9986368819384782
2011-06-13,1.0010252821051928,0.9967729857685595,0.9704206614995863,1.0002678782869847,0.9821426328728095,1.0017179925024817,0.9924438096012356
2011-06-14,1.0161091268065792,1.0062185852241083,0.9850433436782948,1.0116025173900771,0.9969419463503959,1.0149363180884499,1.0073983452822877
2011-06-15,1.018987807536579,1.0096386908587092,0.9878340137124998,1.0148502755816255,0.9997663256362181,1.0180033199548701,1.0102523479946852
2011-06-16,1.003714471503567,0.9920889652663126,0.9730276335726389,0.9980185434360322,0.984781095260551,1.0019314729081696,0.9951099454311411
2011-06-17,0.9954354728871326,0.9807215141242542,0.9650017510524508,0.9876512461999336,0.976658265953388,0.992595507166611,0.9869019200461098
2011-06-20,0.9980223383914564,0.9801199289168696,0.967509527607941,0.9881054885087422,0.9791963346143125,0.9941148049547639,0.9894666091722804
2011-06-21,1.010135619975157,0.9934449171701647,0.9792524665102075,1.0010566264045146,0.9910811196242632,1.006661579764774,1.0014760474318396
2011-06-22,1.025420840418406,1.0107992707417186,0.9940703677149705,1.0177612907913745,1.0060780102308646,1.0226755853902814,1.0166302325243382
2011-06-23,1.0206415746142758,1.0042199539037824,0.9894372197155785,1.0117649925614378,1.0013888971944827,1.0172803822191887,1.0118919378513276
2011-06-24,1.0297211042456513,1.0129391855013055,0.9982391583963426,1.0206219152588918,1.0102971568526724,1.0262579188071503,1.0208936315526087
2011-06-27,1.0209181189903578,1.0034693400895565,0.9897053092245737,1.0113533484097852,1.001660225028541,1.0172118287115406,1.0121661115001142
2011-06-28,1.0279348131020032,1.0099851268051632,0.9965074800219419,1.018048833994836,1.0085445610708652,1.0240748318906074,1.0191226537168334
2011-06-29,1.0448629763004753,1.0229568520262862,1.012918093842291,1.0323593954813028,1.0251534030957972,1.0397073921814834,1.035905697136987
2011-06-30,1.0518427858820076,1.0311263170238074,1.0196845077904053,1.0401515363021583,1.032001550372298,1.0471023824665255,1.0428256710229804
2011-07-01,1.056326714614356,1.0331115786169789,1.024031348139344,1.042969983185419,1.0364008973713479,1.050755684534672,1.0472711604553289
2011-07-04,1.0701594787835278,1.0445722093891767,1.0374411994142139,1.05523593050754,1.0499727298354067,1.0638143457628078,1.0609853407210832
2011-07-05,1.0713886356114968,1.0428255473195998,1.038632776893232,1.0544649157648653,1.0511787006982964,1.0640372977536237,1.0622039603771036
2011-07-06,1.081015932922399,1.0545283134214276,1.047965736201963,1.065509730081339,1.0606243953250034,1.074389190954014,1.0717487259191905
2011-07-07,1.0764430889462877,1.0524716683089854,1.0435326990394052,1.0626205421940322,1.0561378103179102,1.0706594497343325,1.0672150834852854
2011-07-08,1.0814757897623481,1.0581897993089546,1.0484115337125715,1.0681253610698462,1.061075577743276,1.0759354849892337,1.0722046405521861
2011-07-11,1.0779723531006387,1.0548400370402342,1.0450152085811741,1.0647178304787488,1.0576382274899456,1.0724765213696525,1.0687312377426872
2011-07-12,1.0629568051113398,1.035649493970142,1.0304587350604355,1.0468601574449583,1.0429059224224617,1.0560128534261197,1.0538444132876543
2011-07-13,1.0681529134314294,1.0428095453192978,1.0354959813351754,1.0533892099440592,1.048004014945612,1.06188610125979,1.0589959770178383
2011-07-14,1.0634276501258306,1.0366472208832527,1.0309151848011104,1.047686619689732,1.043367885741944,1.0566633501884606,1.0543112218970536
2011-07-15,1.0666829959976978,1.040670987470862,1.034071004090453,1.0514661229890052,1.0465618250186657,1.060186297354001,1.0575386607204278
2011-07-19,1.0610850145944406,1.036742393645376,1.028644171308581,1.0469796689653412,1.0410694400685019,1.055142095879425,1.0519886690376585
2011-07-20,1.069132558004888,1.0458808239196895,1.0364456749663002,1.055778686487465,1.0489651801807527,1.063576997154144,1.0599672234088322
2011-07-21,1.0689712248130734,1.0455952610526473,1.0362892742584247,1.055533396860878,1.0488068902667902,1.0633731956423935,1.059807273275342
2011-07-22,1.0789306667050298,1.0575631500926155,1.0459442234008014,1.0668659613412463,1.0585784641286797,1.074035234373706,1.0696813360282513
2011-07-25,1.0712807133002804,1.050878073520645,1.0385281541204474,1.0598489744985218,1.0510728141589867,1.0666957463737288,1.0620969632496589
2011-07-26,1.0758969252817794,1.053466442713278,1.0430032333864652,1.0631103009485767,1.0556019491073805,1.0706345155115806,1.0666736019087855
2011-07-27,1.0666154259073075,1.0442835333358256,1.0340054998389758,1.0538752299988787,1.0464955295237708,1.0613662359064469,1.0574716698870084
2011-07-28,1.053084929831124,1.029224966573406,1.0208886753317523,1.0392872519798952,1.0332202633762553,1.0472882293985821,1.0440571664656741
2011-07-29,1.0468692492576597,1.0264005151699174,1.0148630284658848,1.0353406208228833,1.027121831106213,1.0422087335049628,1.0378947709519262
2011-08-01,1.0590187171264813,1.0395969288408975,1.026641047320049,1.0482210383513655,1.039042119808206,1.0547398698834718,1.049940085283052
2011-08-02,1.050029680522857,1.0286816669390428,1.0179268349988697,1.037918036103771,1.030222646179821,1.045079973144086,1.0410281088414737
2011-08-03,1.0279483936689124,1.0014065378997188,0.9965206453864527,1.012298391312973,1.008557885463344,1.0211944522004446,1.0191361178618457
2011-08-04,1.026759093640536,0.9976791713358009,0.9953677061541574,1.0094004750355512,1.0073910195689193,1.0191442356702425,1.0179570133257059
2011-08-05,0.9958153868964705,0.9630497123847825,0.9653700498465422,0.975913251348482,0.9770310135273668,0.9868871551141555,0.9872785771730448
2011-08-08,0.9723009610271686,0.9368730199640068,0.9425745369711012,0.9505591301735483,0.9539601475396466,0.9624215473288031,0.9639657330246555
2011-08-09,0.9568321678412165,0.9193783069480795,0.9275786754434655,0.9336955435802706,0.9387831469797153,0.9462341705284271,0.9486295489004002
2011-08-10,0.968298445964884,0.9262986218232742,0.9386943919000039,0.9421304819946568,0.950033133155836,0.9561878429065382,0.9599975302555446
2011-08-11,0.9638923812442107,0.9179710131993394,0.9344230350049475,0.9350789741487997,0.9457101813955474,0.9504460312520003,0.9556292373313754
2011-08-12,0.9604562432506515,0.9161166424426148,0.931091951001054,0.9326987704050674,0.9423388603347933,0.9475374008689141,0.9522225562598726
2011-08-15,0.9699096587677888,0.9255086069687796,0.9402563446518098,0.942131031309666,0.951613953153744,0.9569904707105862,0.961594930641707
2011-08-16,0.9712829112600722,0.9296616306690818,0.9415876123188612,0.945375765372815,0.952961301559904,0.9593067791666667,0.9629564106755778
2011-08-17,0.9689496376849165,0.9230390045451564,0.9393256745569096,0.940154227499431,0.9506720412452229,0.9555178508737061,0.9606431395153335
2011-08-18,0.9599769638800164,0.9091542310306768,0.9306273247701196,0.9278605268556749,0.9418686217590331,0.9448645632552312,0.9517473855993915
2011-08-19,0.9423113239695936,0.884054045164586,0.913501781315679,0.9051597476350031,0.9245362142732625,0.9246464542392047,0.9342331876214215
2011-08-22,0.9326931446180425,0.8694373585390847,0.9041776612004261,0.8921610824584247,0.9150994656110218,0.9133170435589621,0.9246974618733098
2011-08-23,0.9411331480145989,0.8777293030141766,0.9123596260574179,0.9005195532763373,0.9233802626153859,0.921725220664384,0.9330651117955079
2011-08-24,0.932824326314712,0.8736954929619675,0.9043048322430904,0.8950666693992726,0.9152281727868093,0.9148441977114181,0.9248275189908672
2011-08-25,0.9423988021389283,0.8943628687004129,0.913586584990941,0.9121181708525218,0.9246220423148566,0.9281908652438199,0.9343199158681337
2011-08-26,0.9476497841015293,0.9025830881048242,0.9186770272412639,0.919376259486816,0.9297739733820428,0.9344573613740393,0.9395258828264822
2011-08-29,0.9519517598710998,0.9051673266826118,0.9228474775252788,0.9225327481713465,0.9339947996532788,0.9381877177925718,0.9437909791211391
2011-08-30,0.9612739691914786,0.9188211592394392,0.9318846763823292,0.9347865348686232,0.9431411612585056,0.9489949859545079,0.9530332720953585
2011-08-31,0.9663520142552117,0.921854084379057,0.9368074689810427,0.9385006815347388,0.948123417588988,0.9533923722229521,0.9580677846880669
2011-09-01,0.9750533507005548,0.9288382121184616,0.9445756576903663,0.9460698580671484,0.9562246160745383,0.9615403556811173,0.966495636707451
2011-09-02,0.964448634451428,0.9263126924446444,0.9420073477567504,0.9409251127106787,0.9510246489565264,0.9536970443689031,0.958611905030663
2011-09-05,0.9481670862944197,0.9224352317729256,0.9380641906855056,0.9330263234070231,0.943041077019489,0.9416551143596266,0.9465079171504475
2011-09-06,0.9314319303526872,0.9184497441292818,0.9340111763250978,0.924907471964099,0.9348350808789532,0.929277693330538,0.9340667093034495
2011-09-07,0.9463265030829927,0.921996895753125,0.9376184278725738,0.9321333874992883,0.9421385566735843,0.9402938080517426,0.945139595374852
2011-09-08,0.952646805949773,0.9235020797542388,0.9391491144326738,0.9351996033283095,0.945237684110006,0.9449683417032884,0.9498382191519694
2011-09-09,0.9511703006014796,0.9231504491006682,0.9387915260480368,0.9344832952389667,0.94451368743906,0.9438763095518606,0.9487405592323798
2011-09-12,0.9335106296843811,0.9189447876490531,0.9345146074417039,0.9259159269272491,0.9358543602183635,0.9308151117394757,0.9356120507706617
2011-09-13,0.944243712247477,0.9215008778392111,0.9371140058525183,0.9311229475942698,0.9411172710866862,0.9387533635422046,0.9435912122120842
2011-09-14,0.9345552546454763,0.919193565723735,0.9347676006007338,0.9264227136522867,0.9363665866014879,0.9315877225837361,0.9363886432510902
2011-09-15,0.9460702870012554,0.9219358777362376,0.9375563760182459,0.9320090874741106,0.9420129224586897,0.9401043091113606,0.9449491198550698
2011-09-16,0.9646858086067448,0.9263691756150851,0.9420647879300458,0.9410401747835886,0.951140946062448,0.9538724597870681,0.9587882244490482
2011-09-20,0.9478875650496346,0.9223686636171758,0.9379964946554777,0.9328907171736873,0.9429040152398508,0.9414483787818211,0.9463001161645391
2011-09-21,0.9504238068347062,0.9229726711526235,0.9386107359814716,0.9341211431313556,0.9441476481269435,0.9433241983149463,0.9481856027000802
2011-09-22,0.9357798025569956,0.9194851925593263,0.9350641685136759,0.9270167877447532,0.9369670372618114,0.932493405513966,0.9372989936021034
2011-09-26,0.9152275186392809,0.9145906535488799,0.9300867005923907,0.9170461044405944,0.9268893323933795,0.9172928138944662,0.9220200660055475
2011-09-27,0.9382211631499283,0.9200666040807182,0.9356554309779483,0.9282011832796165,0.9381641456528544,0.9342990503521594,0.9391139437986775
2011-09-28,0.9552856193161492,0.9241305147746351,0.9397881971221689,0.9364797906048313,0.9465316124352319,0.946920023788985,0.9517999591963899
2011-09-29,0.9639337526329673,0.9261900730240336,0.9418826507768481,0.9406753242408676,0.9507721793512343,0.9533162347087182,0.9582291328747049
2011-09-30,0.9635745273511669,0.926104523303022,0.9417956515740424,0.940501050591573,0.9505960351141384,0.9530505495503236,0.9579620785125982
2011-10-03,0.9466691077580124,0.9216200135957613,0.9372395758867432,0.9319950724657032,0.9420101491959996,0.9404015045012268,0.9452688358211716
2011-10-04,0.9325564253828755,0.9141868886946646,0.9267604937537927,0.9223525620517217,0.9303074592761437,0.9285271390823119,0.9323513456067022
2011-10-05,0.9207179780685542,0.9114992886828017,0.9179700981056954,0.9166556773995878,0.9204906381808052,0.9197729699974481,0.9215154872438248
2011-10-06,0.9331041517335934,0.9141624836201063,0.9271671966939555,0.9225158542459936,0.930761651574461,0.9288815716249291,0.9328526854361926
2011-10-07,0.9393008630117746,0.9129762237355304,0.931768437245691,0.9237496641451977,0.9359001637781501,0.9325818833339968,0.9385246020265368
2011-10-11,0.9555807994390673,0.9214964864529736,0.9438567693151044,0.9348363120423562,0.9494000104309183,0.9462612830946823,0.9534258032228612
2011-10-12,0.9536658500962278,0.9166939270595235,0.9424348630530173,0.9309701407494113,0.9478120728740607,0.9433596258269684,0.9516730294595324
2011-10-13,0.9591125091423401,0.9154768606351724,0.9464791677413266,0.931937039788671,0.9523286176542453,0.9465527351773444,0.9566584151615204
2011-10-14,0.9485032945201813,0.9108716871687043,0.9386015135550775,0.9253507744611794,0.9435311158246101,0.937960411887397,0.9469476867243538
2011-10-17,0.9652596601198343,0.9177610238981572,0.9510436083107746,0.9354942464213221,0.9574260328633404,0.9514006074799487,0.9622849686747307
2011-10-18,0.9519303858217918,0.9108276101221342,0.9411462297381588,0.9264457152951354,0.9463729701060073,0.9402150211867163,0.9500845403129132
2011-10-19,0.9523022661098725,0.9146691113740426,0.9414223618000046,0.9291575850062624,0.9466813451960882,0.9417678954286566,0.9504249263468751
2011-10-20,0.9465676769981889,0.9132822527266875,0.9371642605615096,0.9263407046267503,0.9419260395491584,0.9374984402697516,0.9451759951539872
2011-10-21,0.9426084854971348,0.9093459726551335,0.9342244443156116,0.9223877026020135,0.9386429506764299,0.933537622105465,0.9415521045205398
2011-10-24,0.9569266569541441,0.9170384450766199,0.944856108141335,0.9322724923703295,0.9505160387490357,0.9456362841613019,0.9546576811053894
2011-10-25,0.9479268013252906,0.9105590757576695,0.9381734503862363,0.9249508350076061,0.9430530691343085,0.9374723002628502,0.9464200162924856
2011-10-26,0.9451904462029993,0.9046893243461652,0.9361416261511831,0.9200956353492025,0.9407839954985835,0.9336636846282738,0.9439154009701863
2011-10-27,0.9647805045802499,0.9102629548763451,0.9506878212165641,0.930282018393321,0.957028701686029,0.948532995175278,0.9618463924473871
2011-10-28,0.975752595938122,0.9198853648721339,0.9588349220619669,0.940369846113102,0.966127112570676,0.959072128521147,0.9718892658700382
2011-10-31,0.964335041302687,0.9165136540029848,0.9503570516187859,0.934349876191971,0.9566593092155244,0.9503640127549073,0.9614386551104397
2011-11-01,0.9545733227933222,0.9136801874150846,0.9431086015447927,0.9292343031780969,0.9485645138578321,0.9429336451273849,0.9525036133700641
2011-11-02,0.9345677731534269,0.9024925465425027,0.9282846439502055,0.9151574050537401,0.9319981642512387,0.9259106258682391,0.9342049542982609
2011-11-04,0.9505436179203348,0.9094854039588885,0.9401226213927283,0.9250825950607499,0.9452275648142441,0.9388369034072915,0.9488177263558063
2011-11-07,0.9498105158867419,0.9080100151428234,0.9395793984543885,0.9238443775952805,0.9446204920367192,0.9378465859507137,0.9481471732133518
2011-11-08,0.9339948831032145,0.9045019284372549,0.9278601368527463,0.9163339033237945,0.9315237610466884,0.9262245951014284,0.9336809437160396
2011-11-09,0.9506681540429717,0.9153214475718336,0.9402149016966538,0.9290799345163645,0.9453306916457177,0.9409265475398898,0.9489316369501802
2011-11-10,0.9258474163266251,0.8994317228696139,0.9218229269698139,0.9102524930910205,0.9247769440154823,0.9191150021002096,0.9262286257579095
2011-11-11,0.9236561370576881,0.8982872576454626,0.9201992059751235,0.9087654903189012,0.9229623726036327,0.9172782597090172,0.9242243083062448
2011-11-14,0.9322565506073021,0.9020961369579873,0.9265720459145544,0.9141386759693828,0.930084269286744,0.9242522317409652,0.9320909272321782
2011-11-15,0.925602273976607,0.9001260084977533,0.9216412783839607,0.9106436846386119,0.9245739446504619,0.9191924048747458,0.9260043991624005
2011-11-16,0.9165922066120251,0.8973748275720523,0.9149648881351979,0.9058547085909506,0.917112818681548,0.9123125147005872,0.9177630784345924
2011-11-17,0.9209819122317697,0.8965616171952893,0.9182176260569818,0.9067277329932206,0.9207478799158415,0.914923551902413,0.9217782506246679
2011-11-18,0.9112839324089569,0.8912227939574717,0.9110314979958037,0.8999610774600518,0.9127171021009687,0.9067004817364285,0.9129077107166322
2011-11-21,0.9078289472662069,0.8944097647311726,0.9084713807199495,0.9010008027524331,0.9098560713974563,0.9055215802848388,0.9097475078547599
2011-11-22,0.9090001964317245,0.8917871932680115,0.9093392672951678,0.8996027108966124,0.9108259684261136,0.9053907123086807,0.9108188250419267
2011-11-24,0.8938001214588169,0.8824523624642737,0.8980761292715275,0.8883413518001053,0.8982389732882518,0.8921696560996284,0.8969156334375126
2011-11-25,0.8946019645867618,0.8786686063832618,0.8986702888292565,0.8860360917780102,0.8989029697205562,0.8913960662000922,0.897649062625485
2011-11-28,0.9050627495472825,0.8823312061181041,0.9064216495992506,0.8919137602756804,0.90756541708815,0.8995448417538316,0.9072173244858984
2011-11-29,0.9212529300190545,0.8904546389438033,0.9184184481417734,0.9026750469203136,0.9209723064122176,0.9130011918277395,0.922026144943054
2011-11-30,0.9216107320052446,0.8948024492678034,0.9186835766469139,0.9057390320865736,0.9212685978363402,0.9147324895323931,0.9223534189584327
2011-12-01,0.936046028490969,0.8948881531209036,0.9293794821506707,0.910481071388812,0.9332220250840552,0.924268047594669,0.9355570006446213
2011-12-02,0.9416469975258706,0.899709631512067,0.9335502912317082,0.915567397118067,0.9378754177468165,0.9296149672265597,0.9406885399374308
2011-12-05,0.9479134152484153,0.9073493284374047,0.93821663232017,0.9227810305056633,0.9430816779618222,0.936370184860265,0.9464297551750117
2011-12-06,0.9343380582314413,0.8999783049569805,0.9281076276154665,0.9133798603572234,0.9318030105841761,0.9248961498651908,0.9339921791926368
2011-12-07,0.948125505300739,0.9098169598773802,0.9383745669758907,0.924523548692059,0.9432578864513134,0.9373593477041802,0.9466240694856838
2011-12-08,0.9422801766978409,0.9066481911509402,0.9340217934706819,0.920478999189292,0.9384014751655774,0.9324205613101315,0.9412686509468129
2011-12-09,0.9333862553615703,0.9012951274967249,0.9273988595383216,0.9139644361182375,0.9310122344767822,0.9247229504075225,0.9331201490501174
2011-12-12,0.9442220289759582,0.9086321910709231,0.9354678102340556,0.9224543182169759,0.9400148033391219,0.9343818857485485,0.9430477522423025
2011-12-13,0.937274211114258,0.9045265008475863,0.9302940587545525,0.9174168113449122,0.9342424227995454,0.9283947942455051,0.9366822465352665
2011-12-14,0.9330672248242493,0.9017279999370797,0.9271612907437262,0.9141546070200851,0.9307471777781439,0.9246619675547976,0.9328278571756814
2011-12-15,0.9181938294046734,0.8950834586935559,0.9160856907367861,0.9048253351106775,0.9183900751617005,0.9125835732482495,0.9192010342924539
2011-12-16,0.9174239396520316,0.8967553856511261,0.9155123858047811,0.905709753735794,0.9177504359664551,0.9126523774907033,0.918495670721937
2011-12-19,0.9079140802033839,0.8924086964760279,0.908430788334656,0.8996780920439305,0.9098494620623911,0.9048957794734107,0.9097828538636863
2011-12-20,0.9106705521428269,0.8963582815761324,0.9104834185357896,0.9032507576819937,0.9121395918985287,0.9080700559177225,0.9123082997246856
2011-12-21,0.9192061164970676,0.9008983384261603,0.9168394989030635,0.9090976822076889,0.9192311027230029,0.9152518687403732,0.9201284793395261
2011-12-22,0.9168823480352006,0.8997410426570457,0.9151090850152901,0.9075592740395935,0.9173004712478018,0.9133237523724673,0.9179994711098509
2011-12-26,0.9199801174246411,0.9012672654552294,0.917415865256339,0.9095988730194213,0.9198741575613526,0.9158883897470479,0.9208376095182085
2011-12-27,0.9175050314591726,0.9006827775010862,0.9155727715065258,0.9083999290375266,0.9178178085975136,0.914057868882687,0.9185699660433493
2011-12-28,0.914119019243578,0.8997093492049099,0.9130513488010433,0.9066418243326049,0.9150046446071605,0.9114938019342373,0.9154677430847891
2011-12-29,0.9148019867795756,0.8994088370149544,0.9135599263674328,0.9066594302260148,0.915572067155136,0.9118399251619086,0.9160934695840514
2011-12-30,0.9232384742735695,0.9034659131417264,0.9198422283106761,0.9121466335234533,0.9225812630209577,0.9187902387245978,0.9238228761919003
2012-01-04,0.9407245995076512,0.9118957461011276,0.932863265122204,0.9235325155896504,0.9371089567596954,0.9332020510926381,0.939843386754507
2012-01-05,0.9320198159071281,0.9063285917685675,0.9263892347396541,0.9169251506151157,0.9298828508737164,0.9255461908179725,0.931871476382794
2012-01-06,0.9235797787836283,0.9036439313851022,0.9201121049136923,0.9123506067995121,0.9228765190985831,0.9190486978163926,0.9241420229500369
2012-01-10,0.927715738544832,0.9087211197544979,0.9231881525656324,0.917132050496077,0.9263099052166264,0.9235158940933161,0.9279297679452536
2012-01-11,0.9303481727986388,0.9114656847042867,0.9251459794481048,0.9198465513813995,0.9284951690357917,0.9261930471035201,0.9303405722677776
2012-01-12,0.9230313660983522,0.9072610520870629,0.9197042325816975,0.9146133294171003,0.9224212650319821,0.919919891023176,0.9236397822310982
2012-01-13,0.9320055742162077,0.9102777945432138,0.926378642731403,0.9195868893722968,0.9298710284124916,0.9268839307119245,0.9318584337284592
2012-01-15,0.9319876279695561,0.9102648358916999,0.9263652955246939,0.9195722672695859,0.9298561306867685,0.9268676417433495,0.931841998412387
2012-01-16,0.9202538872475229,0.9046664309862488,0.9176385313199132,0.911952602109405,0.9201155952769116,0.917197963940286,0.9210961449077292
2012-01-17,0.9298580569886434,0.9093237255366329,0.9247814643963247,0.918239969880901,0.9280883089802232,0.9251382474806308,0.9298917202930069
2012-01-18,0.9345396397441991,0.9083550722435942,0.9282633095964821,0.919117968690828,0.9319746333574986,0.9279039164103524,0.9341791511859248
2012-01-19,0.94012246691469,0.9056079607949998,0.9324154395495015,0.9190901233210343,0.93660910816221,0.930658939868172,0.9392919489148933
2012-01-20,0.9583768420138907,0.9117509646054924,0.9459918113963084,0.9292113100007866,0.9517626206908016,0.9448267200085669,0.9560094514813804
2012-01-23,0.9601712966193618,0.9121816166971048,0.9473264055883144,0.93008929521594,0.9532522520913961,0.9461603615225727,0.9576528273465844
2012-01-24,0.9600902111924935,0.9140057560279834,0.9472660997218829,0.931294372234632,0.9531849406098878,0.9467289901962948,0.9575785686647938
2012-01-25,0.9707173431058819,0.9178315685286148,0.9551698430019007,0.9373551006256842,0.9620068463567231,0.9550621585744689,0.9673109809808004
2012-01-26,0.9680750630367038,0.9155891675109334,0.9532046934666454,0.9349764258361368,0.95981340922646,0.9525497931476248,0.9648911597818924
2012-01-27,0.9656646129572974,0.9166877796409716,0.951411963426951,0.9349293808275227,0.9578124212288249,0.9513304369577723,0.962683650339916
2012-01-30,0.961890661846027,0.9169171535700017,0.9486051533696447,0.9338492545576474,0.9546795495125298,0.9489128330070219,0.959227435758721
2012-01-31,0.9584669731026558,0.9142465379749005,0.9460588448153864,0.9309257510155218,0.9518374412516479,0.9457376209295779,0.9560919942526096
2012-02-01,0.961806959733139,0.9157627054610685,0.94854351429122,0.9330409590760892,0.9546105813139296,0.9484623575236898,0.9591510650327354
2012-02-02,0.9670500041854542,0.9187334035553146,0.9524215709220671,0.9367542024419824,0.9589470940117479,0.9529348155283349,0.9639439176780591
2012-02-03,0.964084723279668,0.9168597639477247,0.9502282789552347,0.9345226771602597,0.9564945154731734,0.9503385419058501,0.9612332493702309
2012-02-06,0.9739795198516908,0.9211244891910758,0.9575470384671959,0.9406190908160637,0.9646784840370791,0.9583158853637517,0.9702784333957485
2012-02-07,0.9790470405374616,0.9258763317563832,0.9612952676451368,0.9454854097385393,0.9688698213412286,0.9632878659933499,0.9749108335489276
2012-02-08,0.9886951634255158,0.9307809536892755,0.9684315731412165,0.9519367047028052,0.9768497665418997,0.9713239572596634,0.9837305244226145
2012-02-09,0.9932525114791056,0.9341683021673692,0.9718024493561795,0.9557112263250525,0.9806191409735896,0.9754894694512921,0.9878965577021273
2012-02-10,0.9878958903239637,0.931892170944147,0.9678403848765504,0.9524330374784348,0.9761886891878112,0.9711821335788076,0.9829998805698015
2012-02-13,0.9908248589612342,0.9341921735861329,0.9700068182052426,0.9549424256738371,0.9786112339139819,0.9739017307050098,0.9856773545467793
2012-02-14,0.9978344626317243,0.9381660252647612,0.9751915234354168,0.9599082976545045,0.9844088645845233,0.9798818793408935,0.992085081545917
2012-02-15,1.0169001142817387,0.944539508956358,0.9892935737756753,0.9704025985947099,1.0001780309962176,0.994616317780798,1.00951366903486
2012-02-16,1.0138575011283233,0.9427681750014072,0.9870430824395785,0.9682155574660504,0.9976614910938126,0.9920045242039939,1.0067323085803241
2012-02-17,1.028027184747001,0.9516364719070339,0.9975237937923414,0.9788212686562402,1.009381211095296,1.0043815690369613,1.0196853182739938
2012-02-20,1.0403455866291054,0.9561697430991322,1.0066351909080458,0.9858837972985962,1.019569739280478,1.0140449434974088,1.0309460057588642
2012-02-21,1.0362825896484495,0.956730979148548,1.0036299651226745,0.9849511875561043,1.0162092417378656,1.0115676190504,1.027231876305302
2012-02-22,1.047259270724632,0.9620977188863022,1.0117489485147355,0.9921459815245298,1.0252880350419635,1.0206366666791995,1.0372660492770045
2012-02-23,1.0522374281630098,0.9626018080408927,1.0154310795054002,0.9940981380214136,1.0294054601638756,1.0240834216175214,1.041816759320447
2012-02-24,1.0592977516241935,0.9645435821185919,1.0206533000041182,0.9977001322524753,1.0352450410826695,1.0293953682608108,1.0482708510767802
2012-02-27,1.0591490398067505,0.9641556306505118,1.0205433042077894,0.997388530095277,1.0351220418041924,1.0291636678289344,1.0481349083370026
2012-02-28,1.0626429938594917,0.9680581122205814,1.0231276331802677,1.0011690900971755,1.038011884957938,1.0328079291478651,1.0513288554943505
2012-02-29,1.0595886046794705,0.967248973177664,1.0208684316189423,0.9996318071801938,1.0354856051249697,1.0305205779927102,1.048536730156781
2012-03-01,1.0522540864170742,0.9674513035547633,1.0154434413562525,0.9973984001161231,1.0294205413980748,1.025769512558332,1.0418330221443572
2012-03-02,1.0629160696827022,0.9721151489272835,1.0231601904181145,1.0039725944503506,1.0381127263682248,1.0343469255079327,1.051509714486837
2012-03-05,1.0569720149098758,0.9709514855221586,1.0188581034658928,1.0012947444329614,1.0332668339792663,1.0300726912976004,1.0461149593207022
2012-03-06,1.0509170159981729,0.9668962288558158,1.0144757192501823,0.9965944399616797,1.028330494348698,1.024704389512984,1.0406195125409754
2012-03-07,1.0452934734576682,0.9672180399859934,1.0104056071947942,0.9950388289828693,1.0237458996507156,1.0211634585017983,1.0355156505592424
2012-03-08,1.0629384745958423,0.9791981679282956,1.0231764062654054,1.0088478542395618,1.0381309919802038,1.0368648145636097,1.051530048926126
2012-03-09,1.077332017657425,0.9853553957039257,1.0335939202635192,1.0176274641161982,1.049865332163463,1.0483951213249167,1.0645934616566808
2012-03-12,1.0737069287412757,0.9849315853925128,1.0309702150113227,1.0161908089009868,1.0469099773662,1.0458894369522094,1.0613033730041506
2012-03-13,1.0743067103818285,0.9844215891799721,1.031404314774636,1.0160297916186554,1.0473989495237714,1.0460989809903225,1.0618477278641894
2012-03-14,1.0874711252893072,0.9885731272181718,1.0409322312847602,1.0230425341686222,1.058131242620544,1.0561216288303485,1.0737955981388594
2012-03-15,1.0943859077339115,0.9928252902340777,1.0459368950150436,1.028149826862994,1.0637685210273309,1.0621182848009052,1.080071374480333
2012-03-16,1.0976459900205984,0.9918878822850081,1.048296421971767,1.0285355864830827,1.0664263040633581,1.0639056651318615,1.0830301873497112
2012-03-19,1.099601645726022,0.9953069269550356,1.0497118532244873,1.0315034078534402,1.0680206529481733,1.0663850023678696,1.084805117784109
2012-03-21,1.087264947766966,0.9931242455834908,1.040783007621351,1.0261053888141385,1.0579631563352605,1.057596123697942,1.0736084738110563
2012-03-22,1.0901212292467417,0.9961968978208743,1.0428502784921023,1.0291196918345331,1.0602917406455605,1.0605383416418086,1.0762008017518077
2012-03-23,1.079091799179297,0.9915126470296376,1.0348675850282882,1.022415375722008,1.0512999945629506,1.0517149179401644,1.066190618954051
2012-03-26,1.0776488332177228,0.9916199121486705,1.0338232196458952,1.0220331854223235,1.0501236161414924,1.050815063359042,1.064880999784432
2012-03-27,1.1031578484448312,1.00846047565053,1.0522857011954017,1.0416674865307607,1.0709198482529427,1.0733449485672135,1.0880326861229508
2012-03-28,1.1024885958797113,1.0078197257419856,1.0518013209468708,1.0410156426877955,1.0703742399038354,1.0726835518097217,1.087425280257575
2012-03-29,1.0951640697477791,1.0101008986793103,1.0465000998936187,1.0402692709262107,1.064402917836327,1.068729664406674,1.0807776252981405
2012-03-30,1.091931150649892,1.0105153955340882,1.0441602326480828,1.0395326952733,1.0617672795978992,1.0667751263122704,1.0778434654238482
2012-04-02,1.092507908498901,1.007645922847393,1.0443366737043294,1.0377447099006467,1.062080403751575,1.0661400183834824,1.078296238420199
2012-04-03,1.0863248756583412,0.9981149987447047,1.0384262652762688,1.0292432650523984,1.0560695749377738,1.0587560834174867,1.072193636322641
2012-04-04,1.067068124096929,0.9773293885391371,1.0200185890337896,1.008875113571295,1.0373491443448368,1.0388973526542957,1.053187382352916
2012-04-05,1.0644384066281765,0.9743706000584933,1.0175048219729426,1.006011034487813,1.034792667298549,1.0361430045405868,1.0505918730365944
2012-04-06,1.0575523646439497,0.9674438777050905,1.0109224017223866,0.9990749931673156,1.0280984088918463,1.0292201670888386,1.0437954067488606
2012-04-09,1.0423819473506175,0.9522513082429651,0.996420883690729,0.9838407471343793,1.013350503820733,1.0139924822395558,1.0288223307872038
2012-04-10,1.0421345615129813,0.9540364385986172,0.9961844056746078,0.9849880539630568,1.0131100079412294,1.01446112468962,1.0285781630186352
2012-04-11,1.031406181122246,0.9471557029166506,0.985929064725278,0.9768670072390642,1.002680424330573,1.005054770757997,1.017989340613161
2012-04-12,1.0359276153692174,0.9500270735545003,0.9902511383369399,0.9802700310660968,1.0070759318350977,1.0090089945997183,1.0224519586892833
2012-04-13,1.0433381290760249,0.9590000914295008,0.9973349051223366,0.9887770791726567,1.0142800548702773,1.0169947355433169,1.0297660742143517
2012-04-16,1.0307479466366827,0.9460102291712691,0.9852998533412477,0.9758721343242667,1.0020405223740272,1.004222549252154,1.0173396686389267
2012-04-17,1.030213436542288,0.9434925422355993,0.9847889110499387,0.9739743010996603,1.001520898953045,1.0029868630969672,1.0168121116119249
2012-04-18,1.0491824960699725,0.9658368247466009,1.0029215802748788,0.9953215158468,1.0199616500407258,1.0232081460460132,1.0355344159320603
2012-04-19,1.0410510896877312,0.96024200877198,0.995148706662059,0.988905622131791,1.012056711956218,1.0159448450277135,1.0275087853193867
2012-04-20,1.0388913013263583,0.9587427436873636,0.9930841484326173,0.9871924141369086,1.0099570759929264,1.0140109714624894,1.0253770921318728
2012-04-23,1.0350635913994348,0.9526839438932445,0.9894252112094709,0.9818206145496363,1.0062359718498757,1.0093839149839552,1.0215991742020736
2012-04-24,1.0291398865456622,0.9473280599715649,0.9837626963893311,0.9762677795287095,1.0004772484632007,1.0036411601543942,1.0157525266751823
2012-04-25,1.0358321168085332,0.9565165666527925,0.9901598505316684,0.9846953517735982,1.0069830930106827,1.011235602070401,1.022357702402478
2012-04-26,1.0364456748617723,0.9599147078658692,0.9907463553720084,0.9872227160610074,1.0075795628209603,1.0128332365950805,1.0229632791088006
2012-04-27,1.028555416486871,0.9560759880241746,0.9832039969855744,0.9820888766941726,0.9999090565158539,1.0063461667952902,1.015175659577964
2012-05-01,1.0103912985279921,0.9300577946884521,0.9658407775686892,0.9584768153658098,0.9822508285199907,0.9853585257251017,0.997247825905628
2012-05-02,1.015104601029223,0.9363545648958633,0.9703462595134936,0.9642933091400193,0.9868328605442611,0.9906466025723784,1.0018998163562938
2012-05-07,0.9895631776917696,0.9155605458544079,0.9459310174064045,0.9419306756814851,0.9620027929542655,0.9666973783525041,0.9766906435032429
2012-05-08,0.9945110308133803,0.9216833610526254,0.9506607080848914,0.9477018222733649,0.9668128431152059,0.9720765154749652,0.9815741334695709
2012-05-09,0.9790345659217309,0.9133441544377812,0.9358666368109778,0.9370787165314962,0.9517674141962017,0.9590694780761878,0.9662989910684167
2012-05-10,0.979490083137794,0.9102417580068008,0.9363020692051396,0.9350912914657116,0.9522102447743499,0.9582700114165864,0.9667485827801062
2012-05-11,0.9685899837788223,0.9046611867644392,0.925882580779435,0.9278105479767718,0.9416137247509706,0.9492125178548404,0.9559902751781643
2012-05-14,0.966322566003756,0.9001723106915703,0.9237151387694595,0.9240095497838255,0.9394094569673855,0.9461530959447608,0.9537523526526052
2012-05-15,0.954488913892985,0.890307337265247,0.9124032601212609,0.913490066081251,0.9279053846271385,0.9349756031272112,0.9420726362326571
2012-05-16,0.9451402263227735,0.8806249665765815,0.903466778101657,0.9038817991795927,0.9188170679276649,0.9254781961996912,0.932845559190281
2012-05-17,0.9544062086796198,0.8853685095898548,0.9123242015746346,0.9100707545428242,0.9278249828417419,0.9331776697889989,0.9419910068734776
2012-05-18,0.9281836655547478,0.8665772324778519,0.8872578718482675,0.8888687053220076,0.9023327653732903,0.9094928903123115,0.9161095744431975
2012-05-21,0.9292653159246766,0.8680063263946078,0.8882918297177301,0.8901925712262522,0.9033842906324443,0.9107008140874305,0.9171771543811612
2012-05-22,0.9386269483162529,0.8750946441859354,0.8972406857911792,0.8980227198542969,0.9124851916262692,0.9192905391301269,0.926417007854789
2012-05-23,0.9237094591361477,0.866202683220761,0.8829809436793105,0.8871966029082308,0.897983170351993,0.9064517127278938,0.9116935698417106
2012-05-24,0.9255704921543148,0.8657051687655626,0.8847599193889847,0.8874432625335442,0.8997923716254609,0.9074859641433147,0.9135303939849999
2012-05-25,0.9258969909099986,0.8732317313407914,0.8850720220491366,0.8927175339778474,0.9001097770442807,0.9103562665371392,0.9138526455470838
2012-05-28,0.9245036673763556,0.8715995258523459,0.8837401334163871,0.891155569742854,0.8987552590498057,0.9088739790303744,0.9124774467832654
2012-05-29,0.9321323542448252,0.8742763623741873,0.8910324535972963,0.8954068968942334,0.9061714788925443,0.914779101400576,0.9200068974081663
2012-05-30,0.9283410211255747,0.8723504954768619,0.8874082892430964,0.8928849101109639,0.9024857384244658,0.9116340410290834,0.9162648830856313
2012-05-31,0.924083201665874,0.8692180446150836,0.8833382070247563,0.889386448945447,0.8983465037556078,0.9077595857339984,0.9120624506166747
2012-06-01,0.910399921794168,0.8597689894371711,0.8700675778963556,0.8785652023451331,0.8849241568929594,0.8955238978841498,0.898510053553026
2012-06-04,0.8933197970020068,0.8550805383789868,0.8578249943468128,0.8698769459982266,0.8710890145290568,0.8826953992937001,0.8830577508325926
2012-06-05,0.9095652363353742,0.8580262519871239,0.8694692973456445,0.8771094782008103,0.8842480498801588,0.8943714627880215,0.8977549178299226
2012-06-06,0.9215078308800293,0.8617390256875531,0.8780294345396278,0.8834804355438217,0.8939217201682998,0.9034921555430101,0.9085593228572266
2012-06-07,0.9363441144947279,0.8696106457525412,0.8886636918373859,0.893615405083574,0.9059393194808526,0.9159543851812111,0.9219816337858765
2012-06-08,0.9196572669696724,0.8599579653331401,0.8767029990737282,0.8816718191294887,0.892422737258934,0.9016602289729808,0.9068851270246842
2012-06-11,0.9346232003673746,0.8649399416376929,0.8874301859208846,0.8898799494315031,0.9045453547272162,0.9132042080224025,0.9204247314578596
2012-06-12,0.9278155256849683,0.8614819364695702,0.8825506240270677,0.8853343385327358,0.8990310420659028,0.9075393129468581,0.9142658625213135
2012-06-13,0.9299008536975286,0.8639515835862012,0.8840453322175892,0.8876875669836074,0.9007201872144468,0.9097642657980746,0.9161524482525999
2012-06-14,0.9286540793278781,0.8626918177481685,0.8831516771902629,0.886428303359146,0.8997102823624813,0.9085092794039518,0.9150244977710695
2012-06-15,0.9296389798680518,0.8629103939781669,0.8838576279545454,0.8868940267435447,0.9005080657132118,0.9092310395439454,0.915915532320376
2012-06-18,0.945229714936704,0.8696676351893012,0.8950326561817608,0.8965125253679826,0.9131367813612197,0.9218011109001524,0.9300203916727771
2012-06-19,0.9408306037629267,0.86762215769166,0.8918794891678163,0.8937039670551847,0.9095734391664497,0.918206110707375,0.9260405379899019
2012-06-20,0.958811333156761,0.8804629006357817,0.9047676023733338,0.9082356053719971,0.9241380839800916,0.9344556411743882,0.9423076131494016
2012-06-21,0.9663266322000078,0.8834043194696419,0.9101543707697202,0.9126569230853261,0.9302255823699358,0.9404052209138474,0.9491066662748289
2012-06-22,0.961175399663487,0.8785155237284126,0.906462102974322,0.9076694385520235,0.926053011246507,0.9353298121996322,0.9444463721899639
2012-06-25,0.954051602847887,0.873822202916618,0.9013559530622923,0.902180590289824,0.9202826351916099,0.9290287165871037,0.9380015091545352
2012-06-26,0.9462819600206855,0.8727013509088278,0.8957868777411462,0.8989177012247352,0.9139891147437768,0.923544437691189,0.9309723524910744
2012-06-27,0.9565262153949529,0.8821016651176425,0.903129690153142,0.9086169286912386,0.9222871063123284,0.9335260937652242,0.9402402786400246
2012-06-28,0.973178464432955,0.8925181438898544,0.9150655836326265,0.9210697160690968,0.9357756632709786,0.9480627485986589,0.9553054843245491
2012-06-29,0.9874949425976518,0.8998124523155968,0.9253272580758336,0.9306441874247714,0.9473722128260023,0.9599836636868722,0.9682575298852993
2012-07-02,0.9870878034406368,0.8976289483229011,0.9248364408686562,0.9290270648485985,0.9469158732770252,0.9589645023578098,0.9678377007826641
2012-07-03,0.9961368867295026,0.9066065633571607,0.9333148375754412,0.9380604312474263,0.9555966821928739,0.9680223655306271,0.9767103096164064
2012-07-04,0.9975216803556746,0.9039469178562888,0.9346122982512822,0.9366597597575664,0.9569251182866686,0.9679721314203091,0.9780680971146827
2012-07-05,0.9927717874371284,0.8975894751059738,0.9301619605548954,0.9307830457863737,0.9523685337708231,0.9626318059140007,0.9734108362051408
2012-07-06,0.9873879814952774,0.8951297373616298,0.9251176879904555,0.9273968181972772,0.947203834858313,0.9582689248993761,0.9681320247903319
2012-07-09,0.978944544926239,0.891112216127105,0.9172067424818684,0.9219758543865421,0.9391040244013692,0.9513696625272358,0.9598532514054332
2012-07-10,0.97362003758918,0.8887066602723994,0.9122180288154446,0.9186456150898137,0.9339962107932314,0.9470644823149459,0.954632582159053
2012-07-11,0.9716734818493776,0.8914720098519471,0.9103942339351144,0.919942981199476,0.9321288748563343,0.9467885208300818,0.9527239879842604
2012-07-12,0.9601968789366927,0.884446011130736,0.8996414107779102,0.9114946252186543,0.9211193401103484,0.9368534103451741,0.941471200808599
2012-07-13,0.9586624170920334,0.8848040653722058,0.8982037208114078,0.9112602761417532,0.9196473269089075,0.9359870883109067,0.9399666639087435
2012-07-15,0.9586431344936605,0.8847877469097297,0.8981856542831944,0.9112429671678777,0.9196288290626028,0.9359687883302603,0.9399477573579693
2012-07-17,0.9544627118703363,0.8932056633720705,0.8942688728511823,0.9157397016610664,0.9156185388683221,0.9362589493841686,0.9358488609822314
2012-07-18,0.9505029343710146,0.8918373848437295,0.890558821408606,0.9135533211969122,0.9118199141100349,0.9332070522644534,0.931966306727994
2012-07-19,0.9587053835442635,0.8949330168227768,0.8982439775551532,0.918262590206279,0.9196885447372439,0.939621939539812,0.9400087924328651
2012-07-20,0.9411690734560366,0.8822893031309595,0.881813606770068,0.9040369984832504,0.9028659172836683,0.9237615974330114,0.9228144739772607
2012-07-23,0.924533951672329,0.8710483535200417,0.8662275902371568,0.8910620210205499,0.8869078020927166,0.9089844688602307,0.906503768928263
2012-07-24,0.9208880302185881,0.8679018525906339,0.8628116012955336,0.8877471570423218,0.8834102602476703,0.9055026045295115,0.9029289499256139
2012-07-25,0.906187989922401,0.8610932827609274,0.849038629022182,0.8784375459343069,0.8693084737138358,0.8935571908042734,0.8885155885690222
2012-07-26,0.917104938636911,0.8704423629680913,0.8592670929532331,0.8883132171352832,0.8797811307454475,0.9039571016691681,0.8992196358752343
2012-07-27,0.9315487460480998,0.879862525984803,0.872799991842465,0.8993444038212628,0.893637112412466,0.9166665753907437,0.9133817613788277
2012-07-30,0.9369344536053348,0.8885551377978568,0.8778460460956237,0.9070318236297785,0.8988036355495139,0.9232502781287152,0.9186624373238785
2012-07-31,0.9428074063777417,0.8901101055270965,0.8833486171136123,0.909947230972461,0.9044375742769646,0.9276077682742774,0.9244208562692234
2012-08-01,0.9324780414565695,0.8852466772692799,0.8736706806049936,0.903350952149011,0.8945285878923334,0.9191893497824921,0.9142929337470265
2012-08-02,0.9362821898024777,0.8855191222976971,0.877234917752391,0.9047647370799887,0.8981779172027401,0.9217836039726547,0.9180228939144062
2012-08-03,0.9253924261989912,0.8752079067703701,0.8670319244848775,0.8942334733605554,0.8877313389181812,0.9110583630078194,0.907345501557487
2012-08-06,0.9397952845337528,0.8876304278422468,0.8805264567789922,0.9073355127777121,0.9015480380306694,0.9248230433577344,0.9214674765700701
2012-08-07,0.9523825602076086,0.8945107413613074,0.89231990736552,0.9160808940645748,0.9136230440183253,0.9354763476829934,0.9338092762608762
2012-08-08,0.9560214169943994,0.8970377740528385,0.8957292771782114,0.9189751004887342,0.9171138087101628,0.9387423226907763,0.9373771683711111
2012-08-09,0.9652471804538857,0.9030301798431846,0.9043732116006881,0.9260309337325368,0.9259641073689407,0.9468792378754131,0.9464230117737653
2012-08-10,0.959561149898994,0.8954994345986955,0.899045774423644,0.9190716220319075,0.9205094836063963,0.9405360738014349,0.9408478697046968
2012-08-13,0.9601709206429933,0.8989405723879166,0.899617089561629,0.9216095385473615,0.9210944382523155,0.9421278210954399,0.9414457487513426
2012-08-14,0.9645318509593769,0.9044736074146238,0.9037029948464703,0.9267819034733628,0.9252778899416636,0.9469087384121302,0.9457216325744132
2012-08-15,0.9605428057917142,0.8995822182985426,0.8999655215209301,0.9221661403548621,0.9214511886337227,0.9425942941493923,0.9418103814274214
2012-08-16,0.9752526758488133,0.9135447012335163,0.9137477036346472,0.9364149575766005,0.9355624048825284,0.9570937348524076,0.9562333808457609
2012-08-17,0.983829028800458,0.9155280802269998,0.9217831830639192,0.9405337384713085,0.9437897223677931,0.9634162983840899,0.9646424784892409
2012-08-20,0.9811471950583197,0.9125098223150289,0.9192704809877357,0.9376143942544338,0.941217032348659,0.9606092263920144,0.9620129456413775
2012-08-21,0.9809306471193882,0.9132183544394674,0.9190675897916122,0.9380264812484935,0.9410092973528613,0.9607121514739528,0.9618006208019921
2012-08-22,0.9774034716766516,0.9123512569796953,0.915762858063179,0.936297594268322,0.9376256688621453,0.9580940968156235,0.958342232035708
2012-08-23,0.9799461091013147,0.9150431933449494,0.9181451423321654,0.9389499922458276,0.9400648274952572,0.9606967491925505,0.9608352831608786
2012-08-24,0.9708397549791231,0.9066902368783748,0.9096130866160461,0.9303268344479102,0.931329078521429,0.951821285648329,0.9519065203847465
2012-08-27,0.9677892605150447,0.9053243524227453,0.906754973656678,0.9284125527284525,0.928402731321807,0.9493438522755139,0.9489155164050874
2012-08-28,0.9542104033652042,0.8988043737968572,0.8940324763532479,0.9195921047958437,0.9153764986692238,0.9381636313055923,0.9356014729761757
2012-08-29,0.9593080767281758,0.9031875189124319,0.898808661484184,0.9242201087592543,0.9202667098615349,0.9430307178986742,0.9405997319454004
2012-08-30,0.9508528148272558,0.8963050413708461,0.8908866364163002,0.916807570380076,0.9121555553332467,0.9350920836938432,0.93230936384524
2012-08-31,0.936196969802949,0.8855944792095224,0.8771550722099983,0.9047884830931143,0.8980961654376052,0.9217536823808496,0.9179393358680832
2012-09-03,0.9318563694872092,0.8841237573577981,0.8730882148005059,0.9023862920597037,0.8939322163702591,0.9183921640461289,0.9136833855717074
2012-09-04,0.9284746168941108,0.8782867375587025,0.869919734730954,0.8973229641347342,0.890688092393913,0.9141491501041791,0.9103675836309766
2012-09-05,0.9176252699725266,0.8759259753709047,0.859754609239855,0.8922145349642944,0.880280285936445,0.9062033372736792,0.8997298197532558
2012-09-06,0.9177646118207368,0.8784977290332893,0.8598851633997926,0.8940094306939883,0.8804139569304762,0.907185367679203,0.8998664441685555
2012-09-07,0.9393220415939373,0.8892085646502382,0.8800830592265155,0.9082560414817723,0.9010940548590957,0.9250579964863276,0.9210034627739454
2012-09-10,0.9426529332166156,0.887157756860684,0.8832038859072823,0.907935779098962,0.904289387775464,0.9265364071237253,0.9242693956305893
2012-09-11,0.9353794905081058,0.8829854397949941,0.8763891478019655,0.9027489721842459,0.897311955443657,0.9203128286631751,0.9171377989851426
2012-09-12,0.9476864909242394,0.8958953355950446,0.8879199988802107,0.9155059446288515,0.9091180926543928,0.9328690413567448,0.9292047893225411
2012-09-13,0.9517637392716627,0.8934592760787894,0.8917401127920885,0.915164460265998,0.9130294074999519,0.9347044391772931,0.9332025235183598
2012-09-14,0.9703370386935457,0.9072692878264311,0.9091420744743708,0.9305566140876435,0.9308468214933218,0.9516894922803513,0.9514136080295507
2012-09-18,0.9740535071741916,0.9107513411119849,0.9126241613467447,0.9341255782308515,0.9344120392830572,0.9553370111847359,0.955057598256967
2012-09-19,0.9819122790506871,0.916974772166632,0.9199873144386206,0.9408969791462103,0.9419509793939348,0.9626553757660002,0.9627631090305893
2012-09-20,0.966912043421399,0.9074417761163066,0.9059330788546872,0.9295684217837914,0.9275612147035409,0.9494988781082764,0.9480554067248324
2012-09-21,0.9722750216784046,0.9151810651484988,0.910957837246369,0.9365656478689203,0.9327059335643121,0.9557022918362799,0.9533137966345401
2012-09-24,0.9697488980202263,0.9188799550047141,0.9085910252919711,0.9382670992687755,0.9302826166299403,0.9553232949876568,0.9508369372257803
2012-09-25,0.9747192366074876,0.925531482837026,0.9132479061012894,0.9443974311661764,0.9350506752438081,0.960892090203349,0.9557103446912952
2012-09-26,0.9668338510761685,0.9215889390789932,0.9058598177628026,0.939169440583611,0.9274862045852826,0.9543460041739336,0.9479787392800896
2012-09-27,0.9715447742540332,0.9293157897811292,0.910273643371665,0.9459477252460828,0.9320054053284788,0.9601166886455582,0.9525977904335289
2012-09-28,0.9620428482795245,0.9219943812563666,0.9013709628106945,0.9378988230278196,0.9228901832574498,0.9513385374708688,0.9432811702138073
2012-10-01,0.9559897243020915,0.9114576394996099,0.8956995832070639,0.9287755750114064,0.9170834058287691,0.9437132933640674,0.937346093747002
2012-10-02,0.9547374899240665,0.9067777306191454,0.8945263218403756,0.9251908270774039,0.9158821341632881,0.9412740153735788,0.9361182803376534
2012-10-03,0.9505786214008544,0.9042268827167481,0.8906297351845164,0.9221111246014857,0.9118925208727835,0.9376566673289428,0.9320405177157945
2012-10-04,0.9585569547519512,0.9148358780645327,0.8981049095254138,0.9319019087130997,0.9195461566143212,0.9465687325596185,0.9398632582862768
2012-10-05,0.9623030394693255,0.9192641966984231,0.901614744866437,0.9361233622714727,0.9231397853362624,0.9505623961704085,0.9435362871770837
2012-10-09,0.9508819284350002,0.916521722208376,0.8909139139546037,0.9305616453229998,0.9121834840921731,0.9420995896008025,0.9323379096818747
2012-10-10,0.9388902185926973,0.9043669269265673,0.8796784694360635,0.9184210382693044,0.9006798059413248,0.9300127973467048,0.9205800611482663
2012-10-11,0.9356864349682297,0.8997771946996778,0.876676734601292,0.9142655521862016,0.8976064080551601,0.9263203165003407,0.9174387574404281
2012-10-12,0.9437013305447577,0.9122889498895012,0.8841861653460473,0.9253607852880095,0.905295118033764,0.9359131424618153,0.9252973472029208
2012-10-15,0.9494715619320403,0.9123447560280039,0.889592493172814,0.9272673530252077,0.910830515871782,0.9397298244336657,0.9309550480268854
2012-10-16,0.96017348257996,0.9183085272009612,0.8996194899283018,0.9347844990194841,0.9210968959250492,0.9488310929231663,0.941448260725632
2012-10-17,0.970518531511656,0.9293231973199879,0.909312121324671,0.9456173190348144,0.931020928021389,0.9594407173524715,0.9515915613901093
2012-10-18,0.9856281322397753,0.9415490422887557,0.9234688248232172,0.9588159038280772,0.9455156069328935,0.9736039324301354,0.966406495965812
2012-10-19,0.9873585764976541,0.9388405612184878,0.9250901374389743,0.9575363364513835,0.9471756265683251,0.973807970247163,0.9681031932464796
2012-10-22,0.9859548269379094,0.9394093038104098,0.9237749162983827,0.957468106006821,0.9458290059986102,0.97308044475203,0.96672681949164
2012-10-23,0.977917985894859,0.9363804680084097,0.9162449240928525,0.9528078308945869,0.9381192436774244,0.9667460134389574,0.9588467122412525
2012-10-24,0.9695590354921222,0.9326113582818352,0.9084131365731218,0.9475403496074538,0.9301004810175098,0.9599441096366138,0.9506507773806029
2012-10-25,0.9803259814757852,0.9404462595031882,0.9185010577974011,0.9563496750303,0.9404292400429068,0.9697339542082803,0.9612077472965079
2012-10-26,0.9673938527577051,0.9318166554960884,0.9063845025580436,0.9462992992084226,0.9280234156413412,0.9582449152133081,0.9485278198563095
2012-10-29,0.9682230840118915,0.9360689653569202,0.9071614377801238,0.9494565776337724,0.9288188993201685,0.9602582353576643,0.9493408795128786
2012-10-30,0.9576189593185362,0.9248477327832819,0.8972260694109209,0.9383995326030563,0.9186463351781065,0.9494068208804669,0.9389435555602816
2012-10-31,0.9694825649847776,0.930575610460796,0.9083414887302477,0.9461326333557195,0.930027122662772,0.9591911869410871,0.9505757981946095
2012-11-01,0.9704174778321699,0.9390392352696101,0.9092174406640988,0.9521860475752184,0.9309239869662723,0.9627282626582909,0.9514924784509133
2012-11-02,0.9814517077460944,0.9503816013226165,0.9195557893760876,0.9634624650100687,0.9415091521546817,0.9739022947784187,0.962311519748532
2012-11-05,0.9747166545507355,0.947261750063337,0.9132454868837001,0.9591506048485694,0.9350481982701128,0.9683816515091911,0.9557078129895953
2012-11-06,0.9730949703785507,0.9472288311028938,0.911726075324983,0.9585979458710755,0.9334925124651303,0.9672978453281872,0.954117754764651
2012-11-07,0.9754428006507103,0.9437627706860422,0.9139258380868155,0.9570227954180769,0.9357447920948846,0.967666163874059,0.9564197978498906
2012-11-08,0.9622899307966081,0.9307919595514864,0.9016024629010658,0.943952603263594,0.9231272101527476,0.9545343880977902,0.9435234341485905
2012-11-09,0.9546718349595009,0.9248253988844319,0.8944648074507316,0.9374275494307951,0.915819151186607,0.9474568733290403,0.936053905770641
2012-11-12,0.9437703570357311,0.9123913777972414,0.8842508386344976,0.9254565923061823,0.905361335324416,0.93599757659132,0.9253650275451195
2012-11-13,0.945055847143632,0.9102956705335439,0.8854552584358759,0.9244603402526532,0.9065945092972572,0.936131587705745,0.9266254481339192
2012-11-14,0.9450721842748727,0.9169179930337586,0.8854705652548417,0.9289423749000913,0.9066101815493524,0.9384055204991736,0.9266414666598115
2012-11-15,0.9649122744308248,0.9275352496429223,0.9040594266533785,0.9426087591345443,0.9256428311580639,0.955155809382052,0.9460946370595735
2012-11-16,0.9796000354130318,0.9366478635307524,0.917820894016024,0.9535728275020657,0.939732838114357,0.9679842288139084,0.9604959585723253
2012-11-19,0.9953804478726569,0.9523588791210758,0.9326061040487369,0.9693547911899476,0.9548710284483806,0.9837902636542204,0.9759686227660169
2012-11-20,0.9954275768532759,0.9498508685576984,0.9326502608081918,0.9676747901004279,0.9549162394009258,0.9829643407407962,0.9760148326412514
2012-11-21,0.9999634773089076,0.949914589554388,0.936900101621642,0.9692014266969176,0.9592675403957015,0.985986090049288,0.9804622743507484
2012-11-22,1.0097073391741882,0.9535645336208206,0.9460294602221547,0.9748557235518076,0.968614852190146,0.9936778671337825,0.9900161122480113
2012-11-26,1.0134703633504893,0.9517465983850963,0.9495551667236255,0.9748575748186042,0.9722247309786839,0.9955454067248237,0.9937057502458533
2012-11-27,1.0164823892197472,0.9588784653196565,0.952377237136226,0.9806638643072185,0.9751141751561722,0.9999747737690872,0.9966590358419666
2012-11-28,1.0034992623131695,0.9511134659368767,0.940212899943757,0.9711683198530843,0.9626594280609733,0.9887343093476078,0.983929104775619
2012-11-29,1.0144152962782598,0.9584467460530971,0.9504405068146816,0.9796959359868953,0.9731312075711095,0.9984600943096866,0.994632255171777
2012-11-30,1.0156689348520653,0.9604956037902825,0.9516150838205899,0.9814909929369016,0.9743338262852208,0.9999894124652022,0.9958614453923988
2012-12-03,1.0159171696045555,0.9622312961966146,0.951847663479859,0.9827441786988222,0.974571958522913,1.0007460422618135,0.9961048390917913
2012-12-04,1.0172644135578641,0.9654628813977268,0.9531099425784526,0.9853789135578377,0.9758643731187753,1.0027511036589218,0.9974258092077409
2012-12-05,1.01694246299689,0.962649059900007,0.9528082960482157,0.9833592298482926,0.9755555251160604,1.001564192199079,0.9971101372993121
2012-12-06,1.0254801044949537,0.968515759327456,0.9608075053880125,0.9901066937473205,0.9837457066041568,1.0092047966340505,1.0054812784366969
2012-12-07,1.0283740570085755,0.9729173974686931,0.9635189488213238,0.9940368272240283,0.986521882707343,1.012631227315348,1.0083187933337456
2012-12-10,1.0261222751524373,0.9714775385216933,0.961409177116938,0.9923303733235441,0.9843617425705666,1.0106532934769281,1.006110925536461
2012-12-11,1.0229608079863357,0.96644245494494,0.9584470900243519,0.9878826805371677,0.9813289389719495,1.006831582956095,1.0030111130350055
2012-12-12,1.029380714320295,0.9739435332457418,0.9644621206061438,0.9950600967708628,0.9874875716603367,1.0136480464243853,1.009305818899916
2012-12-13,1.0369424747874783,0.985061738336852,0.9715469935149108,1.0050685271909008,0.9947415879609494,1.0224683473485303,1.0167201105555497
2012-12-14,1.0408596714295861,0.9866738296340322,0.9752171494909467,1.0074292616256368,0.998499364793193,1.025599686210651,1.020560914360841
2012-12-17,1.0535416519483023,1.0013517424238532,0.9870993322969877,1.0215124305849013,1.01066522138255,1.0390165556462494,1.0329955719706518
2012-12-18,1.064238456469736,1.0192671467565513,0.9971215355779802,1.0371598206954749,1.0209266935224965,1.0522520970679432,1.0434837683171774
2012-12-19,1.0920967065188942,1.0454142319990742,1.0232228861716026,1.0639456764870874,1.0476511845772125,1.0796114714324136,1.070798729135683
2012-12-20,1.093159216878931,1.0499213275143038,1.0242183885943226,1.0673570671003851,1.048670453503374,1.0818717333070833,1.0718405185087574
2012-12-21,1.087828826172299,1.0511539658810247,1.0192241625970226,1.066477565578535,1.0435569959636448,1.078798532364911,1.0666140806297788
2012-12-25,1.0950147099578553,1.0661249980660321,1.0259568637423158,1.0789881028389576,1.0504504327950486,1.0887076716725348,1.073659825918964
2012-12-26,1.1081656352210332,1.0827295653299567,1.038278416974088,1.094534300501186,1.063066149286101,1.1031004262021396,1.086554282952587
2012-12-27,1.1159595430155973,1.0931028626812143,1.045580796681403,1.104110394768793,1.0705428651160462,1.1118149395788206,1.0941961946181045
2012-12-28,1.1200701389544756,1.0950290793808617,1.0494321550962373,1.1067473718906378,1.074486170392015,1.115182185476052,1.0982266260634768
2013-01-04,1.1558031000670268,1.1318257138725067,1.0829115927529882,1.143327203400624,1.1087648920606696,1.1514153522365111,1.1332627259978305
2013-01-07,1.1480108607225243,1.118084518632209,1.0756107762737988,1.1315039392723971,1.1012897767791678,1.1415805710574016,1.125622450244403
2013-01-08,1.1367206904220435,1.0920352142976157,1.0650326282295193,1.1102384953689861,1.0904590873184516,1.1252489760375157,1.1145524598879482
2013-01-09,1.1447804986695607,1.1089689246926115,1.0725841391971715,1.124299957836909,1.0981908821380624,1.1363440497096302,1.1224550864383283
2013-01-10,1.1564292779921053,1.1200869648278968,1.0834982803420372,1.1356283184037401,1.109365586157675,1.1478505783230664,1.1338766922541013
2013-01-11,1.1686350778835277,1.13211807209828,1.0949343131753788,1.1477552453906708,1.1210746414442911,1.1600366677465226,1.1458444556708416
2013-01-15,1.179780892443119,1.1416660029901218,1.1053772093715877,1.1578603843783715,1.1317668500708096,1.1706767312158661,1.1567729054998273
2013-01-16,1.1572449067458632,1.1094014937146648,1.0842624709146147,1.128701222848303,1.1101480209227916,1.1447687948452223,1.1346764146850516
2013-01-17,1.1589353769412527,1.1072584206759108,1.0858463304592765,1.127815396715728,1.1117696933370758,1.1451647748659926,1.1363339174740077
2013-01-18,1.18374917077397,1.1382036226146095,1.1090952255349809,1.1568371559707487,1.1355736296986871,1.1721381045654065,1.1606637948030984
2013-01-21,1.1770200075898969,1.1287233666677372,1.102790441596318,1.1482339178955672,1.1291183261171214,1.164454246214949,1.1540658631889467
2013-01-22,1.1728612914219099,1.1271253631383744,1.0988939976872982,1.1457864809118263,1.1251288589813768,1.161150406602201,1.1499882499510943
2013-01-23,1.1556973197512035,1.1021931569364127,1.0828124835446091,1.1233365373980528,1.1086634167311358,1.1412966206725073,1.1331590086007586
2013-01-24,1.1670862159683004,1.1213073848733848,1.093483131288537,1.139964168127985,1.1195888142180497,1.1553420802118297,1.1443257995293736
2013-01-25,1.18973622557939,1.1405878083048433,1.1147047026637935,1.1604169082267624,1.1413170268004147,1.1769228058177597,1.1665340905732822
2013-01-28,1.1864371881141478,1.1407698618814817,1.1116137212363948,1.159451701548973,1.1381522516593539,1.1747935317325189,1.1632993906569968
2013-01-29,1.196836648027308,1.1481827344707876,1.1213573321487365,1.1678729047177108,1.1481284803504137,1.1842139103866498,1.173496041184591
2013-01-30,1.2151344062869225,1.1712537224330568,1.1385011298592456,1.1894432765209355,1.1656815669968306,1.2041895405298373,1.1914369581138997
2013-01-31,1.2214250591937605,1.1759694997715082,1.1443950584690628,1.1946933258032109,1.1717162065395321,1.209966521099705,1.1976049312410666
2013-02-01,1.223153922887843,1.1778219212685017,1.1460148902003526,1.1965087814905218,1.1733747099360412,1.211740758802163,1.1993000787819592
2013-02-04,1.235737614094461,1.1982107024720332,1.1578049823765029,1.2144201454007164,1.1854462773350396,1.2270435865661884,1.2116383639095036
2013-02-05,1.2128506711598488,1.1626216893623489,1.136361420038653,1.1828549175915652,1.1634907740049116,1.1997233612078138,1.1891977601956607
2013-02-06,1.2488323036844358,1.204333703451787,1.1700738464759877,1.2228367212535478,1.1980080467998857,1.2377916994535463,1.2244776819732548
2013-02-07,1.2491238022400335,1.2082529319564608,1.1703469614772446,1.2255860437377348,1.198287682115377,1.2393282499178242,1.2247634957487343
2013-02-08,1.2344938689322427,1.1956601482191536,1.1566396748474623,1.2122872480164655,1.1842531493961563,1.2253474916760432,1.2104188741599948
2013-02-12,1.247179822373344,1.2077879168199173,1.1685255800208405,1.2246372377220827,1.1964228172201945,1.2378848872300185,1.2228574272125954
2013-02-13,1.233181837502803,1.1938201944660034,1.15541038757101,1.21061333413054,1.1829945142651737,1.2238499854992764,1.2091324298562587
2013-02-14,1.2291505343395206,1.1858455384085036,1.1516333212790377,1.2038980531176013,1.1791272747531483,1.2184527573720045,1.2051797448254953
2013-02-15,1.2163540156954047,1.1687560384098583,1.1396438237722486,1.1881517096735248,1.1668515414449638,1.2041407997970133,1.1926327828030956
2013-02-18,1.241205519465998,1.1970705412904847,1.1629280505829913,1.2154309092852418,1.1906916530471472,1.2302638445618208,1.216999634654051
2013-02-19,1.2444262969197661,1.1997065079993985,1.1659457075196793,1.2182663066174062,1.1937813531575479,1.23329495333199,1.2201576007789712
2013-02-20,1.258121246894698,1.2116570961287572,1.1787769761753577,1.2308253074880025,1.2069189539563787,1.2464379756899642,1.2335854730005418
2013-02-21,1.2434902083588357,1.1954218419410907,1.1650686540194626,1.215059311078399,1.192883360989021,1.2312073654804427,1.219239767737795
2013-02-22,1.244708286591026,1.1944557226794275,1.1662099133208457,1.2148021940778204,1.1940518665757922,1.2316805265997723,1.220434091111569
2013-02-25,1.2679396305070765,1.2223237790093004,1.187976156758386,1.2412507517751938,1.2163377546548346,1.2565804420977786,1.2432123793281085
2013-02-26,1.2525504505000375,1.2133229009076816,1.173557505837984,1.2301369825554536,1.2015748746206685,1.2433300240738356,1.2281233178048812
2013-02-27,1.2379370555683362,1.1944222288844302,1.159865714580373,1.2125716016922932,1.1875562072082448,1.227197007725744,1.2137949120622227
2013-02-28,1.2645175451523418,1.2311282073202892,1.1847698875401969,1.2460976494614837,1.2130549393563248,1.257339665239153,1.2398570311918393
2013-03-01,1.2787564734013475,1.2549255023973354,1.198110828110725,1.2668579167289542,1.2267143799151474,1.2749062734767589,1.253818273069301
2013-03-04,1.288017381468745,1.2785136786635538,1.2067876907225512,1.2857911382242813,1.235598392886852,1.2890495378936968,1.2628985756927025
2013-03-05,1.282338680380139,1.2621876518624184,1.2014671207740248,1.2729283427334988,1.2301508003002013,1.2797464798743894,1.2573306201512897
2013-03-06,1.2991079575174054,1.281207710485283,1.2171788320620291,1.2912666970424498,1.246237611067501,1.297333302184581,1.2737728642675146
2013-03-07,1.3014378746520663,1.2776702635081802,1.2193618113905427,1.2896553878494916,1.248472706578296,1.2976839802599214,1.2760573435557443
2013-03-08,1.3210310651541388,1.3100818910282626,1.2377193440295204,1.3179388894104918,1.2672685047128525,1.321682672420162,1.2952684293177446
2013-03-11,1.3421442976235365,1.3514031054430131,1.2575010561570217,1.3527205593273521,1.2875224830233674,1.3497088228528684,1.3159699133174914
2013-03-12,1.3368771520353213,1.3404787812598733,1.2525660866818011,1.3436290488675815,1.2824696966886997,1.34250854502372,1.310805487155992
2013-03-13,1.3314967711349317,1.336309514074056,1.2475250231562571,1.3390463359909668,1.2773082834272889,1.3375205410102873,1.3055300339877762
2013-03-14,1.3398502785188713,1.359523573878662,1.2553517109248669,1.3574281224920968,1.285321824585246,1.350934001996851,1.3137206319789196
2013-03-15,1.3578815160431663,1.3683083292511382,1.272245796211201,1.369294799328578,1.302619237203525,1.3658935086450217,1.3314002258376936
2013-03-18,1.3286418694568476,1.3320824972648742,1.244850167791024,1.3352587506839362,1.2745695688912566,1.3341915641433075,1.3027308083601812
2013-03-19,1.3486902601014714,1.3481152468463855,1.263634193066475,1.352669496502569,1.2938020416954803,1.3529462558793248,1.3223882169901444
2013-03-21,1.3639947954485103,1.3586611331083331,1.2779735374998349,1.364820980767434,1.3084837218892038,1.3666898247501262,1.337394284586355
2013-03-22,1.340812484324175,1.3350151676323998,1.2562532345677062,1.341251577685849,1.286244871093597,1.3432739990984117,1.3146640729281835
2013-03-25,1.3530967216099186,1.3544431542401953,1.267762758087836,1.3583833673269405,1.2980291715746957,1.3580179384815616,1.326708744059831
2013-03-26,1.3503757253052724,1.3484256950603186,1.2652133632627411,1.3534350240053628,1.2954189128084372,1.3541716465549158,1.3240408123944336
2013-03-27,1.3668102070973076,1.3704239091194241,1.2806113933012926,1.373667133679614,1.311184553538387,1.372544468411953,1.3401547903158664
2013-03-28,1.354824947404243,1.3591647472210837,1.2693819921489493,1.3621317410534923,1.2996870630323232,1.3607655432114172,1.3284032661412328
2013-03-29,1.3529364091151719,1.3489549627382478,1.2676125558094253,1.3546368432033102,1.2978753833854066,1.3560528606680167,1.3265515579657658
2013-04-01,1.3088978474546689,1.3001292450013293,1.2263513159429114,1.307232521846838,1.2556290777099997,1.310246671299837,1.2833718326012025
2013-04-02,1.2972546340358562,1.3180744539672287,1.2154423896842794,1.315385223905497,1.2444597130761788,1.3085048154738816,1.2719556841433788
2013-04-03,1.3209366035935595,1.3309948405995045,1.2376308397513998,1.3319298217253923,1.267177887494389,1.328649375180202,1.2951758099385113
2013-04-04,1.3553717396789424,1.389268104517537,1.269894300597564,1.382454690231472,1.300211602270366,1.3712053690608859,1.3289393949193478
2013-04-05,1.39071911754889,1.4736667150592695,1.303012472080723,1.4507953076947053,1.334120432940856,1.4231463676650147,1.3635974312228056
2013-04-08,1.4354482040587733,1.5459922746556638,1.344920688378114,1.5141665077187116,1.377029160883554,1.477292616697954,1.407454214879679
2013-04-09,1.4367535194290557,1.5203650544555,1.34614368314824,1.497422902635575,1.3782813532816818,1.4695548411362491,1.408734074100274
2013-04-10,1.4627789075634103,1.5509810300634277,1.3705277625082577,1.5266091588669715,1.4032475751787776,1.4972077210297856,1.4342519173216497
2013-04-11,1.4932594560252748,1.5888370343709304,1.3990860344846074,1.562131635564987,1.4324876438576983,1.5302658917150798,1.464138036711534
2013-04-12,1.5007435255064465,1.6067421507798756,1.4060981160421493,1.5766251122349797,1.4396671309952433,1.5412752301268446,1.471476152504179
2013-04-15,1.4847448142768984,1.5740666414948479,1.3911083743996668,1.5493963053054165,1.4243195260887407,1.519621836292489,1.4557894467846682
2013-04-16,1.4657872896892479,1.5449172758070522,1.373346418972591,1.5235460879264133,1.4061335239038142,1.497178395360973,1.4372016302343182
2013-04-17,1.4832627508878014,1.577976610888369,1.3897197783445472,1.55152380044015,1.4228977788607362,1.5199462412639135,1.4543362864701368
2013-04-18,1.465097935711077,1.5631130513557407,1.3727005395711354,1.5355133879302025,1.4054722248562912,1.5028308099750682,1.4365257199789865
2013-04-19,1.4705759319437397,1.5662769032436499,1.3778330622517405,1.5394578218642074,1.410727280757478,1.5075493950419683,1.4418968847935412
2013-04-22,1.493198787919542,1.5833393080129983,1.3990291924541571,1.5584262630769925,1.432429444787545,1.528378568330302,1.4640785517500559
2013-04-23,1.4916371175779386,1.5708577256383733,1.3975660099130454,1.5495398514742316,1.4309313304048774,1.5231434777895219,1.4625473369710569
2013-04-24,1.5172950853062013,1.590837270548795,1.4216058404843652,1.5714740947239196,1.4555450849596743,1.5469780910160456,1.4877049251879504
2013-04-25,1.5270458145502241,1.6046397555825178,1.4307416333677168,1.5839721325711298,1.4648989846482414,1.5581219073082258,1.4972654965369174
2013-04-26,1.511310614889512,1.5875731798002304,1.415998784758053,1.5672938598480142,1.4498041670687152,1.5418878355756298,1.4818371634059673
2013-04-30,1.5209691350457915,1.603060300505021,1.4250481837823912,1.5808904269087996,1.4590696103418144,1.5535360308858852,1.4913073239210028
2013-05-01,1.5155532897810895,1.599486046794489,1.4199738924767509,1.5766801228913925,1.4538741760243374,1.5487119394317779,1.485997098011501
2013-05-02,1.5079205791538648,1.5924856112887007,1.4128225439279616,1.5694328550598473,1.446552097052379,1.5412527309079025,1.4785132398598317
2013-05-07,1.5512487920287379,1.631685352309278,1.4534182336373493,1.6102186585265914,1.4881169633073705,1.5834219834194567,1.5209964696005598
2013-05-08,1.5586961041347902,1.6241905846075932,1.4603958759485924,1.6078759499537802,1.4952611890002505,1.5860765329595934,1.5282985448572985
2013-05-09,1.5419358547516622,1.599379649888194,1.4446926230732817,1.585759087429049,1.4791830385807576,1.566650790723935,1.5118651524367162
2013-05-10,1.5747079856273967,1.6464429116251622,1.4753979572625506,1.628051877637014,1.5106214281740409,1.6041666518794349,1.5439981639945142
2013-05-13,1.592981145635529,1.6918549266672853,1.4925187080270097,1.6642316133187487,1.5281509176544283,1.631272108199727,1.5619149623853557
2013-05-14,1.5960578376180417,1.6626043852207164,1.4954013663405235,1.6460762220915874,1.5311023962009878,1.6239274420097338,1.5649316529816655
2013-05-15,1.6160431977765821,1.671032326133204,1.5141263361902946,1.658545214052832,1.5502744036975005,1.6402626554206674,1.5845272603407412
2013-05-16,1.6089193552731504,1.6579918671137899,1.5074517636515419,1.647505141556331,1.543440483227901,1.6312006849905876,1.5775423464098561
2013-05-17,1.6214281104125068,1.6865593003435013,1.519171645654395,1.6706163056687713,1.5554401642644873,1.6489425030883809,1.5898071568669698
2013-05-20,1.645982536665333,1.6897789055125414,1.5421775303427487,1.681247031850698,1.5789952886383947,1.6667094039236108,1.6138827247807233
2013-05-21,1.6523326686338413,1.6695249065593607,1.5481271869268247,1.6701389746859119,1.5850869865982167,1.6644984292915708,1.6201090170139423
2013-05-22,1.6581536209777261,1.6783802648618336,1.553581036958625,1.6779769483874818,1.5906710411805962,1.6713220527996164,1.6258164496387135
2013-05-23,1.5455129086740451,1.5312496211200772,1.448044087661174,1.5422271221449828,1.482614515625521,1.547098565297419,1.515372446956765
2013-05-24,1.5528093938950602,1.540263755037754,1.4548804150872985,1.5506811188670886,1.489614052698948,1.554978644568012,1.5225266367415917
2013-05-27,1.503510707834372,1.5002814725777223,1.4086907841376033,1.507310632782459,1.4423216961326417,1.5084894248360512,1.474189369476945
2013-05-28,1.51484447230404,1.513282600265434,1.419309777055189,1.5197847651929082,1.4531942055921887,1.5204067213056007,1.4853021038327956
2013-05-29,1.5327881321814214,1.5263003000844546,1.4361218078383788,1.534561952302922,1.4704076047481214,1.5368323749271708,1.5028958279765012
2013-05-30,1.4736637183982926,1.4588156632533331,1.380726115356881,1.469710644548487,1.413689402259653,1.4747729128406128,1.4449244534984378
2013-05-31,1.47393051583659,1.4610846381190998,1.3809760870335726,1.4712942460636895,1.4139453417296706,1.4756869854557257,1.4451860478757124
2013-06-03,1.427788327460276,1.3854264398472,1.3377438870984755,1.405574484984243,1.3696810215253554,1.419842947495335,1.3999437205452054
2013-06-04,1.463003371238107,1.443230032449496,1.3707380702288943,1.4562263527453734,1.4034629037602917,1.462935512767388,1.434472003524792
2013-06-05,1.4154327612196427,1.3831913498901547,1.3261675330324296,1.4000083100836338,1.3578282949940372,1.4108882030907817,1.3878291115098993
2013-06-06,1.3888085915081763,1.3574019736847187,1.301222434662043,1.3738287102844828,1.332287660387133,1.3844275186533372,1.3617241640989644
2013-06-07,1.374061949519642,1.3550395387898135,1.2874057996637152,1.367391779163492,1.3181411687297508,1.3738440915428531,1.3472651098722788
2013-06-10,1.4400600379536073,1.4237590315780329,1.349241673836862,1.435528117670689,1.3814533050222149,1.4410735089107471,1.4119761091808842
2013-06-11,1.4224313003518718,1.4015460370826975,1.3327247045421673,1.41471927259807,1.3645420116167717,1.4217981491020235,1.3946911657253036
2013-06-12,1.4182115121764411,1.3862962789802842,1.328771040173322,1.403020205331052,1.3604939579469217,1.4137910819576065,1.3905536715011189
2013-06-13,1.3538192593466192,1.320016879180215,1.2684397284915554,1.337061203303501,1.2987223038872806,1.348459833981333,1.3274171909268464
2013-06-14,1.3737050111891564,1.3405351436273454,1.2870713718914077,1.357464430583982,1.3177987568695901,1.3686525532976332,1.346915132522853
2013-06-17,1.4112254354990472,1.362494456223199,1.3222255451652425,1.3846290973869038,1.3537921965892223,1.4010285805821296,1.383703836698812
2013-06-18,1.414135465995344,1.3764716038009437,1.3249520526123342,1.3950376259893849,1.3565837963426168,1.4077325934877734,1.3865571160270804
2013-06-19,1.4390855328024348,1.3970995637426853,1.3483286265147516,1.4171768882050992,1.3805184597196802,1.4313202083015837,1.4110206087465513
2013-06-20,1.4198134200744876,1.3696307679305193,1.3302719226620572,1.3922739503315715,1.3620306723211655,1.4091599068086427,1.3921243391271463
2013-06-21,1.4267175879173533,1.3711231686366825,1.336740674471875,1.3955489370701937,1.3686538583228467,1.4142468966356418,1.3988938624740717
2013-06-24,1.415029052876823,1.3604942161148077,1.3257892848303734,1.384524357813127,1.3574410165405317,1.4028669046444229,1.3874332762529547
2013-06-25,1.3989405437219702,1.3452002518749877,1.31071540842972,1.3689007029232492,1.3420072682529014,1.3869762869168163,1.3716585238396655
2013-06-26,1.3863056149191177,1.3346549375105716,1.2988773099911328,1.357622136808597,1.3298865484958107,1.3749974487161352,1.3592700003471443
2013-06-27,1.4266696975416377,1.3924775198431847,1.3366958043352226,1.4099764914912172,1.3686079169620236,1.4215100914038508,1.3988469060524034
2013-06-28,1.4707210073077823,1.4463861419691866,1.3779689883394397,1.4608935461053332,1.4108664519280207,1.4691301429981778,1.442039130910133
2013-07-01,1.4915483778260652,1.47074587512589,1.397482866593878,1.484201922351649,1.4308462021322488,1.4912575008894173,1.4624603278143007
2013-07-02,1.5201243220866925,1.509923766354175,1.4242566495261977,1.5200378778291974,1.4582591790933148,1.5235458425987853,1.4904789864326091
2013-07-03,1.5229987124817348,1.526660674901595,1.4269497645392208,1.532251313279237,1.4610165892057418,1.5311185052742955,1.4932973207098565
2013-07-04,1.5221486168151366,1.5314655292871544,1.426153280733065,1.535201886827261,1.4602010902423266,1.53217584030429,1.4924638035368778
2013-07-05,1.5440361460053873,1.5511988856063281,1.4466604580329592,1.5557377279536406,1.481197853392292,1.5534342027435892,1.5139244839884722
2013-07-08,1.5239090253406409,1.5247110491530367,1.4278026678995634,1.5312416142635552,1.4618898546769006,1.5310663234861774,1.4941898807245642
2013-07-09,1.5561729434949974,1.5601601062154087,1.4580318401478123,1.5657922062977014,1.4928407144970506,1.564552555640878,1.5258245906823904
2013-07-10,1.5539385657183755,1.5528209657751137,1.4559383749228503,1.560113557298261,1.4906972701385994,1.5605827625819337,1.523633787551739
2013-07-11,1.5566904155020365,1.560621475880208,1.4585166774313556,1.5662742412474442,1.493337126726777,1.5650534044069437,1.5263319709942191
2013-07-12,1.566122393055984,1.5635928489565742,1.4673538209164037,1.5714017874196444,1.5023852470977248,1.572344434202132,1.535580006921547
2013-07-15,1.5660754268810786,1.5635481453044742,1.4673098166952094,1.5713561340357738,1.50234019232512,1.5722980204891277,1.535533956677003
2013-07-16,1.5754885870805602,1.5773007271474024,1.4761293295550284,1.5837306702920215,1.5113702611594422,1.583220363804491,1.5447635422243167
2013-07-17,1.578084557308127,1.5758362038629037,1.4785615831574896,1.5836064500468152,1.5138605820878026,1.5844556904085756,1.5473088860605904
2013-07-18,1.5881538893123122,1.5768525544469123,1.4879958859015976,1.5876301284629832,1.5235201182251394,1.5915107776278425,1.557181846805702
2013-07-19,1.5744099260726856,1.5701425574577517,1.475118695036043,1.57855711374795,1.5103354988751942,1.5800820632162924,1.5437059171719694
2013-07-22,1.5799224070444058,1.5809535313414038,1.4802835276522213,1.5876588136374032,1.5156236360754158,1.5874102499012053,1.549110894207124
2013-07-23,1.5881202747955034,1.5839224639742655,1.487964391307116,1.592375374184503,1.5234878717325502,1.5938778754495826,1.55714888783635
2013-07-24,1.5832766997604681,1.5818512180652937,1.4834262796205282,1.5893753373294204,1.5188414177209653,1.5899494110268653,1.5523997717910125
2013-07-25,1.560670318893782,1.5519253024017137,1.4622455855132843,1.5617438509129546,1.4971550583055249,1.5647670046082272,1.5302342586474327
2013-07-26,1.516580888866775,1.4986627243580792,1.42093668532834,1.511286503852032,1.4548599544750573,1.5173779834344923,1.487004656946936
2013-07-29,1.4665254533037164,1.444417117704817,1.3740380297974863,1.4581889349327615,1.4068416461612054,1.4656801547740543,1.4379253982445577
2013-07-30,1.4952731526591199,1.4762178275695919,1.4009727359729056,1.4891187426783978,1.434419388227253,1.4955896220287317,1.4661124624043453
2013-07-31,1.473785131813526,1.4496826287023068,1.38083987175264,1.464139366089511,1.413805874461733,1.4722986452664328,1.4450434991195404
2013-08-01,1.514659997564675,1.4921097615193655,1.4191369363405222,1.5062408441646093,1.4530172384993782,1.5138829499108024,1.4851212267041578
2013-08-02,1.5565810805784486,1.5430510190754838,1.4584142377889635,1.5544193322905793,1.493232241452855,1.559044202211772,1.5262247683110417
2013-08-05,1.5411460001919197,1.5249490519782125,1.443952581227671,1.5371206355271905,1.4784253290663723,1.5426373892966145,1.5110907015536337
2013-08-06,1.5531311874248535,1.5414462575723031,1.4551819144896307,1.5521957869468486,1.4899227500612457,1.5562027271705614,1.5228421546812478
2013-08-07,1.504199619136453,1.4886497061196946,1.4093362487806356,1.5004448831746398,1.4429825705198505,1.5057427601072353,1.4748648456892182
2013-08-08,1.4851833962205427,1.470437484474435,1.3915192968752288,1.4818849082834125,1.4247402588773759,1.486912455830511,1.4562194755404296
2013-08-09,1.486891191919896,1.467732453446664,1.3931193892791824,1.48063057653556,1.4263785516922551,1.4871355677350517,1.4578939659528398
2013-08-12,1.4796640607860758,1.4448859672098187,1.3863480420776513,1.4628596868533181,1.4194455461733793,1.4745933297088674,1.4508077777176795
2013-08-13,1.5076667568947626,1.4724805335262785,1.4125847291419766,1.4907126362220746,1.4463086047051958,1.502584627257884,1.4782643676209068
2013-08-14,1.5264669486743092,1.4999463455701394,1.430199274061323,1.5154284855874613,1.4643436771219078,1.524400524926022,1.496697919654238
2013-08-15,1.5025272130608882,1.4692604040592054,1.4077693141298158,1.486841893682669,1.4413782270622597,1.4980709830562773,1.4732250547351533
2013-08-16,1.4904177208195046,1.4621413702625414,1.3964235152391689,1.4780368629961036,1.4297615599524824,1.487594491060106,1.4613517207848254
2013-08-19,1.4993483330538633,1.4720079673816024,1.4047909123489428,1.4876372130403148,1.438328719280477,1.496882035720009,1.4701081689765216
2013-08-20,1.469382034975913,1.439887272408673,1.3767144592068616,1.456087372185092,1.409581972319918,1.4660516167984732,1.4407262711031623
2013-08-21,1.4643415617717679,1.4353318380664213,1.3719918668678959,1.451350835675305,1.4047466333873573,1.4611523891557663,1.435784096780116
2013-08-22,1.461384479963239,1.433080115192141,1.3692212754315263,1.448855255396078,1.4019098971889008,1.4584204858067908,1.4328846837303173
2013-08-23,1.489224080130598,1.4685752582581957,1.3953051523108084,1.481971074613833,1.4286164973639512,1.4889750630671654,1.4601813583754375
2013-08-26,1.4874403438436015,1.4687535899222386,1.393633908563936,1.481499814491765,1.4269053545476689,1.4878468269076541,1.4584324083622857
2013-08-27,1.480801044863758,1.455961881941516,1.3874133214824438,1.4706904479958662,1.4205362579287744,1.4790967758569655,1.4519225884282714
2013-08-28,1.4552679820121908,1.4295508306193159,1.3634905185769581,1.4444526162853177,1.3960423249440346,1.4531513175357094,1.4268874692037572
2013-08-29,1.4595591421279843,1.4354235033228242,1.3675110537662845,1.4498272456491088,1.4001588459001792,1.4579967459896377,1.4310949434787745
2013-08-30,1.4456447528868202,1.4242946633916116,1.3544741849307014,1.4377254059977485,1.386810736447821,1.4449615005922265,1.4174519114769377
2013-09-02,1.461996715177759,1.4475408106457068,1.369794899616525,1.45879165023342,1.4024972160077405,1.463721672131298,1.4334849791855886
2013-09-03,1.5017465056601356,1.4914872516197188,1.4070378425714032,1.501537872866846,1.4406292924410624,1.5050653593080392,1.4724595726239416
2013-09-04,1.5103727382487755,1.5004681201800725,1.4151200559444943,1.510440760970435,1.4489044595906218,1.513850052307346,1.4809175771559648
2013-09-05,1.5141397247994786,1.510951518679427,1.4186494749305347,1.5187369234084038,1.4525181394951332,1.5198978676086246,1.484611100254319
2013-09-06,1.5004204939828751,1.490412635395516,1.4057954567209519,1.5003748589238652,1.4393572460223223,1.503818099024384,1.4711594207139924
2013-09-09,1.536341783662177,1.53460237529407,1.4394513458755132,1.542011172259958,1.4738166317703285,1.542688447113483,1.5063801764473546
2013-09-10,1.5597039806898054,1.5601680965319134,1.4613401900842984,1.5669577845160239,1.4962280475764778,1.566898787701976,1.5292867658891833
2013-09-11,1.5565023064391992,1.564022955526647,1.4583404315942934,1.5684827796778273,1.4931566732180936,1.56606113626699,1.5261475304183765
2013-09-12,1.552346412769076,1.5552904191529064,1.454446632180393,1.5612335793903067,1.4891699137118226,1.5603438881695544,1.5220726846342738
2013-09-13,1.552351804961418,1.5548725319848966,1.4544516843104636,1.5609546160830379,1.4891750864558304,1.5602066344114727,1.522077971668538
2013-09-17,1.547372996414998,1.5464744218634507,1.4497868677057122,1.5536563958761274,1.484398902588317,1.5540528506204645,1.5171962594242898
2013-09-18,1.5595160133477068,1.5578642830833829,1.4611640770302619,1.5653474530486873,1.4960477300208659,1.5659968063321303,1.5291024642702546
2013-09-19,1.5900918851842096,1.5972031202481425,1.4898116607479022,1.6019467960704719,1.5253792426586974,1.599664295628352,1.5590820480464065
2013-09-20,1.5931325506296266,1.5960227332319734,1.4926605645623447,1.6021650882944924,1.528296160855391,1.601295937110509,1.5620634146920929
2013-09-24,1.5877276073889308,1.581505473087968,1.4875964877371641,1.5906139943265338,1.5231111848776346,1.592795211356188,1.5567638781962494
2013-09-25,1.5803262416508075,1.5724525049684752,1.480661894154958,1.5820700601379756,1.5160110356538992,1.5848037578744114,1.5495068532652674
2013-09-26,1.6025634041433974,1.5976640822797012,1.501496654895573,1.6064045520231187,1.5373432029317013,1.6081438229783331,1.5713103485001805
2013-09-27,1.6002451039256689,1.6005377078783884,1.4993245598552376,1.6075641197254698,1.535119251559253,1.6075650484750694,1.5690372595767539
2013-09-30,1.571535264763331,1.5730992668852428,1.4724253261941007,1.5795806843852804,1.507577828873968,1.5791541890237857,1.5408873172637565
2013-10-01,1.5688630788745461,1.5672389878484292,1.469921663522848,1.5747555713014654,1.5050143940654157,1.575396457670153,1.5382672441176284
2013-10-02,1.5450121712948401,1.5391684776350543,1.4475749296247942,1.5479719827251999,1.4821341569673945,1.5500240970640822,1.514881474915476
2013-10-03,1.5417722873829602,1.5319671048751073,1.4445393711917487,1.5420640245099273,1.4790261279824954,1.5454422277125992,1.5117047749449701
2013-10-04,1.5286387306645501,1.514173418953205,1.4322340911456748,1.525750379073219,1.4664270731811924,1.5306879602966146,1.4988273477362273
2013-10-07,1.5043614964302838,1.4835570201154868,1.4094879171730128,1.497118748613919,1.4431378598249323,1.5041771516701021,1.4750235660657878
2013-10-08,1.5088397525878732,1.4929366371172874,1.4136837490652179,1.5049001754767886,1.4474338624960632,1.510317901236638,1.4794144876514557
2013-10-09,1.5322270878037105,1.5316896779217983,1.4355961461053033,1.5386845027049036,1.469869393430935,1.5389593042988223,1.5023457250386782
2013-10-10,1.5470483257634218,1.5468968615741416,1.4494826726292338,1.553830216603775,1.4840874451956791,1.553976722999768,1.5168779204722351
2013-10-11,1.5700370036419864,1.569558728078387,1.4710215539277163,1.5767022598451286,1.506140543119682,1.5769596048007928,1.5394182751037786
2013-10-15,1.5709929928943787,1.5635034389756963,1.471917253068775,1.5729658993452234,1.5070576260728064,1.5755706494365815,1.540355620734819
2013-10-16,1.5698148131243501,1.5654492547468128,1.4708133760059456,1.5738751297363507,1.5059273951835934,1.5754339065562728,1.5392004177267802
2013-10-17,1.5822108356588085,1.5807985442726233,1.4824276349621759,1.5883045938199987,1.517818931541822,1.5888753971013216,1.551354694080699
2013-10-18,1.5826782070125405,1.5804267756706118,1.4828655312241323,1.5882119349850927,1.5182672820857364,1.5890637076672491,1.551812950797914
2013-10-21,1.5917218704480243,1.5927274734950458,1.491338849884269,1.5994776070262335,1.5269428917222703,1.5992394985613283,1.5606802454757955
2013-10-22,1.5932691416739557,1.5944653530832869,1.4927885413997157,1.6011594442837247,1.5284271929961715,1.6008576167668205,1.5621973419494557
2013-10-23,1.5712709909181597,1.5692163101036887,1.472177718958421,1.5768857603584792,1.5073243102933391,1.5776709554460542,1.540628197264709
2013-10-24,1.579376082287508,1.5735100034847076,1.479771657237078,1.582473795600359,1.5150995453284035,1.5845355322825518,1.5485752238293171
2013-10-25,1.5473888421750315,1.5445466026694321,1.449801714142129,1.5523697944532935,1.4844141034667473,1.5534171819764346,1.5172117961616545
2013-10-28,1.5716210558675978,1.5699789402365996,1.4725057068241232,1.5775137454500772,1.50766012850135,1.5781608371595715,1.5409714352771813
2013-10-29,1.5671848582195482,1.5614833121995597,1.4683492809929952,1.5703385431697099,1.503404472666793,1.5723444400725244,1.5366217519795657
2013-10-30,1.579922170077431,1.578862254952947,1.4802833056297275,1.5862417893645142,1.5156234087523854,1.5866944768644198,1.549110661861458
2013-10-31,1.5665969411802536,1.5599123775372887,1.4677984413409886,1.5690895221238423,1.5028404823361075,1.571424492707817,1.5360453004485282
2013-11-01,1.5514579943282845,1.5423151294358561,1.4536142424518197,1.5522370355803583,1.4883176516123775,1.5553949560121516,1.5212015920545952
2013-11-05,1.551636965436327,1.5386541312708704,1.4537819266254093,1.5498403560228484,1.4884893390574787,1.5542838909243264,1.5213770728832616
2013-11-06,1.5645314684088112,1.5566409005458137,1.4658632290123654,1.566209002214809,1.5008590689843437,1.5689484764240176,1.534020108351965
2013-11-07,1.5543634443864187,1.543198400860555,1.456336458329192,1.5537986409892284,1.4911048573396402,1.5576337586535924,1.524050380272018
2013-11-08,1.5440874978863137,1.52920152088405,1.446708571372644,1.5409803230811927,1.4812471153839823,1.5460605493916442,1.5139748344093693
2013-11-11,1.5529736796821303,1.5392512182089524,1.4550343400796515,1.5506867698904485,1.4897716524777993,1.5553780119819123,1.5226877186411691
2013-11-12,1.5781253550875802,1.5677912678818817,1.4785998079972773,1.578223972458752,1.5138997195027548,1.5817823745483426,1.5473488882052062
2013-11-13,1.576627527570807,1.5677489663834527,1.4771964419898975,1.5776960634964825,1.512462849706451,1.5807670688766182,1.54588027119368
2013-11-14,1.59552385385514,1.5878406539275167,1.494901058626209,1.5974786283485258,1.5305901442013148,1.600150613133032,1.5644080829248355
2013-11-15,1.622012470039527,1.624404284624085,1.5197191522447446,1.6308451667673465,1.55600074196041,1.6301457400100405,1.590380120362084
2013-11-18,1.6245055226571203,1.6338268827084876,1.522054978806188,1.6379987448138005,1.5583923337603343,1.6349794952461,1.5928245536788885
2013-11-19,1.6194917955527155,1.6291947196699397,1.517357445806021,1.6332186883746431,1.553582652430171,1.6300713797371686,1.5879086038554129
2013-11-20,1.6149639172702184,1.6228381748892198,1.5131151212419096,1.6274436795929368,1.5492390471267543,1.6249083168287073,1.5834690278713102
2013-11-21,1.6289538679913744,1.63853617072875,1.5262227862214415,1.642641993454508,1.5626596429015684,1.6395356594545736,1.5971861477595621
2013-11-22,1.6289968348789376,1.6424766547714305,1.5262630433730653,1.6453002120550297,1.562700861147521,1.6408890106970173,1.5972282767105268
2013-11-25,1.6412190473547437,1.6546658800967773,1.5377144537200118,1.6575547553712522,1.5744256610686267,1.653155361581325,1.6092121326348217
2013-11-26,1.6322301603257898,1.6404301841028432,1.5292924569551332,1.645005437812279,1.5658025985800197,1.6423620888744597,1.6003985461186339
2013-11-27,1.625931699223936,1.6312565199623188,1.5233912125794211,1.6367497769062809,1.5597604686157203,1.6350686386302142,1.5942229170712086
2013-11-28,1.641652402706465,1.653418697201683,1.5381204792222216,1.6568624755703394,1.5748413799741627,1.6530257449974377,1.6096370367272133
2013-11-29,1.6383499583983223,1.6501178769142164,1.535026305806783,1.65354640479191,1.571673336639929,1.6497089241721314,1.6063989964079886
2013-12-02,1.6385879846719198,1.6496215762530082,1.5352493207918125,1.6532948946708954,1.571901675857515,1.64970400755412,1.606632380713378
2013-12-03,1.6409422881762823,1.6488675573518947,1.5374551485470636,1.6535829074604866,1.5741601652756012,1.6510328386092283,1.6089407707903949
2013-12-04,1.615715422430327,1.6188932233918725,1.513819232218812,1.6250710923564609,1.5499599679632554,1.6241088931047498,1.5842058772414984
2013-12-05,1.6014883897149526,1.6045041756214542,1.5004894369820097,1.6106721246995312,1.5363119388204967,1.609763272486258,1.57025629891198
2013-12-06,1.6090156994676512,1.612834152848008,1.5075420318339938,1.6187694321261668,1.5435329064619352,1.6175923198417552,1.5776368117080424
2013-12-09,1.6323910830715063,1.6326134921344402,1.5294432309986221,1.6398467495967866,1.5659569721846367,1.6398750690287265,1.6005563305626065
2013-12-10,1.6357356920244053,1.6399269452396503,1.532576909916865,1.6458581178937037,1.5691654641712314,1.6445578741861342,1.60383571323526
2013-12-11,1.628010797500749,1.6284998182918289,1.5253391911116667,1.6356249935164375,1.5617549529498953,1.6355637752242111,1.5962614689496921
2013-12-12,1.618004613800185,1.6220798178493328,1.5159640541805335,1.6279701317501492,1.552155995142937,1.6267076250173387,1.5864504249953382
2013-12-13,1.6122942050204814,1.617001698573553,1.5106137762079785,1.6226566264732998,1.546677985286515,1.621182068913021,1.5808513801235313
2013-12-16,1.5924631258888404,1.5956732254587804,1.4920333575473863,1.6017362920350406,1.527653979976644,1.6007618151079435,1.5614070450158484
2013-12-17,1.6043870591614622,1.6071552021872721,1.5032052998716336,1.6134183065628795,1.5390926398895568,1.6125925479923235,1.5730984387526916
2013-12-18,1.6264630289476556,1.6334160878825694,1.5238890336333333,1.638389251383844,1.5602701745887662,1.6361637679990286,1.5947438848477025
2013-12-19,1.6438003070251659,1.6611535189314768,1.5401329244966033,1.662753010668761,1.576901870121614,1.6570466353603133,1.6117430527979895
2013-12-20,1.6410970957190045,1.6619552207682835,1.5376001930469876,1.6623795108309292,1.5743086725502289,1.6554995162388844,1.6090925592895442
2013-12-24,1.6347135758478326,1.6550812611666674,1.5316192541910005,1.6556397285604716,1.568184945489351,1.6489235318385416,1.6028335302817087
2013-12-25,1.6348616104070768,1.6571289201586712,1.531757952850248,1.6570576620651112,1.5683269554234756,1.6497054781505427,1.6029786778835287
2013-12-26,1.6628880496092986,1.6918580111384636,1.5580168856337928,1.689687940539019,1.5952127907660996,1.6800934655214943,1.6304585478444937
2013-12-27,1.6771743340323308,1.7115507943614718,1.571402195829077,1.7076505331144178,1.6089176602246889,1.6962468554101127,1.644466222359891
2013-12-30,1.6944261016342512,1.7280541239760476,1.5875659689929633,1.7244794549916702,1.625467325337968,1.7133274414576527,1.6613815474526334
2014-01-06,1.6808310828046285,1.7082103237609558,1.5748283292570602,1.7066497080459382,1.6124255887443255,1.6975897283564871,1.6480516575276483
2014-01-07,1.6677662478255315,1.6925194293721826,1.5625874369671464,1.691776828861394,1.5998924588846213,1.6835952174604685,1.6352416118526847
2014-01-08,1.6947792073692227,1.7207946183343983,1.5878968058749945,1.7197523652971296,1.6258060605793763,1.7111498752074665,1.6617277669494979
2014-01-09,1.6811353063042507,1.7035684024884112,1.5751133666951063,1.703660886615737,1.612717431131408,1.696256879294519,1.648349948086373
2014-01-10,1.6802772649940876,1.6999220278192118,1.574309438342792,1.700941783925515,1.6118943098916472,1.6944712471258085,1.6475086402250965
2014-01-14,1.6427999141887775,1.6545539442159896,1.539195622113724,1.6580396847700443,1.575942190695947,1.654208564866642,1.6107621695378835
2014-01-15,1.6769466567310014,1.6910750256626685,1.5711888771513525,1.6939219147151698,1.6086992488028657,1.6892980375145497,1.64424298520199
2014-01-16,1.677487552017085,1.6858864397802493,1.571695660508943,1.6906490855705698,1.6092181310445346,1.6879434541975398,1.6447733319940612
2014-01-17,1.681951971664555,1.6915432914476742,1.5758785284999346,1.6959278732766896,1.6135008603158554,1.6928233024376003,1.649150686908057
2014-01-20,1.6789716748990668,1.6806066942673914,1.5730861861736298,1.687634777583284,1.6106418539493699,1.6871937612626684,1.6462285116374216
2014-01-21,1.6806177925669628,1.6855117949710106,1.5746284903130605,1.6914589915534521,1.6122209788697461,1.6899269826729597,1.6478425268581152
2014-01-22,1.6857904714539993,1.690216924145755,1.5794749506937567,1.6963435901076407,1.6171831430545602,1.6949684430922825,1.6529143286000334
2014-01-23,1.6689501181956976,1.6716089088525212,1.563696645748552,1.67824990282842,1.601028148781209,1.6774654962441684,1.6364023944832597
2014-01-24,1.6406793944560767,1.639405887926654,1.5372088343978323,1.6472325093047326,1.5739079706524084,1.64776283167038,1.6086830040012337
2014-01-27,1.5945218709893805,1.5873786416963438,1.493962266490241,1.5969571890627279,1.5296289394563758,1.5994497507833076,1.5634256406439773
2014-01-28,1.5889561332494044,1.5812588889178634,1.488747535780059,1.5909973375416557,1.5242897129011392,1.5936750290294208,1.5579684454495462
2014-01-29,1.6303577216191025,1.620083002128147,1.5275381048668986,1.6308689475785987,1.5640063633039687,1.6344121926022546,1.5985626235528607
2014-01-30,1.590683054364517,1.5718759675709024,1.4903655474424407,1.5853322540199042,1.525946352776637,1.5917295938472997,1.559661688295479
2014-01-31,1.5874057496640859,1.561030537017056,1.4872949281882832,1.5769993571630574,1.5228024259328583,1.58593027311642,1.556448297313468
2014-02-03,1.555730942849827,1.5180727653556756,1.457294031431643,1.5376672560792108,1.4922096629594015,1.550378339075646,1.5253067157330287
2014-02-04,1.4818129444545924,1.4673185778696682,1.4053633336597209,1.4790411480478194,1.4331264219599786,1.483991130412987,1.4588736445817136
2014-02-05,1.5086926868466262,1.485138539326808,1.4242475541290596,1.4999303428805586,1.4546116127420563,1.5079156981554926,1.4830315476314007
2014-02-06,1.5097499941719859,1.4905268525369375,1.4249903597833973,1.5039172616650853,1.4554567268532457,1.5104524712154652,1.4839817921496419
2014-02-07,1.547018291115327,1.5181959869423256,1.451173004160354,1.5348799679221394,1.4852455714884576,1.5446318368616678,1.517476306020095
2014-02-10,1.564731698867657,1.5334842160297768,1.463617464839316,1.5510395877320584,1.4994040384636595,1.561604670039196,1.5333960563257076
2014-02-12,1.58412310532849,1.5448675654475137,1.4772407946122035,1.5651151914511343,1.514903743083868,1.5783629941580495,1.550823891401118
2014-02-13,1.558552523269634,1.5276874890983958,1.4592763177922223,1.5450894127566117,1.4944649745149359,1.5555260312238535,1.5278425832735154
2014-02-14,1.537129831458316,1.5137740970403861,1.4442259192686295,1.5286361096401468,1.4773416474413763,1.536556881529958,1.5085891505473699
2014-02-17,1.5497079355714996,1.5206286390511976,1.4530625996093625,1.5374088072071705,1.4873954255843052,1.5472469040643466,1.5198935974160723
2014-02-18,1.5874018770047986,1.5536592458933358,1.4795442782654689,1.5721321979154614,1.5175244912282866,1.58353424574693,1.5537706550688306
2014-02-19,1.582895284095486,1.548529704521648,1.4763781953163169,1.5671836085114699,1.513922335857094,1.5787939535308178,1.5497203991921282
2014-02-20,1.552718904133618,1.5229810513423163,1.4551779396049624,1.5399893272153051,1.4898021165805375,1.5500481345208657,1.5225996756793398
2014-02-21,1.5897399059637136,1.5529186958844066,1.4811868481115598,1.572402419474979,1.5193932962749896,1.5848354658175214,1.5558719355086896
2014-02-24,1.5860895631286986,1.5474158681821524,1.4786223191112549,1.5674838630947308,1.5164755483633308,1.5805369662891369,1.5525912259311847
2014-02-25,1.6039129253932218,1.564031846040049,1.4911440277496493,1.5845762999514699,1.5307219028501526,1.598034851645885,1.5686097967688803
2014-02-26,1.593460401787369,1.5530076696628017,1.4838006627219995,1.5736882665852807,1.52236711802556,1.5873375516777084,1.5592156943920066
2014-02-27,1.5800062377883604,1.5383099427398297,1.4743485111543857,1.5593306592856468,1.5116130982839966,1.5733954676581248,1.5471238973516088
2014-02-28,1.5734102765270035,1.5333720654079672,1.4697145535498068,1.5538231256515156,1.5063408942567196,1.5673323032133224,1.541195842300063
2014-03-03,1.5562639349730183,1.5174253223489902,1.4573364297500762,1.5374086414155554,1.4924237019765814,1.5505180581063256,1.5256999114225824
2014-03-04,1.56681457203943,1.5249219359276787,1.4672163912453091,1.545946469627559,1.5025415364100692,1.5600792146047429,1.5360433407573726
2014-03-05,1.578868836595606,1.5401888788498985,1.4785043986820843,1.5602278735330368,1.5141013173246383,1.5732856845359686,1.547860867304334
2014-03-06,1.5966185731468137,1.560534559013238,1.495125832304775,1.5798151800032834,1.531122933605505,1.5920049492308712,1.5652620104365373
2014-03-07,1.608709176543624,1.5726359884169534,1.5064478686199951,1.5919704161744703,1.5427175626880787,1.6041573727620646,1.5771151621526562
2014-03-10,1.5962060888099496,1.5633536486572028,1.4947395684858271,1.581583494326656,1.5307273699821402,1.5926911648598496,1.5648576270269663
2014-03-11,1.6039258214161944,1.5711235376069732,1.5019685784899721,1.5893737033530928,1.5381304278154382,1.6004650980636854,1.5724257490459077
2014-03-12,1.5692034533016552,1.5369358885239885,1.469453417762182,1.554847893737655,1.5048324222532952,1.5657579083289725,1.538385305926821
2014-03-13,1.5638172962559622,1.5359830777110872,1.4644096442076793,1.5524306880901477,1.4996672132826845,1.561855864384806,1.5331049295440937
2014-03-14,1.5144236529734572,1.4856938742889814,1.4181558217447672,1.5021979716381877,1.452299769814257,1.5119197014747312,1.4846813456728507
2014-03-17,1.5005620475253396,1.4704090301875632,1.405175361206938,1.4873093285785948,1.439006787786387,1.4975066890081645,1.4710919732475787
2014-03-18,1.5152815497613012,1.4904488849453323,1.418959184345284,1.5056922261970385,1.4531224744154854,1.5141090911075545,1.4855223939191087
2014-03-19,1.5125045117483886,1.48736278843546,1.4163586751565336,1.5026932701411966,1.4504593545817455,1.5112134346355572,1.4827998951481072
2014-03-20,1.4870197820850375,1.462636078076242,1.392493941093042,1.477599721043536,1.426020045970054,1.4858643554961395,1.4578156691975923
2014-03-24,1.5073334425539608,1.4884618342822753,1.4115163168981133,1.5017328104787977,1.4455004102427451,1.5081531213518717,1.4777303824294723
2014-03-25,1.508126740960727,1.4831406447173443,1.4122591874625867,1.4983998624678219,1.4462611663833922,1.5068676221311275,1.4785081009653425
2014-03-26,1.518584261832186,1.4932381545883695,1.4220519519084924,1.5086637933967582,1.456289704385046,1.5172528029889683,1.488760242847408
2014-03-27,1.5400753415886914,1.5140350663764666,1.4421769016294166,1.529787887215852,1.4768991884763378,1.5386107783200573,1.50982925160873
2014-03-28,1.5540425184859334,1.522244993215208,1.455256222723796,1.5399325687618863,1.490293411257389,1.5506841750875506,1.523522122127711
2014-03-31,1.5744429144614076,1.5404702723394241,1.4743598204929629,1.5589605067492847,1.5098569530187247,1.5704418071523922,1.5435218674365339
2014-04-01,1.5742012000343568,1.5452811223672165,1.4741334712007759,1.5621301453641578,1.509625154072586,1.571919883409668,1.5432849001254927
2014-04-02,1.5822525567090704,1.5527068734655876,1.481673024824869,1.5697978301966282,1.517346232267859,1.5797975965580067,1.5511781333293162
2014-04-03,1.5892471383170643,1.5585613471689985,1.48822297972591,1.576057017895694,1.5240538858622095,1.5864390258737586,1.5580353458495946
2014-04-04,1.5908589732160394,1.555436974740079,1.4897323546232082,1.5744845502345202,1.5255996009256028,1.5864526143039637,1.5596155253469988
2014-04-07,1.5689374386411294,1.530587292979856,1.4692043129368884,1.550486316473435,1.5045773199049595,1.5634334169153994,1.5381245156232741
2014-04-08,1.5401964892876472,1.5024855028670272,1.4422903482955645,1.5220406631111003,1.4770153665186985,1.5347718078487276,1.509948020044734
2014-04-09,1.510180757764207,1.4735617979330484,1.4141826359521146,1.4926194229928018,1.4482309243999365,1.5049828810598624,1.4805217781988156
2014-04-10,1.5086282000155047,1.4736418957606001,1.4127287701163596,1.4921598528916438,1.4467420548510248,1.5039765020669504,1.478999711686547
2014-04-11,1.4915454519765972,1.451578102187135,1.3967319263433442,1.471639689428505,1.430360066233778,1.4851231253216521,1.462252457840902
2014-04-14,1.4897439685623697,1.448354249418304,1.3950449583759281,1.4688711301442416,1.42863248231585,1.4828307341543523,1.4604863544032072
2014-04-15,1.4928335768144039,1.4544219828322194,1.3979381685558736,1.4739823645657237,1.4315953502982903,1.4869449326142357,1.463515284734707
2014-04-16,1.5325872453677478,1.4971808191864335,1.4351648035096694,1.5159486821794768,1.4697182649635077,1.527907620077343,1.5024882167853435
2014-04-17,1.5344029773310395,1.4984027280706855,1.436865114284276,1.5173727731306543,1.471459512934084,1.5295306781933038,1.5042682889397554
2014-04-18,1.5429584165962724,1.5094952764883591,1.4448767073267856,1.5276783826251255,1.4796639955114408,1.5389872955380146,1.512655704875969
2014-04-21,1.5406135904618914,1.507617167534435,1.4426809354719796,1.5256370426782455,1.4774153575899915,1.5367895150939135,1.5103569296199657
2014-04-22,1.5299039030983665,1.4963786309855265,1.4326520340784834,1.5145204701671993,1.4671449973362465,1.5258493120307024,1.4998575736336839
2014-04-23,1.5428983392190756,1.5108594953619225,1.4448204489065877,1.5285779061771447,1.4796063825965193,1.5394098807763605,1.5125968073798517
2014-04-24,1.533353835727988,1.5002457882313585,1.4358826637861737,1.518267844904719,1.4704534086609353,1.5294572081512756,1.5032397518035574
2014-04-25,1.5411982602666794,1.506183828091254,1.4432284393925838,1.5248644595829746,1.47797604338042,1.5366927139432651,1.5109301168855256
2014-04-28,1.5304716941555525,1.4941467545017528,1.4331837321879934,1.5132041413549608,1.4676894967700973,1.5254705070737204,1.5004142136393976
2014-04-30,1.5333288222821124,1.4959890617835663,1.4358592403776576,1.5153908111554726,1.4704294213033582,1.527997187614243,1.5032152296056842
2014-05-01,1.5587851320190795,1.5181382179085425,1.4593593049039397,1.538738783183048,1.4946198529003527,1.552454665750014,1.5280723793684912
2014-05-02,1.5574214529057169,1.5185794407214124,1.4584017814316006,1.5385882092520033,1.493530231975938,1.551699637196434,1.5268469697107219
2014-05-07,1.5207547606003742,1.4889975538957836,1.4326558283027653,1.506534291344097,1.464232434001708,1.5172709268475915,1.4938980754810292
2014-05-08,1.5336109327916672,1.4939712425943799,1.4416829421721293,1.5141253574507278,1.4745049050619767,1.527502272858615,1.5054507035229077
2014-05-09,1.5411518750199162,1.4989231418094875,1.4469779042466728,1.5199527418392553,1.4805303463561832,1.5341970955322752,1.5122270362720331
2014-05-12,1.5308004565461983,1.4925970310082024,1.4397095329242213,1.512272007086584,1.4722592493980997,1.5251678063214118,1.5029251938920996
2014-05-13,1.5570190585491606,1.507484216929304,1.4581192354588974,1.530958614888538,1.493208706694459,1.5476504559053503,1.5264853758973942
2014-05-14,1.5636621110916986,1.5092662897051237,1.4627837336352887,1.534348658544907,1.4985167069280965,1.5526686237209926,1.532454859966577
2014-05-15,1.5607267066422517,1.505349421365169,1.4607226045664246,1.5307360945478194,1.496171229844525,1.5493844993751293,1.529817089154834
2014-05-16,1.5355673426525562,1.4901629693804836,1.443056658572828,1.5121958074046429,1.4760681358105205,1.5275031303934317,1.5072087443366124
2014-05-19,1.5253352855167492,1.480432753912699,1.4358720982302613,1.50225415003421,1.4678924121774952,1.5173927415576967,1.4980141607207142
2014-05-20,1.5308346747563137,1.4836275699083177,1.4397335596465235,1.506222484260297,1.4722865907846268,1.5221331226623724,1.5029559425665753
2014-05-21,1.5274838111273426,1.4819129152009087,1.4373807109844683,1.5039612794009034,1.4696091492302248,1.5193238147341073,1.4999448378187108
2014-05-22,1.5498804822413657,1.499493809994849,1.453106799390309,1.5232104682145213,1.4875047679604234,1.540187057448174,1.5200706114087554
2014-05-23,1.565085158703915,1.5094201792826503,1.4637829434036282,1.5349208927058542,1.4996537650816715,1.5536659253666965,1.5337336184885686
2014-05-26,1.582246883400396,1.5217300423074012,1.4758332520588542,1.5488858351403814,1.5133665030308645,1.5692566505046162,1.549155240027664
2014-05-27,1.5827755095434868,1.5231340479641027,1.476204433178475,1.5500084827592877,1.5137888913339923,1.5700862174513328,1.549630266428483
2014-05-28,1.5860919132391746,1.5299247805557203,1.4785330853894365,1.5556883209313015,1.5164387983577325,1.574602918408324,1.552610405288084
2014-05-29,1.587516082419306,1.5323637177904832,1.479533082679998,1.5578049607373334,1.51757675267805,1.5763798645807843,1.5538901716572608
2014-05-30,1.5879067585658058,1.5307032366585673,1.4798074005724486,1.5568115025652993,1.5178889147546883,1.5760732525673802,1.5542412354216684
2014-06-02,1.612884144611226,1.5494473345586446,1.4973422714879427,1.5776937833107338,1.5378446291997718,1.5990458710656903,1.5766851236183708
2014-06-03,1.621814836056756,1.5559569184419617,1.503560465395276,1.585024565475857,1.544940621349629,1.6071879023862654,1.584687856503289
2014-06-04,1.6280745691534193,1.5636328977877276,1.5079189447404209,1.5922762260120755,1.549914370267621,1.6139658164981763,1.5902971614724524
2014-06-05,1.6259225656733487,1.562376346989604,1.506420564126786,1.590721570699399,1.5482044690920864,1.6121111988693835,1.5883687655443812
2014-06-06,1.6296459284397378,1.5648449688293902,1.5090130388315686,1.5936113623977084,1.5511629133651321,1.6154213580257606,1.5917052460212626
2014-06-09,1.62875590788658,1.565924978896911,1.5083933420908624,1.5940542942316114,1.55045573644642,1.6152046290399205,1.590907704555134
2014-06-10,1.6218355325836995,1.5575884185887976,1.5035748758156258,1.5861388087436958,1.5449570660329566,1.6077628234332175,1.5847064025226851
2014-06-11,1.6348835233486256,1.5717363951668955,1.5126598315743442,1.5999971736900023,1.5553245096518569,1.6212538042217186,1.5963986197953857
2014-06-12,1.633328824374744,1.5740278028346075,1.5115773375988115,1.6010457010288217,1.5540892042131522,1.6210144831764588,1.5950054644411427
2014-06-13,1.6421419143111682,1.5862436447311905,1.5177136488219343,1.6122116601016485,1.5610917546188272,1.6310417588286374,1.6029028154001512
2014-06-16,1.6298142621387808,1.5763517793077144,1.5091302449390882,1.601477302586952,1.5512966650028697,1.6194910006030383,1.5918560887233295
2014-06-17,1.634082507572798,1.573361028281428,1.512102106402972,1.6008388274949281,1.5546880525878264,1.6212832548855933,1.5956808349150489
2014-06-18,1.6463640472068617,1.580371794074602,1.5206534033983947,1.6096024014483756,1.5644465029119718,1.6318124268502074,1.6066862404546323
2014-06-19,1.6732048736058631,1.5998512421595021,1.5393419298355717,1.6315771758225979,1.5857732159201037,1.656253782732129,1.6307381255065094
2014-06-20,1.6726939312761107,1.5938773638235257,1.5389861747967548,1.6273553895206683,1.585367240326493,1.6538610420496498,1.6302802735014832
2014-06-23,1.6727343963215178,1.5942752237906554,1.5390143494907684,1.6276386588835134,1.5853993923324492,1.65402465250823,1.630316533958083
2014-06-24,1.6737727054359004,1.5895906238193682,1.5397372954629098,1.6247972103473438,1.5862243937749159,1.6530994008348072,1.6312469558123215
2014-06-25,1.6645236482402155,1.5828743098030076,1.5332974322727455,1.6172222891123875,1.5788754401519565,1.644675830809824,1.6229589375075972
2014-06-26,1.669150752224393,1.5873935694505499,1.536519157038235,1.6217987691673719,1.5825519632687337,1.6492887413755801,1.6271052544464328
2014-06-27,1.655328196081993,1.5760676319323665,1.5268948927903125,1.609603505574152,1.571569079079344,1.6362566053804797,1.614718954318487
2014-06-30,1.6675392140324508,1.581381149323106,1.5353970874843055,1.617191959009108,1.5812714955211957,1.6461553068919446,1.6256611658489688
2014-07-01,1.6840375766256317,1.5936696775325796,1.5465266833580242,1.6309154696871417,1.5941430847710927,1.6612929292189167,1.640335182237136
2014-07-02,1.689040162411463,1.5932436825400047,1.551120780610342,1.6322397629705705,1.59887863084628,1.6644349193931314,1.645207946111622
2014-07-03,1.6870938197578778,1.5891499524128154,1.5493333674964618,1.6288185108491442,1.5970361846177195,1.6617324035279408,1.64331211292139
2014-07-04,1.69380497704678,1.590104624297631,1.555496522029092,1.6316363190029775,1.6033890980748833,1.666477808004129,1.6498491092255767
2014-07-07,1.6866859648124417,1.5794479824588008,1.5489588161415444,1.6220677040363405,1.596650101106353,1.6580929565758307,1.642914842203958
2014-07-08,1.6810046712484719,1.578342342872565,1.5437414313191256,1.6194793576283004,1.5912720769023416,1.6539723971335025,1.6373809836707829
2014-07-09,1.675042464819755,1.5713171441509552,1.5382660717062036,1.6127617235730765,1.58562813505672,1.6476101783514825,1.631573502231811
2014-07-10,1.6605547616588827,1.557420947933044,1.5249613688718675,1.5986041813071614,1.5719137903599716,1.6332535419393195,1.6174617688985173
2014-07-11,1.6557677395946642,1.5582024553693592,1.5205652333824375,1.5975920234189471,1.5673823011424854,1.6303768525390232,1.6127989746597944
2014-07-14,1.6680787524613248,1.5698542453681479,1.5318709846089655,1.6095156494944627,1.5790361480045247,1.6425220804409837,1.624790504904993
2014-07-15,1.6792547679388081,1.5748923326604354,1.542134417200644,1.6165606959945136,1.5896155840195,1.651622750256634,1.635676492034613
2014-07-16,1.6790820297772568,1.5743962016825157,1.5419757840562407,1.6161664488544125,1.5894520666790706,1.6513367524814546,1.635508236594449
2014-07-17,1.6800218198891432,1.581861955847796,1.5428388351573334,1.621563321793645,1.590341690478916,1.6545489987183717,1.6364236382492832
2014-07-18,1.6675249781682218,1.5742907493419565,1.531362429020463,1.6123636741678176,1.5785119343693144,1.6436994689530378,1.624251101587274
2014-07-22,1.6805965354158516,1.58727666000651,1.5433666220130018,1.6254430183856965,1.5908857274976436,1.6568084553653324,1.6369834393554594
2014-07-23,1.6795029439716218,1.588762314123315,1.5423623283008732,1.6261035704777935,1.5898505123322688,1.656605472451247,1.635918227660743
2014-07-24,1.6748291586282231,1.5854762841698717,1.538070183133699,1.6223529007258926,1.5854262152213856,1.652389877006246,1.6313657315410524
2014-07-25,1.6896135559757588,1.6003374875860903,1.5516473534490705,1.6372645950085176,1.5994214164693927,1.6672769563652947,1.645766459561581
2014-07-28,1.6944713722207312,1.6037440274108086,1.5561085023865862,1.6411568908858964,1.60401992085047,1.6716554565265038,1.6504982108039958
2014-07-29,1.7004466479193276,1.6089162874221747,1.561595864091909,1.6466145813423065,1.6096762343239523,1.677382416021589,1.6563184223527274
2014-07-30,1.699747715946549,1.600155840754066,1.5609540037434482,1.6404121612846876,1.6090146115747956,1.6738786967102253,1.6556376283366958
2014-07-31,1.6949536485799657,1.5941677037957893,1.5565513982391856,1.6347791568155408,1.6044764531355529,1.6686450749614175,1.6509679716279786
2014-08-01,1.6852986716191947,1.5827279711201694,1.5476848030371009,1.6238584849817934,1.5953368620900386,1.65832332645871,1.6415635506030182
2014-08-04,1.6806073045788652,1.5826776913933787,1.5433765118148624,1.6223173154304409,1.590895921799116,1.6552282488820411,1.6369939290483377
2014-08-05,1.663527114074441,1.5656387432811727,1.5276910124301877,1.6051769862392644,1.5747274776045637,1.6380727905651145,1.6203569859108462
2014-08-06,1.6464088193543833,1.5516282183416004,1.5119705202478204,1.5900958341028704,1.5585229632102153,1.621950025651588,1.6036829273987556
2014-08-07,1.6551656483786372,1.5600202886973698,1.5200123062124475,1.59864846646456,1.5668123497579365,1.630625434977074,1.6122125082897598
2014-08-08,1.616742141328348,1.5253633256654606,1.4847262889962904,1.5626024956499116,1.530439902428343,1.5933156839460358,1.5747861281932916
2014-08-11,1.6498652651984307,1.55318655109771,1.5151447283543356,1.5922718655522283,1.5617949028133773,1.6247616939879654,1.6070496751496275
2014-08-12,1.6574034663764574,1.5618932682814226,1.5220673941120075,1.6006483133484346,1.5689307122788902,1.6327475802762648,1.6143922527587775
2014-08-13,1.6626093520012144,1.563607343141329,1.526848190657729,1.6034927581343537,1.573858705979271,1.6367612673852765,1.6194630406458876
2014-08-14,1.6729804895406752,1.5770496577831645,1.536372468004135,1.6160181996254468,1.5836762287110793,1.6482594755391602,1.6295650371939017
2014-08-15,1.6731808941965263,1.5704866423285073,1.5365565085220219,1.6115935196832618,1.5838659356990439,1.6460987792329616,1.6297602411562357
2014-08-18,1.6746443764181294,1.5753112864166892,1.5379004894032942,1.6153635776550215,1.5852512967477732,1.6487438448193148,1.6311857446069866
2014-08-19,1.6877429809985867,1.586901500540292,1.5499295211657702,1.6274982093114319,1.5976506934132129,1.661384406007481,1.6439444278037054
2014-08-20,1.685699413459172,1.5854458770820044,1.5480528221105854,1.625846220014169,1.5957162121959063,1.6595354515902785,1.6419538928069173
2014-08-21,1.7005297647854787,1.5950764218502211,1.5616721940106257,1.6371966590889653,1.6097549143838523,1.672627608589444,1.656399382256281
2014-08-22,1.693139614157507,1.5835529578789729,1.5548854896645778,1.6269411317551867,1.602759252480272,1.6637550821068947,1.6492010131430552
2014-08-25,1.6980121564680533,1.5934859109300463,1.559360162203744,1.6353001549664234,1.6073716968445932,1.6704205753863612,1.6539471082954824
2014-08-26,1.6901446861058471,1.5917461566867115,1.5521351138945132,1.63158329486222,1.5999241946946217,1.6646519311812376,1.646283806354089
2014-08-27,1.6927878002807517,1.597689490030453,1.5545624033180916,1.636497402210537,1.6024262185465048,1.6684615373551777,1.648858329174686
2014-08-28,1.6855342889553284,1.5923442104656307,1.5479011809270307,1.6305115858562864,1.5955599020935776,1.6618364027345152,1.6417930534427227
2014-08-29,1.6794078355532094,1.5838751282458154,1.5422749860058274,1.6227511051031125,1.5897604808331982,1.6548596121031658,1.635825587397239
2014-09-01,1.6872615929666563,1.594166070953914,1.5494874411036845,1.6323129984299458,1.5971950020362244,1.6636062976393884,1.643475532254079
2014-09-02,1.7031931910466962,1.6121814335120248,1.5641181369274002,1.649748220173477,1.6122761660560543,1.6803451541072099,1.6589936900450204
2014-09-03,1.7074305375510033,1.6201727340235879,1.5680094808775011,1.6565696868208746,1.6162873215797662,1.685910244667238,1.6631210733331485
2014-09-04,1.701935269053589,1.6087766849992329,1.5629629311559106,1.6470184209699248,1.6110853923617336,1.6783339448203847,1.6577684123371808
2014-09-05,1.695760545793055,1.6054138517397816,1.5572924078746535,1.6427316748899528,1.6052402779042052,1.6731054038526239,1.6517539290825214
2014-09-08,1.7027363784733138,1.6146391699395877,1.5636986256030478,1.6512786068125607,1.6118437382913764,1.6808998130084198,1.6585487321971624
2014-09-09,1.7003242423187208,1.6149455209675536,1.561483453579128,1.650709867708329,1.6095603627754478,1.679420832685065,1.6561991932951543
2014-09-10,1.7096333615418473,1.6207246113891263,1.5700324322224513,1.657656770747776,1.6183725580855979,1.6875501772216568,1.6652667319233194
2014-09-11,1.7142211595906276,1.6207140116684597,1.57424561142865,1.6591289979941355,1.6227154579325502,1.6905621416939642,1.6697354722013673
2014-09-12,1.715982338856807,1.6219706722950216,1.5758629807600284,1.6605547600385226,1.6243826248575588,1.692156933282243,1.671450947172139
2014-09-16,1.7106849479839212,1.6162916354240804,1.5709981508709527,1.6549698486497584,1.61936801048995,1.6866993821293246,1.6662910286860755
2014-09-17,1.7024902071539758,1.6067281706626326,1.563472555520457,1.6457990205633743,1.6116107076798043,1.6779861349223917,1.6583089492602652
2014-09-18,1.71767256247617,1.622942975199277,1.5774151883618472,1.6617635323711286,1.625982623772027,1.6936061696179965,1.6730973078633562
2014-09-19,1.733835278510203,1.646512152375729,1.5922581300925513,1.6830644260424108,1.6412825685917858,1.7124288555642377,1.6888405858751545
2014-09-22,1.7342772441180019,1.6443432584813011,1.5926640067873916,1.6817264210999932,1.6417009419268933,1.7119649121934184,1.689271082050462
2014-09-24,1.728402250912258,1.6447862398319106,1.5872687389600337,1.6801342541305246,1.6361395578330895,1.7082572537857794,1.6835485505674677
2014-09-25,1.7554149963070176,1.6716643644235407,1.6120757457178403,1.707192792581069,1.661710353799545,1.7353629087608495,1.7098602892453088
2014-09-26,1.7479849717306117,1.6672733447050436,1.6052524233496768,1.7017993797391942,1.6546769464322997,1.7289515753435853,1.702623080950951
2014-09-29,1.7541053264710373,1.6783507397232316,1.6108730175983224,1.7113347025970382,1.6604705945795966,1.7368279121589452,1.7085846066008765
2014-09-30,1.7386449436374662,1.6629299370983084,1.59667505971489,1.695822534199224,1.645835492178001,1.7213013203454015,1.693525435567664
2014-10-01,1.7277617238301652,1.643367682684811,1.586680514422993,1.6789594425490026,1.6355332223019237,1.7073428534267656,1.6829246457790499
2014-10-02,1.6803039058994023,1.5981834292921724,1.5430978872995913,1.6328117698643154,1.5906087186431375,1.6604304673998214,1.6366984038563372
2014-10-03,1.6815048563569983,1.6060327686789095,1.5442007735735335,1.6385470053247646,1.591745561961661,1.6639399419842926,1.6378681884947928
2014-10-06,1.6957824022557337,1.6258171305060563,1.557312479637425,1.656646991617647,1.6052609676615606,1.680197334684324,1.6517752183489773
2014-10-07,1.6890736246561442,1.6166943895720216,1.551151510479439,1.6482603512921619,1.598910306865094,1.6726183786630076,1.6452405399788774
2014-10-08,1.6701392543364,1.597972961703881,1.5337632352185384,1.6293759055380794,1.5809866595969633,1.653661230659005,1.6267975347751475
2014-10-09,1.652936229621894,1.575247737675399,1.5179649317099193,1.6083252673799324,1.5647019381237486,1.6344581185137195,1.6100409450934363
2014-10-10,1.6304801526927757,1.5559964801394741,1.4973425164761633,1.5879392076639038,1.5434445741287173,1.612997427513259,1.5881676249531191
2014-10-14,1.5947520068153425,1.5215911172956527,1.4645317694279447,1.5529325456039582,1.509623608686647,1.5775452429621881,1.5533666588153647
2014-10-15,1.6053794713369849,1.5338677393882652,1.4742914432542813,1.564736644114891,1.519683775580175,1.588798002486919,1.563718330413903
2014-10-16,1.566581067717465,1.4998875369384645,1.4386611418274498,1.5290250492230018,1.4829564437862213,1.5514704063928153,1.525926782674655
2014-10-17,1.5468563242138513,1.4758716136409284,1.4205470316827966,1.50627847892081,1.4642846137204248,1.530159034580113,1.5067139152311553
2014-10-20,1.6043423199613998,1.5361093178482783,1.4733389809700144,1.5659274428740877,1.5187019876936108,1.5888910202007533,1.5627080941137803
2014-10-21,1.580550202342904,1.513457842093216,1.4514896200879823,1.5427927091570357,1.4961799013102517,1.5653726329306685,1.539533404824636
2014-10-22,1.61980708926187,1.557480393263532,1.4875409671412942,1.5854927111102013,1.5333412424110282,1.606480035765636,1.5777715377808577
2014-10-23,1.6143143308908918,1.550574001123683,1.482496722580566,1.5790095280359715,1.528141689328039,1.6004697217758412,1.5724213217711316
2014-10-24,1.6263343136344424,1.5665552377183842,1.4935352078877953,1.593787920533182,1.5395200413527568,1.6139227996937098,1.584129374404753
2014-10-27,1.6451449638001543,1.5809254100821009,1.5108098654229778,1.6096686282948052,1.5573265726902603,1.6312915600599471,1.60245187011141
2014-10-28,1.6429162835030497,1.5766651055151688,1.5087631690808139,1.6060450029493327,1.5552168600964869,1.6283479472858138,1.6002810262109881
2014-10-29,1.667713011406177,1.5967235533284094,1.531535108314495,1.6277390231875546,1.578689930329829,1.6516301687748594,1.6244342551819013
2014-10-30,1.6781538954497144,1.6040220727806778,1.5411234369808497,1.6360920732628181,1.5885734764738841,1.661036045751508,1.634604188245147
2014-10-31,1.7506810413970757,1.6618966281761371,1.6077283441588388,1.6990035837540083,1.6572290989938039,1.7288585780497743,1.7052491850171825
2014-11-04,1.7899134354920974,1.7054298806185992,1.643757198361453,1.7413627973351569,1.6943672547058106,1.7697813889630747,1.7434634607617923
2014-11-05,1.7922882350536138,1.7137583757430377,1.6459380825296503,1.7478022414604455,1.6966152866685502,1.774227700564113,1.7457766319912147
2014-11-06,1.7689966290465933,1.6953243932390933,1.6245483637442202,1.7277007102764608,1.6745669944186208,1.7524980922047881,1.723089465555964
2014-11-07,1.7801161264170495,1.7068220465158848,1.6347598932419154,1.7391332758741713,1.685092929282118,1.7638048786911884,1.7339204012777787
2014-11-10,1.7796824134067049,1.7008940443345997,1.6343615952747397,1.7349573573101624,1.6846823680180387,1.7614684270401222,1.7334979435370863
2014-11-11,1.7979062240857937,1.7200227238811776,1.651097331982081,1.7538883333863402,1.701933385557955,1.780097808610012,1.7512488288060695
2014-11-12,1.8005528241789237,1.7225715131601673,1.6535278226795658,1.756481598474981,1.7044387092485769,1.7827240180958266,1.753826747081962
2014-11-13,1.8152096637621848,1.7369578258822793,1.6669878510208753,1.771027643623197,1.7183131618086394,1.7973617279319274,1.7681032275848514
2014-11-14,1.8299699333046007,1.7523248252732946,1.6805428636985866,1.7862747965631285,1.7322855232018735,1.8124068459285172,1.782480453940003
2014-11-17,1.784469407311719,1.7095590763124653,1.6387577049043185,1.7424081413612433,1.6892138305794682,1.76762119260447,1.738160710347363
2014-11-18,1.8190768728384774,1.7480267650172776,1.6705392812915671,1.7798165201810519,1.721973937964649,1.8037397386362488,1.771870078867125
2014-11-19,1.822039990657438,1.74763457716945,1.6732604443086885,1.7805104675966275,1.7247788835585134,1.8055572699450873,1.7747563009295177
2014-11-20,1.820593100076645,1.7509347705679412,1.6719317002698653,1.7822877378485713,1.723409228483231,1.8057450990256234,1.7733469585505444
2014-11-21,1.8261277675964627,1.755309027874491,1.6770144318678526,1.787060199622906,1.7286484535906086,1.8109064807662085,1.7787379961264003
2014-11-25,1.8338949300094263,1.7624087999746758,1.6841473629213823,1.79441193494175,1.7360010022633823,1.8184822382749137,1.7863035932062845
2014-11-26,1.8284886982818613,1.7576727226627185,1.679182579629641,1.789434828210293,1.730883357002499,1.8132803597848273,1.781037658390376
2014-11-27,1.8074876827867297,1.743865120592832,1.6598964120929787,1.773225354725674,1.711003382773054,1.794660952514637,1.760581639440729
2014-11-28,1.8253045902245142,1.7629645850539337,1.676258471437679,1.7920044883210682,1.7278692177034494,1.8130120105299792,1.777936180998775
2014-12-01,1.8366244949989572,1.7802557560663244,1.6866540439769961,1.8074436260002062,1.7385848621563504,1.8264533966881946,1.7889623233597425
2014-12-02,1.8451485087701565,1.7909008242055855,1.6944820253293396,1.8174449121499423,1.7466538612074753,1.835745038166605,1.7972651307773706
2014-12-03,1.8476829171980311,1.7917935930707434,1.6968094854256215,1.8188805612211898,1.7490529820616414,1.8377305989401873,1.7997337688695985
2014-12-04,1.8591239108901094,1.808409306768456,1.7073162593091258,1.8338799444457943,1.759883251665056,1.850997985619421,1.8108778577743565
2014-12-05,1.8643841645663841,1.8192610675922245,1.7121469844571309,1.8429504952952884,1.764862711232091,1.8581965221383776,1.81600160280977
2014-12-08,1.8654543776301307,1.822531814959152,1.7131298087616091,1.84551536359613,1.7658757959627902,1.8600245874266879,1.8170440428154562
2014-12-09,1.8525941407400512,1.8096216555404627,1.7013196806618165,1.8325585124973547,1.7537020428402994,1.847083516202117,1.804517541438349
2014-12-10,1.8190959200540366,1.7726498860230164,1.6705567731976358,1.796545583491289,1.72199196843344,1.81223131394597,1.7718886317891263
2014-12-11,1.8060597469221056,1.759882153231336,1.6585850750139153,1.783627419922574,1.7096516706048206,1.7992223089746795,1.7591907598848138
2014-12-12,1.8085173216760027,1.768286720111789,1.6608419753265937,1.7901222096001586,1.7119780591923504,1.8037258406951682,1.7615845582107825
2014-12-15,1.7854530950647178,1.7441662682023693,1.6396610691636562,1.766230406767126,1.6901450087495888,1.7801860491103882,1.7391188704573133
2014-12-16,1.7522757326525824,1.7104104110765828,1.609192820137635,1.7324994148543453,1.6587386650941067,1.7466463562180046,1.7068024925012437
2014-12-17,1.7519748336877439,1.7087377117817846,1.6089164912215963,1.7312685457424075,1.658453828217145,1.74587483253142,1.70650940215387
2014-12-18,1.7856423961796986,1.7340166780831783,1.6398349128056098,1.7594227755520466,1.690324204907427,1.776840560294739,1.739303259026339
2014-12-19,1.8275184944608154,1.7677052481754043,1.678291598265347,1.7959617335793718,1.7299649429875115,1.8161242840608187,1.7800926322913788
2014-12-22,1.8403406466465233,1.775883980925116,1.6900667514855077,1.80570363514647,1.7421026443799508,1.8274220370224292,1.792582037298813
2014-12-24,1.8525612473764497,1.79123872400886,1.7012894732215422,1.8201052731573066,1.7536709053355026,1.8407750525192879,1.804485501689161
2014-12-25,1.8455214862036755,1.787760011520234,1.6948245471122458,1.8154414100794738,1.7470069289802335,1.8349182071798966,1.7976284290878555
2014-12-26,1.8551916700542375,1.7973470292537992,1.703705107478267,1.825102543461795,1.7561609151666506,1.8446078948326106,1.807047662369195
2014-12-29,1.8528862672400082,1.7949353732270952,1.7015879534327865,1.822713961131249,1.7539785755295034,1.8422547248945216,1.8048020869747394
2014-12-30,1.833031806746282,1.770140429887714,1.6833547184008517,1.7994185529528481,1.7351839528101254,1.8206122622529093,1.785462868821749
2015-01-05,1.8239226956768637,1.766486664786971,1.6749894161498444,1.7939580834514295,1.7265610891512149,1.8133250583692608,1.776590147943387
2015-01-06,1.7712865233950208,1.717279419106097,1.6266512756750868,1.7433859470699353,1.6767346534370828,1.7616008414621631,1.725319934944217
2015-01-07,1.7677557095078227,1.7149152146142859,1.6234087720835315,1.7406276971013759,1.6733923155819093,1.7584516785996078,1.7218807490724222
2015-01-08,1.7893532404942316,1.7410692474794407,1.6432427463539039,1.7654157784710731,1.693836963105215,1.781715542064582,1.7429178033627724
2015-01-09,1.7912812659817678,1.7418563345698557,1.645013337998684,1.766580780293813,1.6956620699442067,1.7832627429501455,1.744795794735027
2015-01-13,1.7832320794234424,1.7418080071041742,1.637621411616186,1.7639090778818125,1.6880425516697404,1.7779112613729504,1.7369554923075314
2015-01-14,1.7611869113759768,1.7298472260234365,1.6173763523029423,1.7485835537489727,1.6671741621021505,1.7592072357715225,1.7154824175682815
2015-01-15,1.7838854547887997,1.7551169234362332,1.63822143530378,1.7731338844427629,1.688661049638492,1.7828982481369189,1.737591911953909
2015-01-16,1.7687120430699856,1.7354584745112929,1.6242870157715608,1.754849729364956,1.674297599737095,1.7661148513595146,1.7228122648590907
2015-01-19,1.782042261856148,1.746508921304557,1.6365287491710663,1.766701667866799,1.6869162469640924,1.778731178149105,1.7357965516501694
2015-01-20,1.8142965550412966,1.7734204785733472,1.6661493026290453,1.795496514517387,1.717448795138173,1.8093174734239843,1.7672138149132637
2015-01-21,1.8048339098903357,1.772657676759615,1.6574593342909085,1.7918776760157378,1.7084912691658172,1.8027846883702074,1.7579967345027134
2015-01-22,1.8048399067022194,1.7698821111619014,1.6574648414302515,1.7900004890124837,1.708496945865867,1.801838943109391,1.7580025756915625
2015-01-23,1.8217652157152449,1.786222259009392,1.673008106245739,1.8066124124438177,1.724518776195088,1.818648056710175,1.7744886566612823
2015-01-26,1.8179479664657063,1.7903676717391843,1.6695025563082675,1.8081674867179383,1.7209052929934883,1.8175364530403768,1.77077046870022
2015-01-27,1.8492690555343192,1.820400124470087,1.6982661068779061,1.8387693290241582,1.7505544518004288,1.8485721090702445,1.8012787453909187
2015-01-28,1.8556479225982896,1.8321939905036135,1.704124104502752,1.8488455377467445,1.7565928127965524,1.85683550492363,1.8074920747210221
2015-01-29,1.8365307882692288,1.8141831822394718,1.6865679889150744,1.8303839143977434,1.7384961575233506,1.8380020119743463,1.7888710484097532
2015-01-30,1.840062220083631,1.81656399997592,1.6898110599766927,1.83315361469452,1.7418390803205666,1.8411572689763922,1.792310836172947
2015-02-02,1.8315557608971131,1.814345060958867,1.6819991997810277,1.8288595372538696,1.7337866987844925,1.834757559517632,1.7840251277816481
2015-02-03,1.8164135988834813,1.7862234634970215,1.6680934782443773,1.8049218695906768,1.7194528304685122,1.8151658102774846,1.7692759194321146
2015-02-04,1.8495348161274494,1.8138031768116862,1.6985101666627744,1.8344795872826476,1.7508060260037746,1.8465818892694843,1.8015376092411168
2015-02-05,1.8388628865618326,1.7998290041505105,1.6887096586068828,1.8215368715555829,1.7407037676252644,1.8347443687068812,1.7911426265092503
2015-02-06,1.8513187929550663,1.8083104162634414,1.7001484720098146,1.8313822363160288,1.7524947735487288,1.8459217670758892,1.8032752901546862
2015-02-09,1.8591515046271956,1.8090919534229188,1.707341599866421,1.8345144895983525,1.7599093724391826,1.8514161465703047,1.8109047354274324
2015-02-10,1.863828455069016,1.8138280273111846,1.7116366516843926,1.8392538192658956,1.76433666569447,1.8561360166896483,1.8154603145081971
2015-02-12,1.8876212775135064,1.8466108734129267,1.7334866598395158,1.8692031541413325,1.7868594192799752,1.8830761847249553,1.8386356903324237
2015-02-13,1.889846227126904,1.8438665866917683,1.7355299301287344,1.868099551843526,1.788965600335192,1.8836370235902749,1.8408029003639683
2015-02-16,1.9047361814266255,1.852183829007748,1.749204038092906,1.8786447494366685,1.8030607238697989,1.89638461831658,1.8553064460322761
2015-02-17,1.9087902607458425,1.8569183626886592,1.7529270796275145,1.8831757260192683,1.8068983950723578,1.900687995935608,1.8592553180949865
2015-02-18,1.9299639616787343,1.8850993345942217,1.772371831889975,1.9091608466099075,1.826941836732855,1.9243278145479012,1.8798795411292393
2015-02-19,1.944742507672236,1.900304712076859,1.785943628646423,1.9242977888815431,1.840931498974073,1.9393228842080574,1.8942745696439975
2015-02-20,1.950496877330659,1.9081403045300922,1.791228122499873,1.931478605752218,1.8463786984460542,1.9458070861369154,1.8998796078767088
2015-02-23,1.9512125229688742,1.9180034444866327,1.7918853317514303,1.9383448321530679,1.8470561426795689,1.9496097193741502,1.900576681822488
2015-02-24,1.9575093902583807,1.9234442913069068,1.7976680253325907,1.9440969465495181,1.85301688107675,1.955648989296475,1.9067101393511212
2015-02-25,1.9583274104941684,1.9170633934240038,1.798419249735022,1.9400812558493559,1.8537912351174102,1.9540443938207372,1.9075069311752282
2015-02-26,1.977943190539283,1.9342315362170015,1.816433293884463,1.9581472139328264,1.8723599182307453,1.972931539469146,1.92661366286675
2015-02-27,1.9778639257256552,1.93756862275076,1.8163605014770794,1.960363353025602,1.8722848845995104,1.974003480820246,1.9265364550512525
2015-03-02,1.9780012739968775,1.9363476431414453,1.8164866345095645,1.9595842368908285,1.8724149011738513,1.9736793256667706,1.9266702390027703
2015-03-03,1.9807215622031036,1.9496455329157538,1.8189847962820485,1.9694542017192047,1.8749899794813252,1.9800069770817332,1.92931993311437
2015-03-04,1.970499641795207,1.9419801920410142,1.8095975516710048,1.9609070690309152,1.8653137086204457,1.9706028786967094,1.9193632813698775
2015-03-05,1.9804800126062319,1.960477684010014,1.8187629705329669,1.976682527716466,1.8747613238831207,1.98352662548021,1.9290846519617977
2015-03-06,2.0010100651169536,1.9845067174342563,1.8376166317928253,1.999673751948044,1.8941954752905568,2.005347521449236,1.9490819298693316
2015-03-09,1.987491296989119,1.9644523466457042,1.8252017451382658,1.9816794349470597,1.8813983435491182,1.9895410325522491,1.9359139867732955
2015-03-10,1.976724195346405,1.9602407132570316,1.8153138363267234,1.9752823690482224,1.8712059934109742,1.9809477051623205,1.9254263017712443
2015-03-11,1.9772200485365334,1.9667210707778684,1.8157692003876005,1.979818196642005,1.8716753777911546,1.9834793167044487,1.9259092870943046
2015-03-12,2.0025997107123104,1.9974773926269058,1.8390764741172634,2.008949584199982,1.8957002650697452,2.0108118837346454,1.950630322632976
2015-03-13,2.0208330647913253,2.0023439093886863,1.8558209749536483,2.01825405639669,1.912960316579692,2.024594339919439,1.9683905036414808
2015-03-16,2.0135050610547967,1.98930178948872,1.8490913428649172,2.007035046547283,1.9060234841456014,2.0152884904047794,1.961252668648108
2015-03-17,2.026474143113096,2.011018987149437,1.861001428328692,2.025969694993155,1.918300272244649,2.031294284377535,1.9738851905566601
2015-03-18,2.036957604208228,2.0222698233272856,1.870628857397142,2.0370222108667373,1.9282241226629742,2.042090569446958,1.9840965957560717
2015-03-19,2.029180764706585,2.015322979921184,1.8634870394422345,2.0297672628823675,1.9208624134677672,2.034557079882657,1.9765215727172643
2015-03-20,2.0341526279028592,2.0157684630652417,1.8680529227727305,2.031709672412203,1.9255688769355537,2.0380157702420645,1.9813644112829334
2015-03-23,2.0497013065533825,2.039338024102734,1.8823319666359775,2.052745908332586,1.9402875618937159,2.0563668962805357,1.9965095867717475
2015-03-24,2.0482359915424904,2.040129529560587,1.8809863026227016,2.0527960202761006,1.9389004658906057,2.055661075834294,1.9950822980943521
2015-03-25,2.0542113414437804,2.0403371353313666,1.8864737324716614,2.0549093229394195,1.944556849605817,2.059706474408188,2.000902581920146
2015-03-26,2.029314791806396,2.008825610637879,1.863610122495147,2.0254279631893124,1.9209892861559428,2.032438691091704,1.976652121684962
2015-03-27,2.023051449062237,1.996926964842291,1.8578582159965593,2.0153320000369166,1.9150602827526109,2.024229571255369,1.9705513187074892
2015-03-30,2.0278344673825344,2.00254095035608,1.8622506746696919,2.0206990643985194,1.919587981947372,2.0293186895022197,1.9752102131032956
2015-03-31,2.009160893838491,1.9735062464228608,1.8451019006991147,1.9949437448747593,1.9019112100354,2.0070320162326634,1.9570212367481699
2015-04-01,1.991689096115179,1.9522296846968854,1.829056770970194,1.9748196126085458,1.8853720627469257,1.988180846490525,1.9400028489756682
2015-04-02,2.0209758009429306,1.9832817530596216,1.8559520559165685,2.0054400837804924,1.91309543342755,2.018212227025987,1.9685295356527048
2015-04-03,2.0328241483197234,1.9917399383284338,1.866832920824952,2.0150601198955345,1.924311312039075,2.0289685272878604,1.9800704070223705
2015-04-06,2.0288204895603728,1.989797267240586,1.8631561827352936,2.0124267702831955,1.9205213699299504,2.025644640855218,1.9761706470575164
2015-04-07,2.0543768238860354,2.010874183172587,1.8866257023659962,2.0350872643669464,1.9447134985396852,2.049807205210496,2.0010637699339062
2015-04-08,2.0710937516057624,2.0283711431122518,1.9019776013622933,2.052411992053304,1.9605380710390823,2.0668719177625228,2.0173468773052563
2015-04-09,2.0770295173361,2.035820788957066,1.907428679304701,2.059397720963825,1.9661569835996913,2.0733510693434463,2.023128604207396
2015-04-10,2.0697658566648895,2.0198278093135067,1.9007581363175343,2.0462116483475663,1.9592810595764663,2.0630879928040806,2.0160534425149277
2015-04-13,2.0651912418000653,2.010360894147723,1.8965570638161042,2.0383153855409195,1.9549506391906795,2.0568298706670927,2.0115975433045357
2015-04-14,2.07204606612888,2.0159211184266788,1.9028521541878318,2.0443306827149588,1.961439550692878,2.0632792433703377,2.018274478350807
2015-04-15,2.069358117398154,2.012725030574412,1.9003836911955183,2.0412869081277933,1.9588950855688327,2.0604054522629776,2.0156562844742227
2015-04-16,2.086951310507579,2.0135256977614353,1.916540303712274,2.047641589401764,1.975549148116908,2.0723853919890787,2.032792917305841
2015-04-17,2.07534800252551,2.002215113431863,1.905884469389712,2.036178937821287,1.964565228614857,2.06082385449666,2.0214907263229898
2015-04-20,2.0651285624436335,1.9996128766524464,1.8964995025724818,2.03104641169239,1.954891305679361,2.053139509057283,2.0115364905376723
2015-04-21,2.0956356423246265,2.0360798636110804,1.9245155122638018,2.0657219467151227,1.98376990738271,2.0858212521081816,2.041251882361875
2015-04-22,2.1093908359992444,2.044514193942497,1.9371475190241136,2.075956127325247,1.996790844195781,2.0978384459539443,2.054650115534422
2015-04-23,2.1136546076516627,2.042259794729439,1.9410631303642256,2.0758450228155847,2.000827014284316,2.0999106484715235,2.0588032382126586
2015-04-24,2.1075252711458496,2.0352402296196255,1.9354342877605384,2.069085355056473,1.9950248638212869,2.093448677302879,2.052832963882794
2015-04-27,2.107593762155003,2.0395743750118243,1.9354971861036017,2.072030856884167,1.9950896987573516,2.094965577737396,2.052899677484403
2015-04-28,2.119759437062471,2.0453729527400006,1.9466694670114641,2.079962184405598,2.0066059658493085,2.1050301952583763,2.0647496414301982
2015-04-30,2.0811094815927986,1.9984712910380562,1.9111754921298483,2.0355584020776334,1.9700191579930695,2.0633871526856646,2.02710268946857
2015-05-01,2.071269429268572,1.9912084052752064,1.9021389339815742,2.027402852610453,1.9607043709692054,2.054368304249351,2.017517995963793
2015-05-07,2.0616506780043777,1.976336921658687,1.8933056064494969,2.0141699697636737,1.951599071880409,2.0428937287785294,2.0081488605437507
2015-05-08,2.073521029300166,1.9837281737590466,1.9042066785363525,2.0230600236247107,1.9628357798343379,2.053284622602742,2.0197111648095563
2015-05-11,2.0900489568747145,2.000004679003418,1.919385010284665,2.039500896948279,1.97848144107983,2.0698109266736893,2.035810176771227
2015-05-12,2.0951867340831405,1.9957516980548053,1.924103259839346,2.0382903604353686,1.983344962014035,2.0717455350636405,2.0408146237208995
2015-05-13,2.1015334779594315,1.9983595891543775,1.9299317573107566,2.042131333398695,1.9893529145690343,2.076839042844133,2.0469966634909316
2015-05-14,2.083953679224705,1.9763365958840513,1.9137874454446315,2.0214466336285475,1.9727115313994343,2.057640959008169,2.0298730774371094
2015-05-15,2.099423752023037,2.004112496757062,1.9279943020541204,2.0453479710521716,1.987355806512215,2.0774224975923956,2.0449416869711796
2015-05-18,2.125827351853824,2.0221329286376992,1.9522419033201441,2.066194768314067,2.01234997330964,2.1010786085252624,2.070660087998153
2015-05-19,2.1359798621529826,2.0356247110150996,1.961565405538056,2.0786652825881617,2.0219605391967153,2.1124316316083807,2.0805491308929702
2015-05-20,2.148836482487335,2.0521424161445694,1.973372212393708,2.09407202734552,2.0341308688164395,2.1266133191170598,2.0930721095674487
2015-05-21,2.1548709944458855,2.0523932520963357,1.978913973393864,2.096211194122251,2.03984325649841,2.130689764290736,2.09895002013823
2015-05-22,2.1592662752294958,2.050965631646813,1.982950355424201,2.0966762121012357,2.044003915716513,2.13310507386993,2.103231239159253
2015-05-25,2.1750795769311573,2.0626813560478263,1.9974724144168592,2.109788133234992,2.0589730980584022,2.147590366160424,2.118634170476582
2015-05-26,2.1795061611447326,2.0634906078118873,2.001537543780625,2.1117817194517894,2.0631633897188575,2.1507956492121725,2.1229458805734622
2015-05-27,2.1799712891872614,2.0574304510079013,2.0019646915705156,2.1078199365187147,2.063603689070144,2.149019077265755,2.1233989380960465
2015-05-28,2.190234959693103,2.0655515933280326,2.011390277155301,2.1166812108815733,2.0733194813947082,2.158598604644671,2.133396256483298
2015-05-29,2.19201849011072,2.0593561765095454,2.013028172544163,2.11305777566821,2.075007806359179,2.15764727889719,2.1351335025716365
2015-06-01,2.200344796818248,2.0628314600413606,2.020674590697621,2.1181322362135497,2.0828896520161417,2.1643547988033887,2.143243733614
2015-06-02,2.197187723541919,2.0539496240009445,2.0177753097487106,2.1110392368920188,2.0799011043724125,2.159178189025122,2.140168589424854
2015-06-03,2.1925225760974123,2.0441405647726767,2.0134910971486657,2.1028276082440494,2.0754849840664753,2.1526883553827205,2.135624507042274
2015-06-04,2.194536493077968,2.0492881342371607,2.0153405667755475,2.1069975425692213,2.0773913974817204,2.1558093095160284,2.1375861609407156
2015-06-05,2.1868819154973402,2.0388450570026815,2.008311027386055,2.0973926591361765,2.070145423825092,2.147137379732764,2.1301302270085127
2015-06-08,2.180935775781149,2.0320476141618156,2.002850422550568,2.0908315554245593,2.0645166910454815,2.1408607978576097,2.124338395335428
2015-06-09,2.14988651701286,1.9999622727743387,1.9743365058481488,2.058904844529617,2.03512485214607,2.1092783845637473,2.094094894687383
2015-06-10,2.14409269755111,1.9943578138354414,1.9690157834839188,2.0532092609241737,2.0296403087145225,2.103518920982761,2.0884514304116735
2015-06-11,2.170503670195906,2.016305460674695,1.9932701555332997,2.076707998775381,2.0546414547626664,2.1285141788494135,2.114177012921043
2015-06-12,2.168882504994412,2.0253711745510135,1.9917813673512297,2.0823936340044993,2.0531068279045104,2.130621709058915,2.1125979185153483
2015-06-15,2.168910190193533,2.0261258951987364,1.9918067919021831,2.082919153160106,2.053133035258397,2.13090381884341,2.112624885256931
2015-06-16,2.1564016126885974,2.002961156251192,1.9803196082723522,2.063048252926118,2.0412921698248767,2.1145995638272974,2.100440917365788
2015-06-17,2.148337349554081,1.9953557471196324,1.9729138363986984,2.0552544039667637,2.0336583797669237,2.1066514195084927,2.0925859296137506
2015-06-18,2.126989996517503,1.97970788954932,1.953309611678082,2.0376929246261897,2.013450555610401,2.0871799714690256,2.0717925609148766
2015-06-19,2.141407181474122,1.9930727859621282,1.9665495545058396,2.0514678842203002,2.0270981463883406,2.10130843700867,2.0858356060591237
2015-06-22,2.162238809128431,2.023520905197843,1.9856801656467864,2.078995231454211,2.046817774756838,2.1256179132281,2.106126632945291
2015-06-23,2.196560713675708,2.058085599714913,2.017199498672828,2.1136692785179805,2.0793075645036017,2.1602135295636793,2.139557851067569
2015-06-24,2.2020980351215615,2.065222747499376,2.0222846674892523,2.1203317423106003,2.0845493018695516,2.1663408317237423,2.144951473697528
2015-06-25,2.1901917219859213,2.0528667483130354,2.0113505700437666,2.1080530976350027,2.0732785517308687,2.154211751515675,2.133354140836193
2015-06-26,2.18329244783003,2.0522537901469375,2.005014659416839,2.1054196729267205,2.066747563148303,2.1494730924436416,2.126633909478598
2015-06-29,2.131566090071785,1.9961131430728694,1.9575120421258752,2.050391328645648,2.0177823757527054,2.0959183500854937,2.076249900441313
2015-06-30,2.1391040802758385,2.00023196870134,1.9644345141367547,2.055629606096972,2.024917985506107,2.1023019919321198,2.0835922725514675
2015-07-01,2.146516195198887,2.0057911342344568,1.9712413892728662,2.0618220839859744,2.0319344392433103,2.109124838009056,2.090812035965193
2015-07-02,2.1609644346083163,2.023326753223893,1.9845098507872465,2.0784651174488107,2.045611426776932,2.124735547473246,2.10488532966934
2015-07-03,2.161782745990802,2.0266452636326493,1.9852613425626533,2.0810012664173025,2.046386056422782,2.1264347427689856,2.105682405084609
2015-07-06,2.123303998895926,1.9925335797369186,1.949924595954154,2.0453047103513353,2.009961317780748,2.0892727535843583,2.0682022184758266
2015-07-07,2.1464780799570744,2.0239828290316106,1.9712063863493425,2.0742764617396876,2.031898358605917,2.1154761667115523,2.090774909850556
2015-07-08,2.0766242108817052,1.9596060141721754,1.9070564683425708,2.0077937996829833,1.9657733125400592,2.0471536832294377,2.022733815845213
2015-07-09,2.074343876025215,1.9553127617908528,1.904962335318758,2.0041215576955387,1.9636147027246413,2.044155131344493,2.0205126578708894
2015-07-10,2.0809097519470514,1.9609974593621822,1.9109920715037927,2.010119492250337,1.9698300899829433,2.0504486521993277,2.02690814299918
2015-07-13,2.120082026685668,2.001298535206419,1.9469657154247855,2.050279629506189,2.0069113355299963,2.090234357536452,2.0650638595424913
2015-07-14,2.154289468355433,2.031413717423698,1.97837993209429,2.0818698325423526,2.0392927724661205,2.1231976152082104,2.0983835852089894
2015-07-15,2.164031971524902,2.0471707672347548,1.9873269065106651,2.0957873427710307,2.0485152175418944,2.1351024160888605,2.107873261053372
2015-07-16,2.1812391642804663,2.0668482125428027,2.0031290377169575,2.114781512664493,2.0648038845647347,2.153271110703655,2.1246339106114682
2015-07-17,2.183157199229405,2.0722496799669643,2.0048904546053445,2.1190972014328096,2.0666195341634372,2.156420772622262,2.1265021707092084
2015-07-21,2.1961101969233425,2.096157425006786,2.016785769081218,2.1396282391933377,2.078881096486899,2.173285486304694,2.13911902565812
2015-07-22,2.1764472349994013,2.0753562116030957,1.9987283957118183,2.119077671568792,2.0602677500792868,2.153114243842033,2.1199663365028947
2015-07-23,2.1857857703792978,2.0972029796001306,2.0073043885215696,2.137039060229917,2.0691077913018714,2.1668889062666294,2.1290625279102766
2015-07-24,2.1736557939926535,2.0828780398915305,1.996164891154749,2.1233385364155253,2.0576253171316976,2.1539221454190716,2.1172473360743633
2015-07-27,2.1489386344473247,2.0581682863945923,1.9734660230865773,2.09849122760653,2.034227567870471,2.1290701661225087,2.093171610585855
2015-07-28,2.1402367361922963,2.0459238317588175,1.9654746824929583,2.087314044841865,2.025990179869052,2.1190782025770196,2.0846955349577967
2015-07-29,2.148496164101687,2.0631517878826626,1.9730596828685079,2.1017646993088603,2.0338087167406003,2.130527070955795,2.0927406227711414
2015-07-30,2.1714351938274032,2.07036952071662,1.99412561515741,2.1140555824236222,2.055523253349624,2.148083223536763,2.1150843626186044
2015-07-31,2.1888603013188805,2.0811335393447763,2.0101278671676943,2.1270112447846294,2.0720182027465324,2.1632704554122335,2.1320572718156825
2015-08-03,2.1829074245919995,2.091817925735775,2.004661075435345,2.1324275025040564,2.0663830925801268,2.1631163069032016,2.1262588779638127
2015-08-04,2.1867830440212144,2.103576948562836,2.0082202293075713,2.1416810389743084,2.070051830141593,2.169729901968413,2.130033921342264
2015-08-05,2.197679012736442,2.0992442373895384,2.0182264824892244,2.1422844888708834,2.0803661683846073,2.1754345599253373,2.1406471291923856
2015-08-06,2.2037842054727026,2.1017312213168484,2.0238331527944022,2.145962668795375,2.0861454638806176,2.180325037428636,2.146593886306733
2015-08-07,2.211462778320493,2.109290962279519,2.030884728106048,2.1536006720218914,2.093414151928983,2.188003478064277,2.154073192805843
2015-08-10,2.2255344369118535,2.1276741500845096,2.0438073586890595,2.1706761357349156,2.106734660655175,2.2036361202189045,2.1677796783262484
2015-08-11,2.2225190912089787,2.1167184290552377,2.041038232480849,2.162248657021398,2.1038802751193937,2.197867735201295,2.1648425837437486
2015-08-12,2.1938944356750185,2.0887512743157126,2.0147509368767307,2.133921023699897,2.07678361331874,2.1693175137053964,2.1369607655447407
2015-08-13,2.2018033695948147,2.0894282036197285,2.0220140630169374,2.1369564173429696,2.0842703656876616,2.1747756666123523,2.1446644550245355
2015-08-14,2.195865175078138,2.084748501746638,2.0165607546119007,2.1318424253099795,2.078649153990145,2.1692396933918197,2.138880362365398
2015-08-17,2.207527724247994,2.09590374134842,2.027270992754744,2.143221244026291,2.0896891523654673,2.180789387716875,2.1502402571702497
2015-08-18,2.203485854091274,2.097475583142228,2.023559163437633,2.142973348036925,2.085863038596208,2.178661043458955,2.1463032774305297
2015-08-19,2.1741657900704534,2.065916571201453,1.996633243259045,2.111978213786637,2.0581080894474533,2.1484133250283675,2.117744097263561
2015-08-20,2.140948020029186,2.025779140754492,1.9661278861081632,2.0738839185127826,2.0266634951356637,2.1126337584172448,2.0853883602951893
2015-08-21,2.0774743270233738,1.9554945644954747,1.907837167844347,2.0054492669060715,1.9665780491963578,2.0464748869136047,2.0235618706555827
2015-08-24,1.9574135989998425,1.8333801843463715,1.7975800559550568,1.8833644613058844,1.8529262031877913,1.9250678885583838,1.9066168339678515
2015-08-25,1.8906732236679138,1.7802375437595763,1.7362893978718952,1.8255159105002317,1.789748451522887,1.8626597096911812,1.8416084355495475
2015-08-26,1.9491138606718335,1.842400645186086,1.789958036727389,1.8867922458214843,1.845069507681319,1.9226942014965502,1.898532481830012
2015-08-27,1.977044618138125,1.8769388595819527,1.8156080948422288,1.9193596800320751,1.8715093119263793,1.9530510285042013,1.9257384092834204
2015-08-28,2.043434425129657,1.934074647295514,1.8765768104103957,1.9798078558460244,1.934355208706725,2.0166040311380247,1.9904053369468475
2015-08-31,2.0275723698006365,1.9163563305476743,1.8620099787911244,1.9626012466156688,1.9193398752224915,2.00001779039522,1.9749549172056684
2015-09-01,1.9493255643637852,1.842691360556326,1.790152453653183,1.887055347767946,1.8452699105590396,1.9229318864006795,1.8987386916075955
2015-09-02,1.9292167963630136,1.8224755681744607,1.771685676715246,1.8667648794541123,1.8262345553528163,1.9026755232775368,1.8791517654718952
2015-09-03,1.9399506871181673,1.828780654792533,1.7815430864901263,1.8745331372465603,1.8363954674117404,1.9119277743686365,1.8896071014408518
2015-09-04,1.9037395142286615,1.799194904728526,1.7482887542313867,1.8426496313704332,1.8021172591018502,1.8778224995847492,1.8543356433064395
2015-09-07,1.9037399486704107,1.7995183796354353,1.7482891531985874,1.8428706134081205,1.802117670352953,1.8779353055293384,1.8543360664740076
2015-09-08,1.867552277182254,1.7519036285531526,1.7150564033230362,1.7986859838274611,1.7678617089317086,1.8375741265223833,1.8190874998569817
2015-09-09,1.983331031023972,1.867061648425016,1.8213811876790578,1.9146664197409768,1.877460153979482,1.9537724100637064,1.9318616837102212
2015-09-10,1.9484111360245477,1.835395316909552,1.7893126933970709,1.8817791415580356,1.844404294711895,1.9197926043655036,1.8978479935630233
2015-09-11,1.9503300119437068,1.8433619602509432,1.7910748825858531,1.8878372979826148,1.8462207403895448,1.9238257184229355,1.8997170728069979
2015-09-14,1.9302104564324654,1.8335245929978554,1.7725981989967703,1.8746288769866917,1.8271751735137864,1.9071723798804303,1.8801196391070971
2015-09-15,1.9291315090922727,1.8370762287071496,1.771607353617364,1.8767054791070592,1.8261538207452535,1.9076982517843986,1.8790686914878372
2015-09-16,1.9367912029937626,1.8186396344280795,1.7786415915520928,1.866590170582032,1.8334046376118167,1.9063224330182236,1.8865296089674561
2015-09-17,1.961538254946848,1.8417391923037107,1.8013679111491774,1.8903461403468083,1.8568306836140267,1.9306322307989396,1.9106344511269968
2015-09-18,1.9219295963547929,1.8050875454566988,1.7649935165068844,1.8525423076747334,1.8193363485303027,1.8918347721990398,1.8720536753108459
2015-09-24,1.8762570662964888,1.772982798870713,1.7230503987213714,1.8158860001654196,1.7761018334772987,1.8506311008876906,1.8275663913236704
2015-09-25,1.916500053864438,1.8225307584423396,1.7600073259038307,1.862699054590821,1.814196636842982,1.894331681761662,1.866765034668856
2015-09-28,1.9110408054284278,1.8197251418528406,1.7549938550083133,1.8590219936698256,1.8090288049233694,1.8897655319412363,1.8614474589790642
2015-09-29,1.829898351494596,1.7531656448243713,1.6804771269354948,1.7873972205383546,1.732217762452949,1.813250386761816,1.7824107297467988
2015-09-30,1.8724635696047005,1.799529766056625,1.7195666618151935,1.8327859634466916,1.772510834913933,1.8573706663150522,1.8238713395186454
2015-10-01,1.9116256372349638,1.8337719504128471,1.7551439300353895,1.86880199059686,1.8093343036409009,1.8950372609602868,1.8619169825467907
2015-10-02,1.9114873037543203,1.835414769042658,1.755048672693624,1.8698730463654953,1.8092251942756419,1.8955117403425612,1.8617934742279056
2015-10-05,1.9403589105538792,1.8528747122636566,1.7749298504348021,1.8911436414978746,1.8319974304491227,1.920606876933506,1.8875709187246543
2015-10-06,1.9580328369471747,1.861007951871426,1.7871002320297389,1.9024287127786261,1.8459375907157478,1.9350889049099598,1.9033507351999102
2015-10-07,1.9863459593618484,1.875356729499508,1.8065968337617373,1.9214035852263605,1.868269327044516,1.9587432468170685,1.9286295479324618
2015-10-08,1.9714698587597335,1.8539602313791435,1.796353053350776,1.9020191486100637,1.856535928255745,1.9415414581496306,1.9153477150140068
2015-10-09,2.019604722966204,1.8752978884514109,1.8294990364434431,1.932201512198892,1.8945018961181541,1.9807030821346887,1.9583239788241593
2015-10-13,2.005217410195164,1.8683405292116242,1.819591838537737,1.9227863321491243,1.883154024605549,1.968798171860415,1.9454785504769394
2015-10-14,1.962153215977986,1.8455817019298297,1.7899375520459506,1.8932907824078997,1.849187504898402,1.9324981100350107,1.9070295343228585
2015-10-15,1.986610517506611,1.8647229268506824,1.8067790102348174,1.9142651709245762,1.8684779950482049,1.9552550643765787,1.9288657534523046
2015-10-16,2.0060840429214815,1.8723905700051398,1.8201886075152256,1.925820343449484,1.8838375738536517,1.970766030275336,1.946252306408045
2015-10-19,1.9916554646613092,1.8719422604171962,1.8102529939231424,1.9208139765312218,1.8724571545347932,1.9610760195375359,1.9333700349830174
2015-10-20,1.991215153445329,1.8618209952015559,1.809949792732883,1.913794088060715,1.8721098627796187,1.957298555594796,1.9329769118011308
2015-10-21,2.026388020903628,1.8798538946007715,1.8341700598783892,1.9375073179162814,1.8998521651121354,1.9867554454035068,1.9643803125537225
2015-10-22,2.01615759323818,1.8735177929962386,1.8271253203113438,1.9298688093823944,1.8917830016405393,1.9778117484345863,1.9552462770580565
2015-10-23,2.0529205500648677,1.8870584728097546,1.8524405334214709,1.9510481733183163,1.9207794735412855,2.0067720649637826,1.9880693577308923
2015-10-26,2.0636134038720275,1.891701994340521,1.8598037026616332,1.9576874288806487,1.9292133717290676,2.0154383281053003,1.9976162612835595
2015-10-27,2.0406458369368154,1.8894973506521748,1.8439880854813546,1.9487052384212136,1.9110978971657724,1.9995000529442932,1.977110122293511
2015-10-28,2.0438940936105454,1.890746785131049,1.8462248563243402,1.950612603219391,1.913659932200393,2.0020771584167485,1.9800102641768351
2015-10-29,2.0446466574886597,1.8836477092171862,1.8467430767450552,1.9460347132079354,1.9142535106072698,2.0001290966462357,1.980682175987391
2015-10-30,2.0599572610387726,1.891894757567645,1.8572860587348612,1.9566269795500582,1.9263296199288693,2.0130884517616776,1.994351946290261
2015-11-02,2.0149791039257736,1.8576270997541389,1.8259101467359258,1.9186808609555808,1.8905921584847627,1.971548469831826,1.9540844723136899
2015-11-04,2.030859257840473,1.8652994026390535,1.840300238478359,1.929004245043207,1.9054920124873023,1.984621325309131,1.9694847125058625
2015-11-05,2.050277440215557,1.883487941442775,1.8578963793816348,1.94769185517583,1.9237114884405937,2.003722413449152,1.9883160584914257
2015-11-06,2.0610774191173737,1.902262986484634,1.867682977675851,1.9640478773179613,1.9338447723956456,2.0174093612981534,1.9987896515089607
2015-11-09,2.0910486036318368,1.9164629480080633,1.8948419143655828,1.9833385960081011,1.9619658016972135,2.041983084743144,2.027855077627999
2015-11-10,2.0874615971013157,1.9072063442565776,1.891591482831218,1.9758261787855733,1.9586002251481445,2.0363685307220245,2.024376473929468
2015-11-11,2.0973538828041223,1.918955015369575,1.900555558341467,1.9870558921231285,1.9678818488348513,2.0469776342023582,2.0339698051207855
2015-11-12,2.0971325062414787,1.9268381062283368,1.9003549539226954,1.9924137470315613,1.9676741380985014,2.04962207469112,2.033755118773541
2015-11-13,2.0855940596018847,1.9152840086322138,1.8898991795894733,1.9807955163591897,1.956847972856683,2.0380080200279727,2.0225653752327157
2015-11-16,2.0709817781020106,1.8962931237050413,1.8766579936111174,1.9630808356437826,1.9431377240668017,2.0217579582280334,2.008394691115769
2015-11-17,2.0929599924957056,1.9152594801973397,1.8965739543227695,1.9831165953655892,1.9637591983586502,2.0428041214041515,2.0297087024582328
2015-11-18,2.092018729472749,1.9115341992838681,1.895721011629212,1.9802526903974942,1.9628760405696652,2.040872225122498,2.028795885320854
2015-11-19,2.109425506947085,1.9275847468157086,1.9114944812152945,1.9968297016182406,1.9792082779280342,2.0579049102810156,2.0456766130213797
2015-11-20,2.112658801232491,1.9293268197859506,1.9144243899332578,1.999055511301473,1.9822419772900537,2.0606302823741,2.048812194003447
2015-11-24,2.1163953384447067,1.9303383514265013,1.9178103214281048,2.0009380173080835,1.985747853822241,2.0634254709519335,2.0524358094207917
2015-11-25,2.106213247907772,1.9261341559740168,1.9085836339700804,1.9948112766741553,1.9761943152825083,2.055296378639372,2.042561431579775
2015-11-26,2.1155421698863828,1.935629941276498,1.9170372071439492,2.004310889807373,1.9849473523266719,2.064740985779623,2.051608424447499
2015-11-27,2.1053024569729772,1.9176111826582918,1.907758304116209,1.9886534596931054,1.9753397485051223,2.0516870535362464,2.0416781656343668
2015-11-30,2.0829476767570316,1.8927420929313277,1.8875011114014948,1.9644336864680256,1.9543649542263257,2.028307015470721,2.01999896865567
2015-12-01,2.112629363152935,1.9198952184551805,1.9143977140793702,1.9925569021808873,1.9822143564565364,2.057287270941382,2.048783645571335
2015-12-02,2.113055535650014,1.9200220232000567,1.9147838980775864,1.9927786216865728,1.982614220842013,2.057609236369479,2.049196938720354
2015-12-03,2.1159308073868393,1.9172352991775834,1.917389378118875,1.991754444838309,1.985311998793439,2.0584804879933887,2.051985316944062
2015-12-04,2.079163534444169,1.8808806465314885,1.8840720416745245,1.955041545969719,1.950814411310347,2.021625647674287,2.016329186810199
2015-12-07,2.091724084696113,1.9003376219369719,1.8954540138790639,1.9724526724870401,1.9625995845492719,2.0367297786519694,2.0285101449964253
2015-12-08,2.066511688500648,1.8871059689644656,1.8726073402102723,1.9553712424117815,1.938943578166432,2.0156356410369107,2.00405969197714
2015-12-09,2.0497399745280087,1.862529049458058,1.8574093450245501,1.9330936978955304,1.9232072011195218,1.9959688312470651,1.9877948355405801
2015-12-10,2.032928706604579,1.8434183952735397,1.842175507303314,1.9145858150085682,1.9074337118320648,1.9782288241410189,1.9714916205121578
2015-12-11,2.0432939135113832,1.8578310071101305,1.8515681290070716,1.9278165675660972,1.9171590627604673,1.9901059489057313,1.9815435807679456
2015-12-14,2.014621261529611,1.8397405803051985,1.825585881307656,1.9062854991800067,1.890256406105573,1.9650299107289775,1.953737444263366
2015-12-15,1.9821776965974338,1.8134622693760996,1.7961865519098807,1.8779037214825378,1.8598156192336093,1.9345811761744416,1.9222743554715511
2015-12-16,2.0308198573866467,1.8487524726440996,1.8402645350369236,1.917613454177972,1.905455044268177,1.9787650187193933,1.9694465027721357
2015-12-17,2.0646815894713133,1.8884648707713818,1.8709489625225417,1.9557361021299944,1.9372264532258456,2.01493291829985,2.0022849003234438
2015-12-18,2.026530519439047,1.8659551642917915,1.8363776730510883,1.9281674415797807,1.9014304920169782,1.9821249536980654,1.965286792796196
2015-12-21,2.0217777115779003,1.8583885652552108,1.8320708293313464,1.9214379019274563,1.8969710803756554,1.9763367236372342,1.9606776194190314
2015-12-22,2.025658501866222,1.8691519277947828,1.8355874783879025,1.9301051232081448,1.9006123050779515,1.982700681183507,1.9644411284439838
2015-12-24,2.0157123473417045,1.8467057629574415,1.8265745886601943,1.911447718146663,1.8912801379529953,1.9682261223026032,1.954795556399229
2015-12-25,2.0020590575458668,1.848912677469337,1.814202410543818,1.908682244930443,1.8784696812215882,1.960150650770264,1.941554882322726
2015-12-28,2.022846217709031,1.8568536701600487,1.8330390756932473,1.9207118370599687,1.8979736264114304,1.9764821555616494,1.9617138342538891
2015-12-29,2.040820116403335,1.8803502566108965,1.849326452539187,1.9426198541461648,1.914837975953639,1.996543545631059,1.9791445442185978
2015-12-30,2.045545700597508,1.885297272814123,1.8536086270354808,1.9475283514142325,1.9192718444758272,2.0013784199726783,1.9837273166545273
2016-01-04,1.999986444632692,1.8348458174537172,1.8123242744673456,1.8983006618981666,1.876525013054267,1.9537871259701973,1.939544905791029
2016-01-05,1.9947262473923915,1.8233311503768532,1.8075576505871354,1.8886944905412413,1.871589533755638,1.9462743044579043,1.9344436768360724
2016-01-06,1.9748029048351914,1.8213399623753586,1.7895037495510344,1.8810176656515694,1.8528960817312166,1.9325921384588294,1.9151224371012483
2016-01-07,1.9353779515894713,1.8053882873940255,1.753778107520455,1.8575419553117578,1.8159048755644789,1.901254069084375,1.8768889443523367
2016-01-08,1.9180897640490182,1.7863349551963275,1.738112100370661,1.838930716968981,1.7996839074488717,1.8832320341057929,1.860123222682356
2016-01-12,1.854811715084722,1.7316047185265147,1.6807715396450162,1.7811617985545918,1.7403120842160487,1.8225951264652167,1.798757498006339
2016-01-13,1.9040155624730806,1.7703381126671982,1.7253585053509193,1.8234444660452391,1.786478522298941,1.8683880355566944,1.8464743571898203
2016-01-14,1.8571743299136185,1.722143731003834,1.6829124662583523,1.775383843323182,1.7425288521519189,1.8207757247797838,1.801048712313331
2016-01-15,1.8537464711630394,1.7256817794715045,1.679806249393837,1.7767395885595945,1.739312599009833,1.819799073383728,1.7977244467937823
2016-01-18,1.8340131656104772,1.712078446558948,1.6619245538631666,1.7611137352594628,1.7207974527902163,1.8021190435311656,1.7785875009601724
2016-01-19,1.8362395013828963,1.7035455547701948,1.663941988718437,1.7559327914697191,1.7228863543303312,1.8005403072351982,1.7807465546965435
2016-01-20,1.7653123106310642,1.6520545839606748,1.5996700183436936,1.6979779881980737,1.656337579508046,1.7360715164908744,1.711962852749979
2016-01-21,1.7148420537200966,1.604772826668993,1.553935472500235,1.6493986517027432,1.6089829087987155,1.6864196706650585,1.66301785617346
2016-01-22,1.813076210272763,1.6927142187837965,1.6429521490782202,1.741133647810192,1.7011529594518449,1.7816103376148043,1.7582832808105728
2016-01-25,1.8402325300657074,1.7330062802658486,1.6675603446477607,1.7775158426848068,1.7266328888237263,1.813597659450677,1.7846189101623562
2016-01-26,1.797582490322502,1.7056688598160892,1.628912231536272,1.7451667607841215,1.6866156844068323,1.7761179281938229,1.7432577961719504
2016-01-27,1.850418775548686,1.7402041436272349,1.676790797186091,1.785703149636574,1.7361903258199711,1.8227864410976988,1.7944973173828995
2016-01-28,1.8375206741530656,1.7444266294502362,1.6651029468426266,1.7845347181791156,1.7240884388523137,1.8158850701952092,1.7819890091774175
2016-01-29,1.9016180471566333,1.7982061193424872,1.723185953022845,1.8419071078141829,1.7842290083222003,1.876718117170685,1.8441492971220137
2016-02-01,1.9444729664035376,1.8435318805578285,1.7612142109650124,1.8867255487680017,1.8239084856003573,1.9207149885358765,1.8854747168870045
2016-02-02,1.925709676069085,1.8411286575059342,1.7527167481171175,1.8790171774011561,1.8121752207517032,1.9075243512738747,1.870313063771364
2016-02-03,1.8697729940227175,1.8223919779270936,1.7273843107326812,1.8481415722544703,1.7771962861668735,1.8641818180645993,1.8251134983161705
2016-02-04,1.8515363475348796,1.8096510270698702,1.7191253527760346,1.8335502425875927,1.7657923479780482,1.8477478078624918,1.81037739909729
2016-02-05,1.8296766178373947,1.8018806078052527,1.7092255837238908,1.8211784118331114,1.7521227839789435,1.8306541314893399,1.7927136720554306
2016-02-08,1.8427160063686734,1.8057279788142233,1.7151308230304723,1.8280208019426232,1.7602767162783906,1.8405769947921766,1.8032501335303297
2016-02-09,1.7458962839540864,1.771268875620431,1.6712833965132372,1.77319503635084,1.699732354100206,1.7648518883785504,1.7250150788124932
2016-02-10,1.6904011050072503,1.7427498227034481,1.6461509057329746,1.735787846389686,1.6650295050369435,1.7184027837361757,1.680172269380644
2016-02-12,1.602488391301322,1.704913276525219,1.6063372586989004,1.6815385255818598,1.6100549704489695,1.6473701825585727,1.6091345118282574
2016-02-15,1.7294910531245449,1.761764299268707,1.6638538446062776,1.7614041834730865,1.6894736566758592,1.7507478614434646,1.7117588527089718
2016-02-16,1.7338074011380749,1.7483714569030628,1.6658086193941626,1.7536624804359218,1.6921728023757325,1.748939081357521,1.7152466722833117
2016-02-17,1.706858653460022,1.737847988042787,1.6536041510887785,1.7377663198914637,1.6753209182866422,1.727538074968375,1.6934707706737036
2016-02-18,1.7502547036440073,1.757027777100838,1.6732572245961843,1.764888186944227,1.702457808518482,1.7627762233580468,1.7285368943519361
2016-02-19,1.72406995126422,1.7477494788016845,1.6613987521980882,1.7500886915387015,1.6860836742812508,1.7423107580944344,1.7073783381805645
2016-02-22,1.730028443017067,1.75861822830051,1.6640972161346792,1.759431471642091,1.6898097031700277,1.7500091482599898,1.7121930899345885
2016-02-23,1.7201649263330723,1.7485084643115463,1.6596302561784106,1.7493435196283977,1.6836417416062752,1.7400028037282766,1.704222887704734
2016-02-24,1.7118160142157974,1.7429691013212896,1.655849225811545,1.742863765302599,1.6784209090484454,1.7325811083622171,1.6974765597868284
2016-02-25,1.7466753991528055,1.7594716934571053,1.6716362398758529,1.7653979697509057,1.7002195588927151,1.761267920740972,1.725644641867242
2016-02-26,1.7513968941904263,1.7649486188789736,1.6737744964371253,1.77066189403268,1.7031720555375223,1.7662792012013364,1.7294598399839702
2016-02-29,1.7270144842619493,1.748676452164334,1.6627322635016284,1.7516735148629308,1.6879249816906727,1.7445717231243199,1.709757664359681
2016-03-01,1.7344972248028985,1.7551849513916138,1.6657761164769864,1.7585304925446852,1.6923990894553997,1.751756971580236,1.7157318794240182
2016-03-02,1.7983856216798169,1.7713475533207756,1.6811153981021942,1.7909173111631538,1.7235679674319984,1.800150077820984,1.7631297756325917
2016-03-03,1.828285746272529,1.7789117407953081,1.6882942671015213,1.8060745221621928,1.738155175445854,1.8227983203307205,1.7853122543195912
2016-03-04,1.841716043184204,1.782309361543126,1.6915188136030592,1.8128827160022816,1.7447073399403854,1.832971275312571,1.7952760012625026
2016-03-07,1.8226805511722703,1.777493728424215,1.686948488049141,1.8032330917005246,1.735420599988411,1.818552591603022,1.7811538395122406
2016-03-08,1.8041680033321477,1.7728103906655466,1.68250371875141,1.7938485624530802,1.7263889859102497,1.8045300188322588,1.7674196426318147
2016-03-09,1.778145545810286,1.766227182403886,1.6762558580439821,1.780657049549869,1.7136935538318283,1.7848189662302207,1.7481139501898928
2016-03-10,1.7997124799868258,1.7716832243296115,1.6814339700846332,1.791589932819388,1.724215294437919,1.8011551240916117,1.7641141530061588
2016-03-11,1.8100226966709385,1.7742915215512456,1.6839094010715652,1.7968164705631473,1.7292452826900662,1.8089647332812213,1.7717631566464118
2016-03-14,1.8378778585872868,1.7813383706777566,1.6905972848538708,1.8109370326788448,1.7428348261006121,1.8300639919238828,1.7924285065052856
2016-03-15,1.8258023645175459,1.7782834903976459,1.6876980196765627,1.8048156263627881,1.7369436217573258,1.820917250168063,1.7834698685903687
2016-03-16,1.8084517416769308,1.773894098522058,1.6835322227066107,1.7960201094563455,1.7284788695867717,1.807774792765561,1.77059768740013
2016-03-17,1.807647078513228,1.7736905333828819,1.6833390271423951,1.7956122031508857,1.7280863030302804,1.8071652900722297,1.7700007192027665
2016-03-18,1.7938592320854285,1.7702024591132728,1.680028634806701,1.7886227574420395,1.7213597028356302,1.7967215045082086,1.7597717113410793
2016-03-22,1.8228218972212216,1.7775294864027391,1.6869824245220761,1.8033047439734506,1.7354895577016671,1.8186596560262667,1.7812587021427841
2016-03-23,1.8165555315503379,1.7759442099076006,1.6854779017528259,1.8001281476226156,1.7324324206235713,1.813913114956553,1.7766097742592795
2016-03-24,1.79941564811379,1.7716081312667347,1.6813627022501219,1.7914394604253052,1.7240704807177056,1.800930284886535,1.7638939376462925
2016-03-25,1.815248903269174,1.7756136567272083,1.6851641868974845,1.7994657811333556,1.731794963128201,1.8129233921849932,1.7756404052551844
2016-03-28,1.8357713657764265,1.780805466325278,1.6900915265621184,1.8098691924461667,1.7418071431317184,1.8284684012474142,1.79086572934239
2016-03-29,1.847818499725161,1.7838531720108002,1.6929839826175153,1.8159762222221951,1.7476845115800024,1.8375936612566894,1.7998033272854557
2016-03-30,1.8190643543937488,1.776578896437722,1.6860802574547065,1.8013999402226388,1.7336563861148606,1.8158134558061487,1.778471034371452
2016-03-31,1.807491649128489,1.7736512125766564,1.6833017093316203,1.7955334116404138,1.7280104745580729,1.8070475580411207,1.769885408344993
2016-04-01,1.7452687560866584,1.7574698697600835,1.6679561582227918,1.7636960761462994,1.6973921113537795,1.759768745529282,1.7236092878662772
2016-04-04,1.7494887411576603,1.7662930380104997,1.6699726814838192,1.7710205407789668,1.7001282589507494,1.7655503456395778,1.727082299037035
2016-04-05,1.7029735295576827,1.7468480519752856,1.6477453502007033,1.7423425115243534,1.6699687957535012,1.727792426637059,1.6888006826856
2016-04-06,1.7021116355611408,1.7463704483439395,1.6473334934610884,1.7417326496776704,1.669409962215514,1.7270536473430005,1.6880913513899591
2016-04-07,1.7085010867425738,1.7468602774108046,1.6503866978482544,1.744212663882279,1.673552744998365,1.7315121611590454,1.6933498143832557
2016-04-08,1.7277382972879218,1.7599090400058854,1.6595792143830972,1.7594227661115005,1.6860257387460793,1.7487987959182194,1.7091818720787462
2016-04-11,1.7195986025514896,1.7564455109810144,1.6556896547051574,1.7543636874964303,1.6807481356696616,1.7421712289397242,1.7024829737958016
2016-04-12,1.7454797929323116,1.7580808241120913,1.66805700234926,1.7641759103591312,1.6975289431075395,1.7601145234853262,1.7237829693627904
2016-04-13,1.7889833359882157,1.7758592565070912,1.6888452053957947,1.790724478751359,1.725735705166966,1.7952917379583497,1.7595860085817943
2016-04-14,1.842116638916212,1.7988983382967467,1.7142349969440565,1.8240363830905677,1.760186196502706,1.8386979730134962,1.8033142567872718
2016-04-15,1.8294869819893131,1.7940773782099453,1.7081999052213646,1.8165566880447461,1.7519973984691428,1.8285991601077107,1.7929201585020986
2016-04-18,1.7768450268957112,1.7687721788962876,1.6830449046310425,1.7818941984585734,1.7178654865060157,1.7847668511625894,1.7495962853095344
2016-04-19,1.829432348015862,1.7926538173177842,1.7081737983331997,1.8155858816664938,1.7519619749753021,1.8280872938548511,1.7928751952150477
2016-04-20,1.8362815118580749,1.7950075385804776,1.7114466767851442,1.819467748325064,1.7564028255643003,1.8334769391181491,1.7985119977473152
2016-04-21,1.8768265528047055,1.813438788739691,1.7308211572187382,1.8454564906281545,1.782691358459234,1.8668833229224056,1.8318802153493365
2016-04-22,1.8937626135610899,1.8146541726202552,1.73891406747572,1.8519745767779214,1.7936723361548998,1.8786734930992215,1.8458184466951615
2016-04-25,1.8868192557208894,1.8063540250822667,1.735596178346061,1.8440826521126115,1.7891704122026297,1.8712357952651886,1.8401041233182167
2016-04-26,1.8720096218590343,1.8059041058223788,1.7285193828912757,1.8387929764731386,1.7795681639905299,1.8611305094601531,1.8279159228929385
2016-04-27,1.864757910874069,1.8094220531889456,1.7250541469633303,1.838703824176308,1.7748663104883038,1.8574300528560452,1.8219478275480157
2016-04-28,1.8053736113082983,1.7802003715964283,1.6966773116429723,1.7991499187199664,1.7363628073192658,1.8077583014762748,1.773075063239735
2016-05-02,1.7532299098846005,1.7641399952509362,1.671361786206069,1.7708403447040606,1.7022972813395325,1.7673465875053298,1.7300525525349717
2016-05-06,1.7479679652196902,1.7628163230126532,1.6701077274564893,1.7681829453944524,1.6997427407036654,1.7633683528647643,1.7261582654476788
2016-05-09,1.7581377521805346,1.7653745910155627,1.6725314531191051,1.7733189144267438,1.7046799142590683,1.7710571069948864,1.7336847737187064
2016-05-10,1.791552368833228,1.7737802287089777,1.6804950283837026,1.7901940404264207,1.720901862893468,1.796319855642819,1.7584144351735644
2016-05-11,1.7883499500844464,1.772974641979534,1.6797318084132402,1.7885767475976233,1.719347169838374,1.793898702625959,1.7560443726252732
2016-05-12,1.7935195823571393,1.774275092508238,1.6809638667104154,1.7911875270921307,1.7218568951498445,1.7978071455108409,1.7598703406822642
2016-05-13,1.769260943583641,1.7681726933520585,1.6751823999440187,1.7789363739474353,1.7100799414827004,1.779466671931699,1.7419168824558942
2016-05-16,1.7705109463940047,1.7684871386994008,1.6754803082386058,1.7795676532209366,1.7106867861337505,1.7804117226301894,1.7428419909687107
2016-05-17,1.79416590306621,1.7744376781745848,1.6811179018042561,1.7915139334524108,1.722170667456523,1.7982957890822728,1.7603486730388107
2016-05-18,1.8018784315781735,1.7763778087780722,1.682955998644443,1.795408932212033,1.725914904377234,1.8041267603384414,1.7660566008311358
2016-05-19,1.7932821536395445,1.774215365958062,1.68090728125016,1.7910676202990348,1.7217416295311727,1.7976276401740972,1.7596946232150608
2016-05-20,1.801738839713771,1.7763426936471907,1.68292273025983,1.7953384352099333,1.7258471360686023,1.8040212234645534,1.7659532909657434
2016-05-23,1.7937325969562108,1.7743286775474383,1.6810146336490215,1.7912951042113436,1.721960308333375,1.7979681928252726,1.7600279896229876
2016-05-24,1.7775089896259084,1.7702475364493326,1.6771481245886004,1.783101820992993,1.7140841585779467,1.7857025152504515,1.7480211388179945
2016-05-25,1.7969157222730605,1.7751294109038696,1.6817732554910987,1.792902653427093,1.723505634916753,1.800374759257869,1.7623837733888843
2016-05-26,1.7992610841417982,1.7757194000793692,1.6823322164379964,1.794087113433358,1.7246442486006746,1.8021479439690449,1.764119540870698
2016-05-27,1.80922928820278,1.7782269587523154,1.6847078996342928,1.7991212786092736,1.7294835587724833,1.809684293593561,1.7714968606317836
2016-05-30,1.8279881295511584,1.7829458524496942,1.6891786211304323,1.8085949115002953,1.7385905003231572,1.8238667066026995,1.785380000476017
2016-05-31,1.8450758949110035,1.7872443774364641,1.6932510816036825,1.817224613779913,1.746886176877679,1.8367857212281693,1.7980264018027534
2016-06-01,1.8195817501727718,1.779937384925711,1.686352098876746,1.8037445847874742,1.7339650017752901,1.8172065674475792,1.7789012170942207
2016-06-02,1.7798478875524082,1.761272892740466,1.6587336849390506,1.7780058180408125,1.7024114468798146,1.784400137220359,1.7432928150418632
2016-06-03,1.7867969295592279,1.7734618186248194,1.6635638601588243,1.7885366421246474,1.7079298375917402,1.793174832444624,1.7495203566232531
2016-06-06,1.7821527196420914,1.7746307059940827,1.6603357392703384,1.787791727210359,1.7042417659344085,1.79048052139651,1.7453583425868882
2016-06-07,1.7953932593370052,1.7795761502264729,1.6695390404833748,1.7955078870675938,1.7147563766104688,1.8009790236462102,1.7572241524969738
2016-06-08,1.8084866385706064,1.7921157938060763,1.6786400526596108,1.8083059364238703,1.725154123850954,1.8139639504301552,1.768958081222421
2016-06-09,1.7951120156624598,1.7869619852165781,1.6693435522094264,1.8004047036418156,1.7145330346764474,1.8033052669915943,1.7569721096001234
2016-06-10,1.7832135449094573,1.7836262767796007,1.661073103055722,1.794219517424194,1.7050841911631902,1.7942481231992715,1.7463090252071152
2016-06-13,1.7205315443261389,1.7429894383987599,1.6175037814648803,1.7460537942547192,1.6553070032451371,1.7386854332558117,1.6901351289125977
2016-06-14,1.7051480283920653,1.7259200145031857,1.6068109295027198,1.7294387652525185,1.6430906068894895,1.7226341992750545,1.6763488422484212
2016-06-15,1.7087003335305588,1.7301167983893928,1.6092800837021315,1.7334478389443655,1.6459115723783946,1.7264275307637786,1.6795323210557225
2016-06-16,1.6610199068797609,1.6946818839038646,1.5761381318977083,1.6937534512875247,1.6080474720733164,1.682623116708791,1.6368024254391955
2016-06-17,1.672027198445743,1.6973727493060204,1.583789135720488,1.6992085179698886,1.6167886101296933,1.6908674682183822,1.6466668593940292
2016-06-20,1.7113381894125406,1.7210453222628532,1.6111136178931724,1.728190931262772,1.6480063531243216,1.725096666128403,1.6818962954243668
2016-06-21,1.728088227159057,1.744759202074399,1.622756318739433,1.7497463879323472,1.6613079352178057,1.7443189190355324,1.6969072216000776
2016-06-22,1.7133688239783005,1.7392317378526108,1.6125250816244785,1.7411483610056582,1.6496189257517437,1.7326377258793875,1.6837160946402105
2016-06-23,1.7326126593451212,1.7413630396374997,1.6259011839175723,1.7489470140782981,1.6649008886821555,1.746175512223449,1.700961894106481
2016-06-24,1.6103055988818258,1.6536354471108432,1.540887374521482,1.6492655198109203,1.5677740982841095,1.6348890822469717,1.5913536482525528
2016-06-27,1.636629066297628,1.701062545157328,1.5591844232205045,1.6900046046162451,1.5886781564190993,1.6685552028351178,1.6149440205279537
2016-06-28,1.6382160238200345,1.7130949132569082,1.5602874936713722,1.6986578560723498,1.589938395117221,1.6737065626958492,1.6163662084999055
2016-06-29,1.6682481740673099,1.7264694618388483,1.5811623923665528,1.7176170669561115,1.6137876017878785,1.6982533917385527,1.643280200998428
2016-06-30,1.6676073540614194,1.7198535045041439,1.5807169679598863,1.7129356876233799,1.613278712193449,1.6955752409215992,1.6427059156179464
2016-07-01,1.676487740420418,1.7355061768561122,1.5865613550144944,1.7264364480817918,1.6201295542476009,1.7068090534886644,1.6505936643089762
2016-07-04,1.6870586686859201,1.7469684312603162,1.5915633081658103,1.7376666416137212,1.6269399324312497,1.7177413718788863,1.6592667107422132
2016-07-05,1.6803426747783787,1.745593083218211,1.5883854333334104,1.734449171966122,1.6226131167306168,1.7127321959320363,1.6537564920043248
2016-07-06,1.6487751960374109,1.7381300422947998,1.573448329816894,1.7186638160071184,1.6022755963983777,1.688860040268723,1.6278565708219888
2016-07-07,1.6380899203137218,1.7345724214168328,1.5683922697210928,1.712636587067422,1.5953915492411976,1.6804414208323402,1.6190897066284313
2016-07-08,1.6136067329656791,1.720978103154641,1.556807312086913,1.6952168603137785,1.5796181222730619,1.6593675798293646,1.5990021783272328
2016-07-11,1.6737478527941676,1.7437223710405716,1.5852648946467613,1.7309447794312895,1.618364366702401,1.7076428712486085,1.648345690242037
2016-07-12,1.7114470937958037,1.7526504311466855,1.6031034261923525,1.7498065273694188,1.6426523083106654,1.7361570668694757,1.6792764902146395
2016-07-13,1.731945643153394,1.755757165283982,1.6128029323266633,1.7589032850279247,1.655858610523213,1.7510883816311624,1.6960947739005265
2016-07-14,1.7457908083107272,1.763649862782408,1.6193541892976535,1.768890139721355,1.6647784336804878,1.763072825913191,1.7074542077429888
2016-07-15,1.7545427636729602,1.7568488473519248,1.6234954406243851,1.7673840601544464,1.6704169286514297,1.766783469779942,1.7146348557742481
2016-07-19,1.7721143288660415,1.7670523137303908,1.6318099560277217,1.7801825177845614,1.681737505353673,1.7820546315979335,1.7290516597669108
2016-07-20,1.770654197680973,1.7702872488019095,1.631119050971983,1.7818266594051115,1.6807968078748614,1.7821240867910828,1.7278536774091982
2016-07-21,1.7841577870105747,1.7703245301128938,1.6375086810503274,1.7864866872895282,1.6894965689423351,1.7913015204834892,1.7389328612168498
2016-07-22,1.7677420130327355,1.7660306779153923,1.6297410630779583,1.778004125566777,1.6789206170336237,1.7787521210358248,1.7254643401587741
2016-07-25,1.7681122557944093,1.7608648265485616,1.629916254593972,1.7747053136454736,1.6791591479519523,1.777309936256159,1.7257681103275726
2016-07-26,1.7407357761345061,1.7517088104960539,1.6169622485438442,1.7592358273377073,1.6615217016333192,1.7557273190895826,1.7033067452226958
2016-07-27,1.7595055356271292,1.7566836929477647,1.6258437256748504,1.7689780763146483,1.6736142215473995,1.7700976817386602,1.71870662227526
2016-07-28,1.7416878215282772,1.750099692379761,1.6174127375016691,1.75849549151519,1.6621350620702393,1.7558459916627864,1.7040878624244529
2016-07-29,1.7577412457711215,1.7550633699054805,1.62500889878137,1.7672978879720573,1.6724775681861046,1.7683690387850992,1.7172590892432953
2016-08-01,1.7538745040709713,1.7531176864704725,1.622787736761004,1.7646834180551867,1.669735855771432,1.7651141105952304,1.713989718060469
2016-08-02,1.7227483863194397,1.7453395148546138,1.6155878085359625,1.7490244459516906,1.6549194037561763,1.7416199197949116,1.6911760080435467
2016-08-03,1.6831282543768475,1.7354387560078963,1.6064230900660756,1.7290922929675505,1.6360596863814765,1.7117143932906542,1.6621366588967672
2016-08-04,1.6983162723554008,1.7392341220501686,1.6099363017103656,1.7367331029051103,1.6432893878618353,1.7231784054464665,1.6732686298242199
2016-08-05,1.6933847798580262,1.7380017809251656,1.6087955750605836,1.7342521605639734,1.6409419308954956,1.7194560836783443,1.669654120598115
2016-08-08,1.728269543711823,1.746719208591524,1.6168649333371226,1.7518020377566332,1.6575475491685252,1.7457873243601294,1.695222708782556
2016-08-09,1.744148136678207,1.7506871438829346,1.6205378851194563,1.7597902631526878,1.6651059736605942,1.7577725868901624,1.7068608326984112
2016-08-10,1.7390811417829326,1.7494209417761786,1.619365814774743,1.7572411520702511,1.6626940157246037,1.7539479870539698,1.7031470077646116
2016-08-12,1.7518783304606145,1.7526188584110163,1.622325992484573,1.7636791801631422,1.6687856501997613,1.763607386112381,1.7125266340275147
2016-08-15,1.7394367711354148,1.7495098107497309,1.6194480770675557,1.7574200625965866,1.6628633000946729,1.7542164183414215,1.7034076642649116
2016-08-16,1.713884500692311,1.7431244996657131,1.6135374615951799,1.7445651896168084,1.6507000746027156,1.7349294027886357,1.6846792737596659
2016-08-17,1.7346185743024445,1.7483057813187242,1.6183335573690687,1.7549961172013109,1.660569773393218,1.7505796128582922,1.6998761944481713
2016-08-18,1.7084994953760781,1.7417788292600327,1.612291830769073,1.7418560933942346,1.6481367394156305,1.7308647666727464,1.68073236490631
2016-08-19,1.71790440161005,1.7441290412364456,1.6144673237228804,1.7465875271544413,1.6526136016776056,1.7379636494593467,1.6876256371502478
2016-08-22,1.7268248546712175,1.7463581921814768,1.616530755542035,1.7510752415154298,1.6568598576928977,1.7446968639230762,1.6941638322114367
2016-08-23,1.719388088285103,1.7444998028481202,1.6148105222436246,1.7473339423816932,1.6533198565534009,1.739083545557853,1.6887130968145347
2016-08-24,1.7295385339994362,1.7470363192673468,1.617158469429932,1.7524404432163814,1.6581516056671328,1.746745166265726,1.6961528079573713
2016-08-25,1.7240549551389246,1.745666016109509,1.6158900370951574,1.7496817564733214,1.6555413481429786,1.7426061262143493,1.692133650188411
2016-08-26,1.7038096567422074,1.7406068755317803,1.6112070022073985,1.7394967226264468,1.6459043129488053,1.727324846771189,1.6772949744976065
2016-08-29,1.7362186755390614,1.7487056340122245,1.618703684287832,1.7558010984336947,1.6613314431710278,1.7517873794051193,1.7010489794996604
2016-08-30,1.736376407863313,1.7487450500774462,1.6187401700912478,1.7558804506383285,1.6614065258855566,1.7519064367623822,1.7011645885047573
2016-08-31,1.7606175141934512,1.7548027115789295,1.6243474940455498,1.7680757012896193,1.6729456195690127,1.770203777339109,1.718931968771059
2016-09-01,1.7681654276328789,1.7566887172350127,1.6260932906191474,1.771872703782033,1.676538326986768,1.775900830669521,1.7244640138512919
2016-09-02,1.7751002273594072,1.7584111641629827,1.6276876877172446,1.7753473736713996,1.6798260446826927,1.7811246843326463,1.729536564919523
2016-09-05,1.7827468161692062,1.7603104033514636,1.6294457340184303,1.7791786842991801,1.6834512143104856,1.786884715269326,1.7351297635359284
2016-09-06,1.7919185904817565,1.7625884640181981,1.631554439521834,1.783774186590901,1.6877994588019665,1.7937936396405216,1.7418385792799107
2016-09-07,1.789472857716422,1.7619809994836173,1.6309921350029517,1.7825487562493962,1.686639961886528,1.791951315338589,1.740049615670198
2016-09-08,1.7840093904242362,1.7606239981534286,1.6297360156138239,1.779811295033454,1.6840497878647875,1.7878357886106184,1.7360532901897077
2016-09-09,1.7832074624080692,1.7604248174268942,1.629551642343898,1.779409490332367,1.6836696019858033,1.7872317113812801,1.7354667093257368
2016-09-12,1.7572940869192795,1.7539885228309224,1.6235938335663525,1.7664256365667979,1.6713843354294051,1.7677116550264849,1.7165120277630825
2016-09-13,1.7571936830398172,1.753963584785044,1.6235707494600529,1.7663753293696902,1.671336734976001,1.7676360226803172,1.7164385860162255
2016-09-14,1.7467244983672916,1.7513632768181737,1.6211637531054983,1.7611297617711497,1.6663734014887919,1.7597497835878892,1.7087807622883135
2016-09-15,1.7278473683921534,1.7466746259822763,1.616823665079938,1.7516714071381583,1.657423947039499,1.7455299980917502,1.6949728356578995
2016-09-16,1.7408076054975687,1.7498936548610182,1.6198033855111535,1.7581651124223894,1.6635682630334931,1.7552926999357714,1.704452772666334
2016-09-20,1.746602563341609,1.7513329909240338,1.62113571871968,1.7610686664289759,1.6663155933389535,1.7596579322359116,1.7086915712995074
2016-09-21,1.7937671813855163,1.76304761206123,1.6319794536662575,1.7847004199940772,1.6886758568619658,1.7951861482557716,1.7431907555695467
2016-09-23,1.7903088645953873,1.7621886446265516,1.6311843434292035,1.782967636108108,1.687036304206173,1.7925810635316586,1.7406611239695249
2016-09-26,1.7717028672572415,1.7575673369867197,1.6269065921843242,1.7736451320327296,1.6782153909698545,1.7785655171303456,1.7270515208959032
2016-09-27,1.7926649551218692,1.7627738440626413,1.6317260380774148,1.7841481513546658,1.6881533026520668,1.7943558620280502,1.7423845175768755
2016-09-28,1.7818572355716462,1.7600894517122132,1.629241208324941,1.778732961417713,1.6830294732382292,1.7862146110058343,1.7344790680308846
2016-09-29,1.8014871226010616,1.764965070323213,1.6337543646019639,1.788568483722973,1.6923358021158652,1.8010014341743643,1.7488376087742317
2016-09-30,1.7777050483112395,1.7590581425939869,1.6282865685977947,1.7766525148846204,1.6810609636819098,1.7830868467609229,1.7314418956893822
2016-10-03,1.7864587929929885,1.759912262540488,1.6290931426672342,1.7801495563197387,1.6844006935966986,1.7892355372551405,1.7374569273323177
2016-10-04,1.7967053023021031,1.773469871289371,1.6384370570733362,1.7926953356732982,1.6940618329719328,1.8006716619813126,1.747422378900484
2016-10-05,1.8033046521296323,1.781979287410692,1.6444550831214368,1.8006255274412422,1.7002841704086413,1.807961799625418,1.753840711144532
2016-10-06,1.812880872527293,1.7869524983729204,1.6531877530512942,1.8071599261891174,1.7093133136181693,1.8160412274602595,1.7631542595638052
2016-10-07,1.8081781783606035,1.781296867947572,1.6488993099878078,1.8017841211546772,1.704879278337191,1.8109846038915054,1.7585805584579708
2016-10-11,1.8170999732069169,1.792768638856572,1.6570352014292566,1.812483339876375,1.7132913824877045,1.8208293490761054,1.7672576319626971
2016-10-12,1.7983607099250984,1.7734783645629557,1.6399466430864693,1.7932509167052417,1.6956226692807777,1.8017798606906366,1.7490323793401323
2016-10-13,1.7964870737494578,1.7724479554311723,1.6382380518457638,1.79193373845832,1.6938560715365838,1.8001796358810738,1.7472101362716466
2016-10-14,1.804208757780979,1.780695337741033,1.6452795478796685,1.8000600224132668,1.7011366256638012,1.8081303593914733,1.7547200175316342
2016-10-17,1.811968801702499,1.787141419266333,1.652356024756118,1.8069843718353853,1.708453348229705,1.8154962580225211,1.7622672064848477
2016-10-18,1.8185571794309021,1.794127116486527,1.6583640452157788,1.8138834256876537,1.714665340389237,1.8222627006398728,1.7686748675901551
2016-10-19,1.8195986237813442,1.7957550917910132,1.6593137507765392,1.8153271447484247,1.7156472883597735,1.8235097761295471,1.7696877455295756
2016-10-20,1.8395019178310894,1.8098988238951816,1.6774638027005506,1.8314757261987737,1.7344135327499297,1.841592393633221,1.7890451000115817
2016-10-21,1.8343677148250241,1.8042763143728004,1.6727818615647971,1.8259789273787501,1.7295726401760834,1.836258874619232,1.7840517261849886
2016-10-24,1.8377974667321273,1.8110202067993484,1.6759094933550334,1.8316657675198942,1.7328064547559934,1.8408343490962888,1.7873874013393223
2016-10-25,1.8471684245257267,1.8193099350347817,1.6844549818609285,1.8403684230573572,1.7416420617507449,1.8499006479518767,1.7965013174274456
2016-10-26,1.8553848978305358,1.8268018479819688,1.6919476821517352,1.848149616599775,1.7493891384747213,1.857925724745059,1.8044924160845628
2016-10-27,1.8564267786504378,1.824093217691595,1.6928977857342171,1.846669165718522,1.7503714979797775,1.8577034712758063,1.8055057185212569
2016-10-28,1.8701398490082715,1.8354499224063887,1.7054028986270997,1.8588822429317002,1.7633011582174911,1.8707083704789145,1.8188426447250212
2016-10-31,1.8676712268084408,1.834703753935541,1.7031517325138066,1.8575591092170582,1.760973565237495,1.868807197322938,1.816441735866174
2016-11-01,1.8696429680909394,1.8324754764365785,1.704949786974974,1.8567141690781945,1.7628326634696292,1.8693738132138693,1.818359393056825
2016-11-02,1.839166916576622,1.808327440575985,1.6771583110493702,1.8303141010290223,1.734097669687432,1.8408479452445863,1.7887192877104403
2016-11-04,1.8129130644135878,1.7869054034648257,1.653217109217481,1.8071530713217394,1.709343666423292,1.8160634345829791,1.7631855684392557
2016-11-07,1.831862807676288,1.8047192074025369,1.6704976067725628,1.8254589274263568,1.7272108351597706,1.8347522777168925,1.7816155276591863
2016-11-08,1.8326714888976814,1.8011775203706544,1.671235052851668,1.8233342678125304,1.7279733174602616,1.8340869870225727,1.7824020270711092
2016-11-09,1.7541981130196242,1.7235227094935726,1.5996742427023833,1.7449027107506287,1.6539830248902205,1.7553727839365494,1.706081145187203
2016-11-10,1.8552306293625955,1.8095659856176176,1.6918070028904857,1.8364682629033855,1.7492436831664782,1.851976706781477,1.8043423791403337
2016-11-11,1.8618156881402936,1.8031296320971826,1.697811996759298,1.8343004443040398,1.7554525459827017,1.8541774624516616,1.8107468123324555
2016-11-14,1.8918591698557834,1.825209452020786,1.7252090071110193,1.8591602709517199,1.7837796821238314,1.8817117050391958,1.8399662131003323
2016-11-15,1.8965768159787242,1.8265989618046798,1.7295110850422641,1.8616605381277238,1.7882278151749789,1.8853288459036637,1.8445544560361087
2016-11-16,1.9178674319222475,1.8374634103362542,1.7489262523961364,1.8760471049394096,1.8083021255386058,1.9032149507792748,1.8652610787151975
2016-11-17,1.9203216250424886,1.8412502580220977,1.7511642604591533,1.8794174705924123,1.8106161137538215,1.9061385436034366,1.867647954278462
2016-11-18,1.925257548991487,1.8434021674345524,1.755665388550985,1.8825049833135084,1.8152700546988036,1.9101604324514967,1.8724484877649383
2016-11-21,1.9446383484858876,1.861385891952558,1.7733389714399808,1.9010683100072259,1.833543653977371,1.9291943857248053,1.8912976795128038
2016-11-22,1.9534008834729444,1.8686341642804447,1.7813296319107323,1.9088650552593665,1.8418055965801086,1.9374999754095128,1.8998198615938955
2016-11-24,1.9702658878474024,1.878760014456136,1.7967090311363099,1.9212877074120887,1.857707124886986,1.9521849404429985,1.916222265497542
2016-11-25,1.9747256712573116,1.885578250291344,1.8007759609750285,1.9273696370067277,1.8619121265911434,1.9574762101552998,1.9205597187936052
2016-11-28,1.9833342821569355,1.8907792352910147,1.8086262562292346,1.9337325174304145,1.8700289385921283,1.9649830281974552,1.9289321988647528
2016-11-29,1.9818929585496377,1.8934287317402485,1.807311895990855,1.935045093280773,1.8686699559537645,1.9649232328373387,1.9275304102000212
2016-11-30,1.9805005380129108,1.8992935830045086,1.8060421310474999,1.9385457809377278,1.8673570826162769,1.9659894010029577,1.9261761832137705
2016-12-01,2.005990541654302,1.9148887409710285,1.829286770275468,1.9575224899202492,1.8913908750450454,1.9882960040712805,1.9509670060293713
2016-12-02,2.000934500141159,1.9047441771395837,1.8246761055400658,1.9489642462403947,1.8866236786982864,1.981443890210521,1.9460496497565336
2016-12-05,1.985887395854832,1.9024953018927526,1.8109544711502876,1.9425371024682836,1.8724361961792813,1.9707226108713662,1.9314152816529344
2016-12-06,2.0035926072685157,1.9186117306569967,1.8271000652253586,1.9592797442283911,1.889129931574947,1.9880000525244612,1.9486348460454892
2016-12-07,2.0221626099148122,1.929946911514111,1.8440342727699446,1.9730452186211802,1.906639053789353,2.004194090520084,1.9666954807855337
2016-12-08,2.0540970173160082,1.9606268153519635,1.8731556408734151,2.004341472966871,1.9367490894572092,2.0359145757535626,1.9977539398874664
2016-12-09,2.07318107648582,1.9703868812222354,1.890558622710857,2.0172007034521777,1.9547429008053094,2.0519031294810675,2.016314530781733
2016-12-12,2.0815097703089216,1.9687853858470845,1.898153658234659,2.018818421967031,1.9625957870333113,2.056852318367491,2.024414771792238
2016-12-13,2.0940651746878687,1.9763020319932365,1.909603081673578,2.028025103223205,1.9744339172646022,2.0677503540076247,2.0366257863419284
2016-12-14,2.0879076634463294,1.9656236119787156,1.903987973517245,2.018744745982591,1.9686281767422016,2.059985630405691,2.0306371732243456
2016-12-15,2.088965911462851,1.9683201323960933,1.904953002542106,2.020926676770767,1.9696259684069284,2.0616182031641666,2.0316663939118604
2016-12-16,2.0996317089535617,1.9793721215048288,1.914679270856464,2.0319280777861635,1.9796824425677546,2.072491236282519,2.0420396327508663
2016-12-19,2.0983518184896726,1.978625230104998,1.9135121234325965,2.0310027420890573,1.978475670604383,2.071386994625088,2.0407948491815877
2016-12-20,2.1012029701240476,1.9826259822900887,1.916112122713007,2.0346567140018084,1.9811639396029892,2.0746557030068886,2.043567794842271
2016-12-21,2.0914106553816874,1.9745406916913475,1.9071823937653318,2.025961272384524,1.9719310472414953,2.0653866641158736,2.034044079461617
2016-12-22,2.090165275863844,1.9769122541348,1.9060467172859783,2.027172418511763,1.9707568146580883,2.0653845600708016,2.0328328602166383
2016-12-26,2.081790965090039,1.9678773402953333,1.8984100831191673,2.0182910471211284,1.962860917517265,2.0567238428107943,2.0246882535105386
2016-12-27,2.0788832669415127,1.9673335642137264,1.8957585183961019,2.016974644070671,1.9601193324343302,2.054614269041101,2.0218603123844607
2016-12-28,2.0836911298405236,1.9762644731136347,1.900142866084604,2.0246250429031427,1.96465252829285,2.0608823297911965,2.0265362974854413
2016-12-29,2.060107616817749,1.9525706903715052,1.8786367784568907,2.000806271223926,1.9424163111190655,2.037097977516773,2.003599670996787
2016-12-30,2.057717108955614,1.9502090270990644,1.8764568457425337,1.9984191920354586,1.940162369904848,2.0347009639336355,2.001274733829918
2017-01-04,2.1075854135577194,1.9973709298300986,1.921932349225949,2.0467805259706586,1.9871817622299006,2.0839765232597536,2.0497751703499705
2017-01-05,2.1064451580391292,1.9887949852821165,1.9208925365789908,2.0405526795111255,1.9861066480465095,2.0802422696597644,2.0486661915940796
2017-01-06,2.1023698586798867,1.974185701476071,1.9171762223452125,2.0292529856772017,1.9822641653123727,2.0724749242755367,2.0447026761016196
2017-01-10,2.085263561280587,1.9629463963625238,1.9015767851239733,2.0160371713690086,1.9661351287416622,2.0572895946231906,2.0280655977463864
2017-01-11,2.0960433418715416,1.9874774583079517,1.9114069959908915,2.0362853606085496,1.9762990742944186,2.0729271871605306,2.0385496931737976
2017-01-12,2.07706962115516,1.9736290651960828,1.8941046331089835,2.0206826106698923,1.9584092979054324,2.055603448541761,2.020096414192358
2017-01-13,2.09079660024591,1.977725941883381,1.9066224295417864,2.0279250752558178,1.9713520722879911,2.0660770948845006,2.0334468676179367
2017-01-15,2.090750621645563,1.9776828326332987,1.9065805011061414,2.027880740786046,1.9713087203861064,2.0660317930289245,2.033402150192606
2017-01-16,2.0686222704426713,1.95294297000585,1.886401392948395,2.003816188078002,1.9504445335039364,2.0428406187861823,2.0118807710045123
2017-01-17,2.039641954132779,1.9295262976628524,1.8599738958474539,1.9784374895087813,1.9231198254924788,2.0155928255185644,1.9836953734311682
2017-01-18,2.0506645651929225,1.9500243970703937,1.870025546723925,1.996009135506663,1.9335127289211924,2.029987881277207,1.9944156385830167
2017-01-19,2.0668515967800665,1.9702812472303204,1.8847866944549476,2.0150877782421257,1.9487750161564759,2.0477034133660665,2.010158666227618
2017-01-20,2.075546599938839,1.9835488348355919,1.8927157718436822,2.0269663556491015,1.956973284937658,2.0580494377891774,2.018615168852051
2017-01-23,2.0497844541280297,1.965183945108262,1.8692229629161004,2.0060805987458576,1.93268289747254,2.034680000801117,1.9935596686202517
2017-01-24,2.037983301550387,1.9645557765852717,1.8584613507170313,2.001831232443181,1.9215559296046056,2.0266822271122473,1.98208221704009
2017-01-25,2.0565907530097554,1.9941025893520639,1.8754297082822144,2.028039919262808,1.9391003612294275,2.049224221461891,2.0001792733869177
2017-01-26,2.0839755452248623,2.0222166049191515,1.9004022278757144,2.056111148947336,1.9649206953910947,2.0770539202521374,2.026812911467077
2017-01-27,2.0909167951500383,2.0218673696465186,1.9067320367126137,2.0581195631406666,1.9714654006114185,2.081508124218446,2.0335637656228767
2017-01-30,2.0845872316146212,2.0165036312927387,1.900960032011431,2.0524062970843073,1.965497436922002,2.0754702474958515,2.027407819538514
2017-01-31,2.0546984086524014,1.9862910622514502,1.87370405682682,2.022090827291679,1.9373161240779448,2.0452600459788512,1.9983388352948221
2017-02-01,2.06564105536253,2.003801580738363,1.8836827872559918,2.0375956351146622,1.9476336314173914,2.0585642956419052,2.008981329487487
2017-02-02,2.0417083406671153,1.9826445927034133,1.8618582584459034,2.0153838425145376,1.9250681620146128,2.035418748509715,1.985705079791433
2017-02-03,2.047265575937767,1.9815420637138066,1.8669259677639782,2.016463688481607,1.9303079195623831,2.0387333260396145,1.9911098822731252
2017-02-06,2.0532966397861565,1.988546850278312,1.8724257670299544,2.023195363028924,1.9359944364690136,2.0451390016511066,1.9969755164000742
2017-02-07,2.049737983064985,1.9845045957958383,1.8691805853978305,2.019284964881018,1.93263908124172,2.041390449359469,1.9935144722402824
2017-02-08,2.0581516532008113,1.9877870622096738,1.8768531118376792,2.024276660580998,1.9405720891946976,2.0481044043990875,2.001697358696504
2017-02-09,2.0469589753445607,1.970384086750963,1.8666463750155258,2.00879877192362,1.9300188346677978,2.034708653277469,1.9908116916142193
2017-02-10,2.092122047455832,2.0167659670700453,1.9078311207073044,2.0550914743139006,1.9726017983989304,2.080597373986525,2.034735958329531
2017-02-13,2.1050055301404456,2.0430272329475483,1.9195797226775815,2.0771304359870237,1.984749264243103,2.098149927354307,2.0472660521253387
2017-02-14,2.086089234186543,2.0243271076848273,1.9023297261234837,2.05823361195046,1.9669136320135725,2.079178537881639,2.028868622767613
2017-02-15,2.1043057319597946,2.0461257850468564,1.918941568345771,2.079000876396534,1.9840894446348984,2.0987460714443236,2.046585449134956
2017-02-16,2.101475457461273,2.0451144975109177,1.9163606071752741,2.0773846986257674,1.9814208600881529,2.096519377534145,2.043832807958459
2017-02-17,2.092296217417041,2.033403627010146,1.9079899483783245,2.066427578448343,1.972766018253659,2.0864105419534487,2.0349053508768558
2017-02-20,2.093878616080161,2.0273564991486204,1.9094329566476254,2.062848474877121,1.9742580165108592,2.0853910628289345,2.03644434496383
2017-02-21,2.10629306819282,2.038933022341002,1.9207538440288676,2.0747782820942655,1.9859632468980388,2.0976033110493177,2.0485182735127427
2017-02-22,2.1072876360080874,2.0425337443994582,1.921660802316473,2.0775462690026076,1.9869009963297284,2.099497127263152,2.0494855607220064
2017-02-23,2.108297250213469,2.0512236996302557,1.9225814815872053,2.0837692452383463,1.9878529325705638,2.103143713009106,2.0504674816047905
2017-02-24,2.0990627208453856,2.036895989072835,1.9141604037944737,2.0710199635180535,1.9791459600203722,2.0921020252406035,2.0414862517638555
2017-02-27,2.076363161713398,2.009711427998704,1.8934604042934857,2.045127489959154,1.9577431975854207,2.067711664322448,2.0194093326566502
2017-02-28,2.079593748955818,2.021745268353128,1.8964064154436209,2.0543475921792838,1.960789225522477,2.073978916658401,2.022551306155121
2017-03-01,2.101388612888951,2.04382798185262,1.9162814125709529,2.076485571919228,1.9813389768348542,2.096023401118042,2.043748345498774
2017-03-02,2.1177945328332606,2.064153427178555,1.9312421672131825,2.095656216579694,1.9968076476162209,2.1138809289447327,2.0597042574785536
2017-03-03,2.106843376161615,2.048685250816183,1.9212556764483089,2.0815721996644307,1.9864821164784434,2.101311063402144,2.0490534867492864
2017-03-06,2.103352684388363,2.057771762087458,1.9180724728651783,2.086576892422098,1.9831908434487713,2.10209606485664,2.045658543285487
2017-03-07,2.105431520718929,2.0603838870285323,1.9199681885817323,2.0890308680346554,1.9851509185262453,2.1043713618448066,2.047680357948942
2017-03-08,2.097835524079526,2.048976895951186,1.9130413083841527,2.0788027024037934,1.9779888714316503,2.0954208588222567,2.0402927165250877
2017-03-09,2.1004102943590595,2.047109552195983,1.915389272201053,2.078386000594996,1.9804165483877094,2.0964946457473803,2.0427968618633465
2017-03-10,2.1239809663520544,2.0606958943543243,1.9368836499401074,2.0953520701212582,2.002640658123274,2.1168127440828948,2.065720999546643
2017-03-13,2.1280245952777546,2.055968898947556,1.9405710835267018,2.0934822888375075,2.006453279715114,2.1178857093932946,2.0696537133131603
2017-03-14,2.1260601028665866,2.057295346060313,1.938779639398011,2.0937336462281344,2.0046010162355894,2.1170328322504894,2.0677431061601363
2017-03-15,2.1179977483252355,2.0417200371127455,1.9314274818511457,2.080528588915747,1.9969992536677987,2.1063472948693502,2.059901898849101
2017-03-16,2.121017317555698,2.046530509444143,1.9341810631520127,2.0847814086901786,1.999846318781253,2.109999642199577,2.0628386424771117
2017-03-17,2.1097840542505932,2.033654424984672,1.9239373159735726,2.0723601439588597,1.9892547974001344,2.0981282820542555,2.0519135031889544
2017-03-21,2.106022672257911,2.020398715580977,1.9205072667413905,2.062142863297989,1.9857082983360606,2.0910956848287445,2.0482552944325243
2017-03-22,2.0626786982981646,1.9711912852708346,1.8809813784137515,2.014536959519822,1.9448405100123696,2.0454521143267748,2.0061002287182443
2017-03-23,2.066925913115963,1.9762208694929997,1.8848544644106122,2.019342553648218,1.9488450868954266,2.049995704981397,2.0102309440955013
2017-03-24,2.084451524163098,1.988571256634013,1.900836278763076,2.033480346439513,1.9653694822631151,2.0658715457760866,2.0272758344892847
2017-03-27,2.0564653055836404,1.9577597055554397,1.875315311273758,2.0033929076908814,1.9389820804538578,2.036728896327566,2.0000572669346144
2017-03-28,2.0825007433900327,1.979391343931591,1.8990573384411875,2.026620062112566,1.9635301470933961,2.061436229068822,2.0253785628694954
2017-03-29,2.1000435917456723,2.0028638345875094,1.915054871701467,2.048296745644973,1.9800707950242646,2.0811255789151986,2.0424402177591565
2017-03-30,2.081121147150059,2.003862578568758,1.897799268127444,2.042740480896848,1.9622293654170373,2.0688842407110295,2.024036808414556
2017-03-31,2.061503229685276,1.9842250627551248,1.8799094545248893,2.0229778063876735,1.9437321944135904,2.0491260143652137,2.004957002749453
2017-04-03,2.0663178982818495,1.9728674811928608,1.8843000084104071,2.016868170254218,1.9482718071689,2.0484421771394823,2.009639606870375
2017-04-04,2.052833451814684,1.9564120093162773,1.8720033803781875,2.0012659371206927,1.9355577098322307,2.0338350380975925,1.9965250334934166
2017-04-05,2.0521572955095424,1.9475112752583648,1.8713867853554542,1.9949797812294423,1.9349201814695125,2.0303076019293105,1.995867423891149
2017-04-06,2.0190109959679035,1.9175212165229956,1.8411602783126522,1.9637561434433135,1.9036674875047321,1.998021605097338,1.9636303143759792
2017-04-07,2.036135905507026,1.9379290156866504,1.8567766881668317,1.9832364743596613,1.9198140729275912,2.0164026334877483,1.9802854943473231
2017-04-10,2.048662699348406,1.9575527829679669,1.8682000213143084,2.000686434328517,1.931625227104628,2.0314734150143434,1.992468683135297
2017-04-11,2.043852130715684,1.9471103495538777,1.8638132062348693,1.9920043991579033,1.9270894800874931,2.024679962741263,1.987790066517822
2017-04-12,2.024694767407412,1.9238962417808463,1.846343377476713,1.969950198448502,1.9090265523723373,2.0039844170262278,1.9691581821889295
2017-04-13,2.0084941044117155,1.8942220900920868,1.8315697991011743,1.94445523078709,1.893751412473387,1.9830071162322402,1.9534018970399778
2017-04-14,1.9950211487092464,1.885493691819604,1.8192836496347322,1.934123009474541,1.8810481494487663,1.9710819297133657,1.9402984992405368
2017-04-17,2.006816525945154,1.8841056549557966,1.8300399952305892,1.9370147127941766,1.892169671912831,1.9783970838342446,1.951770333894327
2017-04-18,2.0129291173506503,1.8896748192929642,1.835614140451111,1.942799064400792,1.8979330588118042,1.9843643922387402,1.9577152593093927
2017-04-19,2.0094441070273854,1.8849631913005698,1.8324361178501845,1.9384540539228161,1.894647142658169,1.9804304457542603,1.9543258414556302
2017-04-20,2.0058671285154213,1.883199465915484,1.8291742283578745,1.9360882206345937,1.8912745123404897,1.9774559935567129,1.950846978064598
2017-04-21,2.0288961981295692,1.9068902772613674,1.8501747124090966,1.9597269953905394,1.912987960746411,2.0008753356057265,1.9732443693103734
2017-04-24,2.045191863077955,1.9145236080415546,1.8650349242016908,1.9702312756024551,1.9283526752583502,2.014287043353273,1.9890930505456257
2017-04-25,2.0668780992850477,1.9390073302901891,1.8848108624062592,1.9939735479005838,1.9488000046073417,2.03709333602274,2.0101844417792587
2017-04-26,2.0900907866422096,1.9726895889131104,1.9059787896737421,2.0244815875938644,1.9706865809101406,2.0640920942349212,2.032760414205206
2017-04-27,2.0877808308339016,1.9736181642314432,1.9038723133408209,2.0243628859276095,1.968508589914237,2.062886828078886,2.030513819580847
2017-04-28,2.082811010194141,1.9677075863382043,1.8993402744512164,2.0187176565212246,1.9638226887529575,2.0575566120778466,2.0256803191765727
2017-05-01,2.092519758006293,1.979695043618631,1.9081937977156205,2.03004445286632,1.972976788255777,2.0681203237306667,2.035122759835215
2017-05-02,2.1084367759265157,1.9980230739243403,1.922708716753917,2.047721160373949,1.9879844873585903,2.0849901614609077,2.050603180182124
2017-05-08,2.1550842926104288,2.0494806216967865,1.9652471452081783,2.097983597517487,2.031967091247991,2.1336445416202405,2.0959711737363045
2017-05-09,2.1501305859319397,2.044550782668314,1.96072980083261,2.0930115159376443,2.027296383478044,2.1286638997566323,2.091153345293649
2017-05-10,2.1544009685606587,2.045480468922268,1.964624013833379,2.0950280311833023,2.031322804624701,2.1318013627532,2.0953065929978387
2017-05-11,2.154109736063006,2.04878936595302,1.964358435435093,2.0971958866891134,2.0310482098660825,2.132761702527853,2.0950233488936396
2017-05-12,2.149007627781722,2.046664417951638,1.9597057618627791,2.0940932998741797,2.026237578486557,2.1286600047361706,2.090061189446085
2017-05-15,2.1486030638884226,2.030657668449269,1.9593368352091503,2.083019906363563,2.0258561268095576,2.122819537446616,2.0896677225820754
2017-05-16,2.152241578388788,2.027496525746877,1.9626548401053672,2.082035506923589,2.0292867776435517,2.1241161500842387,2.0932064340534255
2017-05-17,2.138992615541152,1.996217038543422,1.950572952402614,2.056367698077759,2.016794711049277,2.1044942927920336,2.0803208850724566
2017-05-18,2.11349616181331,1.9514162839631868,1.927322431263657,2.017495846270114,1.9927548370192238,2.072094244688014,2.055523789093753
2017-05-19,2.1197366636411776,1.971415582066155,1.9330132195283831,2.0331858660332705,1.9986388269822057,2.083170264768173,2.0615931163983547
2017-05-22,2.132018744746108,1.9860535360651055,1.9442133962042767,2.047164486298662,2.010219248547539,2.0963601017318045,2.0735383048244853
2017-05-23,2.1276847853630785,1.9732220662621744,1.940261206800757,2.036991091155169,2.0061328827049976,2.089036285134452,2.069323224251479
2017-05-24,2.1404312763050406,1.9895395195465981,1.9518848843622365,2.05226803537796,2.0181511829690604,2.1031169572096533,2.081720083934532
2017-05-25,2.1443888163630684,1.9861706269898978,1.9554938124806192,2.0512447804369063,2.0218826338398137,2.104551430516413,2.085569070217331
2017-05-26,2.130785471007555,1.972370532563223,1.9430887591298656,2.0374116673815665,2.0090564301557796,2.090782782788954,2.072338859302008
2017-05-29,2.1302073051888737,1.9681710894059992,1.9425615228038822,2.034353867960745,2.0085112942087204,2.0889394946543436,2.0717765523455003
2017-05-30,2.132910708965195,1.967567063174031,1.9450267890451967,2.0348151722474506,2.0110602559948907,2.0905104135716184,2.0744058028140633
2017-05-31,2.125161562003311,1.953760227825563,1.937960249236587,2.022870588466772,2.003753807859296,2.080596709580616,2.066869211921147
2017-06-01,2.1492327921794385,1.9656044416702263,1.959911091970438,2.038749841034272,2.026449879531045,2.1005922487643858,2.0902801776724784
2017-06-02,2.185589953533621,2.000518801138308,1.9930656223079186,2.0743883164023114,2.0607300028915128,2.136719176795802,2.1256400763170653
2017-06-05,2.1785422002418233,1.9986646415324993,1.9866386917770202,2.0708777251199333,2.054084878705293,2.1314665111693487,2.118785640140316
2017-06-06,2.158908064668686,1.9798163026848727,1.9687340886874583,2.0516362918634,2.0355724161132187,2.1119590725951163,2.099690061223224
2017-06-07,2.161034279401058,1.9830679018151458,1.9706730093353524,2.054556996765516,2.037577162925175,2.114502770201736,2.1017579547174634
2017-06-08,2.150294475767538,1.9756534778120145,1.9608792539341167,2.0460342017842645,2.027450910497552,2.1048637372020624,2.0913127396951867
2017-06-09,2.1502811359572873,1.9751208918547092,1.9608670892015803,2.045661713824908,2.02743833277355,2.1046653248369878,2.0912997657907115
2017-06-12,2.1551415286342994,1.9712105833704954,1.9652993394229945,2.0444946796374137,2.0320210574512325,2.1064393047753716,2.096026839798437
2017-06-13,2.1621916992960473,1.9705991020348887,1.9717284743824661,2.046301105929821,2.0386684609061576,2.1108152225974157,2.1028836270376248
2017-06-14,2.1602855946714663,1.9645490068907956,1.9699902747747893,2.0415149090632303,2.036871249593865,2.1074180498967943,2.1010298061170483
2017-06-15,2.153979529220578,1.9562751539452101,1.9642396982579688,2.033799779850113,2.0309254415735483,2.1003617972751685,2.0948967135739505
2017-06-16,2.161861071529756,1.966655751107167,1.971426970967468,2.0434698330223005,2.038356721480066,2.109195072374587,2.10256206826159
2017-06-19,2.1726190763285502,1.983747183092499,1.981237324229037,2.0586897934008457,2.0485001352637378,2.1222931569108634,2.113024985198299
2017-06-20,2.1838944581700326,2.0034923208348885,1.9915194798046154,2.075908318904488,2.0591313690032753,2.1366736697323474,2.1239910877278625
2017-06-21,2.174281660715708,1.9943849985837687,1.9827534548192574,2.0665712840986004,2.050067738337414,2.1271659175724507,2.1146419655462774
2017-06-22,2.1694750755730605,1.9921387380622886,1.9783702723320673,2.063498217853417,2.045535747238676,2.1232338737777887,2.109967223153303
2017-06-23,2.1705757959055823,1.9955945817046536,1.979374032369936,2.066235893394046,2.046573584830468,2.1251821378251967,2.1110377511578093
2017-06-26,2.1716961420555925,1.9994985264919125,1.9803956894255335,2.069289625371923,2.047629927041969,2.1273028144664505,2.11212736665131
2017-06-27,2.181638576138396,2.0128826458421227,1.9894623139954628,2.081688189419719,2.0570043626185415,2.1385488529026366,2.12179708365764
2017-06-28,2.182540861806317,2.006250955658823,1.990285119089038,2.0773878416712668,2.057855101863594,2.1367743894971674,2.122674619982749
2017-06-29,2.1961594482268745,2.0188688177121272,2.0027040709493167,2.0904189501728005,2.070695675910176,2.150142771395032,2.135919653906666
2017-06-30,2.182964717813213,2.0043364859042834,1.9906716384518248,2.0761980559295075,2.058254743520486,2.1363685831834176,2.123086849785228
2017-07-03,2.1880528436890563,2.008339424031421,1.9953115613013614,2.080575143458118,2.0630521912914577,2.141110233836121,2.1280354103592516
2017-07-04,2.1848806667979717,2.002484542127144,1.992418815249304,2.0755260441222663,2.0600612367972864,2.13696017106354,2.1249502450390345
2017-07-05,2.193573444447324,2.014215144681229,2.000345863169377,2.086382991208833,2.0682574072095465,2.1467997291708008,2.1334045831988995
2017-07-06,2.1886769387883764,2.0100206231018105,1.9958806810877583,2.081934068751375,2.0636406326382657,2.1421148185593575,2.128642386774202
2017-07-07,2.174588876298248,2.002955736925101,1.9830336083838396,2.072589387511118,2.050357403087782,2.1304136262907667,2.1149407543255996
2017-07-10,2.1845208338023667,2.0169890086770095,1.9920906792363466,2.0854294324992595,2.059721960599171,2.141879880036031,2.1246002821216985
2017-07-11,2.1971771594135814,2.0315368419901287,2.003632133954174,2.099488372477786,2.071655246562179,2.1553062730525565,2.1369094496737455
2017-07-12,2.1860486524081137,2.024859281151047,1.9934839152984511,2.0913492561053886,2.0611624968876674,2.1456734318986936,2.1260861932609165
2017-07-13,2.1843693184232036,2.023218159762128,1.9919525105496847,2.0896835418430735,2.059579101099274,2.143994689757287,2.124452922750099
2017-07-14,2.1939437395214285,2.029998909851258,2.0006835396768636,2.097401342441251,2.0686065478010356,2.1526503716262035,2.133764721224016
2017-07-15,2.1939226737640642,2.029978047278562,2.000664329560738,2.0973802568036843,2.068586685503369,2.1526292151545685,2.1337442332921333
2017-07-18,2.186162905863191,2.031109110869315,1.9935881043908181,2.095701885116742,2.0612702231894064,2.1479689681937915,2.1261973127884284
2017-07-19,2.1882643520325735,2.0289466438625157,1.995504438289844,2.0948744617407624,2.063251616434606,2.1485714002258147,2.1282411171116684
2017-07-20,2.2037308365725052,2.048061903443722,2.0096085105494446,2.1129785807443806,2.0778345205512565,2.1654541655420565,2.143283362032617
2017-07-21,2.197318827801393,2.0480127971826043,2.0037613230516347,2.110912315969935,2.0717888216167095,2.1612537512067718,2.137047232153114
2017-07-24,2.186212761044236,2.0356467461851264,1.993633567926773,2.0988515835150996,2.061317230207906,2.1496140309956786,2.126245800461365
2017-07-25,2.180480359134329,2.028923347220566,1.988406122055046,2.092391158282236,2.0559123130662993,2.143485124851494,2.120670636092791
2017-07-26,2.187100898258116,2.030741109904668,1.994443470875867,2.0957450329879883,2.0621546292819493,2.148450104157349,2.1271095764189916
2017-07-27,2.193283318732075,2.0372251589243144,2.0000812940592043,2.1021827901636034,2.0679838560042723,2.154787528425348,2.133122415518496
2017-07-28,2.1904576509797615,2.0253313094771754,1.99750453383568,2.0930727360510346,2.065319615026233,2.148717448342457,2.1303742547269606
2017-07-31,2.185301438592593,2.0242725925584764,1.9928025220820256,2.0907072255832033,2.0604579704389945,2.1449774850578818,2.125359475227975
2017-08-01,2.2006109760584502,2.033013744402689,2.0067634724274015,2.101599357522019,2.0748928936666,2.1580778237334544,2.1402490780716787
2017-08-02,2.2044547548870908,2.0491260802028815,2.010268660319912,2.1139269033339785,2.078517082341082,2.1662919854818705,2.1439874235510983
2017-08-03,2.2076375158621,2.048916253077951,2.0131710581247058,2.114795486005578,2.08151801626404,2.1682985704516278,2.1470828826379598
2017-08-04,2.2032329752581292,2.043581148406236,2.009154504861528,2.109716637055542,2.077365101415176,2.163531196302064,2.142799156859284
2017-08-07,2.213329456409421,2.0533928899034555,2.018361606795898,2.119692540994076,2.0868847835488062,2.1736038634649675,2.1526186954832913
2017-08-08,2.2080606031308436,2.0502913779344993,2.0135568764659757,2.1158778471201805,2.0819169330998037,2.169061749660809,2.147494364788473
2017-08-09,2.19040148853717,2.0347119569679086,1.9974533186324748,2.099519648342772,2.065266661071948,2.1520039441809784,2.130319632798193
2017-08-10,2.191199371233292,2.039577306309248,1.9981809174072145,2.103126633876445,2.0660189617530653,2.1542471347416483,2.1310956298841672
2017-08-14,2.1664640885713977,2.0089888784266057,1.9756245172683027,2.0741722714143567,2.0426967740622977,2.1272522921546,2.107038826346914
2017-08-15,2.1851344155993884,2.028883655484395,1.9926502118166198,2.0938263343484618,2.0603004892551553,2.146498150225318,2.125197033610119
2017-08-16,2.184706668350719,2.031001028797484,1.9922601439839134,2.095149370362279,2.0598971786581415,2.14696770599406,2.1247810193011056
2017-08-17,2.183583685658877,2.0359907520992686,1.9912360826342816,2.09823058901629,2.0588383505270618,2.1479990788118224,2.123688839585084
2017-08-18,2.160139273056702,2.007995381108362,1.969856842344011,2.071474180682228,2.0367332871452697,2.1227657073797634,2.1008874980469225
2017-08-21,2.1608416269826916,2.009475301920518,1.970497327290567,2.072717663250821,2.0373955164923596,2.123748546820109,2.101570586679549
2017-08-22,2.161811712138134,2.0192975856437987,1.97138195954782,2.07979557443641,2.0383101819271765,2.1278582761801106,2.1025140627787664
2017-08-23,2.164866680391534,2.0200242395368786,1.9741678216411418,2.0812688588361996,2.0411906237627937,2.13011267602393,2.1054852344483677
2017-08-24,2.154362875047599,2.0075154222306533,1.9645892759031527,2.0693045796004,2.031286887345181,2.1188193776342037,2.0952695443749376
2017-08-25,2.160816607345603,2.0172421371894687,1.9704745115842255,2.07806226973567,2.0373719261950463,2.126480397617821,2.1015462533213163
2017-08-28,2.165921079718062,2.02068548230254,1.9751293409995598,2.0820602120950094,2.0421847866082494,2.1310359960927423,2.1065107120139492
2017-08-29,2.1628045668720275,2.019253147576685,1.9722873556560283,2.0800810107630667,2.0392463161436334,2.128491662233826,2.1034796838958076
2017-08-30,2.1752267817951885,2.0326180024051403,1.9836153220370247,2.093245932825265,2.050958865861908,2.1413420804900074,2.1155611623243677
2017-08-31,2.18680721538196,2.044661088025134,1.994175657948113,2.1052319789215583,2.061877724131809,2.1531744644405792,2.126823949149212
2017-09-01,2.191221249790338,2.0487572645996224,1.9982008687250925,2.1094591489105485,2.066039590416211,2.157508874988687,2.1311169083209545
2017-09-04,2.1701105702913246,2.027284496668553,1.9789497875673403,2.0879455089058885,2.0461349369588193,2.1361140900183657,2.1105852865001107
2017-09-05,2.1535124931264256,2.011168191533889,1.9638138024571006,2.0715567210300985,2.0304850866523996,2.1195616861437183,2.094442488097112
2017-09-06,2.1555635247106286,2.0168575292309687,1.9656841626928498,2.0761201578566917,2.0324189454330055,2.1229051160702834,2.0964372606875172
2017-09-07,2.1645103592727217,2.0257567500873788,1.9738428881506396,2.0850997519431154,2.0408546588124543,2.1319017755678344,2.1051386870784174
2017-09-08,2.155958101004805,2.0169710365754385,1.9660439815353685,2.076324689224108,2.0327909800896093,2.123203964014008,2.09682101390834
2017-09-11,2.177170246458936,2.0405537412764376,1.9853875907113125,2.099319190077392,2.052791302882251,2.145405997536876,2.1174513185128556
2017-09-12,2.196583794985297,2.062012804924059,2.0030910378342917,2.120278821499652,2.071095780282589,2.16568195841359,2.1363323609995493
2017-09-13,2.2095956305446727,2.0760154505655772,2.014956686326401,2.1340659443361942,2.0833642663664236,2.1791383658358443,2.1489872870009883
2017-09-14,2.2045011286331073,2.06838170787287,2.01031094909362,2.1271911948521245,2.078560806814472,2.17311463282013,2.1440325252834076
2017-09-15,2.210138640174593,2.074618497740976,2.0154518633033205,2.133281298597585,2.0838762545526923,2.1790044342090074,2.1495154020892366
2017-09-19,2.2474399997412995,2.111625436350449,2.049467419285151,2.1706534063764553,2.1190466352929027,2.2164798585231114,2.185793599958837
2017-09-20,2.2485318340133342,2.1075793736091932,2.050463076018168,2.168226476377579,2.1200760944734456,2.215776271042376,2.1868554856440183
2017-09-21,2.253969562422875,2.0958893195265866,2.0554218056000733,2.1619471426846246,2.1252031724337916,2.2152421221096543,2.1921440592910373
2017-09-22,2.250588342219818,2.0772143745300573,2.052338430451285,2.1480432855506213,2.122015117003926,2.206467241250551,2.1888555846350974
2017-09-25,2.260548243239731,2.086073056067123,2.0614209833301014,2.1573201411469456,2.1314060216538953,2.216114657161618,2.198542289467287
2017-09-26,2.2632865133459554,2.082517996370014,2.0639180445947205,2.155758578869869,2.1339878579012637,2.216664161855952,2.201205449895967
2017-09-27,2.266858246264983,2.0907288777272006,2.067175150568085,2.1625408376264588,2.1373555423000026,2.2218909256764836,2.2046792115786245
2017-09-28,2.279817136727134,2.106926582126036,2.078992517792714,2.1778177008562056,2.149574107972106,2.2360831048498953,2.2172826447461387
2017-09-29,2.2770845222910125,2.108530162104281,2.076500614001314,2.1780415450776425,2.1469976042936616,2.234852290037427,2.2146249848547437
2017-10-02,2.2743538325482224,2.1104383316393514,2.074010465360786,2.1784743651160747,2.144422915353288,2.2337289036849297,2.211969196863095
2017-10-03,2.2913841231298737,2.125775935005754,2.08954059105583,2.1944665178273177,2.16048028727835,2.2502908376648305,2.228532353237947
2017-10-04,2.290780893227475,2.128596962252007,2.088990498492092,2.1962152320407133,2.159911519126527,2.250891144401554,2.2279456696957305
2017-10-05,2.2893847424072677,2.122409579526139,2.0877173318586104,2.191511567010623,2.158595128611869,2.2477940540565235,2.2265878147462157
2017-10-06,2.295599666469817,2.1302701139930997,2.0933847954531855,2.1989051688348167,2.1644550020344573,2.25463657611259,2.2326322658735935
2017-10-10,2.301358098830588,2.1353811445005717,2.098635978804428,2.2042609267629523,2.1698844625406593,2.260210163536466,2.2382327466879506
2017-10-11,2.3037011203779234,2.1286379862617717,2.1007726081802955,2.2003686469942827,2.1720936302723324,2.2593652470464374,2.2405115000710536
2017-10-12,2.3052015246269444,2.125576863344928,2.102140844762576,2.1987411596693667,2.1735083183511392,2.25926766557166,2.241970748818624
2017-10-13,2.3164666226933934,2.1372413624405966,2.1124136224406884,2.210364917338954,2.1841298558145206,2.2707588955407623,2.2529268496530785
2017-10-16,2.3324809696672486,2.150632259115275,2.127017297007227,2.2246930555788613,2.199229323686974,2.2859688210448317,2.268501929355763
2017-10-17,2.3387177760393896,2.165211761566852,2.1327047153416716,2.236717359471017,2.205109829310875,2.295196166117222,2.274567662569543
2017-10-18,2.3408428266943275,2.1616860253497134,2.1346425744534288,2.234969582289465,2.2071134785476474,2.2953436586341733,2.276634423916536
2017-10-19,2.3464444478075035,2.17486392837391,2.139750759752238,2.2458265608831685,2.212395086231691,2.303660617383134,2.2820823947544597
2017-10-20,2.3460800883298254,2.1782496520072576,2.139418495986133,2.2480401425643133,2.2120515421436178,2.30461655511103,2.281728029514683
2017-10-23,2.3637787809307333,2.2061011626616693,2.1555581454778565,2.2728572560437303,2.2287391311379197,2.326031118499128,2.298941253902945
2017-10-24,2.380687582485216,2.2211979130526727,2.1709774838757934,2.288644874567269,2.244681954548105,2.342428532012152,2.3153862536471057
2017-10-25,2.372557269252668,2.21933483207482,2.1635633539855146,2.284766924313172,2.237016115681977,2.3364478329370235,2.3074789517251815
2017-10-26,2.3763809103836464,2.222994542446813,2.167050178070643,2.288506201628083,2.240621317099634,2.3402425641374975,2.311197711876106
2017-10-27,2.397169467097014,2.240569553186306,2.186007511606983,2.3072379886439607,2.2602222502329448,2.3600546267760536,2.331416046613269
2017-10-30,2.3955191731623184,2.2435319271148897,2.18450258882738,2.3087496640664438,2.2586662354739464,2.3600192274164584,2.329811019595452
2017-10-31,2.3891241523320907,2.2395987233540438,2.17867089283607,2.304001187071903,2.252636553981011,2.354444373152194,2.323591411684262
2017-11-01,2.4174488009255612,2.2714636288657775,2.204500478703413,2.334973761936615,2.279343051731677,2.3842335996910897,2.351139126250087
2017-11-02,2.428439777199994,2.287268613580824,2.214523281440384,2.349343690696209,2.2897061276294104,2.396990123237998,2.3618286243460185
2017-11-06,2.425305503236607,2.276476219563178,2.211665099521483,2.340938476656535,2.2867509107172945,2.3911532509313074,2.3587803222910235
2017-11-07,2.4553677999415484,2.3066233468447312,2.2390792674871474,2.3712773955625575,2.3150957869716624,2.4214673570646603,2.3880180219605536
2017-11-08,2.45823248304293,2.3117728808901274,2.2416916062741823,2.3757287222446166,2.3177968144019214,2.425152635674033,2.390804127925398
2017-11-09,2.4538735291943268,2.310841330482563,2.237716624118526,2.3736869107590346,2.3136868819955647,2.4219606609623767,2.3865647384752284
2017-11-10,2.4413842933628427,2.294035547627387,2.226327540569536,2.358148746994488,2.301911140187493,2.407868860157799,2.374418077495635
2017-11-13,2.416314738238875,2.2659518086982398,2.203466313373945,2.3308313506914478,2.278273776591647,2.381559458361922,2.3500361704591444
2017-11-14,2.407058201929657,2.2634472774090204,2.195025167188349,2.326134733652894,2.26954605432864,2.3745969318936813,2.341033537318858
2017-11-15,2.357002283922532,2.2102314039201705,2.1493785767966944,2.273549479876449,2.222349766711749,2.3230655413917924,2.2923506335560737
2017-11-16,2.3752958568995672,2.2278639709032664,2.166060704819273,2.2915230153596626,2.239598251329329,2.341263010429911,2.310142420984519
2017-11-17,2.375988809508192,2.230929797860444,2.166692616592067,2.2938471508375424,2.2402516164442563,2.3427913095606936,2.3108163661742376
2017-11-20,2.370224542768872,2.229242751766866,2.161436112801236,2.29083513697013,2.2348166548700683,2.3384109976033023,2.3052102110160524
2017-11-21,2.387301675960288,2.2473277980740316,2.177008954832449,2.3087271132040805,2.2509181933466835,2.355966963619649,2.3218189251262125
2017-11-22,2.396183670564238,2.258154801020129,2.185108551956803,2.3190065876998793,2.2592927709916295,2.3655951104755806,2.33045729009365
2017-11-24,2.3961856945871474,2.2515184411192495,2.185110397687505,2.314459297654651,2.259294679384706,2.363274497545282,2.3304592585984025
2017-11-27,2.3905391770278195,2.2413862057282117,2.179961270782406,2.3056976498966004,2.253970740130891,2.356016785654761,2.324967622806277
2017-11-28,2.384616357695398,2.231889839029464,2.1745601809853445,2.2972828087587502,2.248386283869874,2.348799882557482,2.319207264090578
2017-11-29,2.407399917968863,2.2544437267684216,2.195336782132054,2.3200745596365016,2.2698682485688364,2.3716714310410945,2.3413658802208186
2017-11-30,2.4245432174315535,2.2600409795995033,2.2109699619775127,2.329429870681208,2.286032173322518,2.3849016460484527,2.3580389456873228
2017-12-01,2.433037871213105,2.2611434175818204,2.218716338372612,2.3329293743921937,2.294041538429416,2.390892694615196,2.3663005944395556
2017-12-04,2.4241215686838613,2.2569293692142343,2.210585455440797,2.327181005755023,2.2856346128269434,2.3835661721101378,2.357628862599791
2017-12-05,2.4361007793490415,2.253944292315361,2.221509440939794,2.3289565485212522,2.2969294665522653,2.3903618539724976,2.3692794882038224
2017-12-06,2.4000922806447917,2.2182867538970585,2.1886728602434347,2.292921190572435,2.262978087191761,2.35420413366754,2.3342586885291103
2017-12-07,2.424101155792379,2.2442111316886524,2.2105668406808783,2.3184264737615714,2.2856153660977685,2.3790701201196494,2.357609009625935
2017-12-08,2.448774760369,2.269417091183379,2.233066995836046,2.3436500656385264,2.3088793992931618,2.4041183689833274,2.3816058268836597
2017-12-11,2.4632230335536756,2.28775533635501,2.2462425489811055,2.3608816237453247,2.3225022611632467,2.4200472131257875,2.3956577895884066
2017-12-12,2.471543662480088,2.300789887453375,2.2538302300291457,2.372506626162845,2.3303475432317624,2.4300923794718385,2.4037501869191824
2017-12-13,2.4654558172568564,2.28360266335736,2.248278651148241,2.3587389216343975,2.3246074887974024,2.4200462972458237,2.397829328908285
2017-12-14,2.464126688452805,2.2911595497843,2.2470666026929984,2.3635119743793194,2.3233542914170853,2.4218390658031326,2.396536657587248
2017-12-15,2.444483586159608,2.2754414618388963,2.229153822744156,2.346422281820295,2.304833374362168,2.403430494772341,2.3774323579037198
2017-12-18,2.471883379554616,2.3050414566322988,2.2541400220930496,2.3755395702123843,2.3306678527055698,2.431813445583636,2.4040805856872853
2017-12-19,2.4678909793363464,2.3011034809195325,2.2504993045775508,2.371554861786337,2.3269035331908148,2.427809968033743,2.4001976954447994
2017-12-20,2.47737820038139,2.318298740340827,2.2591508149331605,2.3864145955639655,2.3358487614665835,2.440085876864048,2.409424685728873
2017-12-21,2.4798966705552523,2.3263906109537045,2.2614474380102467,2.3927853899859834,2.3382233546697937,2.444587840143986,2.4118740752513292
2017-12-22,2.4902043770976254,2.3401027111364057,2.2708471589053887,2.405511538302355,2.3479421951588466,2.456173587513334,2.421899045436592
2017-12-25,2.4940374004867074,2.3518796032087788,2.2743425387839107,2.4148371626091603,2.3515562428382366,2.4628355644167708,2.4256269304939515
2017-12-26,2.4877587489064883,2.3400609131375005,2.2686169613036737,2.4047011210914535,2.345636282569321,2.454556678744294,2.4195204998697775
2017-12-27,2.499438491579902,2.3597033326152084,2.2792678583587906,2.421944859032317,2.356648776525126,2.4691314771531316,2.4308798717718765
2017-12-28,2.486350188207528,2.345083128313528,2.2673324779533126,2.4077053585793005,2.344308191136366,2.4554040379386226,2.418150575439628
2017-12-29,2.4851861562507445,2.340290396286608,2.266270983287956,2.40403671951871,2.343210658832198,2.4529522091358755,2.41701847242394
2018-01-04,2.545987320182672,2.411110746174536,2.321716291971367,2.472185109466165,2.4005383302568744,2.517751802867349,2.4761518842203634
2018-01-05,2.568113439287157,2.4278860391257893,2.3418933646518765,2.4908134994261864,2.421400412557557,2.5381780427149967,2.4976710925356365
2018-01-09,2.5809941845228455,2.439989522104459,2.3536394703097336,2.5032559995314414,2.43354529733975,2.5508829088573184,2.510198523969672
2018-01-10,2.588554293931754,2.455051271850134,2.3605336245125477,2.5159984991543123,2.4406735073952968,2.5611097250696924,2.5175512625357217
2018-01-11,2.586322157459658,2.4621670503587336,2.358498112563181,2.5201400377449596,2.438568890016745,2.562114971450948,2.5153803526936334
2018-01-12,2.5693424047614735,2.4566129146638156,2.3430140729685958,2.5108476385425273,2.42255916881069,2.5489874123754,2.49886634796788
2018-01-15,2.5760720505931434,2.452304838486664,2.3491509175014524,2.5100810273249237,2.42890435860795,2.5519245481193265,2.5054114022476592
2018-01-16,2.584107971681263,2.472315769912525,2.356478970066123,2.526360564190191,2.4364811978317866,2.5641877472582295,2.513226901164742
2018-01-17,2.5748088583449102,2.4598564473192313,2.3479989973801834,2.5148340982313604,2.4277133309125927,2.5537202956809546,2.5041828588685155
2018-01-18,2.5540465126966,2.4493801642932884,2.329065566027601,2.5009528327379384,2.4081371114398125,2.5363856914335448,2.483990016237151
2018-01-19,2.572767327950655,2.4727766718550894,2.3461373013931985,2.523004980359591,2.425788430531139,2.5568715938625477,2.5021973268541355
2018-01-22,2.5750664440512288,2.4725794524149816,2.3482338928669746,2.523614327006111,2.4279562010779077,2.5583186920654333,2.504433379099702
2018-01-23,2.5998418329103297,2.4898808743306216,2.3708268663268632,2.5434598455178388,2.451316203750279,2.580674657499466,2.528529188736866
2018-01-24,2.5954347812023646,2.4708802269381835,2.366808023157916,2.5290454509152194,2.447160921253572,2.5711555306483937,2.524243020732796
2018-01-25,2.5780469192374724,2.454103430622003,2.350951823841282,2.511949668711452,2.430766405539745,2.553852573450989,2.50733210101783
2018-01-26,2.565242854085463,2.430377782634375,2.339275643668967,2.4915876150938865,2.4186938202064057,2.5371528597874544,2.4948792463627822
2018-01-29,2.567495825435367,2.440796064181509,2.3413301551926304,2.4994382898418697,2.420818082192921,2.542264540711113,2.497070419590133
2018-01-30,2.53654229848131,2.401885996303707,2.313103263702043,2.462822421029336,2.3916328905304107,2.508314036046502,2.466965935768488
2018-01-31,2.505086081102471,2.3752906124785365,2.2844179627999934,2.4344615925079016,2.361973726502297,2.4783185711965325,2.4363725501237123
2018-02-01,2.552323990529325,2.424054299516051,2.3274947774587273,2.4830832519168284,2.4065129947545167,2.526434270705198,2.4823147421789122
2018-02-02,2.5457381984760925,2.4082111140110283,2.321489114907184,2.4701282166777276,2.4003034405538495,2.5165841708076693,2.475909595824717
2018-02-05,2.487703414272231,2.335924444050572,2.268566500988792,2.401943456487759,2.345584109131743,2.453173535719032,2.4194666830428875
2018-02-06,2.3778783819653917,2.226279878158802,2.1684157403185558,2.2914518706425753,2.2420332400506857,2.342607725395105,2.3126541083983168
2018-02-07,2.386071926418703,2.244886582767545,2.1758875315154103,2.3068154943587293,2.2497586978190403,2.3544788667674577,2.320622907133361
2018-02-08,2.4040908444159648,2.2668856439007183,2.192319198376554,2.327682036636243,2.266748218143548,2.3740123584015524,2.3381475732606574
2018-02-09,2.3541072865049815,2.1957467451195094,2.146738594022131,2.2628920265862424,2.2196201567833205,2.316313511070886,2.2895350447848912
2018-02-13,2.3317711263932335,2.1754355692881693,2.126369982434621,2.2417781020866174,2.198560032848705,2.2945174439617233,2.2678115568049964
2018-02-14,2.3171244273512985,2.164342942024963,2.1130134823767883,2.22945315175146,2.18475008093607,2.2809983164590792,2.253566610986612
2018-02-15,2.334448258400514,2.188914866832597,2.1288112911354893,2.251851294825573,2.2010842237383024,2.3009669601149585,2.2704152561288637
2018-02-16,2.3635465234481563,2.2119713876771003,2.155346347101269,2.2770329042490784,2.228520142227412,2.3281791340835625,2.298715367152234
2018-02-19,2.414842231905978,2.2570927796445592,2.202123517235091,2.324481053736596,2.276885392656801,2.3777050896300946,2.3486040543987756
2018-02-20,2.398923078776839,2.231968634945675,2.1876066510742427,2.302161322910048,2.261875680326818,2.3584715513037104,2.3331215574108954
2018-02-21,2.393839875844554,2.2377618045626266,2.1829712175158242,2.304469049178907,2.257082874257953,2.357129738697537,2.3281777847460146
2018-02-22,2.3697662271075197,2.212840173156829,2.161018169267352,2.279643189420539,2.23438452219458,2.3325853693367096,2.304764466773956
2018-02-23,2.394536064898627,2.24422437529513,2.1836060806419364,2.3091081119681993,2.257739290924352,2.3598343293336392,2.3288548776067493
2018-02-26,2.4140631797100345,2.257953720897166,2.2014130902187117,2.3248163520584453,2.276150846713541,2.3774900907951073,2.3478463712997284
2018-02-27,2.432055634054368,2.2894295694779063,2.2178206245581964,2.352146018991673,2.2931154152196678,2.4002984655226185,2.3653452996617417
2018-02-28,2.3982008077782244,2.2458016170687327,2.186948003510915,2.3113736530691233,2.261194671743915,2.3628006610299948,2.332419098023152
2018-03-01,2.360896233507005,2.2031463617607114,2.1529295160015853,2.270144751934036,2.226021259951137,2.3233625284122796,2.2961377736271253
2018-03-02,2.3183426898118604,2.162241449722135,2.1141244304872377,2.2284062528244566,2.1858987456248964,2.2810655401837248,2.2547514569845797
2018-03-05,2.3008371471552236,2.1368597887624006,2.098160916740124,2.2053596892794465,2.169393272166298,2.2606585052302273,2.2377260845131954
2018-03-06,2.330096179309961,2.179503764786903,2.124842578153934,2.244031661966974,2.1969807733438866,2.294844709586731,2.2661825528648207
2018-03-07,2.3129486565908173,2.15523284878298,2.1092055470703985,2.221862866419914,2.180812866602976,2.2750630112074535,2.249505379984136
2018-03-08,2.31779770743069,2.1608930158719106,2.113627454534856,2.2273052815277605,2.185384897388127,2.2802339906926083,2.254221423256877
2018-03-09,2.3223987908725943,2.1717959578212938,2.117823237562959,2.2362696909651865,2.1897231268346933,2.2870852368504693,2.2586963007803473
2018-03-12,2.3581743024213213,2.215580202373883,2.1504473544852423,2.2778136231956525,2.2234548292970233,2.325947523834451,2.2934905040460465
2018-03-13,2.3679269256429607,2.2103863330330316,2.1593408882603886,2.277371658156808,2.2326502976634637,2.3305201485849723,2.302975616628862
2018-03-14,2.3587226244985393,2.1989970944571944,2.1509473759463993,2.2665977677822524,2.2239718264372894,2.3204779349153193,2.294023785863242
2018-03-15,2.3585198293561414,2.1939683329933826,2.1507624446302436,2.26307830936469,2.2237806167212564,2.318577167780755,2.2938265533122477
2018-03-16,2.3503209641596405,2.182609084355902,2.1432858013840286,2.2526472828092836,2.216050142176946,2.3092051305322476,2.2858525797799176
2018-03-19,2.3305857970710986,2.165215218884557,2.1252890664470465,2.23437321755746,2.1974424198703515,2.2901431954265243,2.266658740602356
2018-03-20,2.330983144355629,2.1572035679431902,2.125651412188815,2.2289970501686844,2.1978170672141846,2.2875876115527376,2.2670451888063514
2018-03-22,2.3461447947603666,2.193834106820921,2.139477502554154,2.259019655527261,2.212112551978781,2.3104111207632823,2.2817909610731544
2018-03-23,2.2662408508728396,2.097971230668595,2.066612140324806,2.167556763260974,2.1367734179146964,2.2242908045524796,2.2040787511005053
2018-03-26,2.27222900828122,2.1058734655285662,2.072072812694898,2.174904451542305,2.1424194795712004,2.230997251252505,2.2099026556943056
2018-03-27,2.3358052550799435,2.170803593818116,2.1300487526396417,2.239885038724115,2.2023636969380243,2.2955319506694782,2.2717350309203628
2018-03-28,2.3359089489567584,2.1566494488903345,2.130143312326279,2.2301952233508833,2.2024614669166622,2.290624489102383,2.2718358805147116
2018-03-29,2.3434126223493554,2.159423572317571,2.1369860018507403,2.234505959140264,2.2095364650731204,2.2965225738372985,2.2791337310822946
2018-03-30,2.359873553689595,2.1817228897712218,2.1519969220429562,2.2551003179544855,2.2250570045199294,2.3151607615665823,2.2951431455169398
2018-04-02,2.3484103802828673,2.1684215844141868,2.1415435170926975,2.24228873308425,2.214248707506393,2.3029669047710906,2.283994402471284
2018-04-03,2.34278108409998,2.148547156280358,2.1364100945667737,2.226796128368198,2.2089410057938723,2.2922507985478244,2.278519515679982
2018-04-04,2.3500019467500297,2.1456973636322667,2.1429948855921688,2.2271297349766965,2.2157493498227505,2.295962682498298,2.2855423128930235
2018-04-05,2.373979620955192,2.1674160883035185,2.164860413516995,2.249733500749712,2.2383572102561535,2.31932724785181,2.3088622888770653
2018-04-06,2.3696786681999775,2.174847588525659,2.1609383232521995,2.253487737222464,2.2343019654151166,2.3191462993755585,2.304679309572988
2018-04-09,2.3776844158944286,2.167689779702991,2.1682388603382545,2.25110130387551,2.2418503550125624,2.321846208562076,2.3124654627407835
2018-04-10,2.3858674827025457,2.1905613393901127,2.175701096845125,2.2694728506999677,2.2495659337101532,2.335292915745214,2.3204240712283415
2018-04-11,2.3812433849159063,2.210992286373162,2.1714843267607633,2.2820857544117326,2.2452060046988462,2.3395027163198665,2.3159268106346063
2018-04-12,2.3715412308621,2.196806987032323,2.1626368164234684,2.269218831888074,2.236058122261416,2.3281379552179766,2.3064907828700982
2018-04-13,2.386301950327272,2.217470058016152,2.176097293069146,2.2881613705506765,2.24997558075676,2.345103069183629,2.320846621576126
2018-04-16,2.395495144537038,2.219590184283038,2.1844806768365634,2.292548857902149,2.2586435795732096,2.3518638269176226,2.3297876500659624
2018-04-17,2.387737286166152,2.218545149585482,2.1774061929898805,2.2893593385015527,2.251328917700236,2.346422042671674,2.3222425867145846
2018-04-18,2.4148701243307253,2.2455002008707456,2.2021489526708646,2.316577100832743,2.276911691623101,2.3737030901724516,2.3486311817452283
2018-04-19,2.422309597490482,2.2588417236058835,2.208933097235045,2.3281421990695628,2.2839261572236724,2.3832898767408937,2.355866593067236
2018-04-20,2.425945406672721,2.2647036788195365,2.2122486351193023,2.3333404645217826,2.2873542572908945,2.387742070924223,2.3594026734262776
2018-04-23,2.427345574453641,2.263080061363536,2.2135254648673084,2.332666812597622,2.288674435282452,2.388082666925491,2.360764435152845
2018-04-24,2.453928952278217,2.2952809123082774,2.2377671650916913,2.363326029620427,2.3137391388297646,2.4168615921266876,2.3866186413256165
2018-04-25,2.4527243364200326,2.2819492355621778,2.2366686614811893,2.3537520896824358,2.3126033411304268,2.411354429999475,2.385447067609063
2018-04-26,2.4560653279356295,2.281278987909951,2.239715351608673,2.3543533754182393,2.3157534660861465,2.413301378940868,2.3886964170346983
2018-04-27,2.4672809124542288,2.292262771244985,2.249942977290228,2.3654949278023762,2.3263283186471564,2.42452218224135,2.3996043624585464
2018-05-01,2.469521106683481,2.3018147893245295,2.2519858372047317,2.3727909748619203,2.3284405334535343,2.4293668492014704,2.4017831090366655
2018-05-02,2.462179306593488,2.282326767894358,2.245290761881218,2.3570469450972777,2.321518160985533,2.4176959257184625,2.3946426916503363
2018-05-07,2.4691266412891144,2.289010011823704,2.2516261194930762,2.3638648958840864,2.328068603361176,2.4246033690867876,2.401399463673714
2018-05-08,2.4761242208235075,2.288823824543339,2.2580072959744264,2.3659781060573106,2.334666420152395,2.4291270671066107,2.4082051023395916
2018-05-09,2.4633097438410503,2.2808262039419556,2.246321621129381,2.3563777754825135,2.3225840178031265,2.4179093914100056,2.3957421214465313
2018-05-10,2.4703131133024385,2.298741855535113,2.2527080775144164,2.3709328446513167,2.329187293750238,2.42880519616184,2.4025533912239725
2018-05-11,2.4884993713113404,2.3052310090624046,2.26929234373387,2.381216978428207,2.346334594166164,2.4430151437266843,2.420240807291869
2018-05-14,2.506967242794134,2.316887477015323,2.286133416648781,2.395142405102849,2.3637474198394366,2.459227665730864,2.438202112286262
2018-05-15,2.505880302901019,2.3205788104551015,2.2851422231584464,2.397331053647382,2.3627225754282235,2.4598134494717563,2.4371449867291015
2018-05-16,2.4987161075706434,2.3120347589292622,2.278609107739708,2.3891648571780237,2.3559676613877327,2.4521091425008197,2.43017730247333
2018-05-17,2.5104160688676402,2.3275938275510772,2.289278442399522,2.403604637146687,2.366999218903089,2.4652560409721582,2.441556338410078
2018-05-18,2.522611960184474,2.3532209159355744,2.3004000215766616,2.425122229300493,2.378498374592366,2.482270158905085,2.453417701200274
2018-05-21,2.5176519480308444,2.350900968580189,2.295876927162887,2.4219393306941965,2.3738217215709856,2.4782010823900036,2.4485937402391937
2018-05-22,2.5104103275566887,2.3482501147649915,2.2892732068293884,2.417798279255215,2.3669938055858677,2.4725192517965078,2.4415507545810398
2018-05-23,2.4891901686040856,2.309968367220987,2.269922290048332,2.3846938474663255,2.3469859270956435,2.4451348112658704,2.4209126562851795
2018-05-24,2.461697225095105,2.281703003386875,2.2448511459962597,2.356463880101559,2.3210636201847983,2.417160320595087,2.3941738334588183
2018-05-25,2.4531940092890427,2.267688093694346,2.237096961788592,2.3441091254829582,2.3130461821908677,2.406653175357409,2.385903857535057
2018-05-28,2.448380150354939,2.2439237024407475,2.2327071462439654,2.3262359158439705,2.308507332843049,2.3951356967786888,2.3812220408678804
2018-05-29,2.437571582401966,2.232185313729943,2.222850683837273,2.3147072885671407,2.2983162445133414,2.383917530502866,2.3707099477045266
2018-05-30,2.4010863038373413,2.1972790588548667,2.1895793218830724,2.2790335101279293,2.263915323114331,2.347709330547808,2.3352254460544484
2018-05-31,2.416378501657257,2.222903684065951,2.2035244599979,2.3015410846795574,2.2783338972877267,2.366753222428135,2.3500981848719134
2018-06-01,2.4186400242548056,2.2320289784972704,2.2055867695065796,2.308536264519831,2.2804662220000775,2.3714474055485506,2.352297674789532
2018-06-04,2.452679886464674,2.262248169756445,2.236628127035195,2.3402030295720935,2.3125614305440023,2.404400109347621,2.385403836898587
2018-06-05,2.448748609853559,2.252328862419322,2.2330431488682114,2.3321127175005603,2.308854742723127,2.398317431950379,2.3815803936666287
2018-06-06,2.4555513227153645,2.2700724916224146,2.239246624099865,2.3465116136857684,2.3152688253248126,2.4090480650085655,2.3881965107764977
2018-06-07,2.4709500905318817,2.2807734254087486,2.253288944669367,2.3587893567887708,2.3297878812875985,2.422903383355822,2.403172896417258
2018-06-08,2.4594902532059573,2.270042665152011,2.242838581931099,2.3477442539778686,2.3189827297688486,2.411612217766585,2.392027397945015
2018-06-11,2.467152888722574,2.284621616492546,2.2498262309179338,2.3602346399162455,2.326207608747078,2.421784162692606,2.3994798503677566
2018-06-12,2.4767564312739863,2.3000778957283052,2.2585838162466203,2.3739474762764416,2.3352625132307594,2.4335355076329894,2.4088199715047947
2018-06-13,2.4874157701447444,2.3002419309360604,2.2683041948681866,2.3774519460874517,2.3453128977443067,2.4405611702903,2.4191869288812664
2018-06-14,2.4672587464911833,2.282210993365992,2.249922763883382,2.3586061514602448,2.3263074189971475,2.420999625198502,2.399582804499194
2018-06-15,2.475062291478324,2.2981779427632367,2.257038909901924,2.372098418670637,2.333665157468591,2.4317552421775117,2.4071723013008204
2018-06-18,2.4455341151539267,2.2621496409352218,2.230111812700341,2.3378616007307995,2.3058238879825304,2.399694319828724,2.3784540712987945
2018-06-19,2.4107492605373606,2.2362800135891234,2.198391087684577,2.3089569122879685,2.2730262474925187,2.367795061698838,2.344623351633246
2018-06-20,2.421163726715535,2.235926549606025,2.2078881639686476,2.312026648636794,2.2828457485763174,2.3744773866869577,2.354752153079274
2018-06-21,2.415808056616269,2.2328625474644337,2.2030042643414505,2.3082100093460416,2.2777960410402347,2.369891477409706,2.3495433869151885
2018-06-22,2.4089013828555808,2.228486914541759,2.196705985922542,2.3029955112393283,2.2712839366924715,2.363827221627767,2.342826160513214
2018-06-25,2.389526828492423,2.218400717528857,2.17903809804343,2.289876707945681,2.2530162257688096,2.3475908076918324,2.323983042595085
2018-06-26,2.3974521459863465,2.2090088559164425,2.1862652898675305,2.285922361307553,2.2604887800399176,2.349445092540189,2.3316909717312813
2018-06-27,2.405914800609332,2.252131832627742,2.1939824858471644,2.3183489000542106,2.268467974059134,2.37024896373305,2.3399214990493467
2018-06-28,2.397182605923194,2.241975711823691,2.1860194930597467,2.3085678455452827,2.260234638454841,2.360944256292456,2.3314288250465918
2018-06-29,2.4010851142835277,2.2401279923152386,2.1895782371147217,2.308535427821485,2.263914201518202,2.3628407869304877,2.3352242891296306
2018-07-02,2.3507956347074637,2.189804160743249,2.143718659134525,2.2578366269363177,2.216497695405222,2.3121467454209763,2.2863142303003516
2018-07-03,2.3470707598970026,2.191951385061546,2.1403219012385035,2.258120056311933,2.2129856179148755,2.3104600514201294,2.282691527348419
2018-07-04,2.355011626250912,2.214546911426322,2.1475632722540183,2.2761940217630117,2.220472832759543,2.323619566393564,2.2904145788454566
2018-07-05,2.330634382161576,2.1782168631446526,2.1253333717722223,2.243417099297314,2.1974882293569302,2.2948486645518322,2.266705993022814
2018-07-06,2.3494579587034377,2.1883763380439007,2.142498816385385,2.25642691242343,2.215236439115501,2.310767091701235,2.2850132462256907
2018-07-09,2.374332502107908,2.2041614055247223,2.1651822100612668,2.275240867121121,2.2386899317612476,2.332633138351976,2.309205490637843
2018-07-10,2.3804687052040743,2.2282825261319337,2.1707778870649497,2.2937857265668034,2.2444755814452892,2.3451462671744046,2.315173380084143
2018-07-11,2.3627017509488466,2.227013370746592,2.1545759889541167,2.2872252082807707,2.227723630497421,2.3330496785816885,2.2978937664320283
2018-07-12,2.3681325409721237,2.2145858079694634,2.1595283913385925,2.2804214470927873,2.232844166452611,2.3322367208047377,2.303175592010004
2018-07-13,2.3905480236200147,2.2306374524357966,2.179969338095655,2.298631367575959,2.253979081328624,2.352584169660483,2.324976226739914
2018-07-15,2.390496142713709,2.230590428194054,2.1799220272766036,2.298582434338454,2.2539301643119494,2.3525336005482824,2.3249257689065677
2018-07-17,2.4119781065043098,2.237468090247594,2.1995116870210984,2.310187488012262,2.2741848910655875,2.369040093551736,2.345818490836162
2018-07-18,2.421164816029051,2.2517858893431253,2.2078891573266732,2.322970380594914,2.28284677565875,2.3801031164965285,2.3547532125133466
2018-07-19,2.4197680997797337,2.26109001344805,2.2066154750716223,2.3289186743001595,2.281529852017222,2.3824619270510206,2.353394807644221
2018-07-20,2.414317736881551,2.259271976547354,2.2016452239483923,2.3259240494806983,2.276390861360364,2.3782482208425786,2.3480939460676398
2018-07-23,2.408713624215351,2.2461400335509816,2.196534766572577,2.3151032649326524,2.2711069044625245,2.3699516983435402,2.3426435520190165
2018-07-24,2.42262725312578,2.2568980135303915,2.2092227712086214,2.326952547466217,2.2842256655999753,2.382861290308388,2.3561755355327563
2018-07-25,2.434830345530369,2.274212230037844,2.220350917143823,2.3427608144945657,2.295731610988101,2.396956782344403,2.3680439018876878
2018-07-26,2.455578456762161,2.2983941603874602,2.239271367961712,2.366025506637584,2.31529440923832,2.4190724316255166,2.3882229005470093
2018-07-27,2.4681521752212574,2.308478705830579,2.2507374922293892,2.376982909540032,2.327149807289852,2.430866416469327,2.400451726828797
2018-07-30,2.4562934585461695,2.293890033487969,2.2399233866412875,2.3631583757393693,2.3159685638875236,2.417956006421505,2.388918290111859
2018-07-31,2.43468541576521,2.2784759986472713,2.2202187539573477,2.3456452380249466,2.2955949608745274,2.398362411641511,2.367902947489277
2018-08-01,2.456281095615466,2.2965486575056,2.2399121127368957,2.3649854993979416,2.3159569072351935,2.4188907839843234,2.388906266291507
2018-08-02,2.430241318279633,2.2664370170288297,2.2161661283006606,2.335955548795016,2.2914047489779654,2.3912232721289577,2.3635807498587798
2018-08-03,2.413195424176759,2.2660053591194536,2.2006217735679665,2.3301884251034894,2.2753326649408336,2.379880777077868,2.347002417961187
2018-08-06,2.402315361413312,2.266227378547083,2.190700114188393,2.3268489587557757,2.26507416620747,2.3728157641052072,2.336420791062035
2018-08-07,2.420670059414475,2.2870169391865205,2.207437982851642,2.347012512109798,2.2823802838549527,2.3921649838452437,2.354272026879115
2018-08-08,2.4122245767350856,2.2732684427880328,2.1997364461727815,2.33486318590504,2.274417280768221,2.3817933991155305,2.346058200484952
2018-08-09,2.4014755355123483,2.2583085549018214,2.18993426690344,2.3211428860484036,2.2642823184830037,2.369484177390061,2.335604001256916
2018-08-10,2.3775203663751188,2.2461679127892022,2.168089261619264,2.3051196655892396,2.2416956774318693,2.349494700080897,2.3123059130356
2018-08-13,2.327530335676828,2.204618269037132,2.1225027546526687,2.260550457135479,2.194561513066371,2.302087628190424,2.2636870893185495
2018-08-14,2.3639924319579757,2.2362283054924252,2.155752976405264,2.2939540863573553,2.228940576556024,2.337123657645161,2.2991490445661156
2018-08-15,2.346902946416601,2.2209388132628947,2.1401688701183668,2.277972575065327,2.212827391403359,2.3205360962204966,2.282528316926123
2018-08-16,2.3317213922759708,2.196583633618881,2.1263246292981814,2.256379506980047,2.1985131399777713,2.3020182482138805,2.2677631868751145
2018-08-17,2.3469831153616583,2.2107698470351287,2.1402419771383325,2.271016971429949,2.212902980399416,2.31701849890946,2.2826062868683867
2018-08-20,2.3404275006481767,2.205153900650683,2.1342638336638844,2.2650574528133056,2.2067218795457872,2.3107429102283783,2.2762304901013213
2018-08-21,2.332779030534559,2.2041369566624684,2.127289102277489,2.261904556927037,2.199510356719253,2.30536450888989,2.268791814530117
2018-08-22,2.350981737052471,2.220525137883623,2.1438883680890632,2.2789976362479623,2.2166731659619674,2.323068659935969,2.286495227930858
2018-08-23,2.3515378858974376,2.234267840869354,2.1443955268733528,2.2886109513027426,2.2171975427367796,2.328258717437061,2.287036121830625
2018-08-24,2.3632577688590675,2.2529684019005263,2.1550830283374456,2.3052109333877797,2.2282478838176214,2.342518630313521,2.298434532988541
2018-08-27,2.389383244008935,2.274760668561956,2.1789071616354025,2.328556861491032,2.2528808440826906,2.3673215493992097,2.323843396577797
2018-08-28,2.391749086796436,2.26979440342035,2.1810646019731617,2.3259066582473986,2.255111529306351,2.367131159219461,2.326144345223378
2018-08-29,2.4034366140811905,2.2778696254748168,2.1917225979084782,2.335201607539295,2.2661313631486357,2.377639372056314,2.3375112882079745
2018-08-30,2.401593985762746,2.282026694472122,2.190042283103661,2.3374641932352174,2.2643940018225295,2.3778891609288006,2.335719202463295
2018-08-31,2.393302352665667,2.2762686526283273,2.1824810436992337,2.3308499568051446,2.2565760590888098,2.3704239557530045,2.3276550056176
2018-09-03,2.372486645784053,2.2650600807898233,2.1634989515997036,2.316472882035843,2.23694952684154,2.352821960856205,2.3074102654306814
2018-09-04,2.3683602675679625,2.2576077419342857,2.159736057945368,2.3100489011317946,2.233058883320129,2.3475134811768155,2.30339707215443
2018-09-05,2.3504250836899505,2.2442110401338473,2.1433807492291823,2.2950777995064184,2.216148313492042,2.3310172075680304,2.2859538433522566
2018-09-06,2.332994232521228,2.2294276820891015,2.1274853475433453,2.2793254191621806,2.199713264492458,2.3143742410967296,2.2690011136104995
2018-09-07,2.325538670072071,2.2169024124358923,2.120686530963703,2.2683591924061957,2.1926836287629525,2.305108206110533,2.261750054322004
2018-09-10,2.3302308712713895,2.225628411996433,2.1249654053647284,2.275835708341516,2.1971077705263267,2.311231777805568,2.266313550278457
2018-09-11,2.3458071210188,2.257615610776911,2.139169573830023,2.302714041799388,2.211794169104946,2.3326053979775816,2.2814625495901937
2018-09-12,2.338157809671203,2.253573828401595,2.1321940753122988,2.2974687883456415,2.2045818531030505,2.3261486636554394,2.274023055859729
2018-09-13,2.3694748669378636,2.2949129748471444,2.1607524744434423,2.3358463256523496,2.2341098070576977,2.3611672748147936,2.304481098499751
2018-09-14,2.3915994737592206,2.3149766266582192,2.1809281680548778,2.356726449759233,2.254970463470048,2.382741769726722,2.325998836013231
2018-09-18,2.442839448159768,2.366364390112063,2.2276545136351897,2.408439302955062,2.303283163857366,2.4344115564361584,2.3758333179658813
2018-09-19,2.4799096876900064,2.4125573688270765,2.261459308491144,2.4519986276981554,2.3382356281523395,2.474914464591051,2.4118867353311786
2018-09-20,2.485972384101337,2.415795626704174,2.26698795386965,2.4561796539799414,2.3439519704941643,2.4800440036046125,2.4177831343522445
2018-09-21,2.5147567722731616,2.4522830524320676,2.293236781757826,2.4904250027469894,2.3710919434907702,2.5117082618892175,2.445777978019683
2018-09-25,2.5370605077956503,2.4616803599047654,2.3135758249745324,2.50409112587842,2.39212149521132,2.529707978824133,2.467469930804114
2018-09-26,2.5566552865461145,2.4973641568850287,2.3314445381067186,2.5347976797779253,2.4105968493855183,2.5550183550307355,2.4865272324407783
2018-09-27,2.5268795056975715,2.468491774500983,2.304291647377761,2.5054215964020226,2.38252212070418,2.52533534494217,2.457568189609818
2018-09-28,2.54736680475785,2.4907276012820354,2.322974260456653,2.5272498230158997,2.4018390066477067,2.54657946135823,2.477493530073436
2018-10-01,2.5470392373913837,2.502823636207474,2.3226755478568637,2.5353819590697344,2.401530152784724,2.550540709537013,2.477174947751657
2018-10-02,2.5585624798579736,2.5360504968326207,2.333183730501347,2.5616448579005753,2.4123950871897817,2.5695202122073213,2.4883821121863674
2018-10-03,2.5314423894304885,2.511249373763047,2.3084525956343,2.5358970342202025,2.3868243327421363,2.5429906422497623,2.4620059152273717
2018-10-04,2.532472211347066,2.514602888837484,2.3093917025585937,2.538503496919528,2.3877953222535475,2.544817284284319,2.4630074895317406
2018-10-05,2.5225547921705194,2.498219596671667,2.3003478893809044,2.5241485428892916,2.3784444725137237,2.5326313675405854,2.4533621012825773
2018-10-09,2.4850507023940023,2.459701910784715,2.266147461295721,2.485691896842654,2.3430829432805518,2.494510256889688,2.416886734013494
2018-10-10,2.4952298860284645,2.474599019879614,2.2754299806137683,2.499130028820555,2.3526806032105694,2.506366083977359,2.4267867066239193
2018-10-11,2.4105032818479457,2.3752691085970516,2.198166776775343,2.403935714220476,2.2727943212501214,2.4160628089984435,2.3443841200430353
2018-10-12,2.402516535139691,2.3604464837020824,2.190883566915887,2.3912753518645253,2.265263847136903,2.4056959172775727,2.33661644667182
2018-10-15,2.369908504638247,2.344532756649065,2.1611479138495278,2.3697085931668154,2.234518671592476,2.378521636624851,2.304902841687694
2018-10-16,2.390307608153304,2.372704220171098,2.1797501003557516,2.3955024640619444,2.2537524004891534,2.4017092546430527,2.324742405775386
2018-10-17,2.4236386095363707,2.3981255071571597,2.210145039217126,2.423729936972876,2.285179244516073,2.4325957865987173,2.3571591508327456
2018-10-18,2.4110803072196356,2.3695228929670713,2.198692973114073,2.4002465316617796,2.2733383819024633,2.4144960984355626,2.3449453178345667
2018-10-19,2.396218777595325,2.3578908144773068,2.185140566478403,2.387459763868569,2.259325872403066,2.4006235091970387,2.3304914341526195
2018-10-22,2.39905982938735,2.3453363312358038,2.1877313555917617,2.37992391352786,2.262004618550361,2.3982555347702768,2.333254557005677
2018-10-23,2.335185161501978,2.287665768187753,2.1294832818884375,2.3197826190429716,2.201779028510791,2.336023859751307,2.2711319462666073
2018-10-24,2.337787571377277,2.280071962381788,2.131856450583337,2.315517724858457,2.204232766047962,2.3351816567421024,2.273662973057335
2018-10-25,2.2726484727640153,2.2129833533848746,2.07245532737433,2.2485965078880046,2.1428149805861327,2.26890666781625,2.2103106144304774
2018-10-26,2.2703324100672155,2.211424185338944,2.0703432820967436,2.2467750532401936,2.1406312315804437,2.266830872040665,2.2080580804271888
2018-10-29,2.272284194929586,2.2160868468266166,2.0721231380596805,2.2505715481247752,2.142471513477134,2.269717702893568,2.209956328594507
2018-10-30,2.295561457509088,2.234059653514966,2.093349952244854,2.270432862823982,2.1644189759026498,2.2913623656532507,2.2325951049697137
2018-10-31,2.329790585918844,2.266735724287407,2.1245639038851194,2.3038577803167697,2.19669263811123,2.3253128382057637,2.265885341780853
2018-11-01,2.3147615284974252,2.231578522448061,2.1108587266473244,2.275124589779461,2.182522171462889,2.3033339579630563,2.251268525523719
2018-11-02,2.3462969966517724,2.273866607882425,2.139616297279545,2.314198597436623,2.212256058771359,2.338803093494389,2.2819389881262406
2018-11-05,2.3215529688426573,2.2391241609671857,2.117051922336274,2.282478225952446,2.1889256255324137,2.3104353211753983,2.2578736793177323
2018-11-06,2.3520805648672765,2.287228016326607,2.1448904023173894,2.325174866595231,2.217709219153154,2.3472367835699273,2.28756391532867
2018-11-07,2.3360234330367877,2.2492669084755046,2.130247711728301,2.2941128979287364,2.2025694106680476,2.3235242995928207,2.2719472243412278
2018-11-08,2.383578540028821,2.3207528319338375,2.1736137826409885,2.358280408912152,2.2474077553954093,2.3796660308529547,2.3181979133565114
2018-11-09,2.3701915985715534,2.282935445795307,2.161406070593634,2.328190946813427,2.23478559273249,2.357774333291727,2.3051781704651826
2018-11-12,2.371103091389748,2.2792443004188208,2.1622372717976783,2.3259807932172496,2.2356450131351306,2.357109051067861,2.306064661392036
2018-11-13,2.323601485299736,2.229433146279813,2.118919988997513,2.2765626248145954,2.190857112871882,2.308460048355117,2.2598660057699655
2018-11-14,2.3241306002894917,2.210108392379698,2.119402495285861,2.263601410455584,2.191356000200956,2.302162339267976,2.2603806073425923
2018-11-15,2.3215680009539503,2.201460216873424,2.1170656302983737,2.256883882745525,2.18893979887847,2.297486955837975,2.2578882991040943
2018-11-16,2.312193921226071,2.1960408911462803,2.1085172948632644,2.250129311263953,2.1801012483015394,2.2894038942127164,2.248771346715127
2018-11-19,2.3175840462852086,2.2044904360657385,2.1134326143805136,2.257638204068237,2.185183442429831,2.2958866496380526,2.254013622753017
2018-11-20,2.3079460015328563,2.185394487762582,2.1046435660820797,2.2415014826979434,2.1760960068116937,2.28292301728953,2.24463994579691
2018-11-21,2.2892938719045977,2.1554800426691996,2.0876344659602526,2.2150584478836954,2.158509449424463,2.2602575420438122,2.2264994367858826
2018-11-22,2.3070488038527817,2.1706205807411263,2.1038254007854835,2.231166072065354,2.175250064884268,2.277244853185059,2.243767357898131
2018-11-26,2.309634323399318,2.1616841041671733,2.106183166987545,2.2259392480552256,2.1776878770154937,2.2758854150171635,2.246281957655205
2018-11-27,2.3235909076328753,2.164126254689874,2.1189103430965743,2.2321716511037226,2.1908471394935605,2.285984095974856,2.259855718244368
2018-11-28,2.332215667496435,2.17261147813211,2.126775364784165,2.2407645425228324,2.1989791778888854,2.294624903971117,2.2682439043196894
2018-11-29,2.3383902302189905,2.1866582605631786,2.1324060223900037,2.252334743499751,2.204800995763063,2.3035537741669305,2.274249101202836
2018-11-30,2.350775423739262,2.220277087284764,2.1437002285108613,2.2792423485757793,2.2164786390637095,2.323336415983581,2.286294573711102
2018-12-03,2.3814670788550907,2.2523169607263216,2.1712034196025622,2.311084419194374,2.2451026838479304,2.3547429087042753,2.316008640033657
2018-12-04,2.325082539797825,2.2174916956463115,2.1326487283260707,2.2690224245906974,2.2008060815948585,2.3054387130941683,2.2657434803559457
2018-12-05,2.3144287419557945,2.2209562598761194,2.1253638609920578,2.26794608835361,2.1924362863746873,2.29962325656685,2.256245932647702
2018-12-06,2.2781103208032674,2.193179258068647,2.1005300051408433,2.2371965638876463,2.16390394961799,2.2660026181750905,2.223869127427745
2018-12-07,2.288245861328563,2.2076507652909125,2.1074604978327542,2.250374626243349,2.1718665935408734,2.2777270232880986,2.232904663967407
2018-12-10,2.2506236634565973,2.1811227924841625,2.0817351438908953,2.22005776606447,2.1423099887892008,2.2436822307036923,2.199365580114293
2018-12-11,2.2250601406202897,2.1669967820524367,2.064255285983528,2.2021253718183313,2.1222268734139527,2.221908325952483,2.1765764507044243
2018-12-12,2.268441661226848,2.208223986721522,2.0939187568933804,2.2443604447695185,2.156308094890118,2.2648721444674944,2.2152498015344437
2018-12-13,2.2836162910482662,2.2146904469807596,2.1042948844237594,2.253692618148441,2.168229528545083,2.277128549928709,2.2287775381050854
2018-12-14,2.2533375837284906,2.2000607754235757,2.083590871719504,2.233890412009398,2.144442088276766,2.252070942017794,2.2017849602865907
2018-12-17,2.2562324654146706,2.2084680411317397,2.085570337572356,2.240577939211087,2.146716353966731,2.256909070417494,2.2043656622420706
2018-12-18,2.2135199716260514,2.164142500951583,2.056364334664417,2.19643983279504,2.1131607307369356,2.213306519743654,2.166288729160509
2018-12-19,2.1978396378096643,2.1332347186257388,2.045642416218136,2.170224709939113,2.100842007876499,2.192199157836269,2.152310172338753
2018-12-20,2.1484562954583333,2.1168157085987254,2.011875012061064,2.1430184830791297,2.0620456585467206,2.153924481188046,2.1082863737902233
2018-12-21,2.1030456537013245,2.0803849266680707,1.9808240661301115,2.103408073521769,2.0263703268050883,2.111294610056098,2.0678041210814597
2018-12-25,2.004162903836798,2.006663811868846,1.9132098946331089,2.0209915304692343,1.9486864454845307,2.02042131936196,1.9796530553032399
2018-12-26,2.0273979052103828,2.023281912870093,1.9290975531959926,2.0398754329912805,1.966940236885573,2.0415287699632096,2.0003663762540222
2018-12-27,2.125687806351599,2.0895895704056273,1.9963063458447672,2.117028940748052,2.04415836669815,2.1294277332756306,2.0879889348166087
2018-12-28,2.1137934718852116,2.0679472952953786,1.9881732228121367,2.0983766953514476,2.034813985920514,2.1140450018715065,2.077385485161627
2019-01-04,2.0915326603355506,2.0748075453776202,1.9725617186070463,2.0958643991441384,2.017088979547846,2.1017655739389953,2.0574607326658794
2019-01-07,2.146245941003381,2.092940148295462,1.99836225354286,2.126351016283683,2.0522662310001483,2.144542285872176,2.10231238167596
2019-01-08,2.154018801651937,2.0951518429803304,2.002027615229574,2.1304367631023355,2.057263699077377,2.1504963561053665,2.1086842463011113
2019-01-09,2.177565058651506,2.1094731631536927,2.0131310624897236,2.1479462139981487,2.072402484270373,2.171106460642593,2.127986478621221
2019-01-10,2.1612001000837084,2.109597458897571,2.005414020482775,2.1425636348764834,2.061880829280593,2.1601850809949825,2.1145711730722168
2019-01-11,2.1714247165066767,2.1197435801103586,2.0102355294474386,2.1528116272938673,2.0684546245003994,2.170460824871174,2.1229528840840244
2019-01-15,2.1848146026327293,2.110083342089442,2.0165496495397637,2.150778647817921,2.0770634921359092,2.176169171436334,2.1339293502268006
2019-01-16,2.1752116623999624,2.1110519332479467,2.0120212975210605,2.1482233190555173,2.0708893962102723,2.1700629481116556,2.12605726323937
2019-01-17,2.1843375079842264,2.119395730871047,2.016324671307858,2.1568905526098656,2.0767567498201114,2.1789940138305814,2.1335382480764986
2019-01-18,2.20635615520245,2.1282968722844275,2.026707760566243,2.170239620847531,2.090913376518068,2.196750528154486,2.1515882100720916
2019-01-21,2.22273402808592,2.131964845684225,2.0344308924337993,2.178180351130346,2.1014433346131303,2.2089610735336374,2.1650141022345593
2019-01-22,2.207452304730803,2.1270066159792207,2.0272246596418593,2.169736860170991,2.0916181327877985,2.197049196266221,2.152486787406665
2019-01-23,2.1909137347638072,2.1193999887223742,2.019425749632927,2.159090035550348,2.0809848564188935,2.183401052389999,2.1389291625259386
2019-01-24,2.1962883459224525,2.1190029653807425,2.021960195406831,2.160617914585345,2.0844403985812034,2.1868675962146917,2.143335042968691
2019-01-25,2.213347246154,2.123330411734112,2.0300044717876,2.1692302346907604,2.0954082150897406,2.1997570616305993,2.157319212741446
2019-01-28,2.195826705623791,2.1097288781983115,2.021742504811275,2.1542182436217288,2.084143592455372,2.1834268017391847,2.1429566096451587
2019-01-29,2.1997947529442126,2.1220801564702367,2.023613672876284,2.163861418250559,2.086694801168528,2.1902556954319583,2.146209448142478
2019-01-30,2.18979026354262,2.109432459506539,2.018895966769647,2.152002310941116,2.080262533992514,2.1792827279606715,2.1380081880153523
2019-01-31,2.2121995507683523,2.1072440199404747,2.029463265803758,2.1580137774174237,2.0946703180256496,2.193556387040155,2.156378380278482
2019-02-01,2.202326443349104,2.0963905132786342,2.0248017989904366,2.147400608471182,2.088319322169425,2.1832725701131275,2.1482835497985797
2019-02-04,2.228569908872667,2.1059737813509094,2.0368658180109427,2.1624745613422185,2.104909274520056,2.203943657890487,2.169616447351921
2019-02-05,2.2304606643381675,2.1129413920460203,2.0377349909438562,2.1678471940674338,2.1061045260790086,2.2076120473165166,2.171153412529318
2019-02-06,2.2315001369201957,2.1101740129170365,2.0382128324465203,2.166295232842062,2.10676163443957,2.2073383437670167,2.1719983833309833
2019-02-07,2.2058020025735505,2.100212564574578,2.026399500046838,2.151140268670469,2.0905164162183647,2.186896380266286,2.1511087768559256
2019-02-08,2.1619704206831205,2.085704928613866,2.0062502923459635,2.126987032853061,2.0628080385133654,2.1528918424695496,2.115478778019458
2019-02-12,2.2006263459352247,2.1018373134929997,2.024020270822241,2.1505675985157358,2.0872445961557298,2.184039822811813,2.1469015675322356
2019-02-13,2.222688353682701,2.1038682611100215,2.0341620899679302,2.1591251031190777,2.1011912167711078,2.1993256178521152,2.164835424273654
2019-02-14,2.225261526325959,2.105542698854586,2.0353449674230224,2.1611048895908196,2.10281786213558,2.2016075022455057,2.166927115568632
2019-02-15,2.21039776976664,2.105119202638577,2.028512156349089,2.155984670432983,2.0934216559504986,2.1916370465922124,2.154844603232254
2019-02-18,2.2490258947654156,2.1166403907920666,2.046269355157047,2.176407268489357,2.1178406395084632,2.22116588660876,2.1862447943593235
2019-02-19,2.25964627406461,2.1263846927404404,2.051151502210203,2.1865133735729785,2.124554371212878,2.231567597001603,2.1948779325157126
2019-02-20,2.2673512390304675,2.134669969074005,2.054693444634575,2.194675559188951,2.129425107569404,2.2395360157208075,2.2011411765267273
2019-02-21,2.26559666064057,2.1336125324587427,2.0538868717736207,2.193383175053256,2.1283159411044146,2.2380093299746475,2.1997149075376954
2019-02-22,2.2560679441020746,2.129735316203323,2.0495065578452563,2.187638445991282,2.1222923100716007,2.2303658446242816,2.191969164752771
2019-02-25,2.2686742085963703,2.1348660593756605,2.0553016085979916,2.1952394585535195,2.1302614301213914,2.2404784371379307,2.2022165975373498
2019-02-26,2.2636749919235832,2.1376146751382934,2.053003488139244,2.1954916103606426,2.1271011475620036,2.2381286366493462,2.1981528134676824
2019-02-27,2.26978885040486,2.141464263793549,2.05581400510167,2.2001075755974466,2.13096605712556,2.2435056553227617,2.203122672212885
2019-02-28,2.251897790405901,2.130814327540103,2.0475895544120055,2.1870199066603893,2.1196561242731895,2.227984371278248,2.188579312848407
2019-03-01,2.2610967957924792,2.1302101434660403,2.0513329863466363,2.1895994957900573,2.1251488964780796,2.2338582444521786,2.1959069804137434
2019-03-04,2.275255359637296,2.1258844930518586,2.060966783020516,2.1912056177082215,2.136238299486138,2.241671538393408,2.208511474746263
2019-03-05,2.264528583338423,2.121677088817248,2.0536680496911917,2.1848599514923785,2.127836773267853,2.2331357947638972,2.19896208876706
2019-03-06,2.257470934514178,2.12006248734763,2.0488658709876426,2.181475380398614,2.1223090154416204,2.2279229887195964,2.192679100211079
2019-03-07,2.2422482224256823,2.11515421034046,2.0385080045618564,2.1731981818186963,2.1103861402775004,2.216181070209005,2.179127260466028
2019-03-08,2.2013717410951545,2.090698942449715,2.0106947521587104,2.1432454878059723,2.0783704796502014,2.1807099745919056,2.1427374554751357
2019-03-11,2.2169709515655125,2.1129973775346635,2.0213087963224834,2.163560876331383,2.0905882394038966,2.198778634496521,2.156624468460382
2019-03-12,2.2487413054561505,2.1300801323968286,2.042926040344846,2.1855221379829937,2.115471713594034,2.2256750331024433,2.1849076509883387
2019-03-13,2.2304586682816536,2.119731287588472,2.030486133929769,2.172529050947507,2.101152215239522,2.2100159771536956,2.168631749055402
2019-03-14,2.228489833899258,2.119858954106773,2.0291464959317036,2.1719810086173896,2.0996101663310447,2.208763858850828,2.1668790174869623
2019-03-15,2.2488126955645606,2.132805641355607,2.0429746157368474,2.187412845544953,2.115527628423506,2.2266747605307016,2.1849712051896484
2019-03-18,2.2638138241672925,2.141228290431656,2.053181711909977,2.1980267526770367,2.127276952894173,2.23949919238399,2.1983257828521103
2019-03-19,2.2587892739186155,2.1291998761945936,2.0497628979678293,2.1881623548667584,2.1233415775798035,2.2319852873741772,2.193852736303954
2019-03-20,2.265051195114281,2.1328912486521614,2.054023646179872,2.1927131842062697,2.128246098158623,2.237399938525856,2.199427337731509
2019-03-22,2.2709207617163463,2.139099019525298,2.058017427740478,2.1988617338691485,2.132843315097173,2.2434357833107286,2.2046526501135384
2019-03-25,2.2149189607403597,2.111390728754927,2.019912576861041,2.1617975468262944,2.088981059927335,2.1968655128577685,2.1547977078503706
2019-03-26,2.2703524191001576,2.1524430766694076,2.057630714987301,2.207822332633141,2.132398172469245,2.2477258957423483,2.2041466898082986
2019-03-27,2.280480738920944,2.152247864181966,2.064522245432827,2.2109579146775853,2.1403309699985877,2.2543285307431518,2.2131633069721772
2019-03-28,2.240935748868967,2.1249566494854193,2.0376149688328202,2.179491675697067,2.109358172443519,2.2187430915318367,2.1779588463748434
2019-03-29,2.2507588034745307,2.1266325659442993,2.0442987901457466,2.183810917045756,2.117051877291355,2.225798725036515,2.1867037047842777
2019-04-01,2.2864847914628874,2.1490973316271793,2.068117461378973,2.2107394862945964,2.1447055282099954,2.257187071389651,2.21835513054361
2019-04-02,2.2790982760076535,2.1162720735464626,2.061436384098795,2.185847693979053,2.137777032297756,2.2408337528270654,2.211188708742714
2019-04-03,2.289047633157466,2.1149801190138797,2.070435542688369,2.188168273290409,2.147109454433696,2.2469293560048103,2.220841608058426
2019-04-04,2.282237951948448,2.096340377776253,2.064276209957455,2.173190654286849,2.1407220247036323,2.2359219938829296,2.21423483275697
2019-04-05,2.288306503417212,2.10055445511796,2.0697651934419232,2.178036458944415,2.1464142803144637,2.24139119757822,2.220122561525587
2019-04-08,2.2819774148981273,2.1027375199382687,2.0640405551107155,2.177493772367301,2.140477642911017,2.237990157790339,2.213982058846366
2019-04-09,2.275736424076303,2.0782493341980537,2.0583956008371898,2.158688640856377,2.1346236404846506,2.22530953319594,2.2079270288453086
2019-04-10,2.25845592016084,2.0649029883830727,2.042765445752654,2.1439665212671,2.1184146578506415,2.2092642770398494,2.191161426615031
2019-04-11,2.255399756895378,2.0593534033829717,2.0400011568154497,2.139175705961447,2.1155479997057802,2.205310040267203,2.188196326875453
2019-04-12,2.248943025470423,2.0561348137032707,2.034161065924296,2.1348874884815023,2.109491634217161,2.1999338845883956,2.1819319846254754
2019-04-15,2.278962994703306,2.0742123073475334,2.061314022634261,2.156959988340874,2.137650139452293,2.2260196610536034,2.2110574583724145
2019-04-16,2.2723794084824367,2.0622649771022297,2.0553591920258483,2.1466448164589935,2.13147478511971,2.21750410041282,2.2046700411785753
2019-04-17,2.277427868016629,2.051343677243364,2.0599255059391144,2.140782186551605,2.1362102021722764,2.2170030843179167,2.209568073367914
2019-04-18,2.2566346267713207,2.0314585840812365,2.0411180922801,2.1204437458032563,2.116706298356811,2.1963568046415363,2.1893944017260183
2019-04-19,2.2536907789983522,2.0189490073551615,2.0384553923112883,2.110916046181567,2.113944991298716,2.1900398029690367,2.186538270849886
2019-04-22,2.259338279832494,2.031407673740476,2.043563536975906,2.121280194759677,2.1192423045827486,2.198118320997967,2.192017494895874
2019-04-23,2.2687622069393405,2.0452745983509355,2.0520874459374707,2.1338272183832405,2.1280818772923356,2.209175226270061,2.2011606202406817
2019-04-24,2.2466395230678,2.0120832720633524,2.0320775560934066,2.1039350482149453,2.1073309662977433,2.182995516116463,2.179697118952126
2019-04-25,2.2584821384240397,2.030785742358829,2.042789160079613,2.1205777547892493,2.118439250384226,2.197337136240182,2.1911868636609726
2019-04-26,2.2533834857503634,2.0248045428362453,2.038177446648014,2.114832667510929,2.1136567525445358,2.191887579811907,2.1862401339211814
2019-05-07,2.2240571786597862,2.004691843647663,2.010705723779535,2.0915967791215446,2.085515378161947,2.165566554713883,2.1574920212474384
2019-05-08,2.184852103150727,1.987566019914995,1.9929836367568496,2.0673945850051285,2.0610067792941744,2.1339504903797617,2.125798952076824
2019-05-09,2.1516020883813236,1.9716258359516492,1.9779534487621144,2.04588387940857,2.0402209176742288,2.1066269869499656,2.0989199063326796
2019-05-10,2.1521709569457763,1.973558147555748,1.9782105975642224,2.0474062612388484,2.0405765392684643,2.1076920514741833,2.0993797751258927
2019-05-13,2.1420146293517917,1.971998828629658,1.9736195766539346,2.043137837828616,2.0342274287071764,2.1005377500693014,2.091169481209198
2019-05-14,2.1372860793091606,1.9715666507311846,1.9714821040369703,2.041354920048205,2.031271430415724,2.0973126677420715,2.0873469592109126
2019-05-15,2.1482385749454815,1.9797760898299661,1.97643302118895,2.050498532083029,2.0381182562071856,2.1073783842966365,2.09620086899901
2019-05-16,2.141454265314937,1.9825135834036312,1.973366272200453,2.0502758928650016,2.0338771236198663,2.103960183529564,2.0907164874080086
2019-05-17,2.162977037043786,1.9924633597563208,1.9830953296909788,2.063943603569052,2.047331835081985,2.121514091144185,2.108115323765003
2019-05-20,2.1663125048986474,1.9974154579749497,1.9846030796651257,2.068433725248531,2.0494169641789117,2.125462423134181,2.110811689275536
2019-05-21,2.1579953965353407,1.994337604348858,1.9808434511915733,2.0636856186090675,2.04421762021721,2.11895522280619,2.104088205460364
2019-05-22,2.152721487312815,1.9848277292853151,1.978459456849572,2.0554175930502145,2.0409206969509857,2.112107404593567,2.0998248194671287
2019-05-23,2.145381434790472,1.988791711184014,1.9751414923293407,2.0558738442058715,2.0363321481316645,2.1087700898795654,2.093891179771605
2019-05-24,2.143587387292932,1.9900325331916997,1.974330519120862,2.0561745200658224,2.0352106201178546,2.108052311680135,2.0924408861375126
2019-05-27,2.1521209986559913,1.9935430296786245,1.9781880146423017,2.0612914283846355,2.0405453084222387,2.114855838810316,2.099339389244389
2019-05-28,2.152313343238355,1.988598990754657,1.9782749612272206,2.057912813479608,2.040665550410102,2.113200431681715,2.099494879064885
2019-05-29,2.133248358939264,1.9805959043518286,1.9696569109761364,2.0463696252558363,2.028747296292754,2.097942927366717,2.084082898389369
2019-05-30,2.129034920815483,1.9776778094426524,1.9677522872475812,2.0430190628177813,2.026113314251167,2.0941570851418576,2.0806767887423607
2019-05-31,2.1012073185875777,1.9697811855106853,1.955173222371105,2.0288030150873344,2.0087172110272857,2.0732498033083786,2.05818117788561
2019-06-03,2.085951651648496,1.9690547425844438,1.9478489396777385,2.0235107452613073,1.9989141726769895,2.0630833199714265,2.0457462570560736
2019-06-04,2.0925149390720135,1.9706036126431061,1.9493811291269278,2.0266941562035576,2.0020588880014922,2.067951820445875,2.0505738452230977
2019-06-05,2.131097940991633,1.9797088144406805,1.958388272139965,2.045408185099455,2.0205454404823713,2.0965718321915525,2.0789533495013988
2019-06-06,2.1209614063698323,1.9773166938521405,1.9560219135765393,2.0404916313742723,2.0156886494102157,2.089052776506337,2.071497479990109
2019-06-07,2.1314525101675703,1.9797924892129242,1.9584710457738657,2.0455801628480477,2.020715327773482,2.096834843711525,2.0792141508114272
2019-06-10,2.1581499862869036,1.9860928260311652,1.9647035308976242,2.058529319592916,2.033507082401991,2.1166384370583327,2.0988513252160237
2019-06-11,2.169361071945246,1.98873852989583,1.9673207417633436,2.0639670660233693,2.038878730876165,2.124954570776803,2.1070975745376335
2019-06-12,2.1601322772299176,1.9865606268283986,1.9651662936980505,2.059490796101792,2.034456871784029,2.1181088563427264,2.1003093878731316
2019-06-13,2.140260934036836,1.9818711889733864,1.9605273589056227,2.049852539040033,2.0249357715448673,2.103368736411851,2.0856931361273885
2019-06-14,2.1462150786667356,1.9832763074372146,1.9619173448977323,2.0527404956299953,2.027788623881466,2.107785388324997,2.0900726728298435
2019-06-17,2.1364161265614654,1.9809638529395286,1.9596297944584495,2.047987680563154,2.023093581159568,2.100516743834026,2.0828651101893385
2019-06-18,2.1188678488015693,1.976822635246395,1.9555331757519743,2.0394761868811413,2.014685548046095,2.087499822116765,2.069957575809269
2019-06-19,2.158476169316747,1.9861698019573997,1.9647796778289681,2.0586875291241116,2.033663368833828,2.1168803923671713,2.0990912472601995
2019-06-20,2.1630808821339325,1.9872564680366152,1.9658546410203954,2.060920966763247,2.0358696581560434,2.120296065807716,2.1024782171846215
2019-06-21,2.148363954278949,1.9837834205469687,1.962418996635375,2.0537827711995438,2.0288182301796702,2.109379376407876,2.0916532658784983
2019-06-24,2.149997922527612,1.984169020679014,1.9628004440335098,2.0545752997094864,2.0296011251924515,2.110591417673256,2.0928551217890403
2019-06-25,2.1430009027598955,1.982517794133723,1.9611670004294022,2.051181514270214,2.026248592556056,2.105401184203243,2.087708504300672
2019-06-26,2.1344924229305366,1.9805098781608215,1.9591807087767663,2.0470546208336047,2.022171863139677,2.0990897833132496,2.0814501410913455
2019-06-27,2.15895244460228,1.9862821981518435,1.9648908635687226,2.0589185383512953,2.033891570052585,2.117233682769368,2.099441568796393
2019-06-28,2.154391412134179,1.985205840197274,1.9638260974882378,2.056706287122607,2.031706209611627,2.1138504104392,2.096086727700524
2019-07-01,2.198854422784744,1.995691086194682,1.97419842226754,2.0782649754495486,2.0530028435642595,2.1468283848048815,2.1287875725819694
2019-07-02,2.2034541084435753,1.9967347605249957,1.9752308567111867,2.080438690431262,2.05515013618155,2.1501965258347866,2.1321274095330343
2019-07-03,2.190488417690042,1.9937928293544895,1.9723206087698046,2.0743113768864543,2.0490973025537405,2.1407023390039566,2.1227130068354105
2019-07-04,2.204980142165954,1.9970810194525337,1.9755733865912724,2.081159861965792,2.055862541591148,2.15131397106357,2.1332354643421247
2019-07-05,2.207077021536375,1.9975568039593448,1.976044047120441,2.082150803182303,2.0568414375256574,2.152849420649938,2.1347580108208843
2019-07-08,2.187732184019482,1.9931674365464427,1.9717019511511562,2.0730088386551095,2.0478105971892218,2.138684074191448,2.120711702454745
2019-07-09,2.1857728096727627,1.9927228520985425,1.9712621546707887,2.0720828794291632,2.0468958933635073,2.137249313292634,2.119288998528972
2019-07-10,2.1799184278836505,1.9913944856738892,1.969948094134123,2.069316221368687,2.0441628651248447,2.132962415236725,2.1150381253008477
2019-07-11,2.1901431280742294,1.9937144827162026,1.9722431058883387,2.074148200255139,2.0489361093988485,2.1404494990908676,2.122462291655452
2019-07-12,2.188310724136617,1.9932987080102116,1.971831808882372,2.073282244581822,2.048080679758874,2.1391077128595017,2.121131781087113
2019-07-15,2.188241482215336,1.993282996933155,1.9718162670063013,2.0732495223019067,2.0480483552311997,2.1390570101434134,2.12108150444988
2019-07-16,2.1755722693465738,1.990408336959159,1.9689725657819603,2.0672623179879626,2.042133927751196,2.1297799206105776,2.111882374679185
2019-07-17,2.17468422730046,1.9902068391272387,1.9687732379878848,2.0668426479402227,2.0417193589586953,2.1291296477281136,2.111237566346682
2019-07-18,2.1275950866830686,1.9795222552351772,1.9582037220902548,2.04458930759739,2.019736516759877,2.0946484074129446,2.077046088169065
2019-07-19,2.1672981534624824,1.9885309298938116,1.9671153775167014,2.0633521443387806,2.038271283807604,2.1237211611077647,2.1058745297922155
2019-07-22,2.1545211396473687,1.9856318097525707,1.9642474795497293,2.0573139955582995,2.0323065311111823,2.114365133834962,2.0965971256326412
2019-07-23,2.1686703543890236,1.9888422839708702,1.9674233784552972,2.0640006177200467,2.038911874738713,2.1247259615625707,2.1068708864345327
2019-07-24,2.173119977392415,1.9898519089001947,1.9684221301941525,2.066103416237784,2.0409891129096653,2.127984218521186,2.110101762722024
2019-07-25,2.1744900602497355,1.9901627823847428,1.9687296557159957,2.0667508886639543,2.0416287150526835,2.1289874680100396,2.111096581431888
2019-07-26,2.1647693242518087,1.987957135437258,1.9665477625593215,2.062157072686247,2.037090738723171,2.121869414259425,2.104038344046669
2019-07-29,2.1626246274807266,1.987470501103456,1.9660663690507474,2.061143533968969,2.0360895199694444,2.1202989501609673,2.1024810772992915
2019-07-30,2.1738710212494414,1.9900223216746007,1.9685907077023117,2.066458343814369,2.0413397262013273,2.1285341738480787,2.1106470965147257
2019-07-31,2.160347420567629,1.9869538000555376,1.965555232632571,2.0600673737374633,2.0350264408907366,2.118631454900098,2.1008275947881594
2019-08-01,2.1599155318204293,1.9863596309359204,1.964969783604621,2.0595227654011534,2.0344961645848043,2.1181442796532317,2.1003623234486515
2019-08-02,2.1106799792912128,1.9675384086763454,1.942573914050072,2.0308640965171754,2.003578429977075,2.0792653944663817,2.0604639655487538
2019-08-05,2.0739609185733925,1.9504294602457197,1.9258714449650776,2.007367230680274,1.980520494887487,2.04917808847177,2.0307084301478193
2019-08-06,2.066681927882682,1.9453257832702247,1.9225604366057991,2.001525903122525,1.9759496128555654,2.042605181914118,2.0248098515636617
2019-08-07,2.0668552888202245,1.945821672706553,1.9226392936256478,2.001923773778883,1.9760584758048556,2.042894783795104,2.0249503357539793
2019-08-08,2.059520006260404,1.9437893260995747,1.919302679676652,1.9981875250688308,1.9714522449857201,2.0373767741524733,2.0190061406787856
2019-08-09,2.067267265209381,1.9472668616666877,1.9228266901104463,2.003053662546469,1.9763171786325942,2.043677813079675,2.0252841835646866
2019-08-13,2.040427983571942,1.9349893364953192,1.9106182549530832,1.9860365711750931,1.9594633048746826,2.0217669688407804,2.003534792940681
2019-08-14,2.056917253694695,1.943827604737203,1.9181187606598034,1.997386725180846,1.969817832270875,2.0356887687908003,2.0168969828028804
2019-08-15,2.035158677030682,1.934553335370031,1.9082213954505733,1.9840604011926,1.9561544150005867,2.018167058430793,1.9992647752914894
2019-08-16,2.0397665089843553,1.936245005835692,1.9103173687475625,1.9866942741644231,1.9590479282880866,2.0217808395795567,2.0029987626032217
2019-08-19,2.056331232876581,1.9419921156847708,1.917852196254114,1.9959317341775977,1.9694498372916718,2.034653222326065,2.016422096930034
2019-08-20,2.071780343184214,1.9496285053488251,1.9248795624846091,2.0061205190375797,1.979151190640626,2.0474677873798997,2.028941386358606
2019-08-21,2.0561691581116657,1.9436666240495888,1.9177784729971044,1.997037677099774,1.9693480615562358,2.0351424631913746,2.0162907585648697
2019-08-22,2.0559533957948397,1.9437624191821925,1.9176803287811022,1.997035314890101,1.9692125724288212,2.035035453655556,2.016115914134457
2019-08-23,2.0622870192821847,1.9453177308207095,1.9205613161600095,2.0001234592709873,1.9731898059527224,2.0397290435853836,2.0212484081092392
2019-08-26,2.0312707818931695,1.9301191584355497,1.9064529011843654,1.979759672558013,1.953712989975998,2.0140491339324416,1.9961141935734974
2019-08-27,2.0454149919986326,1.937823445893704,1.9128867049745457,1.9895806403548717,1.962594924103114,2.0260347235749747,2.007576048432631
2019-08-28,2.0471781070488095,1.9401036038053068,1.9136886964755042,1.9917171238394087,1.9637020818459243,2.0279978801860383,2.009004800455855
2019-08-29,2.0510650184861094,1.9381442982327042,1.9154567432841225,1.991598225014415,1.9661428891505823,2.0298426092743944,2.0121545850258276
2019-08-30,2.080079188396262,1.950690535280808,1.9286544740124554,2.0094923224307655,1.9843624958994523,2.0532708516569973,2.0356664108463414
2019-09-02,2.0703417554442085,1.9456804669469414,1.9237443603281585,2.002941561319916,1.9779277997531945,2.045137727474245,2.0276312302664663
2019-09-03,2.079356064264379,1.9498949220674429,1.9300263759818999,2.00874083428488,1.9851044136158136,2.0525507358754034,2.0357238810886793
2019-09-04,2.072888108922235,1.948838032793237,1.925518898202114,2.005929708578532,1.97995504288787,2.047920954176721,2.0299172346600023
2019-09-05,2.1084556923123854,1.9690476866339361,1.9503057254653102,2.0312692149172062,2.0082716689442623,2.0784249167774824,2.0618482499722757
2019-09-06,2.1097559398158343,1.963644001376837,1.9512118598493604,2.0279800442323923,2.009306842515996,2.0773878940378236,2.0630155551132225
2019-09-09,2.1302245362359793,1.9761258473912093,1.965476297166367,2.0431469138909417,2.0256026246716363,2.095240797240541,2.0813913626158875
2019-09-10,2.145148176348777,1.9683135587679588,1.9758764889802554,2.0425980449387353,2.0374838686639203,2.102331562211984,2.09478915171304
2019-09-11,2.186236010416563,1.977039013991457,2.0045103445471506,2.06183627944276,2.070195363847672,2.132447144839238,2.1316760058007973
2019-09-12,2.2014066715829212,1.9871430440166205,2.0150826837942173,2.0736627991173493,2.082273270141271,2.1459779678148276,2.1452955595581225
2019-09-13,2.2232301484724357,2.0108225857027358,2.0302913288688376,2.0969514209960045,2.0996477211280604,2.1686464911821033,2.1648877192807063
2019-09-17,2.2378823449164855,2.023137549843564,2.0405023532811866,2.1101280797120605,2.111312859101023,2.182610528928648,2.1780418181656747
2019-09-18,2.2212843219124263,2.016000053383241,2.0289352944625065,2.0998771542086394,2.0980985789649287,2.169179106961957,2.1631408415971385
2019-09-19,2.2363048610101393,2.030184293782633,2.0394030145752593,2.1144554558567075,2.110056967706997,2.1840406597019135,2.1766256223500666
2019-09-20,2.2361172420046755,2.031428984932876,2.039272264059299,2.1152491669940816,2.109907597502097,2.1843532083857484,2.176457186241529
2019-09-24,2.2440499030647176,2.0347513466535916,2.044800486128139,2.120087396705059,2.1162230728720517,2.190741331991911,2.183578781178041
2019-09-25,2.241621717782507,2.0351764866183246,2.043108298933609,2.1195961194018285,2.114289907667158,2.189291205986166,2.1813988630043264
2019-09-26,2.2476977631076296,2.034807864514738,2.047342657064301,2.1213025520123425,2.11912726480458,2.1931634353162575,2.186853669820588
2019-09-27,2.24010760795131,2.029932930575939,2.0420531252258054,2.1155092647015903,2.1130844706424377,2.186456890908463,2.1800395616519097
2019-09-30,2.213434603543639,2.0198000091858943,2.0234648746384325,2.0999536228564906,2.0918491372398966,2.1653410682309095,2.1560937089684935
2019-10-01,2.233622718971073,2.027665532497807,2.0370856642820647,2.111858092888618,2.107629382034689,2.1813880480884293,2.174090938041329
2019-10-02,2.2272758102097874,2.0196059071611643,2.0312972217038676,2.104261605009861,2.1016404872778605,2.1743655111577325,2.167913190696047
2019-10-03,2.1881047074635895,1.9919255849004365,1.995572794664033,2.072696592414191,2.0646789331293527,2.1389358571076715,2.129786098421115
2019-10-04,2.193302718093463,2.002599889212051,2.000313430961724,2.08174648838993,2.0695837363616088,2.1461480085814735,2.134845568720314
2019-10-07,2.1921389966724334,2.0029179056954702,1.9992521056967796,2.0816005418703987,2.068485657693876,2.1455043792476816,2.1337128634633444
2019-10-08,2.2081004126359254,2.018061207054175,2.01380907244175,2.097145691639677,2.0835467282040425,2.161326929330795,2.14924886670588
2019-10-09,2.2017933330774118,2.013226238057949,2.0080569544842226,2.0918007899093705,2.0775954159795336,2.1554866995126205,2.1431098870128427
2019-10-10,2.201745887177891,2.0079027616938174,2.0080136833619684,2.088089491898582,2.0775506463901854,2.153546787701937,2.1430637056683755
2019-10-11,2.22324892791713,2.017563484544407,2.027624665850791,2.101574333337536,2.0978407518230253,2.1710112824429917,2.163993635156668
2019-10-15,2.257099182968577,2.0478346551417776,2.058496427993933,2.133261367878195,2.129781594620623,2.2039057480020365,2.196941693990722
2019-10-16,2.2695638443439923,2.060182078686337,2.0698643205132594,2.145763161942402,2.14154315413952,2.2164490307387865,2.209074140133877
2019-10-17,2.256882059388509,2.050103551394369,2.0582984091751872,2.134768342256154,2.129576718464503,2.2045780196918017,2.1967303573115897
2019-10-18,2.256082737655778,2.0489038041786163,2.0575694199734453,2.1336833845160763,2.128822484566677,2.2036273659226633,2.1959523395555247
2019-10-21,2.2681333361991194,2.0606080036740333,2.06855968315897,2.145608060470099,2.1401933375515316,2.2156703993473132,2.207681758704306
2019-10-23,2.285567088338672,2.065391298510735,2.0844594348298737,2.1544237852149632,2.1566436932612714,2.2287364108293835,2.224650856583163
2019-10-24,2.2947561878196074,2.0661759300336464,2.0928399830134534,2.157864646213186,2.1653144575295453,2.235000587388707,2.233595042967274
2019-10-25,2.3016351055200244,2.0691969836643054,2.099113622923308,2.162130281111553,2.17180535186853,2.24056264979405,2.2402906198473738
2019-10-28,2.2993879850769976,2.068153438980119,2.097064227203285,2.1606974913392762,2.1696849861369008,2.2387253835549417,2.238103390934282
2019-10-29,2.317292818773121,2.0837591164536233,2.1133936098398163,2.177176182167043,2.186579850814754,2.255979056773839,2.25553101483659
2019-10-30,2.318739163644953,2.081265890827104,2.114712690443265,2.1759008488218408,2.1879446108176577,2.2560266564176423,2.2569388109036814
2019-10-31,2.320301796129489,2.09302569356793,2.1161378264815736,2.184558725851552,2.1894190989260376,2.261261163810946,2.2584597952199963
2019-11-01,2.3140856490685247,2.100602321299529,2.1104686398470496,2.1878604460469817,2.1835535899134983,2.25993098521832,2.2524093244399532
2019-11-05,2.3519442080390554,2.129531823871889,2.1449960141857076,2.2198790966383113,2.219276637754156,2.294953968325646,2.2892588556011737
2019-11-06,2.356906559125593,2.124354153505217,2.1495217266857027,2.21784782169857,2.2239590744365585,2.296327985246496,2.2940889472889903
2019-11-07,2.359324193331975,2.1301348842922825,2.151726632617877,2.2226236485496744,2.2262403356563274,2.2999750873172284,2.2964421453358006
2019-11-08,2.3658190893812105,2.129721681618044,2.157650041043359,2.2243836113908784,2.2323688700907085,2.304055506938016,2.302763935727809
2019-11-11,2.3638955674263635,2.128039229935013,2.1558957702948254,2.222609184510976,2.2305538494273747,2.302199814039896,2.300891680572255
2019-11-12,2.3710317283735605,2.1331416159560237,2.162404018550037,2.228401045337931,2.2372874765343593,2.3086757191882423,2.307837644506062
2019-11-13,2.3529282650687833,2.1187401876453946,2.145893483776731,2.21269594590661,2.2202051864709276,2.291724596472841,2.2902166849842094
2019-11-14,2.32923247625482,2.103364025811064,2.1242826936970998,2.1945516028179948,2.1978460206589845,2.2707829498064855,2.2671524497878957
2019-11-15,2.345470007562152,2.117039539400737,2.1390914803236676,2.209164605645337,2.21316763150417,2.286258904231365,2.282957209191352
2019-11-18,2.3463874638878446,2.1271848315292576,2.1399282094242444,2.216498225244421,2.2140333363039737,2.2904944957158464,2.2838502129501315
2019-11-19,2.3417486866614814,2.125316892681352,2.135697599434758,2.2137392876555126,2.2096562214510675,2.2868044758475636,2.279335071048246
2019-11-20,2.3316866234448614,2.116950698220604,2.1265208998258287,2.2047590681849205,2.20016173525198,2.2772531624705965,2.269541187653592
2019-11-21,2.330495134513569,2.119390423391858,2.125434250321205,2.2060776159225606,2.199037455373095,2.277352350806122,2.2683814549618098
2019-11-22,2.3316040074697826,2.118051433437709,2.1264455532522804,2.205497337855611,2.200083779447259,2.2775941157247446,2.2694607736063896
2019-11-25,2.3516189731718145,2.1314992768387753,2.144699396820584,2.2211427185700043,2.218969748611045,2.295447780012305,2.288942289078278
2019-11-26,2.3509987044412837,2.1386368262361097,2.144133705699951,2.2259032669202967,2.2183844677620814,2.297603586504323,2.288338552102134
2019-11-27,2.3599360822648534,2.1442395227665503,2.1522846812814733,2.2326101788284887,2.226817709392064,2.305431620821433,2.2970377258574164
2019-11-28,2.3560652634348593,2.1430481989435863,2.148754456825641,2.230563078448256,2.223165234231717,2.3024842371547507,2.293270074288683
2019-11-29,2.34489888431482,2.1332316953906427,2.1385706103621485,2.220227796312234,2.212628723958767,2.291693837566397,2.282401307845085
2019-12-02,2.363805356103399,2.14708484613751,2.1558134966900635,2.2358085175546347,2.23046872671025,2.3089779407526994,2.3008038736126903
2019-12-03,2.3502765522335425,2.141343113870233,2.143475095856254,2.227557107011632,2.217703050440164,2.2981097123614362,2.2876356471050627
2019-12-04,2.3467885128107784,2.1346017410113043,2.1402939699462182,2.2217774209854717,2.2144117630124915,2.293421727940022,2.2842405728894604
2019-12-05,2.3620575005143154,2.1439486544510986,2.154219435377239,2.233080254974733,2.228819463491436,2.306715509258878,2.299102602863178
2019-12-06,2.365521732772696,2.1489110295346454,2.1573788489215917,2.237617427628672,2.2320882866601575,2.310750278165714,2.3024745044364594
2019-12-09,2.3806906527749616,2.1613850878553187,2.171213051634882,2.2510596235134033,2.2464015640184916,2.325099873642506,2.317239133770097
2019-12-10,2.3757905297815416,2.160433806647953,2.166744091761608,2.248854300269047,2.2417778452907053,2.3215678927331767,2.312469611636928
2019-12-11,2.3704979839710334,2.1521126320575314,2.161917238458867,2.2414089602034073,2.2367838393821646,2.315138500231465,2.307318125762404
2019-12-12,2.3658121878574434,2.1542909348080057,2.1576437467864955,2.241443815613242,2.2323623578654583,2.3128679427012444,2.3027572181473714
2019-12-13,2.404802755916083,2.1914575478794682,2.193203524433751,2.279538538631217,2.2691535608580873,2.3515817507509116,2.3407085874477436
2019-12-16,2.3999387174712536,2.1871409990113353,2.188767474020079,2.275008372178997,2.2645638912354613,2.3468669304361285,2.3359741881172873
2019-12-17,2.415537166330824,2.1976853133764216,2.2029934112327454,2.2872463338945215,2.279282468751426,2.3608044869124827,2.351156898261243
2019-12-18,2.4038177868432196,2.183336372371685,2.19230522305051,2.2735901500850715,2.268224151544361,2.3480291609492636,2.3397498703298636
2019-12-19,2.39893204818537,2.182005664479512,2.1878493818313096,2.271125958203238,2.26361400576604,2.344370535181855,2.3349943491527863
2019-12-20,2.3959762182667985,2.176632013610655,2.1851536361702197,2.2664635626485463,2.260824907172188,2.3405194108790854,2.3321172996914887
2019-12-23,2.387748323970846,2.1718245980557245,2.17764971647279,2.2605320598501173,2.2530611287940676,2.333438075859379,2.32410869990601
2019-12-24,2.385020407865381,2.1738951618147966,2.175161830428021,2.2611094090353356,2.2504870879380308,2.332403876010866,2.321453489769465
2019-12-25,2.3734083338838277,2.1682948327906835,2.1645715059119355,2.253560476637075,2.239530023389029,2.322834517492344,2.310150907376862
2019-12-26,2.386642156728249,2.1806497112547722,2.1766408811788733,2.2663098312882983,2.25201735781066,2.3358812486171123,2.3230320148608308
2019-12-27,2.3942649448147577,2.185205886902156,2.18359293812251,2.271876139337568,2.259210162579207,2.342478475031839,2.330451636071132
2019-12-30,2.376542819309293,2.170675558457088,2.1674301871345456,2.2562014651029565,2.242487699958201,2.3257291176425254,2.3132018507170455
2020-01-06,2.348994065903264,2.143664414682389,2.1423054558378856,2.228764077039709,2.2164929061088072,2.298106812852882,2.28638734232864
2020-01-07,2.382577858158846,2.1768615946365184,2.1729342013171524,2.2623957271979602,2.248182316642122,2.331873948826881,2.3190760402845587
2020-01-08,2.349979781570398,2.152101855467563,2.14320443812237,2.234924092880293,2.2174230199031997,2.3017648287984187,2.287346786142136
2020-01-09,2.3789756097361483,2.192121579854882,2.169648915687339,2.2718336227291775,2.244783262472149,2.334977609823612,2.3155698010321353
2020-01-10,2.3839053542305573,2.2057002176495093,2.1741448906578835,2.282804553892735,2.2494349318226137,2.343045217400859,2.3203681551772304
2020-01-14,2.3860940733915696,2.2141818169241403,2.176141023840166,2.2893756538805734,2.251500190549431,2.347503641536608,2.3224985393524356
2020-01-15,2.3746220987290427,2.2010938972435437,2.165678471266916,2.2766757301399307,2.2406753226505955,2.3353443893755013,2.3113323222722615
2020-01-16,2.3720958491617243,2.2041217032426923,2.163374507068184,2.2779754174783964,2.238291572803672,2.334778690220647,2.3088734037427847
2020-01-17,2.3806176771036283,2.2082945361383817,2.1711464971121996,2.2835629587856316,2.246332704730945,2.3418279904441195,2.317168103087791
2020-01-20,2.392718876641661,2.2171040181579587,2.1821829088974893,2.2934963661371017,2.2577513044289153,2.352868744450814,2.3289467745848227
2020-01-21,2.3808999267906508,2.205010956130773,2.171403911574498,2.2813762716353705,2.2465990333854604,2.3408386976595055,2.317442830095897
2020-01-22,2.3891385276717663,2.218411577809776,2.178917595781826,2.2932703131672336,2.2543729144157783,2.3510008082363782,2.3254618511085523
2020-01-23,2.366777830639758,2.202975943496394,2.1585244224046134,2.27549931351476,2.233273531038649,2.3309007131549215,2.303697124069972
2020-01-24,2.366646111817883,2.2069036527013055,2.158404293556765,2.278180076035949,2.233149242161753,2.3322183645453727,2.3035689158929262
2020-01-27,2.3333578681388647,2.1719590065654972,2.1280450912565243,2.2434306746696535,2.2017387090138145,2.298019537862823,2.2711678893850995
2020-01-28,2.3176752525064335,2.1587282716058573,2.1137423931276356,2.229300052675457,2.186940712372155,2.283062968138761,2.255903255728902
2020-01-29,2.3282654310509066,2.1667514692080823,2.123400739056831,2.238210567190965,2.1969335241714574,2.292837219725868,2.2662111788218335
2020-01-30,2.299465672267255,2.131671162927294,2.097135078677094,2.204786718100107,2.169758291177813,2.2615174143701307,2.238179007561435
2020-01-31,2.3121154617434665,2.1465116059060567,2.1086718098265904,2.219073882078025,2.1816945361623277,2.275071127923771,2.2504916476661307
2020-02-03,2.2970828647915376,2.136347454702239,2.094961935062328,2.2072761393154634,2.167509892195792,2.261632101740253,2.23585970802349
2020-02-04,2.3135130930469234,2.1514311673325306,2.1099464631814486,2.2229284338293733,2.183013330413209,2.277739304900252,2.2518520285065304
2020-02-05,2.336749255238053,2.177087466248904,2.1311380693065365,2.2480430819478823,2.204938796045251,2.3020446430743933,2.274468887309733
2020-02-06,2.3833695772782186,2.2242484113786998,2.1736562568614977,2.295460121125627,2.248929376771899,2.349287420648076,2.319846658056434
2020-02-07,2.376137869452385,2.227268825876972,2.1670608689228095,2.2952242587827816,2.2421055923581026,2.3456065347027177,2.31280769381365
2020-02-10,2.36005689357791,2.206816926029589,2.152394862375093,2.2759862196531984,2.2269317060267317,2.327834239495737,2.2971553172387633
2020-02-12,2.35013852339466,2.2110586192208093,2.143349212211466,2.2757310332713714,2.2175728074792884,2.3228208539789015,2.287501297089167
2020-02-13,2.3422694902295227,2.1998818426716573,2.1361725773588955,2.2655120009413943,2.210147647730426,2.3137117164523566,2.279841993863888
2020-02-14,2.3278444222853585,2.1851368008657728,2.123016774964081,2.2507352386261856,2.1965362635075016,2.299040167123464,2.265801391020949
2020-02-17,2.3072634291880942,2.1632161204058615,2.104246708900982,2.2290441409837274,2.177116195205533,2.277795854040937,2.2457689342373497
2020-02-18,2.2823528800893054,2.1320914776913766,2.081528045615755,2.1996265859656092,2.1536107908427895,2.250461808043676,2.2215223152370474
2020-02-19,2.2857187928371547,2.1482060800325704,2.0845977908093514,2.211804440213584,2.156786840470365,2.258357663322801,2.224798517767217
2020-02-20,2.286804254732896,2.150305236618043,2.085587742625367,2.2135980154430643,2.1578110740462115,2.259810890067538,2.225855049316201
2020-02-21,2.286901189768261,2.1511224537232616,2.0856761483212938,2.2141919635036453,2.1579025412071373,2.2601628968447662,2.225949400783965
2020-02-25,2.2088823821060077,2.0779324819323866,2.01452223621103,2.1387891380010577,2.0842845886390218,2.183125682587818,2.1500099946816533
2020-02-26,2.191697049493087,2.0574025769282613,1.9988490455668078,2.1191436419320655,2.0680686397021684,2.1646009853040553,2.1332826953111543
2020-02-27,2.1396373879226056,2.008904099260264,1.951370127407587,2.0690630818037694,2.018945539631234,2.113315954334948,2.08261055739969
2020-02-28,2.065710103158372,1.9305796265867914,1.8839477240117748,1.9914341292253999,1.9491883169007456,2.0371524557656975,2.0106536246040028
2020-03-02,2.0794135742441466,1.9545520031210213,1.8955320523734702,2.0123367729243946,1.9615008331899975,2.054607965346728,2.0236917394557894
2020-03-03,2.051258053927155,1.9431588538651026,1.882699181636943,1.99543435650369,1.9437948551698077,2.0320694062304474,2.0008575397118036
2020-03-04,2.0465658659917714,1.939341142596669,1.8805605516074373,1.9913003607949216,1.940844109613869,2.0276408818797984,1.9970521631694205
2020-03-05,2.060395357669635,1.9528761775679724,1.8868638298653355,2.005051614467631,1.9495409716473824,2.0414931971814223,2.00826791666198
2020-03-06,1.9978659498435367,1.925179956781257,1.8583638483757499,1.9658708022011755,1.9102185116779165,1.9905995315430203,1.957556405310062
2020-03-09,1.8809702729453157,1.8784056130962692,1.805084523596644,1.8960577063313604,1.8367070914479715,1.8972091296700941,1.8627537092330317
2020-03-10,1.9018329460515846,1.8921262106190786,1.8145934221777011,1.9122050951040646,1.8498268643132265,1.91575931997882,1.8796733910410264
2020-03-11,1.880044629816185,1.875698711929858,1.8046626291158974,1.8939011592577746,1.8361249883039201,1.8956509053918196,1.8620030102630163
2020-03-12,1.8035736046809208,1.83654200198352,1.769808264160037,1.8423568424762478,1.788035154588105,1.8315579805412792,1.799984811241768
2020-03-13,1.7056443185025196,1.7923450206543448,1.7251735404291677,1.780430980382588,1.726451004514301,1.7515641042888497,1.7205639070564502
2020-03-16,1.6767744063151955,1.7758811880991932,1.7120150604187225,1.7598177188482407,1.7082957715483136,1.7267782126709417,1.6971503336593055
2020-03-17,1.7242114859826756,1.7945659584390459,1.7336361814151524,1.7879447910815884,1.7381272177612797,1.7645727658783845,1.735621927869018
2020-03-18,1.724390623711543,1.7897529917930672,1.7337178297488616,1.7846990720340308,1.7382398709338798,1.7630043169154157,1.7357672090301042
2020-03-19,1.7468027517814395,1.8077074184732433,1.7439329470407239,1.8042522845420605,1.752334039413934,1.7840586761493031,1.75394350281811
2020-03-23,1.7610040548610386,1.823662945752311,1.750405691449598,1.819784845593388,1.7612647200532716,1.799004042238407,1.7654607963184101
2020-03-24,1.813244864734379,1.8383349893321925,1.774216281796653,1.8467072691464395,1.7941170566807028,1.8385568315924434,1.807828228140139
2020-03-25,1.9384974337418055,1.9003512766066226,1.8313045546963809,1.9296778444023721,1.8728838210256482,1.9427927671155545,1.9094083853158146
2020-03-26,1.9025152761498072,1.8830539023140922,1.8149044181689518,1.906198185797326,1.8502559567819727,1.9130298699326773,1.8802267625141424
2020-03-27,1.981476661003721,1.9289552571420407,1.8508938523402652,1.9631752081276432,1.8999118867355533,1.9811265332648131,1.9442646497034584
2020-03-30,1.977442646550836,1.9371184192886883,1.8490552080729838,1.9674769121396833,1.8973750424353324,1.9813296200460175,1.9409930535564066
2020-03-31,1.928688282270443,1.917423080929772,1.82683368818602,1.9382312793924794,1.8667152040584154,1.9423132530554275,1.9014531381211484
2020-04-01,1.8610899314415454,1.8808124640439692,1.795678309354101,1.8912934308795,1.824021607471149,1.8849545669582481,1.8465942840458427
2020-04-02,1.8308483107318283,1.8731719389673989,1.7883836293079183,1.8759272259419624,1.8092019663867591,1.8619825116698532,1.8240897278449002
2020-04-03,1.826628527351577,1.8721058135423105,1.7873657615845377,1.8737830929659105,1.807134098538357,1.858777091628161,1.8209495405795346
2020-04-06,1.8917778171460475,1.888565737670499,1.8030806344363752,1.9068863895162567,1.83905993680359,1.9082656128130508,1.869430932093054
2020-04-07,1.9254547571327578,1.8970741938455324,1.8112039590589413,1.9239981298714512,1.8555630259803955,1.9338471957164463,1.8944919100043063
2020-04-08,1.9498512253323044,1.9032379450825319,1.8170887107883809,1.9363943282665292,1.8675183013247438,1.9523791726134871,1.9126467468422932
2020-04-09,1.938513688055202,1.9003735239358035,1.8143539464137468,1.9306335615748504,1.8619624405843318,1.9437669842766316,1.9042098231971645
2020-04-10,1.9581843973632302,1.905343315376036,1.8190987824151263,1.9406285335175006,1.8716018992171384,1.9587091934301502,1.9188479468408715
2020-04-13,1.9255867842972452,1.8971075504195976,1.8112358057622506,1.9240652147835435,1.8556277247348,1.933947485821639,1.8945901591283127
2020-04-14,1.9591207239363775,1.9055798776532586,1.8193246368041953,1.9411042945935868,1.8720607378450353,1.9594204432012123,1.9195447221291437
2020-04-15,1.951873360848956,1.9037488362570327,1.8175764766970133,1.9374218045733915,1.8685092311055393,1.953915221535436,1.914151535980985
2020-04-16,1.9355032172873516,1.8996129305266463,1.8136277809330454,1.929103897830262,1.8604871857789487,1.9414801788971525,1.9019695560753498
2020-04-17,1.9573635108872112,1.9051359189614971,1.8189007737087055,1.9402114292246442,1.8711996309967145,1.9580856339425947,1.9182370772710333
2020-04-20,1.9452483772820777,1.9020750386269232,1.8159784427855548,1.9340555545905076,1.8652627159933524,1.9488827700592448,1.9092214987835003
2020-04-21,1.9274357552061072,1.8975746916727272,1.8116818020705938,1.9250047036483053,1.8565337967177746,1.9353519959288426,1.895966086368847
2020-04-22,1.91309730410846,1.893952091673133,1.808223177477714,1.917719129235208,1.8495073644702156,1.9244602618340736,1.8852960074845566
2020-04-23,1.9445570379924646,1.9019003722216594,1.8158116825788353,1.9337042750970066,1.864923931235818,1.9483576168428722,1.908707032841137
2020-04-24,1.9378981568592448,1.900218010394275,1.814205472124751,1.930320801270325,1.8616608049184435,1.9432994161922033,1.9037517704847848
2020-04-27,1.9713961368247137,1.908681252440637,1.8222856292164313,1.9473416094500113,1.8780761963058774,1.968745057985106,1.9286795737922546
2020-04-28,1.9690079087198797,1.908077868220634,1.8217095569196027,1.946128116203445,1.8769058660619722,1.9669309188358797,1.9269023537774344
2020-04-30,1.992921954244827,1.9141197356942545,1.8274779419009766,1.9582791886591573,1.8886247344042897,1.9850964391709642,1.9446981917278503
2020-05-01,1.947235019542271,1.9020989585683559,1.816029927174653,1.9347435380430658,1.8659682778185944,1.9502361406789028,1.9105900146435628
2020-05-07,1.9330217142911796,1.9017891782633058,1.8094021222510035,1.9298260977493333,1.8568881971040356,1.9406401265940032,1.8989684936940785
2020-05-08,1.980801151075483,1.9184889963243037,1.8316821465503408,1.9569746932272798,1.8874117899512601,1.9782496592785672,1.938035390220536
2020-05-11,2.0161025859397785,1.9231079308308672,1.8481435550455612,1.9717984898015226,1.9099638897088398,2.003398829995258,1.9668996380203763
2020-05-12,2.00585669647268,1.9243858155061857,1.843365795371963,1.9692716465453568,1.9034183676286356,1.9969944510967643,1.9585220779114183
2020-05-13,2.0011776727076693,1.9310759017618628,1.8411839202767786,1.9722585800305839,1.9004292027087888,1.9961567592959768,1.9546962702088762
2020-05-14,1.9635480234630556,1.9275270088005725,1.8236368423710598,1.957389294498378,1.8763897378295418,1.9698187606346165,1.9239283559698959
2020-05-15,1.9694215257374754,1.9260098264258165,1.8263757146182789,1.958305755207075,1.8801419878366101,1.9732219376247715,1.9287308300266444
2020-05-18,1.9783557635531719,1.9315013882397933,1.8305418381439367,1.9649886036039494,1.8858495695043827,1.981064122254815,1.9360359170636527
2020-05-19,2.01796682022973,1.9440894926991126,1.8490128659473883,1.9866436854104093,1.9111548440663635,2.011814418547409,1.9684239307498066
2020-05-20,2.0308145676187372,1.9535249147590459,1.8550038977234864,1.9972970328615436,1.9193625467246522,2.0236175203175444,1.978928902169003
2020-05-21,2.028670722864089,1.953491940168933,1.8540042016943517,1.996564641844493,1.9179929649793934,2.0221748180237746,1.977175985708796
2020-05-22,2.0062267035646846,1.943367947132309,1.8435383333413409,1.9822661313962322,1.9036547443334912,2.003729009351189,1.958824614520266
2020-05-25,2.0412876433725042,1.9620343894064398,1.859887596611277,2.006536008334038,1.926053205335998,2.033518607488493,1.9874922213356405
2020-05-26,2.0873670142630174,1.982752431741841,1.8813748633568759,2.0358463415718195,1.9554907217736208,2.0713663211546045,2.025169057559364
2020-05-27,2.1132315850276138,1.9932252487339546,1.8934357687151502,2.051514261988212,1.9720141402214109,2.0922152292841956,2.046317245519874
2020-05-28,2.146067686816196,2.0089708726314344,1.9087475679949915,2.073066652603513,1.9929912774407004,2.119521070529336,2.0731657116643767
2020-05-29,2.1247856682028257,2.022659362369761,1.898823552063506,2.075300432367399,1.9793953936287134,2.1099894945273845,2.0557644513105537
2020-06-01,2.1268944458900494,2.0129477235451616,1.8989171396157363,2.0694111486999445,1.980145597831328,2.1080789172395935,2.057202279029694
2020-06-02,2.153918238946588,2.0296201571032895,1.923044309589616,2.08960235509528,2.005304836439061,2.131755524598573,2.0833405807076946
2020-06-03,2.1710053181942723,2.038730471598903,1.9382998610402766,2.1013880180348763,2.0212129624005906,2.146226425336447,2.099867765889932
2020-06-04,2.1711457253693367,2.0426131541144574,1.9384252182679331,2.1040946169884314,2.021343681934014,2.147674594283909,2.1000035723287955
2020-06-05,2.188812342203151,2.0455857580545427,1.9541981878995858,2.1118616553792973,2.037791359259821,2.1603858433094993,2.117091305330072
2020-06-08,2.2218866746002326,2.0609059335782365,1.9837273527302757,2.1330884064874307,2.0685836695335373,2.1875884044902194,2.149081887710002
2020-06-09,2.218183121558249,2.0590385417176464,1.9804207756866954,2.1306074056699678,2.0651356496909967,2.1844893300215764,2.145499689367626
2020-06-10,2.2051634552960477,2.0603251738296917,1.9687966598472162,2.127266625384735,2.0530142983544746,2.17633548395215,2.132906639835449
2020-06-11,2.148757846326666,2.022636661273201,1.9184370485137068,2.0831424581561184,2.0005004942446627,2.125907852604515,2.07834927919816
2020-06-12,2.1236861759172396,2.0024172887731164,1.8960527572992298,2.061153418719028,1.9771586881256813,2.102282958729559,2.0540991347657362
2020-06-15,2.0719271938962343,1.9544911351364918,1.8498417108231457,2.011519727120387,1.9289709087108757,2.051351851700865,2.0040361445785053
2020-06-16,2.155536326027077,2.031514994111881,1.924488957346569,2.0914257984557,2.0068112807365335,2.1334861685131328,2.08490564776407
2020-06-17,2.141786535905547,2.0287700522398024,1.9122129780762547,2.0850851144592286,1.9940101817290747,2.123442510975728,2.0716063984154003
2020-06-18,2.1323658882756487,2.0267214978970083,1.903802109692418,2.0806257577599094,1.9852395283620916,2.1165025161705837,2.0624944381055634
2020-06-19,2.1286765770492586,2.0295495166220596,1.900508247914413,2.0813674541876934,1.981804767695862,2.1150519569258566,2.0589260149157598
2020-06-22,2.1211316768196222,2.0321369226782697,1.8937720695439104,2.080693781191757,1.9747804412161627,2.110969749292992,2.0516283392001395
2020-06-23,2.130085022358438,2.040821246710535,1.9017657249570472,2.089549516315092,1.9831160348272174,2.119917423291603,2.060288309554091
2020-06-24,2.1164236725742125,2.0346254620718995,1.8895687062917905,2.0808724227958013,1.9703972740594031,2.108727561599056,2.047074602609189
2020-06-25,2.0864445286062945,2.0172121813643105,1.8628029632048722,2.05921497205655,1.9424865942090064,2.082839530159712,2.0180777883040246
2020-06-26,2.107484957965048,2.0355689289058643,1.8815881135499763,2.078620000543046,1.9620753018911041,2.1031504875451734,2.0384287837717276
2020-06-29,2.0738072801943006,2.0008425926182936,1.8515202746570283,2.043897232554704,1.9307212751260285,2.0687748247632456,2.005854625897421
2020-06-30,2.088505867812206,2.0087566895229516,1.8646433518316947,2.0540884016757603,1.9444057076667105,2.081249900773501,2.020071583398299
2020-07-01,2.0598654485997834,1.9813029025529416,1.8390728384320556,2.02598213237911,1.9177413848870297,2.0527405760561184,1.9923696277182628
2020-07-02,2.066150094139352,1.9835672126088693,1.844683846140763,2.0295861357269196,1.9235924101803414,2.0576978317038646,1.9984483436375586
2020-07-03,2.0731353123328473,1.9989132253947595,1.850920333605957,2.0423376224757357,1.9300956708769261,2.06763831210918,2.0052046764753007
2020-07-06,2.106651755597993,2.024215530258215,1.880844220378114,2.0705745848320323,1.9612995877965873,2.098643521698912,2.0376228830314673
2020-07-07,2.0924891455493313,2.018503639811769,1.8681996704734085,2.062037572407866,1.9481141521037864,2.0872618271064547,2.0239243406682506
2020-07-08,2.0741344068140553,2.0024350363389742,1.8518123372679756,2.045065995366322,1.9310258310654604,2.0695183355943234,2.006171033525919
2020-07-09,2.068635725359476,2.0038418700903264,1.846903047820366,2.044222290313415,1.9259065408735088,2.0663510803639693,2.000852527926416
2020-07-10,2.0327075389369913,1.9813902568653265,1.8148259275265965,2.017137954693773,1.8924572832857516,2.034728095295195,1.966101604046501
2020-07-13,2.0872585333008584,2.022239715518527,1.8635297164620555,2.062869598814656,1.9432444352084366,2.0850770748258096,2.018865120423883
2020-07-14,2.079368876127537,2.00881304507209,1.8564857349137172,2.0511300077524433,1.9358991389007896,2.0751985693339714,2.011233984450453
2020-07-15,2.1141944869486466,2.035614711651961,1.8875784623471739,2.080818296314066,1.9683218950429495,2.1075913459606546,2.044918460935983
2020-07-16,2.1090823247589814,2.0102938169216236,1.883014261983959,2.0618810115494774,1.9635624555348785,2.09545040529265,2.0399738094852866
2020-07-17,2.0991108717999016,2.0102958539971225,1.8741116279263743,2.0586132569991284,1.9542790006276272,2.0888264670131185,2.030329092140571
2020-07-20,2.1001818862311405,2.0180974418888784,1.8750678425914629,2.0642827340307286,1.9552761185219025,2.0922323006848513,2.031365012532895
2020-07-21,2.0968150611835883,2.0382162226736082,1.8720619003825116,2.0768938982485907,1.9521415935296247,2.0969435748904863,2.0281085085844723
2020-07-22,2.08503362782743,2.023312014699766,1.861543293889143,2.062871149684096,1.941173041027445,2.0839692556303793,2.016713118654634
2020-07-27,2.0929205500980164,2.0269014270141454,1.8685848336831716,2.0679037824277207,1.9485157911318132,2.0904486276942538,2.024341609340165
2020-07-28,2.0780896972059915,2.0297852463936654,1.855343668468694,2.065007384273336,1.9347082191937814,2.081591524110986,2.0099967205148714
2020-07-29,2.0505446997814394,2.009903567767092,1.8307511609179654,2.042423404311635,1.9090637376362223,2.0564255325957523,1.9833542928254508
2020-07-30,2.028449515088311,2.0036958445960935,1.8110243122265162,2.030947686092723,1.888493049331538,2.039602510097655,1.9619831032988053
2020-07-31,1.9680953945702249,1.9518454240084462,1.7571394219256873,1.9758141267866027,1.8323031682183464,1.9815989575614756,1.9036066123927504
2020-08-03,2.000606702063885,1.9897882489809582,1.7861659112986443,2.012334235329306,1.8625713004887148,2.016296221929981,1.9350526185635946
2020-08-04,2.0492736944196452,2.016877270268395,1.8296163919261528,2.0469156364592456,1.9078804275397387,2.0581452940353544,1.9821249346257552
2020-08-05,2.0509142653726307,2.015602623368384,1.8310811135569791,2.046606305960134,1.9094078043951164,2.05881704274062,1.9837117488232876
2020-08-06,2.045299483555419,2.0079925711838524,1.8260681682984548,2.0395928870777706,1.9041804243906129,2.0524740215729196,1.978280947133555
2020-08-07,2.043769757411175,2.0047924882059327,1.8247024102563307,2.0369224275315556,1.9027562444101416,2.05036530151142,1.97680134568163
2020-08-11,2.110018031682685,2.048039082507499,1.88384967246637,2.0882923777255535,1.9644336017026693,2.1094847557389635,2.0408788560049516
2020-08-12,2.1416570881412453,2.063814582674105,1.912097405543358,2.1095367191032603,1.9938896654424652,2.136071430896862,2.0714811922791725
2020-08-13,2.1575896757670243,2.0940061297883057,1.9263222128813455,2.1352344758046415,2.0087229559756237,2.1569743753002837,2.0868917151840254
2020-08-14,2.1517831117982706,2.1008063129217995,1.9211380421934923,2.137872431790608,2.0033170261686832,2.1553698995369523,2.081275415488037
2020-08-17,2.1352696107804405,2.0806661872905723,1.9063945883383118,2.1187567772577696,1.9879429033914922,2.137471751239477,2.065303014039397
2020-08-18,2.133478396065705,2.0821002569380727,1.9047953701311664,2.1191230849071436,1.9862752767074277,2.136752634615349,2.063570492239593
2020-08-19,2.140247732523419,2.085106137666387,1.9108391157661313,2.1234193842523976,1.9925775508108199,2.1423162257614172,2.0701180171603704
2020-08-20,2.124746692725176,2.0657917061047715,1.8969995995590017,2.105199895059954,1.9781460326987612,2.125377243005304,2.05512490151145
2020-08-21,2.130183278727317,2.071517281868619,1.9018534494340669,2.1108830143868196,1.9832075118239585,2.130964008167074,2.0603833463465273
2020-08-24,2.130045155495805,2.0773569236098206,1.9017301313388961,2.1147739099698604,1.9830789186493585,2.1328436830324877,2.0602497490130056
2020-08-25,2.1611424829342463,2.0902976268790194,1.9294942021808732,2.133925338106103,2.0120306309219345,2.1581088525195886,2.090328107157066
2020-08-26,2.156606451352896,2.089310286283197,1.9254443782075636,2.131738778856748,2.007807570870792,2.154727617955569,2.085940708184382
2020-08-27,2.139386823197452,2.0811753425822,1.9100704854855395,2.1204805093821526,1.9917760414480772,2.1404100647702635,2.069285317337941
2020-08-28,2.1356693693625295,2.0554891871834373,1.9067514976455433,2.1019159600151887,1.9883150799224183,2.1292362109074614,2.065689673691324
2020-08-31,2.1581855012766678,2.0685880086099964,1.9268541731178628,2.118296828533825,2.0092776714492926,2.1487891269117387,2.0874680172185296
2020-09-01,2.1527838965450754,2.0675200639386797,1.9220315549451223,2.1157549995496336,2.0042487599999466,2.1447914199641356,2.0822434074191474
2020-09-02,2.157928795864592,2.076590121056543,1.926624983414648,2.1236282412266325,2.009038677881632,2.1513449657347725,2.0872197232988285
2020-09-03,2.1670260568267277,2.0844113053088313,1.9347471282620041,2.1319442700346927,2.0175082572165657,2.1600917874606766,2.096018893384771
2020-09-04,2.155725957696904,2.058521588800635,1.92465826279976,2.1105798795045523,2.00698782843355,2.143633917706801,2.085089065753665
2020-09-07,2.150315995432606,2.0576171249022366,1.9198281829205253,2.1081905334450526,2.001951136094265,2.1397279105429923,2.0798563722737025
2020-09-08,2.164956680485445,2.070769014338138,1.932899563983311,2.121959300276742,2.0155816611598762,2.1539999394312006,2.094017324508759
2020-09-09,2.144766320802944,2.0555282396861685,1.9148733661481552,2.104947381842685,1.9967843710916304,2.13531954500175,2.074488544397676
2020-09-10,2.171506397563862,2.079472178036164,1.9387472307746152,2.130042458038492,2.021679468911892,2.1613596847779815,2.1003524263408018
2020-09-11,2.1858231729907986,2.0947299970991393,1.9515294213975551,2.1451418192289773,2.035008433069737,2.1761447877851414,2.114200082529647
2020-09-14,2.2066838981770096,2.1128366865273236,1.9701541296793676,2.1643285333912847,2.0544298355868507,2.196261441768014,2.1343772622097257
2020-09-15,2.187413458011797,2.1013452068517267,1.9529492471388297,2.150175824093714,2.0364889935600385,2.179488523765081,2.115738258519446
2020-09-16,2.184602377675304,2.1066127312450895,1.950439480543633,2.1528485245862083,2.0338718686885087,2.179442892028563,2.1130192891385517
2020-09-17,2.175866612804101,2.1027404145950763,1.9426400837876558,2.1473449179048902,2.025738843381668,2.1723016570689224,2.104569769964324
2020-09-18,2.1863884446306714,2.1103540460448644,1.9520341027688224,2.1559860392521353,2.0355347027919763,2.181922896818384,2.1147468318561424
2020-09-23,2.1785871180202707,2.105875088721542,1.9450689838176416,2.150374692058348,2.028271642523668,2.175192536813806,2.1072011321090844
2020-09-24,2.1529330065455228,2.086630593017206,1.9221646821607599,2.128841431215581,2.0043875818919057,2.151498712474529,2.082387631517028
2020-09-25,2.1630232240593075,2.094492203039615,1.931173350652232,2.1375103316989494,2.013781606983132,2.1609190264655407,2.092147221846193
2020-09-28,2.2008858068161277,2.1309582096137745,1.9649775234385114,2.1747919432551286,2.0490317938051996,2.198676663506257,2.128769157498804
2020-09-29,2.2036482516448737,2.143836567292303,1.9674438676629205,2.184482791645919,2.0516036388619505,2.2049646802977905,2.1314410850165855
2020-09-30,2.1534393966350285,2.098913809923586,1.9226167933702052,2.1373871795494335,2.004859032700599,2.1560824821870104,2.0828774286709124
2020-10-01,2.153377597128715,2.0978098528362374,1.9225616180219476,2.1366172717853904,2.004801497160642,2.1556657901801413,2.0828176541553143
2020-10-02,2.130264627422499,2.0657576298650446,1.901926078535085,2.1072094750191748,1.9832832477218834,2.129262037733875,2.060462029480732
2020-10-05,2.173915007817025,2.094707787239691,1.9408976672014073,2.1413034920852905,2.0239218928360807,2.1683094067254007,2.1026821134165634
2020-10-06,2.185027170541663,2.1074231340513685,1.9508187407632802,2.1536124288096645,2.0342673522189365,2.180080729121049,2.113430162773807
2020-10-07,2.183650749080659,2.102065386753238,1.949589855000432,2.149519285774941,2.032985899393652,2.1773269698397395,2.1120988426549574
2020-10-08,2.1923530975985943,2.11644002294279,1.9573594172311999,2.162157859577127,2.0410878139676836,2.1880583927304738,2.1205160404329675
2020-10-09,2.1787174532975992,2.1054399515409705,1.9451853487329263,2.150178980187736,2.0283929850877715,2.1751904887551787,2.10732719667711
2020-10-12,2.171972118151782,2.101878670551776,1.9391630317601227,2.145529927943885,2.022113056283266,2.1694689874654287,2.1008028866147983
2020-10-13,2.1772390077904262,2.104103532571764,1.9438653746651091,2.148782573129803,2.0270165475460216,2.1737460522972207,2.1058971955443995
2020-10-14,2.1636321985061953,2.099370183318797,1.9317170504192878,2.1410683308323257,2.0143485641598384,2.163043909890499,2.0927362419653757
2020-10-15,2.1493793603314457,2.0788923654603066,1.9189919437500305,2.122449937785014,2.0010791257902616,2.1465177277060716,2.078950427990265
2020-10-16,2.1317030081745623,2.0569736298175605,1.903210282303948,2.1017208732274235,1.9846223848472375,2.127213225248845,2.061853278664241
2020-10-19,2.159245258049055,2.0842035600318747,1.9278003368086827,2.129319271664501,2.010264308426818,2.154921206268951,2.088493048832855
2020-10-20,2.1374677678157146,2.0714047049546624,1.9083571295814437,2.113426194097624,1.9899893946901763,2.1360035063840517,2.0674291438392873
2020-10-21,2.1595292701297075,2.079941313843961,1.9280539062365645,2.1265191431434136,2.0105287245911097,2.1536508169953397,2.088767754660744
2020-10-22,2.1348676294510605,2.0524767327519715,1.906035694535358,2.0997141464571105,1.9875686574756564,2.127784908620725,2.0649142044731637
2020-10-23,2.145311498537004,2.056335952193757,1.9153601074367712,2.1057887477953763,1.9972919333226642,2.1360767710479123,2.0750158582374154
2020-10-26,2.138494083756249,2.048162372371285,1.909273436892278,2.09798410812823,1.9909448981452542,2.1287273314770427,2.0684218303809034
2020-10-27,2.1287540539216008,2.051540714559023,1.9005774202050734,2.097056593416803,1.9818768989142186,2.1233842497727324,2.0590009530955378
2020-10-28,2.1113637697861116,2.048402928047856,1.8850511637556855,2.0891743948300343,1.9656864882229563,2.1107036329354583,2.0421804981709255
2020-10-29,2.1053221489710947,2.051168327981896,1.8796571314665589,2.089053900494657,1.9600617197330392,2.107618828307734,2.036336843760288
2020-10-30,2.068149838577436,2.0069713320308233,1.8464692422123292,2.046749839837513,1.9254541787102777,2.0676723169659637,2.000382562246034
2020-11-02,2.1127948314330816,2.0374754230049192,1.8863288329388126,2.0822369437079185,1.9670188112378328,2.107934175540297,2.0435646680752044
2020-11-04,2.136899772387527,2.0647674693689524,1.907850016378956,2.1087501309466847,1.9894605891122186,2.1333791137737386,2.066879759975127
2020-11-05,2.156363542389239,2.096653079079753,1.925227506140712,2.1368682899075693,2.0075814218411616,2.1573211946982456,2.0857057586434697
2020-11-06,2.1714654857743803,2.1141152240549674,1.9387107042331073,2.153726645123321,2.021641379903759,2.173387998256143,2.1003128551120906
2020-11-09,2.192717325954699,2.152583518755275,1.95768460472204,2.1869170741841457,2.041426911743475,2.2007894913834005,2.1208683340814436
2020-11-10,2.2449775644144023,2.156569217425048,2.0043431790219075,2.206800709921343,2.090081362521493,2.2369240076479104,2.1714161559866096
2020-11-11,2.2903489364649454,2.187855461222481,2.044851289897436,2.2430214778586817,2.1323222564253057,2.277891390636353,2.2153008396696414
2020-11-12,2.2728020149992076,2.1947185994276097,2.0291851857411305,2.24193304272253,2.115986015873729,2.2685871801141357,2.198328879966129
2020-11-13,2.237326361381972,2.16627512055549,1.9975120922206622,2.2108999514603047,2.082958067789092,2.2351821227179958,2.164015660702958
2020-11-16,2.2781338334765864,2.198828988132612,2.033945497900288,2.2464850705902397,2.1209499560950307,2.273551058812067,2.2034859902045953
2020-11-17,2.291483869195326,2.197616985566614,2.045864571594699,2.250044968056452,2.133378882462503,2.2820126356273387,2.216398583943692
2020-11-18,2.2732037474548403,2.1817793678996726,2.029543857346586,2.2332493534733153,2.1163600300872996,2.2643921561829137,2.1987174488134857
2020-11-19,2.277704890968053,2.1912571736229753,2.033562532829813,2.2411853840342877,2.1205506092343365,2.2706545355325,2.2030711028989125
2020-11-20,2.277900800406172,2.193387666024456,2.0337374431506214,2.2427012742992707,2.120733001553906,2.271519563957994,2.203260592952526
2020-11-24,2.321687504794357,2.2407380103578434,2.0728307435307527,2.289346135845913,2.161498564746452,2.3169728054831227,2.2456125339398367
2020-11-25,2.3272739846824027,2.2508130071656502,2.077818420483893,2.2980455865939335,2.1666995955635024,2.3241630254091037,2.2510159610725977
2020-11-26,2.329949433877701,2.271764539080795,2.080207093952358,2.313199050035052,2.169190447404565,2.333167909887478,2.25360374355171
2020-11-27,2.336327584270006,2.285504267122777,2.0859015839268835,2.324655402318037,2.175128526017744,2.342148516871747,2.2597729004407126
2020-11-30,2.2790386320733194,2.255748363533566,2.0347533130537654,2.28556220360705,2.121792326510595,2.2937821125307885,2.204361141173586
2020-12-01,2.3011040629801944,2.275171020990835,2.0544535972042266,2.306038839960685,2.142335313944189,2.315152074464079,2.225703551859322
2020-12-02,2.3140489041994186,2.277328071572845,2.0660109083384435,2.3118205844364526,2.1543870029240555,2.3245663052332923,2.238224228148324
2020-12-03,2.318395508506774,2.272357478381791,2.0698916093456394,2.309913872685694,2.158433705571362,2.3257957517382035,2.2424284068297866
2020-12-04,2.319441775622469,2.2696034702228154,2.0708257293074688,2.3084024613184293,2.1594077836349452,2.3255633868176053,2.2434403908043747
2020-12-07,2.3014024947710334,2.2479285024914755,2.0547200407241326,2.2877304474774776,2.142613154905232,2.306111828599512,2.225992204905286
2020-12-08,2.294429500689613,2.2496671209242134,2.0484944670943577,2.2865759360001126,2.136121274896466,2.3020245098455248,2.2192476956308935
2020-12-09,2.317752977185104,2.281947616697539,2.0693179495940632,2.3161794030305534,2.1578355068358617,2.328617670329042,2.2418069293973537
2020-12-10,2.3126438682501633,2.2768921568694,2.0647564752136724,2.311056682162663,2.1530789099177996,2.3234760378867585,2.236865231155073
2020-12-11,2.322173066293417,2.2776089040442766,2.0732642587222023,2.314724207690389,2.161950624070175,2.330110733922244,2.2460821849958186
2020-12-14,2.332666585328024,2.2925882282316694,2.082632999699548,2.328351250213259,2.1717201241797306,2.342229971999627,2.2562318618238106
2020-12-15,2.3179875663943057,2.282371293882342,2.0695273936832996,2.3165440506744934,2.158053910147223,2.328918725352992,2.2420338317980524
2020-12-16,2.328124377452938,2.289390665049737,2.0785776614563334,2.324673303742306,2.1674913139791747,2.338098762524887,2.251838488936637
2020-12-17,2.3225635580157413,2.3046975796312412,2.07361289446472,2.33315878039074,2.1623141731247344,2.3395608838825255,2.2464598814361194
2020-12-18,2.3261084520522655,2.299759257708544,2.076777818825252,2.3310060648541184,2.1656144809208104,2.3402635400871885,2.249888619568822
2020-12-21,2.318659044150036,2.2969628162176163,2.0701268971620412,2.3266280160590753,2.158679058106315,2.3343184219861652,2.242683307173794
2020-12-22,2.2808880286869475,2.258769862848903,2.036404476765417,2.2882032594005053,2.1235141207304244,2.2960293163839154,2.206149938420078
2020-12-23,2.2814722653476136,2.269489248022967,2.0369260903371083,2.2956416344414667,2.12405804694827,2.3000571034446238,2.2067150313385993
2020-12-24,2.2996442318338217,2.2802209126856177,2.0531502422633423,2.308963455929273,2.140976206432459,2.315885789707872,2.224291555148757
2020-12-25,2.3099580366858463,2.280726345064514,2.062358532240312,2.3127502900916954,2.150578392057652,2.322975074186252,2.2342674065070853
2020-12-28,2.319346138075961,2.2971011004245754,2.0707403429468036,2.3269509787603724,2.1593187447702897,2.3348261857779464,2.243347887023091
2020-12-29,2.3571607576120344,2.342076578919517,2.1045016935882783,2.3699733315165967,2.1945242776789473,2.3754451091844033,2.279923431070693
2020-12-30,2.3394906525652117,2.3231009347876217,2.0887256096377746,2.3512486041817957,2.1780733528155647,2.3571567567530884,2.262832324155039
2021-01-04,2.321348144740015,2.316139177123062,2.0725277587611357,2.340482142292097,2.161182619439913,2.3426248590159213,2.2452842937309483
2021-01-05,2.3141288117647503,2.3183289600543198,2.0660822507812666,2.339531061136127,2.154461397125438,2.338506131574971,2.2383015173743273
2021-01-06,2.335608801088002,2.3188952843890926,2.0852598455902167,2.347131592386552,2.1744593365540217,2.353148310275428,2.2590776697004173
2021-01-07,2.382839930510014,2.362207082008695,2.12742837038757,2.392183079001928,2.2184316705766727,2.399526693169171,2.304761171895774
2021-01-08,2.4144504667827795,2.401904017988491,2.155650640297011,2.42954954676752,2.247861181931389,2.4341771656254227,2.335335922508032
2021-01-12,2.4227084374129677,2.405827861888291,2.163023456563662,2.4349682821432563,2.25554937925683,2.441055843983236,2.3433233033737872
2021-01-13,2.4315680133281976,2.4167585014692703,2.1709333933203574,2.445309497642303,2.263797673045502,2.4507015753742736,2.3518925766629564
2021-01-14,2.4394977262799227,2.430440566221479,2.1780131371531373,2.4571917660212717,2.271180261412201,2.4606493457330467,2.3595624559030206
2021-01-15,2.4187162733065186,2.4081193362945696,2.1594592040637113,2.4351702975672844,2.251832661581216,2.4391425666826483,2.33946195091508
2021-01-18,2.399938117255815,2.396200444874347,2.1426938387471743,2.420829877976126,2.23435013765482,2.42249065731451,2.3212991006156063
2021-01-19,2.4114061310704105,2.40837767096484,2.1529326204751373,2.43288753177703,2.245026895551631,2.4343115665500568,2.3323913408539116
2021-01-20,2.404799857743097,2.4013627977774714,2.147034459579347,2.4259415559667254,2.2388764337492466,2.4275019869877084,2.3260015359573387
2021-01-21,2.415688748621889,2.418736513697339,2.156756193331156,2.4413053147621757,2.249014026322574,2.440685246600685,2.3365336294400425
2021-01-22,2.408209946916193,2.4148379649233447,2.1500790285239524,2.4361654838140407,2.242051237782125,2.434339303390897,2.3292998863912984
2021-01-25,2.4167260816150953,2.4193047224175883,2.157682336800144,2.4420367296601007,2.249979786689268,2.4415747092789206,2.337536972037443
2021-01-26,2.3992085951273303,2.3985254870684645,2.1420425125489295,2.4221510186955526,2.2336709501972427,2.422783728083598,2.3205934828129826
2021-01-27,2.4110603196554683,2.4165269143584456,2.152623875852583,2.4382612399386474,2.2447049440075375,2.4368263899475204,2.3320568606768117
2021-01-28,2.392148132610578,2.382864446747518,2.1357388460399576,2.409227705499753,2.227097636792707,2.412753567626368,2.3137643711903846
2021-01-29,2.356005089891239,2.3359504092834475,2.1034698994402614,2.3654759794794797,2.1934483472987103,2.372620518227932,2.27880563123177
2021-02-01,2.375469162321549,2.370729450298,2.120847659213935,2.395447201727442,2.2115694615896544,2.397441087500509,2.297631922419002
2021-02-02,2.398071052998332,2.395312411161743,2.141026901148954,2.4196040391900415,2.2326118948015043,2.4209350334240933,2.319493214642745
2021-02-03,2.4365519423310866,2.4140139386860726,2.1753831055402095,2.4451365547842814,2.2684377270425595,2.4531303267509132,2.3567131967567634
2021-02-04,2.4322248634738117,2.402793849182846,2.1715198370914974,2.4361240162809565,2.264409202652335,2.4464367555319653,2.352527903732971
2021-02-05,2.4643132900059403,2.4330176145999856,2.2001687732166095,2.46726937129754,2.294283631381843,2.4782150095609388,2.3835648855258063
2021-02-08,2.5175901229419866,2.4787241432103513,2.247734975386255,2.515966387582537,2.343884534900381,2.5294685933038252,2.4350959910526035
2021-02-09,2.5139415801023817,2.482491774315175,2.2444775121180918,2.5172779205535454,2.3404877297339075,2.5282837605901385,2.431567000387704
2021-02-10,2.5188380557238608,2.4881330012813283,2.248849144899072,2.522723834883929,2.345046364350447,2.5334798670590883,2.4363030326939548
2021-02-12,2.522945855114757,2.4930819943707143,2.252516637982497,2.527438345336505,2.3488707388493206,2.537911981642204,2.44027623140397
2021-02-15,2.5479254529079554,2.5238063263531756,2.27481872564927,2.556531352402932,2.372126825065249,2.565075916585238,2.464437320172956
2021-02-16,2.561939173245404,2.5369945561906846,2.2873303450152354,2.5701257004866673,2.3851736439560787,2.578950418545245,2.4779918515092865
2021-02-17,2.568105657411208,2.529021112033236,2.2928358568173097,2.566827430846041,2.390914660628819,2.5804116716038767,2.483956277860583
2021-02-18,2.5409209012047733,2.5024469247621908,2.2685649769923018,2.5397887991022796,2.36560556480871,2.55316300179322,2.4576622873286076
2021-02-19,2.5157090735082943,2.4887907734842134,2.2460555516532135,2.522115155935576,2.342133271802851,2.531596312379927,2.4332765781572263
2021-02-22,2.5350563533636983,2.4976177739000827,2.2633290376004647,2.5345645088160427,2.3601456518293813,2.547589286375847,2.451989903723746
2021-02-24,2.511236245535967,2.4397723336615753,2.242062156628078,2.487591996264089,2.337969054515822,2.5120632648947394,2.4289503117944737
2021-02-25,2.5389537880231776,2.4777969048250994,2.2668087145020235,2.522522895795577,2.363774176083942,2.5435302103682864,2.4557596307449168
2021-02-26,2.4678385827401073,2.3927876664470773,2.2033161972968256,2.4413547552687147,2.297565690302122,2.467025866322129,2.386974664634022
2021-03-01,2.5126247649506923,2.4470157469549805,2.243301843590638,2.492933668465515,2.3392617705750904,2.5154358626241464,2.430293333452163
2021-03-02,2.499425035137376,2.440644258973496,2.2315169648303224,2.484240874621985,2.326972779490973,2.5044429846592755,2.4175261205295833
2021-03-03,2.5232279045989823,2.444436697954867,2.2527684551805005,2.494688720224827,2.3491333278299993,2.5216288105592284,2.4405490389440283
2021-03-04,2.505152054545853,2.411346874068783,2.236630117170667,2.4662368228732094,2.3323046530554103,2.498226416347308,2.4230654821100006
2021-03-05,2.5207901337089362,2.4284677095982987,2.2505919837836665,2.483036735236328,2.3468637552586977,2.5145299812574557,2.4381911467409405
2021-03-08,2.5354452115182253,2.4129920247211945,2.263676214873854,2.4773727552107396,2.360507680027045,2.5190081654720333,2.4523660201235313
2021-03-09,2.581044199824106,2.4308464487176,2.3043875443008957,2.504579606876869,2.4029604853996536,2.555559383129102,2.496470861736887
2021-03-10,2.574802092102021,2.438738886353072,2.298814514871203,2.507875569261967,2.397149062951793,2.55409769398167,2.4904332897940784
2021-03-11,2.582017370093982,2.4492698572780083,2.3052564025128315,2.5174142023295243,2.4038665100637164,2.562521735415381,2.497412144037446
2021-03-12,2.606159582499896,2.4964525662818944,2.326810862356582,2.5574439308564103,2.4263429877797855,2.594801872897801,2.520763286111392
2021-03-15,2.6381870077739853,2.506810451677665,2.355405335819171,2.575070907579693,2.456160624141058,2.6197265438591426,2.551741265480621
2021-03-16,2.6494075901447314,2.5274686833200133,2.365423207755154,2.592812377368218,2.4666070225645766,2.634293917394538,2.5625941818863898
2021-03-17,2.651422868986649,2.52778031986292,2.3672224731307425,2.593690528734503,2.468483253674652,2.635745723103648,2.5645434258813067
2021-03-18,2.682028354843142,2.556525051559304,2.3945474218471516,2.623335155499795,2.496977059846054,2.6660216919563053,2.594146058666612
2021-03-19,2.695025768562126,2.5540945969282194,2.406151670346342,2.6259829658981664,2.5090776939929778,2.673863524784652,2.6067175848069217
2021-03-22,2.6759985651752913,2.520357596718739,2.3891639525496107,2.5967768889772165,2.491363306192357,2.6496044281793947,2.5883138477307366
2021-03-23,2.6451324448327806,2.4968219888177376,2.36160630620515,2.5705839797709062,2.462626848472765,2.620939433341929,2.558459120696154
2021-03-24,2.5805141843370736,2.4472565845306407,2.303914340050194,2.5155496994710504,2.4024670392695646,2.56082863536767,2.4959582133212823
2021-03-25,2.625630935551156,2.483952261550473,2.3441951223568815,2.555393602917522,2.444470880352346,2.603514024093722,2.5395966193547257
2021-03-26,2.6627174930354505,2.5179611491216707,2.377306450374291,2.590756947836285,2.4789985851395544,2.6399193230069584,2.575467957833928
2021-03-29,2.6707932720041296,2.533947136875223,2.3845166037173526,2.604285086343959,2.4865171614397514,2.650786854426828,2.583279116930897
2021-03-30,2.6741333220193413,2.5399141310012316,2.387498640852912,2.609442353823091,2.4896267587904513,2.6550606573366036,2.5865097231871896
2021-03-31,2.6362714874688113,2.512247511735548,2.353695136074277,2.5781301285407467,2.4543772685508563,2.620311129517639,2.5498885112243173
2021-04-01,2.6256491842479233,2.525930959512622,2.344211415014533,2.583917193769807,2.44448786994797,2.6179227721404486,2.5396142700945883
2021-04-02,2.6291852564179767,2.5520391187189784,2.347368463105757,2.6028821557938455,2.447779964557872,2.629292880452459,2.5430344754278167
2021-04-05,2.651188227703694,2.568169834727789,2.3670129825494275,2.621100587281623,2.4682648018824573,2.6494910897353607,2.5643164731131605
2021-04-06,2.6127521813882457,2.5339474453284483,2.3326968145475284,2.585153531224546,2.432480718635333,2.612119550626804,2.5271398646407346
2021-04-07,2.632552339644455,2.564212980849344,2.3503746358199824,2.612288898063191,2.450914729915563,2.6357367376970253,2.5462912290953894
2021-04-08,2.6050495690188997,2.5565625407083594,2.3258198288671945,2.5980496395542967,2.42530956164424,2.614812491177424,2.5196896445551435
2021-04-09,2.6085059919864175,2.556816056501269,2.328905765185033,2.599356358847409,2.4285275025893576,2.6171975752797265,2.5230328105593656
2021-04-12,2.605014221507096,2.547342248474807,2.325788270180238,2.5917500731359238,2.425276652996597,2.611603633576238,2.519655455278858
2021-04-13,2.606914456754202,2.5580402873344306,2.327484823240031,2.599669168869956,2.427045778148375,2.6165626127185537,2.521493425324148
2021-04-14,2.5936928162368966,2.5538747714457357,2.3156803823376317,2.592491242778787,2.4147363881280843,2.6063350503997342,2.5087050196478473
2021-04-15,2.6099626272750998,2.5649529780535407,2.330206266825437,2.6053833305882876,2.429883634747257,2.6209768945042837,2.5244417161312347
2021-04-16,2.6137347542500153,2.5646545791491917,2.3335740675074668,2.606417222179483,2.433395497142814,2.623381156982276,2.5280902414375004
2021-04-19,2.6027580646878423,2.5657216918338794,2.3237739460270004,2.603544219872092,2.4231761637117173,2.6164535563825138,2.517473226179814
2021-04-20,2.5653636140981777,2.5240926312949843,2.2903877273133997,2.5628877096887654,2.388361809449083,2.5772155662115406,2.4813040833599738
2021-04-21,2.516379818850401,2.453957261656945,2.2466544012241934,2.4989890109861927,2.3427577378824913,2.5204259221211074,2.4339253451184146
2021-04-22,2.552703784198903,2.5116601529569906,2.2790848777400194,2.5502562493421452,2.37657546692852,2.5645054299117347,2.4690590793959815
2021-04-23,2.546467882947059,2.4894932073493243,2.273517389522181,2.5330934410259465,2.370769822724497,2.552702314861851,2.463027510555371
2021-04-26,2.5526542293367758,2.503740335332697,2.2790406345584984,2.5448389082775775,2.3765293311918443,2.561736407468525,2.4690111483030672
2021-04-27,2.5374296527438642,2.494429331190427,2.26544794805187,2.533494875000839,2.3623552012167743,2.548399856531079,2.454285436961481
2021-04-28,2.5429374010015424,2.5023703791174396,2.2703653324511777,2.5407171748582202,2.367482932631692,2.554804301302536,2.459612712271223
2021-04-30,2.5385659615817944,2.4925364159312955,2.266462458354632,2.5325767112980624,2.3634131084145444,2.548501215473842,2.4553845122520244
2021-05-06,2.5916167996630843,2.553895334375314,2.3138268895788543,2.591822354857792,2.4128036099934644,2.6049619716830557,2.5066970281204806
2021-05-07,2.609653207025,2.5797670079976838,2.3299300126759204,2.6153388907945647,2.4295955634951554,2.6258444915575505,2.5241424346859738
2021-05-10,2.638837382351109,2.626385240863554,2.355985998124276,2.6566080836182167,2.4567661249727135,2.661250925627534,2.5523703291677564
2021-05-11,2.5883113587675672,2.5644339952143436,2.310875751884827,2.5978505650774157,2.409726233844969,2.6063301263299956,2.5034998969433335
2021-05-12,2.5427741320623243,2.5080154869050335,2.2702195639633964,2.544499378803967,2.3673309287220112,2.5566334402549633,2.4594547931819593
2021-05-13,2.514717867457855,2.466448020817602,2.2451705908777924,2.5070233686925945,2.3412104557688354,2.5237000719551337,2.4323178510563612
2021-05-14,2.5533530288314075,2.495687421271693,2.2796645312168753,2.539685193755324,2.3771799157780875,2.5595308302952238,2.469687050163509
2021-05-17,2.55033687436093,2.471904059319043,2.2769716719493243,2.522588688873269,2.374371866225541,2.5494233983866836,2.4667697263336583
2021-05-18,2.5890611422329393,2.524965534039236,2.3115451676502157,2.5713974502518218,2.410424284672622,2.5934133371646553,2.5042251121775556
2021-05-19,2.568784681835226,2.4956280815867324,2.293442098052963,2.5447893388005194,2.3915468345604554,2.569851398999726,2.484613052622162
2021-05-20,2.5581450200273395,2.478214755398614,2.2839428790363576,2.5294612199006865,2.381641275057015,2.556801260859389,2.4743220216960222
2021-05-21,2.558127164094622,2.482572183219491,2.2839269370432107,2.532403359772021,2.3816246511259904,2.5582708146563427,2.4743047508504703
2021-05-24,2.5717841347597163,2.4988272974516144,2.2961200459778315,2.5479537199552627,2.394339334919751,2.5729490598162665,2.4875142221672832
2021-05-25,2.5761298325246824,2.5150590617499486,2.299999937612995,2.560384278532185,2.3983851935731653,2.581379886025573,2.4917175240111233
2021-05-26,2.570152530419784,2.5094625998933293,2.2946633298478156,2.5546053044763415,2.3928203060100826,2.575471709629479,2.485936080772881
2021-05-27,2.5535508013682193,2.490723378423619,2.279841104934778,2.536392615069975,2.3773640426485563,2.557975590321109,2.4698783422674704
2021-05-28,2.6028681253828103,2.5549190434789204,2.3238722095494215,2.59626570213568,2.423278630574168,2.612849539848731,2.5175796805047828
2021-05-31,2.568765349229074,2.519165317423183,2.293424837667876,2.5607074135697614,2.391528835841694,2.5778410697926413,2.4845943534894843
2021-06-01,2.5739898710229494,2.5207093620417553,2.298089354047547,2.5635034759609447,2.3963928825041445,2.581887306689004,2.4896476828457996
2021-06-02,2.603984475529829,2.5472988110521895,2.3248689004910346,2.591488183887169,2.4243179561662433,2.6110233215028056,2.5186594510928715
2021-06-03,2.6215612932734738,2.565248885106694,2.3405616964066036,2.6094931290288903,2.4406820302491004,2.628905727325778,2.5356603274599094
2021-06-04,2.6245419778170977,2.57636257127007,2.3432228876935586,2.618017551689402,2.443457057185198,2.634693419442133,2.538543343609611
2021-06-07,2.620413713339848,2.55835893967723,2.3395371231329976,2.6044408833800214,2.4396136296248385,2.6257859382897375,2.5345503503948112
2021-06-08,2.626684024314193,2.55595095056685,2.3451353327681357,2.604889892273916,2.445451309391634,2.6291568274147643,2.5406152014510415
2021-06-09,2.629300835809477,2.5525496114803103,2.3474716537873292,2.6034525533810116,2.4478875693446156,2.629745424281602,2.5431462676176264
2021-06-10,2.6272450134549934,2.5523185801098998,2.345636190672327,2.6026134353304893,2.4459735920934076,2.6282917914611836,2.541157808603548
2021-06-11,2.620959133677659,2.5461521768441147,2.340024081021183,2.5963459513504485,2.4401214177207504,2.6219829932902465,2.535077898888881
2021-06-14,2.624633201580102,2.5551704905632726,2.343304333374817,2.603679929780835,2.443541986803158,2.627518950121835,2.538631578234286
2021-06-15,2.6418079767334866,2.573506838223834,2.3586381807929757,2.621813294282794,2.4595317579361042,2.6452643880338544,2.5552435857815525
2021-06-16,2.6458817024218786,2.5757086223017476,2.362275252461825,2.62465844660927,2.463324409707907,2.648740278299874,2.5591838272855423
2021-06-17,2.6322484978583867,2.5610521885079804,2.3501033621907643,2.610195721409198,2.4506318522314894,2.634619540157541,2.5459973433240606
2021-06-18,2.598382499334273,2.520479283252339,2.319867388246731,2.5714452371075507,2.4191024982368563,2.5981203984216985,2.5132410354216868
2021-06-21,2.5378187000082355,2.455278112565837,2.2657952941648203,2.5071341548170936,2.3627174054763143,2.5353594483626116,2.454661736274529
2021-06-22,2.6178684759219237,2.535036866314485,2.3372647043175605,2.5877839190001954,2.4372440053690236,2.6161212061582795,2.532088513030506
2021-06-23,2.6031023114247342,2.5196328020480765,2.3240812936860262,2.572438197039731,2.423496658535492,2.600987585464653,2.517806192948828
2021-06-24,2.6007909244296283,2.5247285286893124,2.3220176593623894,2.5751256981298627,2.4213447497785303,2.601181733181041,2.5155705434067266
2021-06-25,2.6231043959582774,2.5584896585412222,2.341939397186265,2.6054227490394966,2.4421186638320314,2.627629860823791,2.537152867141928
2021-06-28,2.629997140168714,2.5681005173592224,2.348093322758584,2.614226985122852,2.448535830951748,2.635520494237601,2.5438197561010294
2021-06-29,2.601939533989647,2.538673720023166,2.3230431518989185,2.584961634190034,2.4224141089882893,2.606711036621301,2.516681516360345
2021-06-30,2.5899189187909077,2.5260253350699764,2.3123110009575685,2.5723956752304757,2.41122287741824,2.5943542513356834,2.5050547818837137
2021-07-01,2.586625054281382,2.5225115790876536,2.3093701988012616,2.568920201505655,2.4081562789224873,2.590952208589697,2.5018688477679394
2021-07-02,2.6091623648337468,2.5494333766038593,2.3294917828184785,2.5946592834055617,2.429138587829946,2.6152196300319983,2.5236676759707763
2021-07-05,2.5975225608616634,2.5360997163403063,2.319099624755784,2.5817532592999908,2.4183018927417255,2.6028816364920337,2.5124092746405644
2021-07-06,2.6076226591687375,2.5456778865269585,2.328117114939262,2.5915998393134285,2.4277051168834136,2.612905647809382,2.522178421998059
2021-07-07,2.5773507319023263,2.5172950967400287,2.3010899713748647,2.5623082848718535,2.3995218548365895,2.582972978477791,2.4928984180545526
2021-07-08,2.554242253634314,2.493624309592727,2.280458441898467,2.5385873314068768,2.3780077869413034,2.559437213749961,2.470547137646761
2021-07-09,2.5462838231698086,2.483538208115491,2.2733530587222157,2.529104903532847,2.370598462477464,2.550669465368744,2.4628494818835818
2021-07-12,2.594298275541451,2.5395552443028806,2.3162209437430077,2.5830319220358033,2.415300072695927,2.601911611394676,2.5092906398057235
2021-07-13,2.620324819273382,2.5572048195568584,2.339457757433045,2.603630913595163,2.4395308689618793,2.6253344811631014,2.534464369129272
2021-07-14,2.6140351360940377,2.538236616103867,2.3338422520584885,2.5886705854414234,2.4336751536096677,2.614640061858267,2.5283807806390555
2021-07-15,2.5845401202215483,2.515089460538139,2.3075087444028837,2.5631908677293986,2.4062151985795843,2.587018762293146,2.499852230954724
2021-07-16,2.5767385392794084,2.5174490773304132,2.3005433983812438,2.562210159764705,2.3989519015276057,2.5826168867669557,2.492306285209641
2021-07-19,2.5461075867026763,2.471775325503316,2.273195712668344,2.5210603644216882,2.370434385757417,2.5465244336998216,2.4626790201747117
2021-07-20,2.5172862048586646,2.439304138058301,2.2474636336379246,2.489473272161874,2.3436015861833166,2.516160637786547,2.4348020314840606
2021-07-21,2.5338696727225143,2.462315306835968,2.2622695547412413,2.5105862736327973,2.3590408483201064,2.535113280104803,2.450842107167953
2021-07-26,2.562391526455852,2.5018970442901507,2.2877342114441195,2.546901785502858,2.3855947862558575,2.567711547563424,2.4784293824160297
2021-07-27,2.5830686816566413,2.5256090617688107,2.306195026218048,2.5698458378129585,2.404845284523713,2.5896378350096594,2.49842900716709
2021-07-28,2.566062981097113,2.5133656135332747,2.2910121306464966,2.555903603962415,2.389012922383665,2.5740898565519634,2.481980534129248
2021-07-29,2.5676939190225703,2.5314261085406136,2.2924682517935917,2.5687053741980974,2.3905313308593046,2.581362471178636,2.483558030945646
2021-07-30,2.535624405580813,2.506943253334123,2.263836201504793,2.5414665155413987,2.3606745102780113,2.5515646554026374,2.452539342516024
2021-08-02,2.5884505558405144,2.5701790636380952,2.3110000287186465,2.601887118695989,2.4098558267694137,2.608494558096462,2.5036345329316188
2021-08-03,2.572483231303579,2.567896301041034,2.2967442078453617,2.59499643201416,2.3949901960597875,2.596994980584572,2.4881904113435143
2021-08-04,2.563036300675123,2.54905622377896,2.2883098736818583,2.5791161052303395,2.386195073136267,2.5842746112293846,2.4790530292528095
2021-08-05,2.570369821148374,2.557743280977753,2.2948573296439014,2.587436120476091,2.3930226043801306,2.592140337376588,2.486146251514044
2021-08-06,2.572957193734237,2.558455966117446,2.2971673672479587,2.5887840399728206,2.395431456613369,2.5941197127523807,2.4886488433989498
2021-08-10,2.581010204423185,2.558805751757272,2.3043571927949213,2.5917183784495754,2.4029288355716076,2.599648292947498,2.496437980266728
2021-08-11,2.6139848900688123,2.602211094858633,2.333797391798177,2.6320608843043467,2.4336283743979155,2.6364857850594645,2.5283321810304544
2021-08-12,2.6187566065834726,2.6080082835817695,2.3380576381364877,2.637572185144401,2.438070857883103,2.6416527668575407,2.532947542224242
2021-08-13,2.617240791225286,2.6207749706233696,2.3367042998127565,2.645680416140476,2.436659628889375,2.644953401063995,2.5314813957422313
2021-08-16,2.5762273569471343,2.575364626621595,2.300087008599372,2.6012912601763234,2.398475989125418,2.602036946842471,2.4918118528408955
2021-08-17,2.563297204828353,2.555832424587153,2.288542812072065,2.5837767234991693,2.3864379757455016,2.586742300385607,2.4793053843330863
2021-08-18,2.5713351204340897,2.558067741026792,2.295719160545781,2.5879785324383247,2.393921301132521,2.5928986191826784,2.487079920739782
2021-08-19,2.531953942916866,2.481760300639859,2.260559167951785,2.52328410577215,2.3572572976842863,2.540626195375554,2.448989150275899
2021-08-20,2.512681982850701,2.4214676169522895,2.2433529284252547,2.4761357665095085,2.3393150406247787,2.5072815621271194,2.4303486764874154
2021-08-23,2.549480798995682,2.459166774318023,2.2762073574874506,2.513908544571702,2.3735748572958384,2.544757799031751,2.4659417020770658
2021-08-24,2.5718750522505167,2.4889544107774646,2.296201218215553,2.541515460738655,2.394423979397299,2.569880143744419,2.487602160555406
2021-08-25,2.574423964085379,2.507982332748843,2.298476917594966,2.555211286881789,2.396797024547149,2.57802977178386,2.4900675519366553
2021-08-26,2.5779993173430396,2.5141882938948124,2.3016690363173,2.5605976068148246,2.40012568997647,2.5825312907097473,2.493525751230094
2021-08-27,2.5675285369480405,2.502829452067847,2.292320596672992,2.549423245669379,2.3903773596138227,2.5716539904858102,2.483398067962391
2021-08-30,2.601018460850066,2.5543979407870103,2.322220806636336,2.595447624851415,2.421556586920776,2.611599247797562,2.5157906241181087
2021-08-31,2.6075154369631033,2.5725791115411205,2.3280213856545195,2.6098948388407117,2.427605292663699,2.622114842139883,2.522074713153354
2021-09-01,2.6320553463294227,2.5810286847007355,2.3499309141646756,2.623820866090812,2.4504520275342494,2.6414640523736055,2.5458105208109116
2021-09-02,2.62944067271995,2.574360347211806,2.347596501875846,2.618432771432956,2.448017757959862,2.6374398795483556,2.543281522477816
2021-09-03,2.6705135766981827,2.626651418754686,2.384266888358246,2.667519594533727,2.486256764206649,2.68275818959531,2.583008586429515
2021-09-06,2.6979271443754196,2.6635429703067603,2.4087420538376203,2.701630992489983,2.511778884245011,2.7136843560362074,2.609523890943532
2021-09-07,2.7221371553930362,2.688303904618624,2.43035704510363,2.7264567211170068,2.534318482687528,2.7383289641597472,2.632940610065168
2021-09-08,2.742141730906993,2.702720042529915,2.4482173725813734,2.742874151516528,2.5529428070948774,2.7566309192305045,2.6522896936164733
2021-09-09,2.7295990853122514,2.683150832448429,2.4370191465753743,2.7254439110757636,2.5412655635402763,2.741563455848288,2.6401580341669764
2021-09-10,2.757173403253659,2.710162110848944,2.461637831838921,2.752912669347261,2.5669373425937168,2.7692266315599277,2.666828821624891
2021-09-13,2.768439814778844,2.7172790169009526,2.4716966205994444,2.7614796579577483,2.5774264081080216,2.779192271649028,2.6777260654965294
2021-09-14,2.7938067963773436,2.747933892792526,2.4943445692227484,2.7906842770512332,2.6010431498977242,2.8066216005278957,2.7022618446262268
2021-09-15,2.7596391129294604,2.7159039881214238,2.463839247322301,2.7576233843939333,2.5692329262647844,2.7728350889353464,2.669213737140697
2021-09-16,2.759728475764561,2.7100693071446096,2.4639190315445716,2.753698800742718,2.569316123352856,2.7709044433382037,2.6693001718146814
2021-09-17,2.766141327365227,2.7015274761215897,2.469644503178506,2.75004076342067,2.575286508903085,2.7722810136132883,2.675502892854017
2021-09-21,2.724474175261203,2.647471910550778,2.432443564767011,2.6995606450083316,2.5364942557320895,2.7259631853077377,2.6352010525653684
2021-09-22,2.700046865377027,2.616664449289817,2.4106345664392372,2.670564859780997,2.5137523513430486,2.6991104908470254,2.6115741548312577
2021-09-24,2.7583887372567357,2.683406919407706,2.4627228967669246,2.7351839937382874,2.5680688224754467,2.760912527076243,2.6680043326549483
2021-09-27,2.762668373579184,2.689661840033603,2.466543807945532,2.740845158928119,2.5720531777125344,2.7659096104578684,2.6721437376982835
2021-09-28,2.7624377604400965,2.6934430803301166,2.466337913739884,2.7433311493048733,2.5718384761352895,2.767045245085674,2.6719206810834044
2021-09-29,2.7368765438312503,2.6661350493247316,2.443516549745181,2.716330210379776,2.5480409009236817,2.7406277006545468,2.647197031461721
2021-09-30,2.7225965129230536,2.636019693432405,2.430767165073922,2.691175322857458,2.5347461460314484,2.7208001446244605,2.633384915780229
2021-10-01,2.6672216981588495,2.5785622039407854,2.381327859300198,2.6338367673188783,2.4831920146555597,2.664153342711549,2.579824573209445
2021-10-04,2.66462492000709,2.552434330150489,2.379009424292911,2.6151900383376283,2.480774405810096,2.6534257669344754,2.577312883951778
2021-10-05,2.6463965309185578,2.527552954161637,2.3627348975834708,2.592246803315538,2.4638037167009292,2.632718396622118,2.5596817863444516
2021-10-06,2.6502430207606866,2.512040950071004,2.3661690903346395,2.5829499031254586,2.467384811166013,2.629937473331964,2.5634022378622894
2021-10-07,2.6307827100996897,2.5082194280500367,2.348794689114202,2.5739420322039055,2.4492671990944475,2.6156627338491054,2.5445795851820923
2021-10-08,2.65359073171641,2.543738204593005,2.3691579672507395,2.605636321340568,2.47050154087707,2.6430831774597108,2.566640254032276
2021-10-11,2.6957545191273713,2.59425207885588,2.406802307683573,2.6539127990646203,2.5097561631226846,2.6885568988868624,2.6074224563281945
2021-10-12,2.681125395053166,2.5987422470553803,2.393741248402632,2.6521550742546567,2.4961364013655167,2.6803617729939164,2.5932726862520075
2021-10-13,2.6697591495905364,2.5838357330254467,2.383593326692754,2.6382630465761023,2.485554390133042,2.6676592226950975,2.5822788797117173
2021-10-14,2.6751589039898445,2.6031537541108576,2.3884142928664045,2.6531951862356546,2.490581578917056,2.67790800142453,2.587501699808842
2021-10-15,2.716233285369088,2.6520955614808326,2.425085998390333,2.7000425632038425,2.528821960628955,2.722114871303763,2.627230192751403
2021-10-18,2.718499155598494,2.6749576537860817,2.4271089947938824,2.716356511897377,2.5309314931300557,2.7314973676690446,2.6294218169803005
2021-10-19,2.716592871208296,2.6736855971362927,2.4254070409858204,2.7148628207886265,2.5291567362065237,2.7297898799002214,2.6275779960048067
2021-10-20,2.717847432286448,2.6646084861373263,2.426527128321889,2.709094646991821,2.53032473662183,2.7274991548609524,2.6287914487523762
2021-10-21,2.688149352371481,2.627656373165609,2.40001232262799,2.674156377648346,2.502675728312414,2.6949969853459295,2.6000664888457226
2021-10-22,2.6824553195040464,2.6232906627925745,2.39492862107129,2.6693092605469575,2.497374565324215,2.689701789367559,2.594559032932999
2021-10-25,2.6765883450845958,2.6270768401081717,2.3896905152008694,2.669956306580864,2.491912393192583,2.6870989237272283,2.5888843022617025
2021-10-26,2.704820069691093,2.6658922707245973,2.4148961411028895,2.705680748876736,2.518196219974287,2.7192663700989117,2.6161909550735776
2021-10-27,2.699996171175853,2.65782367553128,2.4105893060420067,2.698598539087798,2.5137051548780405,2.7132753310230826,2.6115251217321362
2021-10-28,2.6754599915710484,2.6261106704160224,2.3886831075081365,2.6689269760506518,2.490861892427505,2.6860148067158995,2.587792921622618
2021-10-29,2.6748744730219856,2.630708361335169,2.3881603494509482,2.6718650780763995,2.4903167727674225,2.687208344641328,2.5872265888194677
2021-11-01,2.727195035907057,2.687625464644149,2.434872782128927,2.7278455760606337,2.539027385780273,2.7416560966356194,2.637832758493414
2021-11-02,2.703133093264846,2.6596531123912257,2.4133899881030936,2.7008957110260496,2.5166256394734385,2.7160181772814416,2.6145592559756508
2021-11-04,2.726996170857316,2.6811554049882123,2.4346952330022402,2.7234013494928155,2.5388422417767385,2.7393227734798065,2.6376404096750057
2021-11-05,2.702609101017098,2.6420040317500635,2.412922161473429,2.6887788734157123,2.5161378009985764,2.7096657005803007,2.614052433435236
2021-11-08,2.698754154471629,2.643953937869209,2.409480418475021,2.688812975594212,2.512548833315372,2.707745144218869,2.6103238023157176
2021-11-09,2.6748239191111103,2.627045596549573,2.3881152143065973,2.669393412138264,2.4902697069131356,2.6859576406697405,2.587177691413738
2021-11-10,2.6596724115395194,2.612310537992774,2.374587764707813,2.654371326482353,2.4761636044328883,2.6707926464550606,2.5725226548334112
2021-11-11,2.6625852055247745,2.6075834452924957,2.3771883424814106,2.6521439338920816,2.4788754250398948,2.671137431340774,2.5753400050015824
2021-11-12,2.694609444658836,2.6399150584774187,2.4057799713195656,2.684698195488875,2.5086900950945115,2.7035939943727607,2.606314902631358
2021-11-15,2.696028822760095,2.6429685166308317,2.407047209291475,2.6872375363301164,2.5100115406906,2.7055835450785346,2.6076877718258573
2021-11-16,2.6931403714201374,2.644477610718346,2.404468364926636,2.687295607925603,2.507322383164979,2.704160844144201,2.604893966665047
2021-11-17,2.672555279161345,2.6332945714052953,2.386089745063141,2.672865345296527,2.4881575957934357,2.6865620613383747,2.58498338822019
2021-11-18,2.659934356242854,2.5969120558378425,2.374821632113764,2.644039382695723,2.476407475797631,2.665732187147357,2.572776016367981
2021-11-19,2.6702123398306328,2.6215348616735477,2.383997940431855,2.6641270506282844,2.485976311710128,2.6809931124806696,2.5827172202210757
2021-11-22,2.668234664012804,2.604238726440655,2.3822322474919275,2.65176435438128,2.4841350891369163,2.673786388202694,2.580804347108129
2021-11-24,2.653042484138501,2.6154120067697284,2.368668485168327,2.654259411533184,2.469991120611495,2.6674038642512166,2.5661099709385744
2021-11-25,2.6646516644142126,2.626705260047537,2.3790333020237364,2.6657715653409078,2.4807993049394956,2.6790244521966167,2.5773387520221918
2021-11-26,2.6130833655138064,2.5737025486372453,2.3329924997488356,2.6127141033912165,2.4327890521257705,2.626440540784589,2.5274601968223327
2021-11-29,2.5596334822957263,2.5099777252536883,2.285271796189991,2.551774252014765,2.383027038235801,2.5689497004548367,2.4757617113697123
2021-11-30,2.5324465591501935,2.483584307024085,2.2609989816954927,2.524850853437569,2.357715924988393,2.5417543059077663,2.4494656249029525
2021-12-01,2.544477799055371,2.5035898208490788,2.2717406185035243,2.542410024109582,2.3689170481944486,2.556642620349949,2.4611026359451844
2021-12-02,2.535995142013255,2.4856952290243464,2.2641671994850667,2.527470061528853,2.3610196670938888,2.544869215793438,2.452897930990038
2021-12-03,2.582338907839147,2.523095722503531,2.3055434753088053,2.568225708787487,2.404165862742852,2.5886437806683182,2.4977231459225764
2021-12-06,2.5773555589680583,2.518527421381438,2.3010942810376553,2.5634731848339056,2.399526348850373,2.583750629393396,2.492903086951331
2021-12-07,2.635725020293703,2.5726284917642963,2.353207243557063,2.6195404950088634,2.4538685058460357,2.641265478029885,2.5493599501947735
2021-12-08,2.6387777432983563,2.585759209174507,2.355932751655143,2.6294467890093767,2.4567106008219963,2.6477800119477957,2.552312644313917
2021-12-09,2.6261042787130124,2.5680758614917143,2.344617728868786,2.613254038906766,2.444911564364671,2.6332712854048026,2.5400544524330027
2021-12-10,2.6094528565860697,2.5533883955761896,2.3297511373757627,2.5977646040945923,2.4294090365894863,2.617117697289461,2.5239486491502747
2021-12-13,2.6110355585696907,2.5483448193713403,2.331164192889359,2.5948772220473044,2.4308825372475007,2.616461058717642,2.525479490576854
2021-12-14,2.6084729160423232,2.5450334644206904,2.328876234581259,2.5917819019094077,2.4284967087785856,2.61361728763911,2.523000818418099
2021-12-15,2.6217495095254364,2.5681081323320516,2.3407297381575702,2.61182547629889,2.4408572601875114,2.6303652111125175,2.5358423764107814
2021-12-16,2.6555931142731404,2.6065441136583827,2.3709457186666087,2.649118818579212,2.4723657655039872,2.666118971009913,2.568577024315897
2021-12-17,2.6314873915331765,2.583416401156491,2.349423837238879,2.6254325564817953,2.449923259784759,2.6420990567012304,2.5452611762473016
2021-12-20,2.571242850214306,2.510399830759591,2.2956367805752285,2.5559348607195855,2.393835397259918,2.5768894008785916,2.4869906739476844
2021-12-21,2.6039082675860095,2.5401890142543433,2.3248008611151407,2.5869818773678164,2.4242470063244355,2.6089106041981287,2.5185857402625076
2021-12-22,2.603575199684153,2.547438511320549,2.324503494055523,2.5917788825794736,2.4239369190321796,2.611155203667661,2.518263586030503
2021-12-23,2.624503553853515,2.581322695327329,2.343188582313168,2.6216890554340098,2.4434212843510115,2.6367082147268017,2.5385061786879564
2021-12-24,2.6171560098095776,2.5773551728474224,2.336628605937248,2.616555836315654,2.436580697117551,2.6304359012468406,2.5313993923678044
2021-12-27,2.6051089876187303,2.569349573336087,2.3258728785132865,2.607123603687665,2.4253648805525687,2.619641075042968,2.5197471161796643
2021-12-28,2.635363312260374,2.5986901525504345,2.3528843062409446,2.637063869048403,2.4535317544988873,2.6498944949544123,2.5490100942854013
2021-12-29,2.637185153696599,2.595346621976204,2.354510868356237,2.6354070728565775,2.4552278947595663,2.6499767351386816,2.5507722392577934
2021-12-30,2.6278138405334275,2.5877749986299103,2.346144046382236,2.6271598219774805,2.4465031719404293,2.641121967240569,2.541707996867189
2022-01-04,2.670646194529918,2.643298700273192,2.3843852911657724,2.679018876451172,2.4863802318362773,2.6887195879947554,2.583136858759258
2022-01-05,2.6947954670855028,2.670266020013227,2.4059460543967193,2.705315032046751,2.5088632825744903,2.7140716253581685,2.6064948296422314
2022-01-06,2.6560229104704924,2.6172333715895406,2.3713294459208085,2.6565174586564066,2.472765907151729,2.6700670173399983,2.5689927373374917
2022-01-07,2.6619490126900214,2.6274561352529293,2.3766203418077785,2.6654062915404015,2.478283127456185,2.677510630318793,2.5747246583622214
2022-01-11,2.6643033412650854,2.6109840295687685,2.3787223148944614,2.6550637272459996,2.480475014962765,2.6735057536460904,2.577001842413158
2022-01-12,2.7037331654678964,2.667946322438883,2.413925739838956,2.706736241784473,2.517184308632384,2.719283895108709,2.6151396655517285
2022-01-13,2.6970783667677662,2.670338780781915,2.4079842549021793,2.706127546976541,2.5109886695511965,2.715628528394407,2.60870292531817
2022-01-14,2.6686003325126975,2.6351287861743953,2.3825587207605996,2.6728145723957684,2.4844755276912274,2.6845763494770445,2.581158033711057
2022-01-15,2.6685699265134204,2.6350994457318966,2.382531573915919,2.6727845806648807,2.4844472196077056,2.684545993426887,2.581128624028254
2022-01-17,2.680183241714005,2.652125784653512,2.3929000824823707,2.6881721046713865,2.4952592535641163,2.698113568207582,2.5923614045472396
2022-01-18,2.6638295775371095,2.6513395564687334,2.3782993328960265,2.6821725580345266,2.480033939402021,2.6868707645546666,2.576543602549493
2022-01-19,2.603632636331148,2.5875234575054193,2.3245547741901027,2.618925019059496,2.423990392736021,2.624830325888155,2.5183191406450387
2022-01-20,2.620203784832006,2.6031295328714092,2.339349696416828,2.6350106977192573,2.439418185506081,2.6412439345310204,2.5343473006357615
2022-01-21,2.6117404504061943,2.5678182392167788,2.3317935288644,2.6083217603242757,2.4315387938237016,2.623590840894629,2.526161285150783
2022-01-24,2.624572265249492,2.58836346248027,2.3432499286802906,2.6264943487292274,2.443485254882567,2.639169363098259,2.5385726386106264
2022-01-25,2.591846832700539,2.5554871987940113,2.314032265862736,2.5933379812487063,2.4130177714942143,2.6060577001495395,2.5069195236419777
2022-01-26,2.5828201311657364,2.5312294273498606,2.305973117327295,2.5739292619590888,2.404613883213996,2.5917743065528662,2.498188600955429
2022-01-27,2.534540240022458,2.482329184843871,2.262868245354023,2.5247448077310155,2.3596651486419185,2.5427897203261547,2.4514907019209073
2022-01-28,2.5842679234099593,2.5338927901683284,2.307265723790427,2.5762129417745006,2.405961782468946,2.593649076089784,2.4995889532437765
2022-01-31,2.59664849533584,2.559072427072167,2.318319248460506,2.597366004791543,2.417488134914428,2.6104960834053097,2.5115638497088217
2022-02-01,2.5890514329767043,2.544885023501102,2.3115364991085725,2.5852522984481716,2.4104152453237098,2.6006120254530867,2.5042157210655103
2022-02-02,2.6366486920542327,2.5944251263482627,2.354031908899925,2.634645379622303,2.4547284472380455,2.6493601900983688,2.550253355908683
2022-02-03,2.6289454721983456,2.602725241676154,2.3471543808482447,2.637702589375432,2.447556724675021,2.64702906877877,2.542802548242125
2022-02-04,2.642519024353089,2.612796975743677,2.3592730127257773,2.6490414629760024,2.4601937455662486,2.6595492696178034,2.555931334431409
2022-02-07,2.647603810428845,2.617054912439903,2.363812771362691,2.6536175556251838,2.46492769782386,2.6644046551752893,2.560849506804108
2022-02-08,2.6659141740278804,2.632587969836113,2.380160485908654,2.670231683800134,2.481974705467038,2.681957135294182,2.578559892854806
2022-02-09,2.679030490427095,2.6401660877026436,2.3918708921618745,2.679729588966678,2.4941860383932464,2.693321744356105,2.5912464255791168
2022-02-10,2.6930104110788733,2.64435591773519,2.404352334758816,2.6872202509597676,2.5072013896675625,2.7041104992294427,2.604768264747519
2022-02-14,2.676181520372525,2.649020707924892,2.3893272971671498,2.684778041315078,2.4915336380718247,2.694430122067734,2.5884908080163958
2022-02-15,2.6538120307607955,2.6169420343704926,2.3693555457197504,2.6556074800832423,2.4707075710020674,2.668523499351664,2.566854301748345
2022-02-16,2.6913351344565895,2.634317815892533,2.402856627485801,2.679864426556285,2.5056417017219874,2.699569356973346,2.603147882084887
2022-02-17,2.676995587823517,2.6392733728527142,2.390054106454032,2.6784476999597064,2.4922915374976915,2.691654997407463,2.5892782008363358
2022-02-18,2.668941614567747,2.6255597055280036,2.382863421515745,2.6664795181806733,2.484793262386634,2.681590385447529,2.581488132942261
2022-02-21,2.655836892706799,2.6139332524757135,2.371163367006816,2.654243771942632,2.4725927240129955,2.668854545854485,2.5688128148368006
2022-02-22,2.620583880828155,2.5780749342960854,2.339689050729019,2.6182252731119178,2.4397720561059995,2.633033086770368,2.534714941987705
2022-02-24,2.5956872411976657,2.568711479355254,2.31746102911538,2.603597251418715,2.4165932042074623,2.6131717174223548,2.5106340930828637
2022-02-25,2.5987859415679986,2.564104911541957,2.3202275863627926,2.6015088773797967,2.419478104259352,2.6136775949073607,2.5136312580226643
2022-02-28,2.624306410484942,2.5819062815132057,2.343012570324295,2.622059042544083,2.4432377432382055,2.636830935968896,2.538315495136214
2022-03-01,2.636072883707171,2.594824883978539,2.353517820228773,2.6347242102958637,2.4541923678073845,2.64911052552075,2.5496964151323556
2022-03-02,2.5951805531479994,2.580161018649156,2.317008651883492,2.6111741777421753,2.416121475996897,2.61672392532559,2.5101440077321096
2022-03-03,2.6339444555909837,2.6352157659061834,2.3516175338097276,2.661356398805348,2.4522107943575535,2.66142985178473,2.547637729436959
2022-03-04,2.589824949052393,2.5972566243000412,2.312227103636095,2.6209622072196157,2.4111353912882105,2.6189536166479814,2.50496389126119
2022-03-07,2.54614940421986,2.5886753641252533,2.273233047854523,2.6006023341170406,2.370473318000961,2.5867723159224125,2.4627194674530535
2022-03-08,2.481819768929069,2.4877144842927494,2.215798769780703,2.5108278899371963,2.3105822197956396,2.509316097053902,2.4004977278716217
2022-03-09,2.475693607971968,2.4903604088275277,2.2103292590280827,2.510577954108084,2.3048787441604235,2.5061122167410956,2.394572303454343
2022-03-10,2.5627347635897757,2.5630779771978074,2.2880406577173806,2.5888006353195077,2.3859143411360066,2.5891729403710895,2.4787613726638402
2022-03-11,2.537026356091009,2.5529729865055346,2.265087879912178,2.5733953037589634,2.361979730730537,2.5685104371135536,2.4538953551711127
2022-03-14,2.5555659990408572,2.572353754354741,2.281640297841452,2.5926912071360406,2.379240198189769,2.587526737953041,2.471827507752791
2022-03-15,2.566920044699013,2.551085045292615,2.2917773274180324,2.5820767877753332,2.3898108513648797,2.5878956500325314,2.482809514240843
2022-03-16,2.5960826179951075,2.577395857626522,2.3178140263121705,2.6096029258372875,2.4169613012827313,2.6163872728062603,2.511016514528528
2022-03-17,2.6470464457130767,2.6289282237283307,2.363315149389097,2.661465346040531,2.4644087894734956,2.668068018194696,2.5603104053147296
2022-03-18,2.661238749796502,2.636249522268847,2.3759862104879366,2.671149610030205,2.4776218704085573,2.6800678381564786,2.57403766872525
2022-03-22,2.7030564922106204,2.718553696827517,2.4133215977534643,2.740794875703766,2.5165543236445753,2.736092895610586,2.61448516491597
2022-03-23,2.7540916666430664,2.767135987809638,2.458886420041811,2.790684108010009,2.564068235856929,2.7868175097701573,2.663848064591591
2022-03-24,2.7524330431823354,2.7832187088150313,2.4574055809132695,2.8010181943687344,2.5625240520585404,2.791179353031015,2.6622437894146724
2022-03-25,2.7549948853764934,2.791244646233399,2.45969282467418,2.807304603701464,2.564909135414653,2.7956269768058153,2.664721687464818
2022-03-28,2.750042148178177,2.8012760326840835,2.4552709608754997,2.812444958658927,2.5602981210883837,2.795722571790674,2.6599312371105466
2022-03-29,2.7662340672226082,2.816301687605362,2.4697273024472013,2.8280106349005147,2.5753728500098063,2.811683907324833,2.6755925938950527
2022-03-30,2.7558877095006626,2.7914414885153724,2.4604899488734198,2.807735305498263,2.565740357557589,2.796292123531749,2.6655852563300066
2022-03-31,2.7250132082374448,2.770485141658419,2.4329248199413738,2.783263349013007,2.536996097173753,2.768475732420223,2.635722422993199
2022-04-01,2.720108193554155,2.7495647157876,2.4285455633825146,2.7674619076435305,2.532429512663091,2.758066212392888,2.630978131425446
2022-04-04,2.73235657602023,2.7625013324957197,2.43948106770072,2.7802963264813383,2.543832796294594,2.770671286875352,2.6428251698961733
2022-04-05,2.720885280687191,2.7565759577649422,2.4292393561933174,2.7724300319646074,2.5331529832935145,2.760935806553063,2.631729755665273
2022-04-06,2.689020704056794,2.7304260270957332,2.400790275973571,2.744076836695953,2.5034869595454317,2.7306527222895554,2.600909288861648
2022-04-07,2.654316482470876,2.686632006899788,2.3698059263205518,2.70292132376116,2.4711772171732562,2.6925505759711315,2.5673422240378807
2022-04-08,2.661064064744064,2.6748714687122823,2.3758302495559076,2.6973182810635867,2.4774592380606006,2.6931794369901114,2.5738687075957114
2022-04-11,2.668436504511427,2.6878351070164888,2.3824124531354425,2.708517222615976,2.48432300329297,2.7024975568387526,2.580999573878585
2022-04-12,2.6375325600581703,2.6525137798973786,2.354821036966473,2.6743357498870517,2.455551331204122,2.6697972462237,2.551108262119744
2022-04-13,2.6677402313547853,2.7028103483029597,2.3817908120222424,2.7183295688996645,2.483674770735554,2.7070340785508162,2.5803261155753585
2022-04-14,2.699222448217644,2.744426681065797,2.409898516807265,2.7569311417441194,2.5129848163052455,2.7422301069588277,2.6107767514328786
2022-04-15,2.6902022151463663,2.744903699410126,2.401845143394458,2.7541921358953783,2.5045869501854585,2.7362922001741485,2.6020520852570512
2022-04-18,2.671056313427468,2.737087666913685,2.384751450288216,2.74245446128914,2.4867620538543562,2.7207367503682787,2.583533539249135
2022-04-19,2.6948757351300623,2.779737667001602,2.4060177186797644,2.7791508995357987,2.508938012383197,2.751098582302522,2.606572467535602
2022-04-20,2.719335145744703,2.8079992636921802,2.427855376928763,2.8064096752546934,2.5317098026559677,2.7770820635316897,2.630230414152274
2022-04-21,2.7301645030499664,2.8068355781070755,2.4375239583845683,2.8093014628343416,2.5417919692800788,2.784013286748887,2.640704924804114
2022-04-22,2.699457178387465,2.7645670148309383,2.410108086747851,2.770525033396458,2.513203350851399,2.7491229796234555,2.611003790175326
2022-04-25,2.6572912375737845,2.712273581359732,2.3724618237309696,2.7211358230851057,2.473946723780898,2.703135039295758,2.5702195050374543
2022-04-26,2.655550805250685,2.695694445256213,2.3709079446585686,2.7094208784809353,2.4723263756674467,2.6964150937761255,2.56853610163749
2022-04-27,2.635418235753267,2.6715463965634885,2.3529333426010823,2.6863897071113416,2.4535828884481443,2.674731848464217,2.5490632180946116
2022-04-28,2.6952493722387807,2.7497303297350846,2.406351306418974,2.7591425080735688,2.509285869738058,2.7413177769341566,2.6069338616391375
2022-05-02,2.695112642034184,2.7516074140642868,2.4062292320351166,2.7603571027365037,2.5091585734760145,2.7418548921249615,2.606801611687076
2022-05-06,2.735054742017383,2.817000540958041,2.441890023005212,2.817727492639846,2.5463447975515456,2.7906652296929995,2.645434924813381
2022-05-09,2.6881831426804177,2.7805099933205093,2.4000424910253546,2.777321008849819,2.5027071871991593,2.7467551520707474,2.6000991719441684
2022-05-10,2.662875778271146,2.708632993531727,2.377447769351164,2.7206106317459073,2.4791459492051593,2.7057168842962565,2.57562105652119
2022-05-11,2.642940166407419,2.6708848844527298,2.359649013456197,2.688559129623512,2.4605858301788888,2.6796578701946654,2.5563386768811656
2022-05-12,2.627011085886592,2.6678165326600736,2.345427337304018,2.6810688242903216,2.445755804771767,2.667835148682234,2.5409315461636
2022-05-13,2.66772363098388,2.709082941148752,2.381775991009899,2.7225666212143365,2.4836593157366322,2.7091542890268108,2.580310059150497
2022-05-16,2.6581757112249513,2.6919939514539877,2.3732514925267036,2.707878047857628,2.4747701716065023,2.697002473589761,2.57107499705044
2022-05-17,2.6633156883747584,2.712901385149337,2.377840526423455,2.7236154612568626,2.479555506932292,2.70743299842432,2.5760465520456473
2022-05-18,2.6826678888362636,2.7334834349619017,2.395118405547472,2.7439873552883496,2.4975724680589937,2.727394586855605,2.5947646369842667
2022-05-19,2.6562769483141055,2.709775675711354,2.3715562539865687,2.7191219831325384,2.4730024172045373,2.7016209112221206,2.569238451097218
2022-05-20,2.6745456559219436,2.731478011067399,2.387866777558713,2.739873201576715,2.4900106429853843,2.7212197484674534,2.5869085461028236
2022-05-23,2.6953730326276633,2.740342549300827,2.4064617119129537,2.7529122106159183,2.5094009979594634,2.73828985031398,2.607053470035467
2022-05-24,2.677901455595476,2.7331199615277444,2.3908628761801096,2.7421169954282356,2.4931349033188437,2.724041125727452,2.5901543859467795
2022-05-25,2.683826983551103,2.743842223994505,2.3961532593573076,2.751310892409629,2.4986515889817524,2.7316214098390965,2.595885751524571
2022-05-26,2.6881764820808645,2.745527659476148,2.400036544361346,2.753923020042787,2.5027009861594656,2.735131186005929,2.6000927295931593
2022-05-27,2.70063846537247,2.759626288553451,2.411162754085464,2.76760654988038,2.5143031328493515,2.748266149563536,2.6121463698094196
2022-05-30,2.736029552666221,2.7846326472010885,2.4427603457673666,2.796413083280142,2.5472523494137205,2.7805753170281893,2.6463777937424373
2022-05-31,2.723631100632468,2.7904976557719756,2.4316908575202687,2.796102655824372,2.5357093505300665,2.774114402381498,2.634385603048835
2022-06-01,2.759193773357891,2.814388365297346,2.463441642755213,2.824221466930304,2.5688183136854494,2.8061692093138317,2.668782990056215
2022-06-02,2.747284002528675,2.8039222026025366,2.4528084550104263,2.8131561615209373,2.5577302785813933,2.7946156533116997,2.6572634679003655
2022-06-03,2.7540780945141967,2.8172759591301464,2.458874302680659,2.82440784095478,2.564055600161121,2.8036604138920165,2.6638349371820502
2022-06-06,2.7719109309601593,2.8505211217293804,2.474795675196648,2.852733090284694,2.5806580284826364,2.8268007326591773,2.68108344326052
2022-06-07,2.7873216346701946,2.8844226517991824,2.488554538249337,2.880671041204106,2.5950054434048373,2.8485169551714566,2.6959891828730322
2022-06-08,2.822753540966738,2.9238690788249593,2.5201885736316663,2.9191495238996725,2.6279926625926295,2.8856507887099223,2.7302600882884223
2022-06-09,2.82363766263852,2.9495467899927292,2.5209779281759395,2.93662946048009,2.628815782724289,2.894784478584103,2.731115239855367
2022-06-10,2.7905862429741513,2.9125400000564765,2.491469220110722,2.9005952813879774,2.5980448042787234,2.8600754922032934,2.699146819424304
2022-06-13,2.7465182516882405,2.869644825324632,2.452124783379056,2.8568630615232005,2.5570173620759915,2.8159400234481904,2.656522808495685
2022-06-14,2.714633123462837,2.8436831296813105,2.423657354446198,2.8286159314209036,2.527332204726587,2.7856927481921554,2.625682463513259
2022-06-15,2.6802472827145607,2.7962901227059014,2.3929572590638557,2.785178125506829,2.4953188759424525,2.7466270403335096,2.5924233471098104
2022-06-16,2.699496198698886,2.816765796991717,2.4101429245548216,2.805443790421263,2.5132396788873477,2.7664834192756755,2.61104153190423
2022-06-17,2.6622794655710407,2.775506410775549,2.3769153741450992,2.7651434817743836,2.4785907801555975,2.727536888457316,2.5750442832600435
2022-06-20,2.626180354295118,2.696225593526389,2.3446856500705415,2.699788311717932,2.444982390977296,2.676711326249684,2.540128035238766
2022-06-21,2.677951889816961,2.763968935124231,2.390907904464324,2.762772219843049,2.4931818577419222,2.734328460069432,2.5902031675849946
2022-06-22,2.673130969680146,2.7278422530747837,2.3866037285357975,2.736958771282571,2.4886935655256077,2.7190527365196036,2.585540215029149
2022-06-23,2.67557435958535,2.7136549204251526,2.388785216657468,2.72830116201916,2.4909683694181677,2.715994095733552,2.587903542128553
2022-06-24,2.6860522257200343,2.7031734933116964,2.3981399825360468,2.7248640650419467,2.5007232966273447,2.7196146583162113,2.5980380789567876
2022-06-27,2.7137969542537848,2.731103867979803,2.422910812441843,2.753015573646253,2.5265537284925896,2.747708983307026,2.6248736931458154
2022-06-28,2.7529038187432158,2.7825241647400745,2.4578258950399055,2.800758382343968,2.5629623456260684,2.7913141336188496,2.662699139024817
2022-06-29,2.74483158783936,2.77777598847366,2.450618909452121,2.7948277137123103,2.5554470725856806,2.7842629229912563,2.6548914117328697
2022-06-30,2.716311003860655,2.73903708990319,2.425155386401569,2.7591806332924214,2.5288943167955935,2.7520502355051644,2.627305364633247
2022-07-01,2.6798598787309635,2.699090302875873,2.3926113800918984,2.720014866689716,2.4949582015826204,2.7140546870342477,2.5920486372319873
2022-07-04,2.7157082329487556,2.7349583585973294,2.4246172252257385,2.7562407825613686,2.5283331351299942,2.7502808435494397,2.626722344777189
2022-07-05,2.7262807402412665,2.768442774322993,2.434056487877092,2.7823137590987272,2.5381761735627477,2.768642471707709,2.636948421646796
2022-07-06,2.6733935307405736,2.663856089964904,2.3868381462328325,2.6941555438659655,2.4889380107207946,2.6978789284418228,2.585794172724576
2022-07-07,2.7045507289453146,2.6839122273581513,2.414655670420606,2.7181713106973406,2.5179454628701454,2.7256378806590815,2.615930439843441
2022-07-08,2.7166087742626934,2.70659403113594,2.4254212394255372,2.737489313896475,2.5291715420015275,2.74138166968875,2.6275933779622034
2022-07-11,2.7576003957610147,2.7512285424319405,2.4620190559247144,2.781344952471142,2.567334873997019,2.784018775804729,2.6672418228252863
2022-07-12,2.7178499636268834,2.715220284217559,2.426529388333314,2.743704661460765,2.5303270933079527,2.7451110472642384,2.628793897148124
2022-07-13,2.7237140055770768,2.7092853565484227,2.4317648760596398,2.7417013390874954,2.535786535301236,2.7470810142880078,2.634465791438682
2022-07-14,2.723588708738944,2.707549296117713,2.4316530095239357,2.7404926015572397,2.535669883540294,2.746414522026047,2.634344600214802
2022-07-15,2.7170644652311506,2.6858992946102505,2.425828085845229,2.723740039278589,2.5295957917647947,2.73475284907034,2.6280341372583007
2022-07-19,2.733959425663741,2.7210062418664696,2.440912111289261,2.7530421521336192,2.5453250544890333,2.757927071077107,2.6443754988022197
2022-07-20,2.784902121931261,2.7716297880636427,2.48639436795111,2.80428816095758,2.592752869231186,2.8092902901785597,2.69364895055436
2022-07-21,2.7852517007098703,2.765485237465386,2.486706476121607,2.8002783092970023,2.59307832820302,2.8074667772916113,2.693987074649538
2022-07-22,2.784110795092142,2.752750452496634,2.4856878617581275,2.7913366351470263,2.592016141388413,2.8024280051080446,2.6928835532023485
2022-07-25,2.7761299083971314,2.7491186381304162,2.478562429387108,2.786196497860764,2.584585910101452,2.795822206976597,2.685164177034255
2022-07-26,2.781944659239753,2.7778734889042482,2.4837539094151775,2.8074823050799984,2.5899994619144033,2.8093862628413895,2.6907883953439824
2022-07-27,2.7843694188539323,2.77833920705377,2.4859187641872187,2.8086155548785503,2.5922569209458537,2.8111794958161305,2.6931337026130047
2022-07-28,2.7940203967769754,2.7940229097461935,2.4945352742484173,2.8224176107785306,2.6012420125595956,2.8229524638566827,2.7024684459598194
2022-07-29,2.7849582903490098,2.787172195772754,2.486444515795247,2.814749097275552,2.5928051622095043,2.8145377397372022,2.6937032784958466
2022-08-01,2.8115528330843826,2.816735143648775,2.5101884458798027,2.8436090649621213,2.6175647673819875,2.8424065922403323,2.7194263951416597
2022-08-02,2.7601113166559075,2.7614926863129816,2.464260836532467,2.7890867108583053,2.569672549459068,2.7891539272943655,2.6696704681195653
2022-08-03,2.7586403052184525,2.7496006919003526,2.4629474996921967,2.780587147335867,2.568303033060234,2.784162365531513,2.6682476574636538
2022-08-04,2.747746880791068,2.710196815744639,2.453221718333257,2.7503947244223617,2.558161219738526,2.763566053783009,2.657711178983606
2022-08-05,2.767235756330711,2.706353442278978,2.4706216226235607,2.7543783895663974,2.57630542580436,2.775408416533514,2.6765614605541623
2022-08-08,2.7803225258182933,2.7496378327615467,2.4823056490359625,2.787921955094491,2.5884892504604187,2.798788298370967,2.6892194145335027
2022-08-09,2.766289552298235,2.7415939197526233,2.469776840195211,2.7777771921417678,2.575424506794403,2.786624576712366,2.6756462608855576
2022-08-10,2.7712523325808935,2.76107331819667,2.474207670581316,2.7925604785262195,2.5800448712646284,2.7965217149325983,2.6804464252414038
2022-08-12,2.8208147345977097,2.8030307842935094,2.518457583806734,2.8375081590139386,2.6261876276017797,2.844039199651947,2.7283848109850894
2022-08-15,2.832511367892944,2.7974516536223732,2.5289004797779184,2.837696583553485,2.6370772309733814,2.850045867695804,2.739698179506234
2022-08-16,2.825575467607557,2.7857891800832553,2.5227080239388253,2.8275090946943293,2.6306198854085157,2.8414482700961505,2.732989548571684
2022-08-17,2.860471405688023,2.8185639653799353,2.553863540401814,2.8613320194515137,2.663108116456255,2.875992022826943,2.766742047896103
2022-08-18,2.840571451417586,2.810632019983525,2.536096620038313,2.8492846558202554,2.644581194764492,2.8599117208367093,2.747494157453379
2022-08-19,2.8479416010019194,2.8255905698117147,2.5426767789146814,2.861836893833516,2.651442827829065,2.869910700382703,2.7546228085958835
2022-08-22,2.852364718996166,2.848189560939932,2.5466257922688924,2.8785378125221794,2.6555607649659647,2.880493457051974,2.7589009938324685
2022-08-23,2.8316936337200214,2.8347250447286916,2.5281703967972553,2.862506903846921,2.6363159178175564,2.862032428129326,2.7389072401122148
2022-08-24,2.833693553019415,2.8591493727542554,2.5299559489871184,2.879619381568363,2.638177849143939,2.871595981954154,2.7408416278523013
2022-08-25,2.8452818213542814,2.862267530990238,2.540302095408285,2.8856247846403256,2.6489665643874787,2.880455132281254,2.752050182218768
2022-08-26,2.8483555118133075,2.8585353454724953,2.5430463235037584,2.884149167419213,2.6518281801311736,2.881271346114636,2.7550231567495724
2022-08-29,2.8114641751291143,2.8453922203936544,2.510109290982789,2.8628661675837126,2.617482226539316,2.8519862564996625,2.7193406422506383
2022-08-30,2.8487532147323726,2.8865555702557275,2.543401397490127,2.9031416200699867,2.652198442833186,2.8909645904247414,2.755407828096596
2022-08-31,2.834759354512314,2.8527631489238177,2.530907509477675,2.8756805969853696,2.6391701137757844,2.870166171213869,2.7418725061191673
2022-09-01,2.7973178051758913,2.810689173250159,2.4974792404321238,2.8347444556270283,2.604311910427815,2.830786685693461,2.7056578078419995
2022-09-02,2.7889713841892,2.7942912415947982,2.4900274546151535,2.8208995761489746,2.596541365534823,2.8196507693952007,2.6975848748815783
2022-09-05,2.7864886012621777,2.8046652397148386,2.4878107959261535,2.827036098380307,2.5942298866117324,2.8214585024566317,2.6951834455555126
2022-09-06,2.783454537724245,2.7980082324640905,2.4851019472261173,2.821535224976021,2.5914051636595485,2.8171767233198075,2.692248799486444
2022-09-07,2.769184024221445,2.7707887694633735,2.4723610598097485,2.7984131292933094,2.578119269502475,2.7984111891257344,2.6784458893525565
2022-09-08,2.819437314747091,2.8034278307477134,2.5172278066695366,2.8373339488438862,2.624905245272539,2.843271705313551,2.7270525251909596
2022-09-09,2.8345273821701413,2.8276054508518813,2.530700401759039,2.8586876332290805,2.6389541467760775,2.86156894814652,2.741648134838349
2022-09-12,2.8508445758398757,2.826447590173556,2.545268590034561,2.863420956141448,2.654145506778226,2.8721885168043038,2.757430661361756
2022-09-13,2.861269406102946,2.837807804162396,2.554576004844159,2.8745806860739425,2.6638510574196532,2.8830353711253367,2.7675139001501816
2022-09-14,2.8157549924642895,2.800042446259204,2.5139401847050746,2.8338138466999534,2.621476991335361,2.839650921604146,2.7234908619373184
2022-09-15,2.8203854720171466,2.8003304404201166,2.518074332972071,2.835571630322365,2.6257879827529913,2.842871527108019,2.72796961409521
2022-09-16,2.813210588961647,2.794514667278464,2.5116685104193093,2.829237638952421,2.619108143457367,2.8360785891218767,2.721029831163308
2022-09-20,2.822722383369814,2.804137279551682,2.5201607557514984,2.838920636299515,2.6279636547692724,2.845726128034263,2.7302299516356494
2022-09-21,2.790607153701201,2.772804284388562,2.4914878894612746,2.8070048923517255,2.598064272233138,2.813540797576404,2.699167044967432
2022-09-22,2.7858294522046165,2.779281744130126,2.487222299658563,2.8097462821888493,2.593616216710451,2.8124921463087666,2.6945458949022325
2022-09-26,2.7067334228977424,2.6649917091042266,2.416604406035958,2.7061827270710923,2.519977557988766,2.720761472507095,2.6180416132408975
2022-09-27,2.7171265277094587,2.6700028591189224,2.4258834959780695,2.7130628054057446,2.5296535721325273,2.7294554360609284,2.6280941661290638
2022-09-28,2.6880535112839894,2.651948334334151,2.39992675454347,2.691102776388663,2.5025864999504472,2.7037803192637475,2.599973788192906
2022-09-29,2.7383510386451086,2.6979258112072086,2.444832996586127,2.7390069204491145,2.549413660357198,2.7531486096630315,2.6486232113538906
2022-09-30,2.6989237031955313,2.6525621486126973,2.409631793630683,2.6951873645935396,2.512706683724877,2.7113198868708164,2.610487795419323
2022-10-03,2.7074112775839763,2.6579583444791703,2.416660681735037,2.701684993642419,2.520246296482333,2.718872591276638,2.6185390393724397
2022-10-04,2.7948610977557626,2.7263984839293838,2.4752045785702865,2.7771506557533225,2.5880832641054745,2.8007554825333676,2.6960700025604236
2022-10-05,2.799588339923734,2.729345566586719,2.478369264069391,2.780720114208941,2.591750301650726,2.8049251928903987,2.700261064792292
2022-10-06,2.8089881133957104,2.7407375103481595,2.4846620084951323,2.791566315132294,2.5990419361838866,2.815102576886579,2.708594683884928
2022-10-07,2.7843802542987883,2.726198071580367,2.4681881042437968,2.7735286241523798,2.5799530171037386,2.7936703393375324,2.6867779321291128
2022-10-11,2.748089541837047,2.703876203595027,2.4438930316837353,2.746331245520459,2.5518014224926597,2.7617629666237464,2.6546034360991633
2022-10-12,2.7434495247157056,2.6969582825096783,2.4407867396052385,2.740100024884115,2.548202047552689,2.75629770551683,2.650489705551523
2022-10-13,2.7211977342357376,2.6859015701474487,2.425890122051311,2.7252060433784786,2.53094078861149,2.7376303438348497,2.63076178907119
2022-10-14,2.778978070325466,2.7316032371412837,2.464571574208653,2.775394429514724,2.5757624106671257,2.7918966504163807,2.6819884822943663
2022-10-17,2.753724039668743,2.703212606312777,2.4476650858643993,2.7477557628910056,2.5561722404798273,2.7653089317674926,2.6595988499618084
2022-10-18,2.776885700891057,2.72046614234168,2.463170822782651,2.767151572477487,2.574139308443487,2.7866983886239107,2.6801334365403995
2022-10-19,2.7853810002878725,2.717590639586255,2.468858060680851,2.768028810793003,2.580729320281117,2.7914054295121633,2.687665170093557
2022-10-20,2.773585089329978,2.7153591218709594,2.4609612051717122,2.7625930041512374,2.5715789432058496,2.782747312057575,2.6772071916043076
2022-10-21,2.749819565874962,2.703974528118774,2.4450512084369787,2.746973328564123,2.553143444516453,2.762954724433448,2.6561372349078334
2022-10-24,2.7494278007363744,2.6972323004723933,2.4447889385110706,2.742274252720548,2.552839542702017,2.7603935274045086,2.655789905107972
2022-10-25,2.774910928049097,2.7232853194084576,2.4618487972220997,2.7684050777449483,2.5726074287771823,2.7863375622020463,2.6783826491721254
2022-10-26,2.785574646094612,2.7352098052591307,2.46898769822739,2.780032571131338,2.58087953607683,2.7975427252674936,2.687836851932174
2022-10-27,2.7699534675288735,2.738790830047757,2.458529990428779,2.7772631494194884,2.5687618052168046,2.7883055512131234,2.673987480739025
2022-10-28,2.7616631463515575,2.7301872020307374,2.4529799766405005,2.7686754417032144,2.5623308000050584,2.7798216723446463,2.6666374760763234
2022-10-31,2.7986275884533978,2.75525932230549,2.4777260822440526,2.7979605867509094,2.5910050232012205,2.8131178601230493,2.699409285031818
2022-11-01,2.8123445502644486,2.7677413897180587,2.486339310257269,2.810981381883971,2.6012655148250703,2.826557492561912,2.711397868862698
2022-11-02,2.8176425658968642,2.773830126953232,2.4910231831959506,2.8168691048480996,2.6061658906912886,2.8321800617574,2.7165057167946243
2022-11-04,2.788876643365541,2.7465499676496377,2.465591788604303,2.788814209717913,2.57955897928855,2.803619236352975,2.688772322235993
2022-11-07,2.81400115331866,2.7624709164874015,2.4878038809105307,2.8079647732372166,2.602797782411653,2.825873318048379,2.7129950095794415
2022-11-08,2.843732093570218,2.787113980220807,2.5140884289654295,2.834555655354536,2.630297282639116,2.854183028126671,2.741658783379767
2022-11-09,2.8319085279346323,2.7498081655245823,2.5036354437419797,2.8053572853902713,2.6193611284800435,2.8335612870487497,2.730259614432395
2022-11-10,2.817794534821161,2.733469816935369,2.49115753597658,2.7895925013706293,2.606306453668204,2.818542556413259,2.7166522309254875
2022-11-11,2.854008760956228,2.7453171650686357,2.5231738314271843,2.8096796839005282,2.6398026401800485,2.8468404231220528,2.7515665786557113
2022-11-14,2.821435164663355,2.7062200291150824,2.494376146260264,2.772355118431872,2.6096738379596673,2.811705621729234,2.720162183500294
2022-11-15,2.8343494288468505,2.720661594296312,2.5057933969308666,2.7864359089416726,2.621618828862972,2.825274793925168,2.7326129013121516
2022-11-16,2.831358414774722,2.717573933162985,2.50314909935916,2.7833487880534826,2.6188523037729174,2.822219615373957,2.7297292471097725
2022-11-17,2.8405995804866326,2.7356041386196193,2.511319034860116,2.7986356092291462,2.627399878671205,2.8345493135769924,2.7386387091508744
2022-11-18,2.8456716640506157,2.73628118882044,2.5158031656359325,2.800783902689516,2.6320912796811062,2.838178270684742,2.7435287346510515
2022-11-21,2.855394878610377,2.7360449022703173,2.5243992711805845,2.803863417887918,2.6410847235054673,2.844612737058851,2.7529029428124776
2022-11-22,2.8921788212428,2.7755629880999786,2.556919241944708,2.842875769412593,2.6751078667437413,2.8827119198605184,2.7883665575578833
2022-11-24,2.925172914626995,2.791682011362053,2.5860886804403256,2.8647823685300327,2.7056256058682573,2.91030633242607,2.820176356424296
2022-11-25,2.9311998562284307,2.7981343802616676,2.591416982700753,2.871159157461694,2.7112001985497285,2.91654109449943,2.825986966156434
2022-11-28,2.9083299932304083,2.7829268430067273,2.571198180069747,2.8532428167121164,2.6900468210448505,2.896040564415714,2.803937997160729
2022-11-29,2.899452010182233,2.783370488361092,2.5633493273228813,2.850585307679508,2.681835170327214,2.8902430218859143,2.7953786816549675
2022-11-30,2.8892415631329844,2.7822221034234897,2.554322468977427,2.846405924376935,2.672391062990629,2.883010726759394,2.785534729793925
2022-12-01,2.879792746020835,2.774825218403669,2.545968952898055,2.838251504811516,2.6636514218583174,2.874171106908747,2.7764250698204536
2022-12-02,2.8339018766853963,2.717261655926324,2.5053977247390256,2.7839223171747647,2.6212048674927098,2.823762087599776,2.732181413649425
2022-12-05,2.825799039795784,2.7193345989816033,2.4982341636876773,2.782673883494303,2.6137101847479447,2.8190864612821724,2.7243694210995892
2022-12-06,2.8333659423800683,2.721969318911101,2.5049239156067387,2.7869564291122555,2.620709157453721,2.8250308986748385,2.7316647162436323
2022-12-07,2.8377603092924466,2.7177789622747093,2.508808890225838,2.785542662518751,2.624773707477502,2.8265079637267347,2.735901351146743
2022-12-08,2.8302900532590725,2.715527253989536,2.50220458164931,2.7815530453278376,2.6178641275667824,2.8207600730747897,2.728699233509043
2022-12-09,2.852389622953275,2.726181286360662,2.521742382899622,2.796078345655508,2.638305025725081,2.8391428505683307,2.7500055582145304
2022-12-12,2.8464295829502473,2.718147302770325,2.5164732270457137,2.788641908704822,2.6327923133778706,2.8324033733258096,2.744259448705642
2022-12-13,2.859117919951041,2.7392152733233974,2.527690739872831,2.80717670237821,2.6445283339438928,2.8481198381214776,2.7564923487961126
2022-12-14,2.874312315078781,2.7578991511782847,2.5411238101195512,2.8249090735876092,2.65858232176722,2.864680597168143,2.7711413542190573
2022-12-15,2.876354547819461,2.768608162778753,2.542929308504651,2.832882528449446,2.660471275807747,2.8697369018334244,2.7731102827773593
2022-12-16,2.847337397409939,2.7389965200509323,2.517275808214988,2.8031573375371273,2.6336319923025724,2.8402059591867137,2.7451346779484815
2022-12-19,2.825476410599998,2.707497808351053,2.497948933468627,2.7744963229867836,2.613411770316117,2.814784935615281,2.7240583724004517
2022-12-20,2.7939795215926866,2.6729933602468865,2.470103144344985,2.7406200467225537,2.5842788636844283,2.781914734229818,2.6936920370514637
2022-12-21,2.7794603569901124,2.6576471610510874,2.4572670323187817,2.7253854859459627,2.57084942731569,2.766955642172338,2.6796940253365107
2022-12-22,2.802468681166837,2.67767012926813,2.4776082457943334,2.746598060632106,2.5921308738686033,2.789177862627362,2.7018764855663595
2022-12-23,2.7944314794906377,2.6637310503030984,2.470502711563074,2.7344525091167267,2.584696900120961,2.7790174764869175,2.6941277723105754
2022-12-26,2.8015418059331245,2.680925680713894,2.4767888133641685,2.748513536341699,2.591273564766212,2.7896851882297806,2.700982879719539
2022-12-27,2.8159503684290903,2.6940826238046562,2.489527144211521,2.7622188965016985,2.604600700211061,2.803814810449881,2.7148742592950836
2022-12-28,2.8179639618047694,2.6915568118437148,2.491307323089089,2.7611580479701088,2.6064631643990075,2.804282504700731,2.7168155764736843
2022-12-29,2.799165600307177,2.6777055303875454,2.474688056024001,2.7455370562873957,2.5890757039989993,2.786992330203944,2.698691965944566
2022-12-30,2.795018795679006,2.665859205116634,2.4710219464223133,2.7360966569275544,2.585240135602885,2.7801430390252113,2.694694007291045
2023-01-04,2.7528982703633673,2.595217018369605,2.4332834602134814,2.674119236521355,2.545969460669444,2.7277930961015318,2.6539818744928314
2023-01-05,2.74833524322806,2.5803370375048975,2.430258519578266,2.662420169844533,2.542452764629563,2.719565446045981,2.649949393953949
2023-01-06,2.7544990797626423,2.578201651091646,2.434344675336143,2.662949113388446,2.5472031943089997,2.7228890387713443,2.6553965565794417
2023-01-10,2.761235758823367,2.578316662390504,2.438810582207376,2.665209417748913,2.5523951100860254,2.727379496730464,2.6613499568997843
2023-01-11,2.784842081498571,2.5993551792669396,2.454459782308708,2.6873051128493457,2.570588353081599,2.7503446141900314,2.6822115546855563
2023-01-12,2.7937630130024718,2.6308683610071375,2.4603736827546023,2.7118411772954647,2.5774636583474977,2.7672786738275055,2.6900952427749463
2023-01-13,2.7928123409749954,2.6496388383773017,2.4597434593609204,2.7244274583387873,2.5767309814522887,2.7732271266005797,2.6892551060990115
2023-01-15,2.7927555345633595,2.649598806313436,2.459705801021883,2.72438156530265,2.576687201111538,2.773175575327551,2.689204904611575
2023-01-16,2.7706979082513197,2.6186845711451516,2.4450832690558983,2.696003350013183,2.5596875285694853,2.74777343412807,2.6697119350982
2023-01-17,2.790068397289508,2.6248252027656167,2.4579244329758376,2.7064936227052097,2.5746162414767704,2.7627207682831334,2.6868302028092854
2023-01-18,2.8319177204547215,2.6440972963544334,2.4856673576714168,2.7332828809412044,2.606869249114625,2.7971180873092716,2.723813673699333
2023-01-19,2.803744542247528,2.618381646888461,2.4669906789984624,2.706495576099266,2.585156359558156,2.7694974769667624,2.6989162121085566
2023-01-20,2.827574603363856,2.635405549687791,2.4827882007034465,2.7259059363676084,2.603522036349659,2.791203826547395,2.719975534098652
2023-01-23,2.850153887971468,2.649401343774572,2.4977565525230467,2.74283118745123,2.6209237476277987,2.811022996473979,2.739929508305285
2023-01-24,2.883658073808635,2.6823340175218426,2.5199672846058023,2.776302271452848,2.6467452109150345,2.8446937691153287,2.769538137259972
2023-01-25,2.8982400979952243,2.6836610795982594,2.529634059796421,2.781935455184815,2.657983484365927,2.8547914158896464,2.7824246985286853
2023-01-26,2.895960386698425,2.6801155893174626,2.5281227842475884,2.7787617750064846,2.65622652534469,2.8520432646904976,2.7804100509787104
2023-01-27,2.9020862018053246,2.7019748439349676,2.5321837346849194,2.795761173143074,2.660947652151232,2.8637485415799486,2.7858236129565097
2023-01-30,2.8975275628067862,2.696794492537778,2.5291617030513014,2.7907265451111285,2.657434338020496,2.858922167889531,2.781795010342434
2023-01-31,2.8933171167449623,2.6781179226474325,2.5263704969052223,2.776533631228871,2.6541893739752074,2.8495972493233923,2.778074116010479
2023-02-01,2.8867677969254717,2.6782265271116055,2.5214750441001574,2.7744948714327062,2.6487809677831344,2.84532575430733,2.7721378713864433
2023-02-02,2.8666133037776866,2.6493677721832816,2.5038709085847373,2.7481072733846346,2.6302880228632053,2.821862547963985,2.752783687862199
2023-02-03,2.861096227741972,2.643955897314993,2.4990519655595054,2.74260216943672,2.6252257778094887,2.816320788469373,2.747485687990435
2023-02-06,2.8842118954348357,2.6654536508278937,2.519242567407477,2.7648547092660776,2.6464357763094264,2.8391230153188087,2.7696834615356507
2023-02-07,2.887090065519337,2.67218981352514,2.5217565326971254,2.7704289816387084,2.6490766683652365,2.843399730846518,2.772447343098981
2023-02-08,2.89100044103323,2.6749823696123696,2.525172087727857,2.77361036835274,2.652664670229854,2.8469581528244308,2.7762024425098
2023-02-09,2.893206270183181,2.6871469189324335,2.5270987903740045,2.7827182493334255,2.6546886495318245,2.852715433464642,2.7783206809531205
2023-02-10,2.8949223025804227,2.7051693804669523,2.5285976753446353,2.7957148636691658,2.656263211212454,2.860225336433398,2.779968571857954
2023-02-13,2.892626996934743,2.7078227063511258,2.526592818594353,2.7968119844487997,2.654157131909506,2.859656723903934,2.777764409918233
2023-02-14,2.918062272350487,2.732989244521582,2.5488095040752285,2.8223414275403673,2.677495508312104,2.8852823847668003,2.80218968247539
2023-02-15,2.912983910775397,2.7412381093910305,2.544373760407122,2.8264113891705964,2.6728358098417435,2.8848665885399662,2.7973129762637248
2023-02-16,2.929569130840188,2.749454249190935,2.558860280084534,2.8373990952158166,2.688053734643628,2.8986742581870013,2.8132396180586943
2023-02-17,2.92470095356774,2.7591457322940127,2.5546081239132596,2.8425327086809005,2.6835868927588087,2.898907448478229,2.808564749994852
2023-02-20,2.9426023002194164,2.7767512633766867,2.5702442269923025,2.8604266553228643,2.7000124419003604,2.9169050103585628,2.825755256642038
2023-02-21,2.946517141157176,2.78448715994785,2.573663682390376,2.8670234912344585,2.703604541056683,2.922216954590405,2.8295146441603465
2023-02-22,2.9179390728609906,2.7619288218194633,2.54870189429846,2.8422884948211147,2.67738246546073,2.8954498202078653,2.802071375082973
2023-02-24,2.930845982621529,2.754246238163268,2.559975558530239,2.841117649996621,2.6892253220157394,2.901210262344356,2.8144657676585942
2023-02-27,2.9429282403594526,2.7736385331772735,2.570528922536518,2.858381332056061,2.7003115113442147,2.916016871394272,2.8260682541082565
2023-02-28,2.9378011739116014,2.7567935332292293,2.56605063712975,2.845105117458389,2.69560712325935,2.9066825664397564,2.82114477703319
2023-03-01,2.9469852523646085,2.7855235999853445,2.5740725586181976,2.8678896025790914,2.70403406090181,2.9228881034285545,2.8299641672593387
2023-03-02,2.9429473227581133,2.787100100677113,2.5705455902408123,2.867661829215192,2.7003290205787454,2.9207695767352377,2.82608657876882
2023-03-03,2.976164907239838,2.824618213582945,2.599559808282583,2.904188841113201,2.7308081279266343,2.95585631230738,2.8579851346678575
2023-03-06,2.9937381016357203,2.8485464451288753,2.614909283623665,2.9263132024313863,2.746932577876693,2.975845386427193,2.8748605195734065
2023-03-07,3.0109041412461153,2.8786811340808773,2.629903125708832,2.9525654734669917,2.7626834391204174,2.997736083810177,2.8913449172989103
2023-03-08,3.019801997327607,2.8747324898521893,2.6376750435192533,2.9527415521838494,2.7708477507314275,3.0022383612132657,2.89988945068463
2023-03-09,3.0507678625633834,2.912849772331405,2.66472247577,2.9889493937510467,2.79926077188776,3.036045797598297,2.929625700282457
2023-03-10,2.9960294537514858,2.833839947533826,2.616910687125291,2.916962247852861,2.7490350295810497,2.97221655390973,2.877060884972924
2023-03-13,2.9500168775839835,2.7709111099327215,2.5767205607685124,2.8588433076987156,2.7068157571612326,2.9197816320309515,2.832875410446765
2023-03-14,2.869738289828721,2.653826375535384,2.506600457649694,2.7524374252818156,2.633155383232606,2.825747320171146,2.7557845846398537
2023-03-15,2.8943910676170836,2.702331470223789,2.5281336630662525,2.793727366176561,2.6557757715708536,2.859013803759385,2.7794584315681656
2023-03-16,2.8505428734373917,2.620452200966617,2.4898340369339724,2.7233033345065008,2.615542448219206,2.8013816886925507,2.737351394137968
2023-03-17,2.8716487360529546,2.6347784811997674,2.5082691552438092,2.7399830639598433,2.634908331150382,2.820348131100496,2.757619169442651
2023-03-20,2.825105455087786,2.5946778525739904,2.4676154796869443,2.697360785689749,2.5922021055474698,2.7755469499154453,2.7129240637401626
2023-03-22,2.8698537307194627,2.6388341603804353,2.506701290603901,2.7421845230742448,2.633261307108654,2.8205798058314238,2.7558954415177337
2023-03-23,2.864876866003649,2.636115752295301,2.502354200341861,2.738704234025525,2.628694738037003,2.8163382052180994,2.7511162018524695
2023-03-24,2.8607614952327225,2.622849055430876,2.498759590235997,2.7282632726864153,2.624918640844492,2.808976749667216,2.7471642472889495
2023-03-27,2.8719967532111337,2.6324498659797944,2.508573134171454,2.7384976423032654,2.635227657570064,2.819763762783928,2.757953367276335
2023-03-28,2.8827139543094424,2.6558889592347183,2.5179341763518366,2.758062275182409,2.6450613263283684,2.835048461963164,2.7682450017720255
2023-03-29,2.924045375631503,2.688119095583226,2.5540355030715536,2.793591749976838,2.682985361051874,2.873650609407567,2.8079352042355357
2023-03-30,2.9400617757037577,2.7076096777198053,2.568025181466029,2.812165195969604,2.697681359714798,2.891058145004642,2.8233156131658492
2023-03-31,2.966338798573926,2.755574891739436,2.5909770993414276,2.853611457531787,2.721792089418321,2.9252097697452735,2.8485492084426367
2023-04-03,2.994770678862847,2.7823639368669806,2.6158111981150496,2.881220594778968,2.747880028832011,2.9533780919348445,2.8758520944550097
2023-04-04,3.004958759020469,2.7849075289559084,2.6247100745304284,2.886243834172606,2.7572281976901016,2.960976245001896,2.8856356187383776
2023-04-05,2.9444780448383208,2.719971798165697,2.5718826141361215,2.8220194073126317,2.701733549033488,2.898237424653999,2.8275565177966953
2023-04-06,2.9190143310803416,2.6894582281162105,2.5496410889122236,2.7927881916963,2.6783690787622567,2.8706999005341354,2.8031039361481755
2023-04-07,2.92009839646813,2.7047446858291364,2.550587976231804,2.803688899994239,2.6793637731640945,2.876821294670115,2.8041449546602113
2023-04-10,2.938896362424282,2.7208983631215204,2.567007240049546,2.8208690487975963,2.696612023789143,2.894895573309445,2.822196476984792
2023-04-11,2.961249962688121,2.7503815296985263,2.5865322067860776,2.84839152543692,2.71712278014556,2.920023767708248,2.8436624438419877
2023-04-12,2.9836830567951957,2.7797895445733545,2.6061266081830947,2.8758876141097165,2.7377064768261845,2.945177635247426,2.865204747941691
2023-04-13,2.984326686977119,2.771699318115942,2.606688793144101,2.8705089094687795,2.7382970457586717,2.9427382976773213,2.8658228203770206
2023-04-14,3.000898810246898,2.7928062666120246,2.621163873300185,2.8903947488994386,2.7535029534730007,2.961101763420699,2.8817368854342678
2023-04-17,3.01084981983227,2.804997235958566,2.629855678148445,2.9020020583882977,2.7626335959957675,2.9719575005631533,2.891292752920222
2023-04-18,3.028091284233672,2.823817604823769,2.6449154007413664,2.9205240044546548,2.7784536639665216,2.9899519857782133,2.907849580412961
2023-04-19,3.0319067358271288,2.838346146171367,2.648248043562559,2.9317774236760874,2.781954567494339,2.9976009690445147,2.9115135252130684
2023-04-20,3.0297845649740656,2.8359453834862745,2.6463944130589163,2.929439480785874,2.780007349650228,2.9953563022885694,2.9094756231006804
2023-04-21,3.0269365369480394,2.819309652793966,2.6439067756395955,2.917041604286147,2.777394114723926,2.987597785550162,2.90674068669252
2023-04-24,3.0297807639399865,2.805653156203481,2.646391093009212,2.9085259270544204,2.780003861975627,2.9846357708972078,2.9094719730008936
2023-04-25,3.0334975455883844,2.8001235903057418,2.6496375516196986,2.905900525679155,2.7834142299664877,2.9851228996880734,2.9130411659156032
2023-04-26,3.0140351717366856,2.7725862028381973,2.6326379543475276,2.8806485245673126,2.765556345622217,2.962584006517189,2.8943516184989955
2023-04-27,3.0233527005632643,2.794408793897473,2.6407764393458444,2.8987019006444377,2.7741057319112348,2.976431132319174,2.9032991599518976
2023-04-28,3.063252644649367,2.8110141946663068,2.675627428532176,2.9229611891753273,2.8107163012211185,3.008538783353405,2.9416147273435973
2023-05-01,3.0926212947247627,2.8423696596366734,2.7012797578684284,2.954026331558904,2.8376637825710356,3.03894280665651,2.9698171851901236
2023-05-02,3.081877909447548,2.828439106134305,2.6918958448656225,2.9409538325595936,2.8278060882728813,3.0269402096409235,2.9595004062564034
2023-05-08,3.0794182023865853,2.827101381047355,2.6897473901209703,2.9392438239833387,2.825549160903684,3.024852120371314,2.957138371075232
2023-05-09,3.1208429198943493,2.8924919066138823,2.7259302072896983,2.9977394230660686,2.863558800420662,3.0752935327755253,2.9969181650500234
2023-05-10,3.1003766774766195,2.8648761753531176,2.7080537713817696,2.972089366103235,2.8447798070233214,3.052044330490588,2.977264611428014
2023-05-11,3.0937968520581114,2.849250614469379,2.7023065597061464,2.959168129280759,2.8387424262688175,3.042165185224749,2.9709460626174087
2023-05-12,3.1078847523392743,2.8516272113305097,2.7146117714452256,2.965300285331812,2.85166891179374,3.0522410893809457,2.984474550062544
2023-05-15,3.1374954803752835,2.8787341410928673,2.7404755461000327,2.9935093758252505,2.878838514055314,3.0812994720322258,3.0129094732577415
2023-05-16,3.15501145098444,2.8913087181690846,2.7557750387752726,3.00779873730355,2.894910457781164,3.097255507195937,3.0297299066613044
2023-05-17,3.1596502754861038,2.8942699699686067,2.759826864567206,3.011327435269414,2.899166854872049,3.1013497284923415,3.0341845292649907
2023-05-18,3.1764104722440627,2.925007255497657,2.7744662193169756,3.0379602909047403,2.914545331185961,3.12328359588817,3.0502791996482856
2023-05-19,3.175406351339504,2.9095063778155885,2.773589160273709,3.026900718455204,2.913623990597299,3.1171015041529238,3.0493149511244027
2023-05-22,3.1997890295102276,2.922002851045433,2.7948864445863872,3.0433222912601536,2.935996546488694,3.1375280524800417,3.072729423751844
2023-05-23,3.181781189335149,2.9049210495762416,2.7791573237170315,3.025753466609765,2.919473283212226,3.1196434838830998,3.055436652305392
2023-05-24,3.178802992732268,2.9109041819466124,2.776555989304688,3.0289506684090965,2.916740610882838,3.11982478609321,3.052576716151167
2023-05-25,3.165674053852612,2.8907012570117447,2.7650883916074203,3.0107727750489364,2.904694029419425,3.104024038206343,3.039969110954041
2023-05-26,3.1533383052689947,2.8802501687976187,2.7543136135885535,2.9996040413586487,2.893375247179148,3.092218324310842,3.0281231994619677
2023-05-29,3.1754601959460484,2.923926785574822,2.7736361913621836,3.0369091182805072,2.9136733962229218,3.122276009868222,3.049366657629211
2023-05-30,3.1700715412507527,2.9274227775755435,2.768929419189537,3.0376156136611647,2.9087289853790512,3.1199918499911217,3.0441919796476418
2023-05-31,3.1254528990502077,2.861471363440794,2.729956837837434,2.977714470011682,2.8677887301929568,3.0672582194602422,3.001345087720378
2023-06-01,3.1498241161473293,2.894199380646525,2.7512441113653523,3.0081499755772643,2.8901507698683746,3.094887550846075,3.024748554379063
2023-06-02,3.1972305081791155,2.9370943535179976,2.7926516795688934,3.0529639088177714,2.933648951155695,3.141230389194042,3.0702724980911524
2023-06-05,3.2467105415908804,2.988422136748331,2.8358704897419473,3.1042811844635594,2.979049821612246,3.1919373953992247,3.117787741487004
2023-06-06,3.277335932950794,3.0194029568067267,2.8626205318174014,3.1354975534522733,3.0071504377585967,3.2230412538959037,3.1471970369991915
2023-06-07,3.2386199783746688,2.9846378154669586,2.82880370963441,3.0990834184592635,2.9716262491695398,3.1852888484730704,3.1100184443802563
2023-06-08,3.2287944025182513,2.982906566346538,2.820221466080822,3.0947559315182676,2.962610699545595,3.1782356119661785,3.1005830298073334
2023-06-09,3.272598610776598,3.031635064186899,2.8584826722878547,3.1424652789371064,3.002803663201034,3.224298222101108,3.1426478279419086
2023-06-12,3.2854407814791338,3.0375456692463865,2.869699789567951,3.1506490074587585,3.0145871178239267,3.234817166180704,3.1549800521662554
2023-06-13,3.3125163189771096,3.0637093459471942,2.893349177710445,3.1773974446299817,3.0394305321413233,3.261878674007475,3.180980454057333
2023-06-14,3.356094161017501,3.1385721969189624,2.931412662171375,3.2431436081620815,3.0794157913424907,3.3171085216473735,3.2228278746923165
2023-06-15,3.354492411857912,3.1381455407178365,2.9300135989917475,3.2423380701390974,3.0779460913224197,3.3159072327132293,3.221289728981225
2023-06-16,3.3652346393868164,3.1494262238286606,2.939396500748178,3.2535743077129857,3.087802723317713,3.326964780764253,3.231605396139367
2023-06-19,3.352598227417942,3.1406358546773756,2.9283591054092035,3.2434606496412495,3.0762080645578815,3.31555413296162,3.219470760227651
2023-06-20,3.3377602474353214,3.137794992186141,2.9153987293544055,3.2367686439218097,3.0625933363417186,3.30482205656207,3.2052219778044493
2023-06-21,3.3601004418451033,3.1606181891974057,2.93491198661902,3.2596949619879783,3.0830917920305443,3.3275910243557068,3.2266750711372243
2023-06-22,3.373227498379238,3.1976248166115546,2.946377940163522,3.2895162724462,3.095136646330104,3.349380669051348,3.2392808687344066
2023-06-23,3.3340454553995436,3.136379665785325,2.912154008590161,3.2346053746009824,3.0591847939386474,3.301884232950525,3.20165469549734
2023-06-26,3.32732323556008,3.12217472378803,2.9062824211406215,3.2226226063892747,3.0530167578427103,3.292417603836073,3.195199406569492
2023-06-27,3.3229393237659712,3.120257220727637,2.902453251300167,3.219898363541056,3.0489942583063625,3.2888624810824907,3.1909895744097283
2023-06-28,3.3796216260377854,3.1799553299633563,2.9519629523480795,3.279308335222207,3.1010036383568176,3.3472708349751055,3.2454210936099983
2023-06-29,3.3746446024003034,3.184870869979399,2.9476157232743825,3.281129996883275,3.0964369234650935,3.34576281957448,3.2406417013336455
2023-06-30,3.3643744210846993,3.1782362655193306,2.938645134814424,3.2732633669770452,3.087013421916605,3.336670561906708,3.23077933602622
2023-07-03,3.4073880112871247,3.2157016215291363,2.9762157680908787,3.312921318895972,3.126480946532042,3.3782107326521924,3.2720849105554337
2023-07-04,3.3868436230595385,3.1847444362343342,2.958271074975161,3.2850009755582903,3.1076302497112116,3.3537912069560964,3.252356314195583
2023-07-05,3.390134080212389,3.1841288505836105,2.9611451563624587,3.285644588621889,3.110649439647811,3.355750496065164,3.2555161114253104
2023-07-06,3.3537936654357186,3.1331845562737586,2.929403272221582,3.2388772961993904,3.077304949964814,3.313891399638679,3.2206187289023407
2023-07-07,3.3238574171157746,3.094269544279867,2.903255168749901,3.202447516942968,3.049836663502304,3.280477587055347,3.191871211425067
2023-07-10,3.3109346186156063,3.075817647938344,2.891967626345966,3.1855861756526727,3.0379792280846725,3.2654746982866034,3.179461561031722
2023-07-11,3.2987154131270935,3.074776839300895,2.8812946440122875,3.1809111790884312,3.0267673810584323,3.257033847197687,3.167727564854739
2023-07-12,3.2839086652256184,3.0344316022434263,2.8683615479185818,3.1484024396283887,3.0131813101323397,3.2331191651321203,3.153508774325945
2023-07-13,3.30146294129515,3.071873914782765,2.883694498865905,3.1798078388592383,3.0292884013939605,3.2578333056582243,3.1703659921281355
2023-07-14,3.2910434957652632,3.0696459486621106,2.874593534145101,3.174900764325611,3.0197279410605,3.250166303101617,3.160360289701009
2023-07-15,3.291008630680034,3.0696147507070233,2.874563080901716,3.1748680373933547,3.019695950273332,3.2501323338836987,3.160326809064549
2023-07-18,3.3060106823890547,3.0941155782869596,2.887666766980965,3.1965577862466397,3.0334612240466066,3.2686277287054786,3.17473314813185
2023-07-19,3.34690573665934,3.1337989588117328,2.923386944710351,3.2370669588686876,3.070984866073845,3.3095539184492235,3.2140043111314522
2023-07-20,3.3342425814692596,3.103485112375715,2.91232619024809,3.2121427191029555,3.0593656688196376,3.2905688406356446,3.201843993938274
2023-07-21,3.3439510985448275,3.1044201257637725,2.920806187685825,3.2159313592122842,3.0682738100572355,3.2973131847977757,3.2111669979875943
2023-07-24,3.3740028682311,3.1340188088765464,2.947055194403887,3.2459999195592566,3.0958480942369255,3.327540972130932,3.2400254496227503
2023-07-25,3.3895475159531454,3.1483344879663604,2.960632816179428,3.26087013665666,3.1101112320898903,3.342828377992779,3.254952838896504
2023-07-26,3.38792876835918,3.1433327138212808,2.959218905554116,3.2569101856641582,3.108625934996336,3.3400069389462765,3.2533983697375275
2023-07-27,3.4092615389029395,3.1577892949291857,2.977852218772066,3.2737530614998755,3.128200019433115,3.3591693919883903,3.2738840427414098
2023-07-28,3.403463012145435,3.144241143531108,2.972787439912067,3.2625686387906563,3.1228795266200744,3.3505925349562715,3.2683157682027213
2023-07-31,3.449651772399054,3.1870741964131177,3.013131455950165,3.3069567229034824,3.1652604584066855,3.3961205904125134,3.3126704307660964
2023-08-01,3.4788285200275024,3.210613052257809,3.038616166251941,3.3325974895189683,3.192031857859858,3.423691959156077,3.340688606370954
2023-08-02,3.426389868945632,3.1694644089196826,2.992813123073326,3.2873779843331725,3.1439162799080003,3.374660412235607,3.2903322282988086
2023-08-03,3.3802236017596985,3.1263009180210055,2.952488753821123,3.2427671215224017,3.101555986847391,3.3290279908260985,3.2459991656316363
2023-08-04,3.392006398817233,3.1508145041368736,2.9627805510214076,3.2634929312391336,3.1123674032094857,3.345472183936787,3.2573140826086235
2023-08-07,3.4079790573643476,3.1524801220214353,2.9767320229608467,3.26974595057719,3.1270232664242394,3.35654390733958,3.272652486934853
2023-08-08,3.4298502079776942,3.163560118623385,2.995835589418822,3.284397200301847,3.147091346562119,3.3748320290427882,3.293655161611572
2023-08-09,3.4177369417347636,3.1491419948890305,2.9852551407361743,3.2705518850007707,3.1359767050879634,3.361759504386561,3.282022897965712
2023-08-10,3.472186705820545,3.1819771492172326,3.0328148098739764,3.3106606805969907,3.1859375987089553,3.4091554667472335,3.334310530268875
2023-08-14,3.4381158173826276,3.152418038559976,3.0030552653002753,3.27932631390943,3.154675534283152,3.3762945842502083,3.3015925540426174
2023-08-15,3.4479315152147865,3.1665889650536356,3.0116288807987495,3.2922669059777223,3.163682020232948,3.387771805344113,3.3110184828352254
2023-08-16,3.406040474061846,3.1020487649341146,2.9750387487656123,3.234228617022954,3.125244501065419,3.3373458893259973,3.270790882341845
2023-08-17,3.394499244695197,3.092639597610191,2.9649579511838895,3.2240321437956445,3.1146547374121876,3.3264291403974626,3.259707940705971
2023-08-18,3.3669095749240006,3.079344295654629,2.9408594892718756,3.2060218635365514,3.0893395761875126,3.303601652252413,3.233213822088867
2023-08-21,3.378571408276151,3.0803844821874735,2.951045629562487,3.210465546311934,3.1000400011629936,3.311622727745048,3.2444125786773688
2023-08-22,3.4101693541279476,3.12953339579598,2.9786451586950307,3.2545663154199476,3.1290329938388926,3.3498244180245793,3.2747558097633864
2023-08-23,3.431347164402801,3.146189424104577,2.9971431203785452,3.2728547585564916,3.148464893022158,3.369639670904958,3.295092675776124
2023-08-24,3.4459580835784958,3.1587076923861837,3.0099051679918367,3.2861829363864614,3.1618712794574013,3.383675592608421,3.3091234136920202
2023-08-25,3.423665221740876,3.13965054751315,2.990433253816752,3.265876869703375,3.1414162542157467,3.3622752632575263,3.287715773414382
2023-08-28,3.472671964808854,3.1883407132180714,3.033238663995618,3.3152191957462858,3.186382852661853,3.4117358104201614,3.3347765202318906
2023-08-29,3.4845887709746166,3.1907401440035152,3.043647512737921,3.3206848886028713,3.1973172303427497,3.420407324809301,3.346220124983636
2023-08-30,3.495141623418789,3.2068520191743035,3.0528650030086633,3.3352039991022564,3.207000099446291,3.4330581146860584,3.3563539369039437
2023-08-31,3.519679583986439,3.226001673859063,3.074297920221589,3.356290991209445,3.2295151361627976,3.455964337687266,3.3799175258592515
2023-09-01,3.551900461838153,3.2682957389004903,3.102441555289371,3.3958484717184376,3.2590797059594334,3.4921410863483255,3.410858953097418
2023-09-04,3.5960738438307707,3.31631719453101,3.141025219838531,3.443189751681203,3.299611408450114,3.538198021360092,3.4532782655406895
2023-09-05,3.6023975283145795,3.3206631848041455,3.1465487027558856,3.4482154382692243,3.3054137646787023,3.5438907642384567,3.459350844451586
2023-09-06,3.6198615031713213,3.33492295616201,3.1618027792420396,3.4636585322974547,3.321437999212442,3.5604163383509255,3.476121346788794
2023-09-07,3.6174287851287064,3.333961068436379,3.1596778983145475,3.4622169682002553,3.319205835871101,3.558479223577264,3.47378522892593
2023-09-08,3.5849469966651264,3.3077210331582094,3.131306368368188,3.4336893236629034,3.2894018650863632,3.5278432892776777,3.4425932515087805
2023-09-11,3.5880669791316193,3.357238193047876,3.134031547004194,3.468983412935329,3.2922646343696655,3.5475244781492834,3.4455893433879536
2023-09-12,3.6163914889337003,3.3742763303037027,3.1587718619953695,3.4898121655127587,3.3182540549823814,3.5721581446380415,3.4727891224607395
2023-09-13,3.623369256038204,3.3910762316874616,3.1648666596567145,3.50367293633991,3.3246565708770497,3.582715232340815,3.479489811192514
2023-09-14,3.669198027496325,3.4330300667771407,3.204896240025629,3.5473388208362158,3.3667071915554567,3.6276961289808165,3.5234987796635764
2023-09-15,3.7048505054190635,3.4687833561007526,3.2360372391175063,3.5834666143985805,3.3994204583019667,3.663798564540419,3.5577355424415367
2023-09-19,3.7201739889924297,3.4973028017847354,3.2494216829442917,3.6081050192104036,3.413480664908296,3.683999925907987,3.5724505497173342
2023-09-20,3.6750177589096644,3.446960959855223,3.2099795402958238,3.558843220496,3.3720471409000767,3.636472346401553,3.529087416847834
2023-09-21,3.651047893728539,3.4554410939265705,3.1890428314517583,3.5570783629035443,3.3500533654534634,3.6237816048169766,3.5060693649243664
2023-09-22,3.637524737434103,3.4353720742321165,3.1772309007692137,3.5388671836754666,3.3376450660899994,3.6077700001127497,3.493083196191152
2023-09-25,3.6467418501919906,3.4131921269665226,3.1852816763883762,3.5264408569338435,3.3461023146698836,3.6059116755688474,3.5019343089714017
2023-09-26,3.6321562282972413,3.41862326214505,3.172541724927971,3.5255546534846043,3.3327191399929177,3.5982858970855847,3.4879278638131797
2023-09-27,3.639888191156898,3.408785826532439,3.179295282111648,3.5212044976662487,3.3398136753026426,3.599850080470021,3.4953528001333907
2023-09-28,3.6263598385921094,3.40605741384551,3.1674788126968814,3.5150032384098893,3.3274006080523995,3.5900111578601788,3.4823616414671967
2023-09-29,3.577291989146962,3.3342319520157506,3.124620028566279,3.449613473687994,3.2823779408746727,3.5322680292748836,3.4352422147300508
2023-10-02,3.557697427969196,3.3252730997293316,3.1075049710052065,3.4371705741678316,3.2643987668049728,3.516250078318685,3.416425728980163
2023-10-03,3.484849949538743,3.2311590373725916,3.0438756416619723,3.348856679294254,3.19755687719297,3.4350778044365256,3.346470932474831
2023-10-04,3.3892264259583476,3.1165251658927304,2.9603523570411294,3.2390677610703853,3.1098166129424567,3.331665627768277,3.2546444989823446
2023-10-05,3.4576134873857853,3.168248116732928,3.0200856923347685,3.296733487698223,3.1725658049434684,3.3949570275394607,3.3203159960448176
2023-10-06,3.465730250804203,3.164331069630665,3.0271753572604347,3.296648177468027,3.1800134176283543,3.3989244924147752,3.32811045297663
2023-10-10,3.5464247697615137,3.283651034118112,3.0976587594804643,3.4048585365469473,3.254055433146951,3.494151689942597,3.4056006938796632
2023-10-11,3.5337675225350127,3.266262437198127,3.086603165385706,3.3887998980093244,3.2424416568003434,3.479682744071338,3.3934460500522468
2023-10-12,3.5752516819813436,3.3008563799608175,3.122837902686295,3.425998187628479,3.2805058378276333,3.5192102356997785,3.4332829256008406
2023-10-13,3.525715536987886,3.2606938935215584,3.079570081313562,3.382369544878364,3.235053481661072,3.472414505691346,3.38571379874377
2023-10-16,3.481413084630228,3.257189380689892,3.0408736790150313,3.3656873889619945,3.194403349441895,3.4419883599822105,3.343170541157636
2023-10-17,3.5017566494994914,3.2647863084908066,3.0586429610405936,3.3774738917636924,3.2130697788997673,3.458070478980929,3.362706288602635
2023-10-18,3.5127627007863227,3.3042137434507906,3.068256302190993,3.4081877502165883,3.223168484867754,3.4792196425293285,3.373275303408447
2023-10-19,3.4722970606773385,3.2603605756546896,3.0329112003830088,3.3649369295745855,3.1860388558466757,3.4370995864088845,3.3344165030728323
2023-10-20,3.4661164729254335,3.267175079275003,3.02751270667981,3.3676424057244003,3.180367799371543,3.435429155333005,3.328481338702241
2023-10-23,3.4401946185143615,3.221636127535573,3.0048710141044914,3.327913602238331,3.156582957831181,3.4022977985220395,3.3035888085908716
2023-10-24,3.4425028743383392,3.2181098246606616,3.006887182312325,3.326226977910464,3.158700919692138,3.4025757664125527,3.3058054064735667
2023-10-25,3.4651853871115064,3.253889925714333,3.026699440837565,3.358187753418812,3.179513472817835,3.4301329475619493,3.32758722513722
2023-10-26,3.4297452234836436,3.217696542798289,2.9957438897046833,3.321833701844421,3.1469950170512915,3.3940240781974618,3.293554345919998
2023-10-27,3.4764543845097573,3.2834935982326487,3.0365424547931665,3.382216732527127,3.1898534474657008,3.4479927128102785,3.3384087447944357
2023-10-30,3.4399567591066456,3.234896306107,3.004663253521462,3.336974596280398,3.1563647076924486,3.4068149852074625,3.303360394281658
2023-10-31,3.4795096470823985,3.2738340876519008,3.0392111032166014,3.3765442788760653,3.192656832401133,3.446601066791326,3.3413426867255005
2023-11-01,3.559562113442077,3.349938400725392,3.1091336984317675,3.4547675417051233,3.2661097265145593,3.5261725195783127,3.418216370133603
2023-11-02,3.567007146529116,3.341733076864997,3.1156366340511346,3.451534763481029,3.2729409867102937,3.5282103204699706,3.4253657703022924
2023-11-06,3.6175880189312317,3.3557944656076506,3.159816982607947,3.477566288791595,3.319351942345618,3.5665483053549663,3.47393813975404
2023-11-07,3.5713191671952305,3.325973531533882,3.119403009895715,3.4420946502986625,3.276897521865375,3.525528493642356,3.4295065660405117
2023-11-08,3.506732738437759,3.208940541684178,3.06298937369229,3.340736131041518,3.2176356361494283,3.441811472198493,3.3674847832955064
2023-11-09,3.5535730842192446,3.265462948841477,3.103902523364677,3.394750684860262,3.260614436371088,3.49257743564849,3.412465157743353
2023-11-10,3.5666027800363693,3.295906994055381,3.115283436256281,3.419897201651113,3.2725699564282125,3.5118643018390605,3.4249774606953833
2023-11-13,3.571154321054686,3.300163119482495,3.1192590234517965,3.424295923580556,3.2767462657372746,3.5163635435746365,3.4293482657332817
2023-11-14,3.5867506118377057,3.337023938502305,3.1328817533546993,3.454684500243595,3.2910567891669986,3.5395968723733766,3.444325247386885
2023-11-15,3.6197280197895676,3.3698171266212937,3.161686186900858,3.487899601742671,3.321315520278917,3.572881712595991,3.475993163864574
2023-11-16,3.608871979841721,3.368878903519728,3.152203874594546,3.483742401591345,3.3113544586272057,3.565383047133254,3.46556820363578
2023-11-17,3.6440668784977386,3.399918549619806,3.182945196683319,3.516469295224053,3.3436478692099354,3.5995170831923744,3.499365557045315
2023-11-20,3.61909022267746,3.3881507904361947,3.161129096890677,3.5002981793658363,3.3207303035345515,3.578893224407765,3.4753806928751794
2023-11-21,3.6084223224310774,3.3640367243434572,3.1518111170126795,3.4802677919416842,3.310941871237045,3.5633871150107117,3.4651364015564714
2023-11-22,3.6266970807536905,3.3717468193463107,3.167773380100312,3.491480950533418,3.3277100477725208,3.578161242308577,3.482685492165874
2023-11-24,3.6445241980612963,3.382479791252318,3.1833446468462028,3.5046276025856673,3.344067487080634,3.593700376559183,3.499804717023064
2023-11-27,3.631055085848117,3.3818593364529566,3.1715799214852343,3.4998434963418865,3.331708776372692,3.584587498942563,3.4868704463484796
2023-11-28,3.6273202323451557,3.3868823571900015,3.1683176778398963,3.502088667177198,3.3282818263815503,3.58388337673853,3.4832838991898667
2023-11-29,3.601977898963549,3.3373350690348595,3.1461821734709465,3.459824741788994,3.3050287298173213,3.549762339431389,3.4589478780553393
2023-11-30,3.617329611176868,3.3487105774072243,3.1595912738742826,3.4726123132100226,3.3191148378779802,3.5638921299475186,3.4736899930472314
2023-12-01,3.6342222910118727,3.3743347022964545,3.1743463472394846,3.4956970372768703,3.3346148752864164,3.5840423372119083,3.489911885770885
2023-12-04,3.6076640447082573,3.328830839115804,3.1511487920565036,3.4557547485756106,3.3102461063741275,3.550470700331935,3.4644082340901803
2023-12-05,3.584192554724209,3.3055105250631573,3.130647393812538,3.432123099007232,3.2887096197812418,3.526782556807444,3.44186876751031
2023-12-06,3.64842690660573,3.353117648130669,3.18675350508886,3.485597995144349,3.347648454045247,3.585869443538744,3.503552453910157
2023-12-07,3.614353654900476,3.3189611242756594,3.156991896296617,3.4510831616147293,3.3163842211812513,3.5513744966170337,3.4708322082589422
2023-12-08,3.557772510951869,3.2736083788699912,3.1075705529571915,3.4016190688156756,3.2644676599025484,3.498117460918512,3.416497830511846
2023-12-11,3.6159183484187984,3.3418467799818137,3.1583585928706603,3.4673906910837466,3.3178199204488408,3.560505872476348,3.4723347697617672
2023-12-12,3.603283059856558,3.314355318666225,3.147322178781995,3.444352649222544,3.306226292481342,3.5424653234510055,3.460201212647618
2023-12-13,3.5968391976429297,3.308393358652776,3.1416937254728685,3.438168975376994,3.300313666045418,3.536117903905034,3.454013228113697
2023-12-14,3.541496829148567,3.2293734980722553,3.093354402445727,3.36585007047509,3.2495337548464525,3.471755497524075,3.4008684356025563
2023-12-15,3.5549789814051134,3.2384160866400324,3.105130517757754,3.376418033334798,3.2619044305689435,3.4838210167458126,3.4138152285167545
2023-12-18,3.525978243660158,3.20934858916986,3.0797995449783433,3.3470442948623793,3.235294530641308,3.454462819045338,3.385966073663856
2023-12-19,3.5467148118866922,3.2235539329737777,3.097912099558997,3.3635038514126037,3.254321564029334,3.473125707895068,3.405879218796134
2023-12-20,3.5665875378055385,3.2346601972772113,3.1152701227834427,3.3775460749050406,3.272555970775825,3.4901234267370493,3.4249628237144067
2023-12-21,3.532047059089786,3.2008979648770066,3.0851004100736774,3.3431537505586446,3.240863029369923,3.4554608946096486,3.3917939040507834
2023-12-22,3.550683832887731,3.2315654135835596,3.1013788790534504,3.3703095121175513,3.257963376612764,3.4785716457035476,3.40969063495542
2023-12-25,3.548381559415578,3.225332946492851,3.0993679361882465,3.3652669222133973,3.2558509039150407,3.474851388831354,3.407479781872868
2023-12-26,3.549529799072762,3.2318018153171244,3.1003708771394787,3.370102766392338,3.2569044820218913,3.4778966106631626,3.4085824263746174
2023-12-27,3.589256654954882,3.2720442179583586,3.135070680772461,3.4106334789300234,3.2933562326207775,3.518263286179709,3.446731778677642
2023-12-28,3.5891790245919037,3.2663509959457913,3.1350028737866955,3.4066765977218836,3.293285002150423,3.5161965660313466,3.4466572309189303
2023-12-29,3.5958725138526577,3.262697925133432,3.1408493662364583,3.4062997436400453,3.2994266762333986,3.5193039110104025,3.453084930123285
2024-01-04,3.6393292185852757,3.325048153964318,3.1788070421530414,3.463290265258298,3.3393007847574454,3.569946942924415,3.4948160236609267
2024-01-05,3.6716829011788765,3.376157564710092,3.2070666767975,3.5090427194266463,3.3689872107952095,3.609396110807099,3.5258849821313865
2024-01-09,3.6923312770823262,3.3705692792294,3.2251021989469426,3.5117121661256494,3.3879333224869566,3.6208993004212418,3.5457134369470245
2024-01-10,3.7288480780096696,3.3901887400401742,3.256998149264365,3.5369190844843335,3.4214396569429835,3.6518012118268106,3.580780201548037
2024-01-11,3.779562401772111,3.4450797676820755,3.3012950621929367,3.591121604101718,3.4679730621302713,3.704610829641149,3.6294807231741086
2024-01-12,3.7910849016523813,3.4504891046791966,3.3113595003249863,3.5985328083980535,3.4785456403669586,3.7140819649284578,3.6405456790479973
2024-01-15,3.8446471005663456,3.4995181231732766,3.3581439171431766,3.6495682160391976,3.5276921402091093,3.766656049826867,3.6919809902781813
2024-01-16,3.817638970353967,3.4840268622820703,3.3345534065413713,3.630244095010467,3.5029105760811774,3.74344981737114,3.6660453190140045
2024-01-17,3.7999960550857654,3.4696903278002997,3.3191430328350675,3.6146925333913122,3.4867221530883774,3.726781290675296,3.649102981764457
2024-01-18,3.787613569341504,3.4823346460586366,3.3083274317945772,3.619544702363713,3.475360486726373,3.7232088802537673,3.6372121889857207
2024-01-19,3.8031277170361566,3.4942523436657993,3.3218784130284034,3.632741396937246,3.4895956389920797,3.7376196210201607,3.6521102893498836
2024-01-22,3.853979283442013,3.529466181555631,3.366295201861343,3.6733239258649886,3.5362549724588197,3.7834768336169744,3.7009426038862774
2024-01-23,3.846373346560317,3.5286061971012956,3.359651723277917,3.6703140904009315,3.5292760734715674,3.7781951034686148,3.693638689210639
2024-01-24,3.822169028582821,3.5508035745782656,3.338510229388204,3.6780497522490223,3.507067173654532,3.77031061300848,3.670395494317043
2024-01-25,3.829169901705364,3.5436136561701144,3.3446252092228144,3.6752779320901245,3.5134908906935696,3.7723157241812633,3.677118371555885
2024-01-26,3.784325822882027,3.4922309288204922,3.3054557180884276,3.6253736179234437,3.4723437840119966,3.7246005591970226,3.634054994811135
2024-01-29,3.8402503611206176,3.5744207430649473,3.354303542867274,3.7001847076195817,3.5236578705402604,3.7905872383233623,3.6877588398367416
2024-01-30,3.8310281478887367,3.551522015682155,3.3462483121901396,3.6813588237467023,3.5151959419724483,3.776361214376624,3.678902829115919
2024-01-31,3.8700678165854923,3.587088732413871,3.3803478855793285,3.7184395389930316,3.551017157500299,3.8146202441716124,3.7163922815741035
2024-02-01,3.847720458597808,3.55852953362693,3.360828371218828,3.6915199984006715,3.530512128803132,3.7897854621442892,3.6949323091201123
2024-02-02,3.8503104073789194,3.5640335699248595,3.363090586844215,3.6961547577279354,3.5328885606887335,3.793440004702791,3.6974194142862142
2024-02-05,3.88140756270531,3.5970439561626275,3.390252695684944,3.728929047498281,3.5614220483036596,3.8255778262180256,3.7272817406099623
2024-02-06,3.8476920232712515,3.5678825886337053,3.3608035341098788,3.697979304919489,3.5304860377015634,3.7930870827365952,3.6949050029246795
2024-02-07,3.8693750422451014,3.614677892871693,3.3797427751813434,3.737276334836364,3.5503814958825726,3.823936895513561,3.71572701643315
2024-02-08,3.8711992891162312,3.608520157967671,3.381336181123009,3.733601155887763,3.5520553507724366,3.8229487804244964,3.7174788247509523
2024-02-09,3.8644871901768876,3.602395421349752,3.375473433870836,3.727218861989788,3.5458966012036814,3.8163671700163744,3.7110332548349847
2024-02-13,3.928917931783025,3.666100818702639,3.4317510836373915,3.7918813847499533,3.6050156347083,3.8812893701208697,3.772905532570006
2024-02-14,3.8813617563878444,3.611605219146396,3.39021268571723,3.738984699238004,3.5613800182858535,3.830716930694201,3.727237753203864
2024-02-15,3.892330922987975,3.6221677259408414,3.3997938095839517,3.74979748956933,3.5714448803623298,3.8416692421157994,3.7377713479675836
2024-02-16,3.954012846503505,3.692956157780517,3.4536704778016554,3.818479432150928,3.628041709950841,3.907300934470314,3.7970039597278635
2024-02-19,3.988557902874721,3.726190814612652,3.4838441889085283,3.852511467153244,3.6597388516276066,3.9417823617716734,3.8301772752739973
2024-02-20,3.9783880124382556,3.7172770406840856,3.474961200479708,3.8430945197286817,3.650407372919399,3.9319401706882253,3.820411218420792
2024-02-21,3.9654264379203594,3.6966648778893583,3.4636397887908537,3.824694397847197,3.638514358201668,3.916112004835008,3.8079643317567085
2024-02-22,4.009026156836705,3.7501416609974707,3.5017223818190955,3.8756212081062995,3.678519690736314,3.963724846218432,3.8498327605643636
2024-02-26,4.024737093078988,3.7563732011187425,3.515445249898945,3.88495520675042,3.6929354081864445,3.976253266128353,3.8649198352499536
2024-02-27,4.029096676477793,3.754868510818073,3.5192531698689775,3.8853087919040403,3.696935584974656,3.9785817354392377,3.869106305064452
2024-02-28,4.036106053766625,3.790112640494704,3.525375577749271,3.911924590528783,3.70336710509153,3.9956957996086793,3.8758373487798154
2024-02-29,4.03124319024254,3.776591982081892,3.5211280629225135,3.9010188018595553,3.698905138886544,3.987702931584363,3.871167583462058
2024-03-01,4.077550358597008,3.825649984321009,3.5615755036529704,3.9497618656573845,3.7413947171407695,4.035543064973654,3.915635952289231
2024-03-04,4.065756701240663,3.814346581582075,3.551274220420435,3.938173776974826,3.730573335809264,4.023787106165364,3.904310606262267
2024-03-05,4.08667139259844,3.848948895491269,3.569542358359987,3.968743444250178,3.7497638077531934,4.049753510024393,3.9243948014798384
2024-03-06,4.113806303538644,3.8826597122060647,3.5932436068055584,4.000707925689812,3.774661700731442,4.079510536458507,3.950452219168284
2024-03-07,4.109092348693424,3.8554875516796607,3.5891261576938227,3.980483397920671,3.770336367086558,4.0668459581053416,3.9459254495526745
2024-03-08,4.127270380829932,3.8595573589796435,3.605003934365668,3.989154071761144,3.7870157915994045,4.080270830370751,3.963381654851405
2024-03-11,4.03627129586605,3.7442456524902674,3.5255199100472745,3.880403230665262,3.703518724535429,3.9796836786383984,3.8759960293228954
2024-03-12,4.025971955296843,3.7299118395378508,3.5165238521573383,3.8672118219213742,3.6940684676392945,3.9678481103919028,3.8661056626392245
2024-03-13,4.013410911354438,3.7117471069873655,3.505552287744588,3.850653337332232,3.682542963521656,3.953173239480659,3.8540434019842533
2024-03-14,4.0562121870457535,3.768051604398304,3.5429374728731755,3.9032273920363068,3.721815676958719,4.00121133683067,3.8951450927450817
2024-03-15,4.085521642812887,3.835780268346389,3.568538098372634,3.9593083090296766,3.748708844013842,4.044364533477471,3.9232907068150222
2024-03-18,4.147169834384835,3.888046896367152,3.6223853031004016,4.015188540493459,3.8052747225399703,4.103417997716159,3.982490926084856
2024-03-19,4.198118487618976,3.9567056288636198,3.666886893355503,4.078896630494692,3.8520231389399684,4.1611757388463815,4.031416472253454
2024-03-21,4.257207029612044,4.039118940192957,3.718498347586933,4.154700186931496,3.906240386898735,4.229140573722866,4.088158682416131
2024-03-22,4.2828064839056,4.063236627122692,3.7408584366846886,4.179565989340425,3.929729407176232,4.254511356725895,4.1127416145139515
2024-03-25,4.238217336290931,4.03063535918302,3.7019116176617555,4.14272946137264,3.888816215025066,4.213628190534662,4.069923045979581
2024-03-26,4.240791022107265,4.0234797214868125,3.7041596282444402,4.138635283170959,3.8911777246742383,4.212810228348026,4.0723945339628225
2024-03-27,4.267984196319553,4.042327025552786,3.727911767304318,4.1603881001950125,3.9161290776662705,4.237379365279273,4.098507901361953
2024-03-28,4.241917004051615,4.038823812128745,3.7051431279827316,4.149560104046026,3.892210880007146,4.218948462778508,4.0734758045775745
2024-03-29,4.278882535562817,4.065125563389322,3.7374310263362687,4.179599142924626,3.926128951434693,4.252586531798376,4.108973481234239
2024-04-01,4.197068070906781,3.9571009617579027,3.665969396794634,4.078833978613144,3.851059319197186,4.16062805074278,4.030407766270342
2024-04-02,4.189796620195836,3.9592727595569306,3.6596180783679912,4.077970848322022,3.844387331144722,4.156583672236305,4.023425055739485
2024-04-03,4.191169175641849,3.9663181933991134,3.6608169500983223,4.0832569274192885,3.8456467323152967,4.1599600327279065,4.024743108731665
2024-04-04,4.234905811335943,4.0168758060757295,3.6990191344004377,4.132167060125166,3.885777694128285,4.206583955316662,4.0667430175236925
2024-04-05,4.20533886628316,3.990739699873083,3.6731936024126295,4.104628961030606,3.858648265355139,4.177883672288667,4.038350138744417
2024-04-08,4.242822352086534,4.039634348022067,3.7059339129148285,4.150370680445059,3.8930415906194322,4.219792190443448,4.074345202378485
2024-04-09,4.282059451992035,4.0979162332474806,3.7402059344885616,4.203131149988931,3.9290439610114634,4.266149652593561,4.112024246299947
2024-04-10,4.2698210096916105,4.062133996782195,3.7295161495768525,4.174577916194168,3.9178144630673604,4.24552064994247,4.100271777180706
2024-04-11,4.282474943727107,4.0765549490135085,3.740568849733122,4.1885867954730305,3.9294251993643714,4.258937586364669,4.1124232393797735
2024-04-12,4.304453934313764,4.090597255325831,3.7597666100510088,4.205356266484754,3.949592229084956,4.278384545147935,4.133529471839831
2024-04-15,4.30778010125914,4.0986182092091505,3.762671882499388,4.211945558014374,3.952644184877855,4.2833939035810955,4.136723560871048
2024-04-16,4.206374179340291,3.981955287403099,3.6740979065409927,4.0989279109399135,3.8595982265970328,4.1754891469179,4.03934434081965
2024-04-17,4.148913233898826,3.9251119870899176,3.623908092141869,4.041252512253802,3.806874395176203,4.117592129207694,3.9841650973925864
2024-04-18,4.172939796113035,3.9545496307666514,3.6448943235537508,4.06926457795976,3.828920193519261,4.143788007930433,4.007237594981124
2024-04-19,4.113285004746113,3.8932073672888796,3.592788273370949,4.007786920921528,3.7741833781169047,4.082864337938228,3.9499516204964324
2024-04-22,4.176847206284738,3.9474490079639684,3.64830728847788,4.065650982899748,3.8325054745062364,4.143881720669447,4.010989846799768
2024-04-23,4.184250534272734,3.959932248629776,3.6547737963781346,4.076627416647148,3.8392984677957362,4.153149519589014,4.018099197926547
2024-04-24,4.228598963873072,4.033304747216778,3.6935103579406476,4.141413565377656,3.8799907868667587,4.2081738745054835,4.060686607056767
2024-04-25,4.153609758310329,3.9558035991339295,3.6280103164739472,4.063864441484978,3.81118373536254,4.131452689689468,3.9886751287151196
2024-04-26,4.1883266692921035,3.9915000472355953,3.658334135640152,4.099640468901904,3.8430385638550444,4.166907161996033,4.022013474740952
2024-04-30,4.269468765918662,4.083822588068126,3.729208478871961,4.1893676768244905,3.9174912584775052,4.252889229243067,4.099933520565817
2024-05-01,4.241679904326574,4.05253720564797,3.7049360309518238,4.158877888502245,3.891993326922402,4.223572846328824,4.0732481197849895
2024-05-02,4.247868640913,4.051375995489694,3.710341642332761,4.160106076555741,3.897671860437362,4.2272776520478486,4.079191109410113
2024-05-07,4.265587305703076,4.067663880971034,3.725818180186112,4.177040527922044,3.913929788117055,4.244698106092637,4.096206188263107
2024-05-08,4.210086145639533,4.012613554527149,3.6773401591385313,4.121238037661084,3.8630041762189418,4.188730715648023,4.0429089095966715
2024-05-09,4.2258373379396685,4.04421145337013,3.6910981892585544,4.148003971282874,3.877456830993921,4.210163842612315,4.058034641822589
2024-05-10,4.264046494605753,4.074813274630232,3.7244723439419536,4.181428281946297,3.9125160023896806,4.246158993957518,4.094726560840323
2024-05-13,4.244062004917047,4.046431797710078,3.707016699579834,4.155479343659131,3.8941790457440226,4.223033106139462,4.075535630151198
2024-05-14,4.257079516050013,4.079614816116458,3.718386969642091,4.182436314277549,3.9061233856294915,4.243202231717105,4.088036232257583
2024-05-15,4.238623207125709,4.056682996923095,3.702266129438595,4.1607152654032875,3.889188625630337,4.222984001453201,4.070312800192988
2024-05-16,4.2345337354778065,4.023509569225472,3.698694141170358,4.136682774648273,3.8854362924219683,4.208744825770522,4.066385716330827
2024-05-17,4.2518956093326254,4.055464482826556,3.7138590365562516,4.164219376734284,3.9013668432202264,4.231371184081032,4.083058171968734
2024-05-20,4.304812197466656,4.132864151846975,3.76007953844109,4.234467694827543,3.94992095681354,4.29338707774019,4.133873508812639
2024-05-21,4.2951662889603766,4.1390170330845875,3.751654227059218,4.235524715416814,3.9410702626580827,4.2891214436442615,4.124610627224911
2024-05-22,4.250895042981408,4.102652028659785,3.712985082271723,4.196176213026659,3.9004487641454455,4.247100012853667,4.082097336851341
2024-05-23,4.264870514056866,4.108210338121279,3.725192091641802,4.204546539721899,3.913272089194278,4.258308186056525,4.095517859513401
2024-05-24,4.249516739239118,4.08655342640091,3.711781189636827,4.184711721787787,3.899184088571508,4.240592387183539,4.080773763820512
2024-05-27,4.294720985601628,4.151080291167133,3.7512652725657762,4.24363238138945,3.9406616703692268,4.293016636309006,4.1241830063035625
2024-05-28,4.309582178548153,4.172866987325224,3.7642459242067328,4.263395003969673,3.9542976978589452,4.310450536415616,4.138454079933011
2024-05-29,4.264788884543971,4.151394198964645,3.7251207915601525,4.2340645462484146,3.913197189266271,4.2732561379100185,4.095439471405997
2024-05-30,4.240014097473202,4.112461469810428,3.7034810159646336,4.199331264316024,3.89046485016237,4.243284830040164,4.071648460030728
2024-05-31,4.318913915001168,4.198185250603416,3.7723968189927493,4.283766612822793,3.9628601204893497,4.325440740253018,4.147415264845338
2024-06-03,4.352802117628853,4.246274826658651,3.8019967948917883,4.327755252721667,3.9939545598301898,4.3646781804046215,4.179957809485567
2024-06-04,4.327359927519663,4.1734318415085,3.779774069705544,4.269829491660216,3.9706098387855264,4.322712395550517,4.155525896808761
2024-06-05,4.274414435560118,4.081205033127209,3.733528321496844,4.189618200893379,3.922029204215014,4.255719609042444,4.10468280387397
2024-06-06,4.288372819182767,4.106451291942527,3.7457204056672335,4.211398023221165,3.9348368505106617,4.273700662845748,4.118086917604523
2024-06-07,4.284230472125233,4.096550272976274,3.7421022328648705,4.203297848496571,3.9310360009724223,4.26753919706292,4.114109057948874
2024-06-10,4.324702637995094,4.157170934353871,3.7774530346613377,4.257900203628259,3.9681716177668265,4.315364593432503,4.152974124915593
2024-06-11,4.314106616986153,4.146562854431048,3.768197838393296,4.247180763798479,3.958449138940297,4.30464668077317,4.142798858600035
2024-06-12,4.286189421278824,4.134335483762824,3.7438132958082426,4.229620580329263,3.9328334532096307,4.281794998199612,4.1159902196905875
2024-06-13,4.235749474926375,4.076467346615268,3.6997560404623484,4.173584978247263,3.8865518055978407,4.228249376221333,4.067553180291975
2024-06-14,4.2682183304652295,4.096189995141586,3.7281162740214557,4.197746386201325,3.916343909655748,4.25671186995817,4.098732738334606
2024-06-17,4.193235904120327,4.007576645630566,3.6626221539276558,4.112686916493565,3.847543078486677,4.176225782808913,4.026727770016568
2024-06-18,4.205429238733303,4.0250948161133655,3.673272539096746,4.128630854510615,3.8587311874475225,4.190379067212489,4.038436922618006
2024-06-19,4.223021529506636,4.050171896250896,3.6886386943520306,4.15150005915788,3.8748731594584824,4.2107313701945515,4.055330645607828
2024-06-20,4.213413546404448,4.038867011958872,3.6802465092784318,4.140634620091246,3.8660572641145747,4.200435201929798,4.046104183454002
2024-06-21,4.2148849237847505,4.051179950465531,3.6815316979759216,4.149488395417021,3.867407340281256,4.205637554206653,4.047517134285511
2024-06-24,4.235867580681075,4.070955672452471,3.6998592010675613,4.169879163006433,3.8866601746449,4.22643987422237,4.0676665962154095
2024-06-25,4.3104064650860625,4.186118106841581,3.764965905196108,4.27283065406277,3.955054029731546,4.315725920305737,4.1392456350872004
2024-06-26,4.325530529985553,4.196467154992566,3.778176164867853,4.284874755275638,3.9689312578563554,4.329382013474572,4.153769142354338
2024-06-27,4.31249519778807,4.187209081664894,3.7667903288257176,4.2742641647691855,3.9569705660853725,4.31749600654124,4.141251426835537
2024-06-28,4.333762195058692,4.251023289679148,3.7853661917468475,4.324671518181528,3.976484299636202,4.35357722317085,4.161673938340395
2024-07-01,4.355074616875244,4.305724880793832,3.8039817311736783,4.368897378514636,3.9960397129067715,4.386561644870452,4.182140070639484
2024-07-02,4.401278684908082,4.393122466449541,3.8443391179384836,4.443467524729603,4.038434690490311,4.447266529343266,4.22650943312938
2024-07-03,4.417819184219788,4.373782369843888,3.858786575844811,4.435915957656457,4.053611581344206,4.4518055228643485,4.242393129976233
2024-07-04,4.4523797398889275,4.409312459218926,3.888973824962244,4.4715069591575185,4.08532294454769,4.487078187743622,4.275581329362627
2024-07-05,4.423033799611295,4.3718488761964425,3.8633413317168532,4.436351772169979,4.058396300786498,4.454650469594477,4.247400679536302
2024-07-08,4.396171204116127,4.334509845825775,3.8398779398108744,4.402111247479816,4.033748273408391,4.42393258130567,4.221604763988402
2024-07-09,4.420726953185921,4.333735707217478,3.8613263945617597,4.409798812309696,4.056279632132497,4.440158547961824,4.2451854350867615
2024-07-10,4.437172668978194,4.37296272269632,3.8756910628931527,4.441833146331893,4.071369553475855,4.464522784218177,4.260978112148759
2024-07-11,4.470970065475464,4.383539509455161,3.9052117233058765,4.460289346627302,4.102380672796894,4.490809070505042,4.293433456456026
2024-07-12,4.43710406757521,4.312100771998739,3.8756311423391687,4.4006402721374585,4.07130660761274,4.443808523192817,4.260912234821375
2024-07-15,4.436963686401449,4.311964761624602,3.8755085250553414,4.400501325969778,4.071177799545223,4.443668071154129,4.260777428007808
2024-07-16,4.4423729417973945,4.357585859995478,3.8802332911077295,4.43317042698927,4.0761411127559075,4.462792847351886,4.2659718886620634
2024-07-17,4.470887478195538,4.368476152691813,3.905139586653419,4.450072155162585,4.10230489406073,4.485638227576573,4.293354148613317
2024-07-18,4.429779770057304,4.344322034670543,3.869233664361677,4.419987093877519,4.064586129475056,4.4498324195071906,4.2538787759639245
2024-07-19,4.404838249890497,4.313020257000365,3.8474482541428494,4.390472846580409,4.041700802849278,4.422454706840967,4.229927652254567
2024-07-22,4.364878638363996,4.267270946609435,3.812545147857917,4.346163677812934,4.005035485117754,4.380086288325424,4.191554786741627
2024-07-23,4.377087221817415,4.294131219930386,3.823208852273074,4.368415695685035,4.0162375857956985,4.397405707318764,4.203278582671195
2024-07-24,4.302050757759759,4.211079396057542,3.7576675324203292,4.287143927789103,3.947387171814587,4.31881603746324,4.131221722410146
2024-07-25,4.204799259063659,4.077216318802032,3.6727222773067303,4.164072483165192,3.85815314367108,4.208054203044431,4.037831958650249
2024-07-26,4.1904547314490035,4.072748893752113,3.6601929119596868,4.156253817738429,3.844991187320449,4.1969049451615765,4.024057034220896
2024-07-29,4.287812080512076,4.1791579587060514,3.7452306230924406,4.260789450758531,3.934322339464635,4.2984147097386165,4.117548445162564
2024-07-30,4.276686299916055,4.150122756395836,3.7355127032275743,4.2374282867620625,3.9241137747418833,4.281083791181797,4.106864455348138
2024-07-31,4.341695684823499,4.255202795657228,3.7922957745404116,4.330248024978832,3.9837637478548995,4.360421004215539,4.169292399185324
2024-08-01,4.188246036367892,4.128948825435772,3.658263706038456,4.193530784907042,3.842964578356364,4.214506060979389,4.021936043648944
2024-08-02,3.9618954642401425,3.8004669742233483,3.4605556259338583,3.895572243430461,3.6352744800611854,3.9508967355088136,3.804573568609001
2024-08-05,3.493772835489832,3.2384759174202027,3.05166942205227,3.3588136042812633,3.205744155196457,3.4456461682528325,3.3550395018254453
2024-08-06,3.8101214495820903,3.538585760994633,3.327987155857825,3.6675988253514484,3.4960128041278278,3.7599770719150176,3.6588263095554496
2024-08-07,3.882212045153488,3.6430059674118955,3.390955378602029,3.7623616585917015,3.5621602087472923,3.8438667811485026,3.728054278069966
2024-08-08,3.8507365935646822,3.613941504277289,3.363462843259393,3.732177224144026,3.5332796118355483,3.8128626751165955,3.6978286771535194
2024-08-09,3.8761222101992105,3.6728406973103542,3.38563615380111,3.7805300739773484,3.5565724233559592,3.8499324174836325,3.7222062628173274
2024-08-13,3.9697967686011575,3.7833308384414392,3.467457096077511,3.8866065571677044,3.6425243962596436,3.9503668925211937,3.8121611220921214
2024-08-14,4.016513568884597,3.8363465206141902,3.5082623337486396,3.938095082560175,3.6853898361465274,3.999744779083559,3.8570228568785665
2024-08-15,4.050905688517273,3.894606678164826,3.5383024607931004,3.989021201007387,3.7169466492791163,4.042639077854682,3.890049308612071
2024-08-16,4.161590823972076,4.033869478007556,3.6349814548914043,4.120256830776786,3.818506837293348,4.1642746630336696,3.9963392762778422
2024-08-19,4.110311002496141,3.969825627167555,3.5901906025564188,4.059778270363845,3.7714545543555116,4.108083460187159,3.9470957121426267
2024-08-20,4.1537631094108995,3.9954977568594954,3.6281442624648546,4.091663031446912,3.8113244441084975,4.145967855978493,3.988822390435984
2024-08-21,4.134855477433122,3.9573584571464946,3.611629209807772,4.059528637280214,3.793975568392923,4.120307202918495,3.970665556789836
2024-08-22,4.149183666065748,3.948135802836033,3.6241443037141137,4.05806612112399,3.8071225327567793,4.126781299932949,3.984424791037625
2024-08-23,4.175347164436903,3.9806351958877197,3.646997062526056,4.08880344131447,3.8311290969875245,4.15539060214723,4.009549369730751
2024-08-26,4.151557472343776,3.942468334199779,3.6262177275952965,4.055020978321227,3.8093006410539347,4.126445457850043,3.9867043364481236
2024-08-27,4.185815490658803,3.9810050170359683,3.6561407225565357,4.092547690127348,3.8407344082601003,4.162539071544656,4.01960201185897
2024-08-28,4.191740586872666,3.9767508255580606,3.6613160547232098,4.0916447260432625,3.8461710360693333,4.1650664543586835,4.025291829939784
2024-08-29,4.197042592259302,3.9832567375798718,3.6659471422254066,4.097819406323336,3.8510359410243358,4.170836861115178,4.030383299347972
2024-08-30,4.224811974531575,4.005561347037694,3.6902025757466586,4.122189868019343,3.8765159991461675,4.197054787493083,4.057049994308324
2024-09-02,4.22501102231401,4.028230682718518,3.6903764359430093,4.137599672277692,3.8766986373127543,4.204894813229465,4.057241138153177
2024-09-03,4.253981027275203,4.0878836244231005,3.7156805648774203,4.1879049245564755,3.903280338085334,4.244872565285966,4.0850607805825785
2024-09-04,4.107752391068327,3.9011198363099306,3.587955758843096,4.012280793625037,3.7691068763534354,4.0828660937846495,3.944638699962861
2024-09-05,4.093100809361346,3.8733928696525513,3.5751581941515074,3.9885114612310777,3.755663179629818,4.063497220724791,3.930568914173753
2024-09-06,4.065865218354703,3.843985523341471,3.5513690057354146,3.9594835740128373,3.730672906708818,4.035194259881458,3.904414814297927
2024-09-09,4.039135885496573,3.786130518104035,3.5280220133590263,3.9111409277094826,3.7061471557178445,3.997328772898338,3.8787468696950276
2024-09-10,4.0318768086162535,3.7819528700292935,3.5216815029735273,3.9059105805919794,3.6994865213901567,3.99105880797846,3.8717760416455143
2024-09-11,3.945607749842303,3.6870023059203163,3.4463289654371865,3.8127301475278728,3.620329534384698,3.900781678047133,3.7889326189044
2024-09-12,4.02964018460129,3.763938772152212,3.519727902256916,3.892845002486881,3.697434285969895,3.9833067802412803,3.869628231162616
2024-09-13,4.000052931756803,3.740217094845541,3.493884632233497,3.866942804840579,3.670286223591296,3.955421850223639,3.841215850988553
2024-09-17,3.9864589100854655,3.698829337911918,3.4820108035072166,3.8341642396303155,3.6578129010341365,3.93200135872584,3.828161630853598
2024-09-18,4.003924543802658,3.7335753388894144,3.497266328940955,3.8636585863683153,3.6738386576708986,3.9556796224623603,3.8449337261799896
2024-09-19,4.073833719493802,3.804955930274727,3.558329169549948,3.935358606892848,3.7379844799435897,4.026900869206549,3.912066896259423
2024-09-20,4.106394180983547,3.8557758722704056,3.5867694172062423,3.9807873695412357,3.7678606379041044,4.0661874009019785,3.9433344226956244
2024-09-24,4.130460904820309,3.8791176754091206,3.6077907281728794,4.004627336975505,3.789943286922013,4.090277323177591,3.9664454871390964
2024-09-25,4.126766023407401,3.83910319192987,3.604563398533316,3.976020589798018,3.786553013698393,4.073902670669867,3.962897324829017
2024-09-26,4.224333083067473,3.9228045752128335,3.689784283400161,4.065186039530281,3.876076587775048,4.167761762805308,4.056590119023121
2024-09-27,4.288799065062481,3.937819643355751,3.7460927142226694,4.096511945241801,3.9352279564302237,4.215758985164246,4.118496237795407
2024-09-30,4.153344370049577,3.885359971374468,3.6277785105499687,4.016371865350105,3.810940225865551,4.107632351603718,3.9884202786890692
2024-10-01,4.212397125597274,3.9453835673277453,3.679358706767153,4.0767416834989305,3.8651246376344788,4.167693819469967,4.045128123441199
2024-10-02,4.17474046622666,3.926112870311568,3.6464671361502465,4.051318828207776,3.8305724153333265,4.136070282356925,4.0089667627448655
2024-10-03,4.222134539279002,3.9817311532450956,3.6878639442229355,4.104921458756981,3.8740592932250886,4.1869150911583075,4.054478876648721
2024-10-04,4.2476582424979785,4.021932715585212,3.710157867817417,4.140848731526228,3.897478807390992,4.21790591515534,4.078989065652045
2024-10-07,4.303311595235799,4.097188692618725,3.758768823017338,4.210643471114487,3.948544065110114,4.281113216293574,4.132432493612706
2024-10-08,4.247298927244127,4.048957291779256,3.70984402045965,4.1593490408649,3.8971491142972656,4.227184689798474,4.078644018355885
2024-10-09,4.2466351350231335,4.03543730135927,3.70926422477207,4.149821484516109,3.896540045496027,4.22198625777633,4.0780065844907485
2024-10-10,4.255981669902758,4.040564180277932,3.717428045385867,4.156368380576572,3.9051160465620764,4.229956409685858,4.086981980202741
2024-10-11,4.244038474633896,4.035162491125365,3.706996146828136,4.148794498680008,3.894157455311207,4.220176756928454,4.075513034226054
2024-10-15,4.249552456594029,4.020936156110742,3.7118123873033486,4.140773309853258,3.8992168613667455,4.2188044190348135,4.080808062884094
2024-10-16,4.215309937129002,3.98377146519647,3.681902929961426,4.104125345791012,3.8677973152763028,4.183132065388189,4.04792527088337
2024-10-17,4.221303086448318,3.9725649914988623,3.687137703766342,4.098339005720946,3.8732963858530884,4.1831391227596475,4.053680439766244
2024-10-18,4.216246036699695,3.954463515447626,3.6827205751176484,4.084238175336139,3.86865624224973,4.173429721394828,4.048824199115169
2024-10-21,4.195902599147483,3.9447239894889137,3.6649514042983866,4.0709662118759935,3.849989929612817,4.156581917623298,4.0292885739316215
2024-10-22,4.1556139186355505,3.902491779907174,3.629760869549192,4.028876939172701,3.8130226715358915,4.115137213213249,3.990599706349592
2024-10-23,4.136934576391925,3.8858507597529623,3.613445218751899,4.011387628421785,3.7958832652149823,4.0969569089706575,3.9726620973388185
2024-10-24,4.1267596281713415,3.8815371618342827,3.604557812552988,4.005133726272344,3.786547145689344,4.088726711388,3.9628911835397536
2024-10-25,4.096899539856101,3.848446115463055,3.5784762317685224,3.9727057108600308,3.7591487405561117,4.057379367302643,3.9342168018489985
2024-10-28,4.149595068405386,3.8868455053308217,3.624503647036977,4.016157130038801,3.8075000188464116,4.105657930997308,3.9848198571067783
2024-10-29,4.1873414513751355,3.925659373427144,3.6574735875928606,4.055071492695944,3.8421345678805987,4.144222105317815,4.021067378590752
2024-10-30,4.222831668116045,3.9584842328008483,3.688472858097824,4.089132413988456,3.874698950352213,4.1791893072648545,4.055148323374732
2024-10-31,4.221943578631115,3.9506442956842456,3.687697147811889,4.08344527679114,3.873884075484938,4.175842966232946,4.054295498808455
2024-11-01,4.153638820865241,3.881952552425126,3.628035701441526,4.014092340552468,3.8112104019833914,4.106605050044975,3.988703037232458
2024-11-05,4.181129107023547,3.91654531656622,3.6520473557828157,4.046794769627385,3.836434372838472,4.136922610525254,4.0151017186351865
2024-11-06,4.242229071951822,4.001570237050346,3.7054157066859,4.125089934171757,3.8924972208467534,4.2071764758097405,4.073775480653195
2024-11-07,4.2912545621251175,4.05426044924071,3.74823749170387,4.17720524853273,3.937481020875827,4.258069858089459,4.120854230152002
2024-11-08,4.276579909562346,4.072694512331865,3.7354197755518204,4.185185734990134,3.9240161552712927,4.254897822383932,4.106762289621828
2024-11-11,4.265203459549629,4.071032705250053,3.7254829060786085,4.180375404021338,3.913577586465476,4.246813410763075,4.095837584158583
2024-11-12,4.272399635144261,4.071593335834405,3.7317684747322954,4.183080017287119,3.920180505126335,4.251754228795179,4.1027480086535055
2024-11-13,4.235795266071578,4.015776285987228,3.699796037177705,4.132810460004377,3.886593821694195,4.207945229824304,4.0675971531282835
2024-11-14,4.207729918882961,3.9930774952040036,3.675282090259123,4.108122009514971,3.860842198177192,4.181442732981982,4.040646245646901
2024-11-15,4.226904136988503,4.0008656627518295,3.6920299951286277,4.1196675372656895,3.87843568250391,4.196827090963421,4.059059079620318
2024-11-18,4.20355702544779,3.9816662211890925,3.6716372364299783,4.098911303980296,3.857013320522591,4.174668419920124,4.036639052571926
2024-11-19,4.231044304903669,4.008544035015787,3.6956462645381705,4.12629438883016,3.882234532549555,4.202263524547504,4.063034846664606
2024-11-20,4.2098574011107,3.9805704595511244,3.6771403600339627,4.100185499084858,3.862794289523136,4.1784347172954925,4.042689248225941
2024-11-21,4.186681502375506,3.9579928750317865,3.656897148803873,4.077155663828318,3.8415290254633003,4.155197682473824,4.020433635337481
2024-11-22,4.210481629430573,3.979043050660419,3.677685598252312,4.099333650524395,3.8633670560944533,4.17830755667863,4.043288689222809
2024-11-25,4.23214875253914,4.017860554947471,3.6966109549276513,4.133072602804802,3.88324792887463,4.206276710924621,4.064095438070853
2024-11-26,4.192432470987043,3.9775897953354247,3.661920387544738,4.092517576466056,3.846805880851802,4.1658985853766595,4.02595624020448
2024-11-27,4.154346103206125,3.9503832299816564,3.6286534839918136,4.0614935304912905,3.8118593755535475,4.131201508885004,3.989382234279416
2024-11-28,4.1873661320113955,3.986583939632399,3.657495145131526,4.09708573380028,3.8421572138307387,4.165730820043442,4.021091079189925
2024-11-29,4.182467985173682,3.984598253457083,3.653216811755774,4.094139019246057,3.83766287308918,4.16180216501786,4.016387431614635
2024-12-02,4.229842153020358,4.043392938686055,3.6945962334354903,4.14994137056495,3.8811314867720967,4.213793517941248,4.061880430723554
2024-12-03,4.281483681088681,4.091412743606632,3.7397030218658442,4.199686838569524,3.928515656998846,4.264771747025732,4.111471338536415
2024-12-04,4.257906378533936,4.0528040568501815,3.7191092006162427,4.165558811952775,3.9068820810856093,4.235701258658878,4.088830261070206
2024-12-05,4.250850057618501,4.071083114552182,3.7129457893746527,4.175758291496205,3.900407487402224,4.237364690334406,4.082054137800726
2024-12-06,4.230560487369962,4.046948037870582,3.69522366946889,4.1526088126017004,3.881790601216897,4.215505564403033,4.06257024091784
2024-12-09,4.233918946721076,4.060110993225933,3.698157148029056,4.162713695932069,3.8848721872106777,4.222308602769533,4.065795340063899
2024-12-10,4.235759870375939,4.0462270189244505,3.699765120467565,4.153815856077507,3.8865613440404503,4.2187081999896465,4.067563162951287
2024-12-11,4.244249744002579,4.069178006235703,3.707180682086319,4.17229620625247,3.894351307509309,4.232319377877272,4.0757159143533075
2024-12-12,4.277503172580963,4.096826182987968,3.736226208498407,4.202089126202389,3.9248633039455205,4.2640086690332755,4.10764889102492
2024-12-13,4.241501455096193,4.067697512279571,3.7047801627585057,4.170384410264901,3.8918295891511656,4.229979841422507,4.073076756549546
2024-12-16,4.223315578834556,4.053042670707857,3.6888955345602668,4.154409617323814,3.8751429671874638,4.212811110453789,4.055613018606049
2024-12-17,4.197839021082598,4.018848405532754,3.6666427906265304,4.122680962531043,3.8517667117886454,4.1840127421249935,4.031148102982429
2024-12-18,4.192892462598703,3.9999838747429073,3.662322171633688,4.108155499745448,3.8472279504853906,4.174174369073845,4.026397966126656
2024-12-19,4.177486623674051,4.008952602605241,3.6488657937347417,4.109253934396248,3.8330921779512046,4.167058343341309,4.011603873727194
2024-12-20,4.171262328139349,3.970166051154394,3.643429123049081,4.080679277531532,3.8273810169885065,4.149450846289392,4.005626737154995
2024-12-23,4.206962191249741,4.009498771417447,3.6746115111879942,4.119267235297758,3.860137762460027,4.186823893999642,4.039909003514288
2024-12-24,4.21377683711468,4.013741080767556,3.6805638290367395,4.1243986078530215,3.8663906049257273,4.192823451691683,4.04645304834616
2024-12-25,4.224118939308031,4.010270305566325,3.689597237477779,4.125406032280908,3.8758800981526473,4.198486345539518,4.056384478643557
2024-12-26,4.272832733839812,4.046107511742476,3.7321467689455083,4.165858273605984,3.920577898911581,4.243288154559115,4.103163909543511
2024-12-27,4.329212270302099,4.095417120403696,3.7813920162906527,4.218035772213822,3.9723094733433006,4.297861124744677,4.1573046853844975
2024-12-30,4.310305117571259,4.075335536671448,3.7648773822364077,4.19811193299091,3.9549610373652646,4.278328220154304,4.139148311954992
2025-01-06,4.276880392198388,4.045904418885751,3.7356822349947914,4.16703668949555,3.9242918659427026,4.245900271694101,4.1070508404695785
2025-01-07,4.293931231824272,4.0819698141701055,3.7505754545476115,4.197337779311331,3.93993702435616,4.269801214300354,4.12342461265735
2025-01-08,4.265266107597465,4.04383766530203,3.725537626617389,4.16184560430774,3.913635069771529,4.237490529418153,4.095897744531079
2025-01-09,4.2136721794912235,3.9971241902351533,3.680472414830858,4.11301462478738,3.8662945753380895,4.1870028618742445,4.046352546545558
2025-01-10,4.182078933067685,3.957511668607511,3.6528769904590392,4.075555013939656,3.837305894666829,4.1522363856508555,4.016013828279402
2025-01-14,4.141989700101036,3.9242564911761364,3.6178606650828935,4.039701261951245,3.8005216415626557,4.114070812362963,3.9775164884309935
2025-01-15,4.150274230444708,3.9599353551024232,3.625096867639922,4.0668898948417365,3.808123190369148,4.13203466927208,3.9854720504740517
2025-01-16,4.14598199262541,3.969845752236147,3.6213477713128013,4.072300634452597,3.804184807151397,4.132660666539905,3.981350252030635
2025-01-17,4.137797645517585,3.9533796496819233,3.6141990747648447,4.058336525926656,3.79667518241607,4.121483941476571,3.9734908950728856
2025-01-20,4.180202620096563,3.9984879267441022,3.6512381068825204,4.103081016789201,3.835584266036772,4.1653284990156365,4.0142120213410815
2025-01-21,4.178023407282706,3.9910716715703205,3.6493346525306407,4.097281072864448,3.833584708804548,4.161291929698682,4.01211934233256
2025-01-22,4.198967953654993,3.9852703219940717,3.6676288676192135,4.100099921800821,3.852802574498093,4.173124444300526,4.032232207059492
2025-01-23,4.214903773023366,3.9942165299451675,3.6815481620243387,4.111418136153622,3.8674246355775925,4.186800846486281,4.047535235044524
2025-01-24,4.21535978995281,4.000467676415724,3.681946474388951,4.115858439508019,3.8678430582040972,4.189289372676269,4.047973144114125
2025-01-27,4.240883039150598,4.033825523070513,3.7042400014142673,4.147052059014029,3.8912621557785845,4.217850545252544,4.072482897124871
2025-01-28,4.237558380268376,4.065525132609101,3.701336046198127,4.167738088165488,3.8882115837232294,4.226739019219126,4.069290256273514
2025-01-29,4.256390990827043,4.084262607200027,3.717785570676511,4.186720041395462,3.9054916228294565,4.245757715151035,4.087375047506933
2025-01-30,4.271296541266585,4.1017510522503144,3.730804966795558,4.203568977769754,3.9191683509544686,4.2617404113827,4.101688717249031
2025-01-31,4.2795780573191315,4.1096467227288755,3.738038536491067,4.2116799598446555,3.926767133969763,4.269983418861526,4.109641384694681
2025-02-03,4.185132743906599,4.022445949636835,3.6555443708517146,4.121127253840104,3.840107947550313,4.176968104664299,4.0189463761232656
2025-02-04,4.200386698824456,4.032210351185448,3.6688680842068964,4.132803442032116,3.8541043574842444,4.190497402572279,4.033594615639187
2025-02-05,4.204074256060761,4.024411097354375,3.672089016474098,4.128686768988347,3.8574879103406743,4.19025135745249,4.037135744606523
2025-02-06,4.214336980910149,4.032112483494154,3.6810530920120605,4.137315573903013,3.866904570138392,4.199745571436562,4.0469909495346466
2025-02-07,4.197920508825926,4.019126069128313,3.6667139668781927,4.123057101411698,3.851841481634653,4.18432751191074,4.031226354949761
2025-02-10,4.1976131648110915,4.014687076945287,3.66644551429805,4.119924291882692,3.851559475240539,4.1825865103089335,4.030931215179956
2025-02-12,4.194293185656208,4.010615987616531,3.6635456466346765,4.1160539142514185,3.848513197113057,4.178968348725886,4.027743068229839
2025-02-13,4.240929992712915,4.059626070384139,3.704281013454011,4.164836723017293,3.891305238461705,4.226963166545813,4.072527986220171
2025-02-14,4.219141349658408,4.05007794390911,3.685249514015345,4.151163338866432,3.871312863911155,4.209160769845262,4.051604542830699
2025-02-17,4.226617063515754,4.069870347953212,3.6917792480480607,4.167135776371821,3.87817227553651,4.220985765906693,4.058783405474819
2025-02-18,4.240254307205002,4.087673468695321,3.7036908294608004,4.183771922812275,3.8906852568630903,4.236221867781549,4.071879131335609
2025-02-19,4.223725589034291,4.072176608184947,3.6892536619051692,4.167761917792366,3.8755191759060215,4.219860161893912,4.056006747815431
2025-02-20,4.186037805373343,4.021649915031192,3.6563349054780905,4.120880618162777,3.8409383952192737,4.177294763787486,4.019815498735265
2025-02-21,4.190293281076201,4.018256989265795,3.660051891581704,4.119959974126703,3.8448430470110107,4.178951791370318,4.023901994839739
2025-02-25,4.185329919940926,4.014554111957331,3.655716596151715,4.115801677038056,3.8402888682768044,4.174367631439064,4.019135722544782
2025-02-26,4.183895996801381,3.996800700968808,3.654464122220361,4.103205046306093,3.83897315860132,4.1672684116742715,4.017758738693145
2025-02-27,4.2109987585083415,4.017736729547501,3.6781372896095355,4.1264008978806395,3.863841552747956,4.192548432069896,4.043785283754042
2025-02-28,4.15207609443658,3.9708039820223626,3.6266707230408364,4.075004300056422,3.809776507637441,4.13709806696596,3.9872023647086396
2025-03-03,4.224002530690523,4.0518717748909925,3.6894955592533414,4.153991019621748,3.8757732863297965,4.213029736542568,4.056272692466132
2025-03-04,4.196888989274197,4.02922721832042,3.6658129762235405,4.129626127361767,3.850895001159353,4.187152593091291,4.030235795744597
2025-03-05,4.213084252878388,4.02320524861796,3.679958884687007,4.130819243908292,3.865755117739806,4.195834226353121,4.045787965760515
2025-03-06,4.249329714604403,4.06940882256129,3.7116178311742756,4.174279506587346,3.8990124823572967,4.235948850813819,4.08059416569928
2025-03-07,4.209073042923517,3.995572043612919,3.6764552548458314,4.110617906018497,3.8620745942846257,4.183589606391553,4.041936035917796
2025-03-10,4.200285548393537,3.9738852968709115,3.668779733392007,4.0929150795635145,3.8540115459541364,4.170230058678001,4.033497481764911
2025-03-11,4.160138616199803,3.9219238802965015,3.6337130100720727,4.0442405769926175,3.8171743503809767,4.125525592742636,3.9949447338532966
2025-03-12,4.197575262204178,3.968595707476994,3.6664124079021922,4.08841135633929,3.8515246973467545,4.1665945696114255,4.030894817637987
2025-03-13,4.2091611958911646,3.999144377394788,3.676532252901658,4.113088381465149,3.8621554798699527,4.1848863619518415,4.042020688441753
2025-03-14,4.236124505062044,4.031670471707908,3.700083614134501,4.144157747623438,3.8868959180293166,4.2140884651246475,4.067913318451726
2025-03-17,4.2907912246499205,4.0737463648570875,3.7478327851382987,4.190835513640048,3.937055881213651,4.26502140793957,4.120409291226334
2025-03-18,4.341755627245583,4.146612236162963,3.7923481318244083,4.257343613819275,3.9838187485885745,4.324164087736667,4.169349961369076
2025-03-19,4.36701737271066,4.16219240317502,3.8144132459040523,4.27627318292048,4.006997900951347,4.346361452017218,4.193608594632081
2025-03-21,4.371304707505978,4.2090016891374304,3.8181580596378093,4.3096712870956555,4.0109317853532875,4.3654359386039125,4.197725684744444
2025-03-24,4.359876064857283,4.182013281348896,3.8081756020056736,4.287479150863261,4.0004453267029945,4.348482690207454,4.1867508591492815
2025-03-25,4.372176444205271,4.179747474788208,3.8189194864261493,4.28996271124926,4.011731655568158,4.355876332413825,4.198562805873675
2025-03-26,4.38744300332536,4.206046655437203,3.832254209042766,4.31294188374163,4.025739630606502,4.375142665139217,4.213223149094779
2025-03-27,4.393888955960306,4.235667750855672,3.8378844882504595,4.335300011611491,4.031654175128185,4.389695215755538,4.219413141042011
2025-03-28,4.351950138284513,4.192362056861602,3.8012526253548002,4.291954028916644,3.99317281816235,4.346799260300474,4.179139661171528
2025-03-31,4.208205290182896,4.0320502712036905,3.675697307884438,4.135265174443721,3.861278379588539,4.195655641330986,4.0411027405492375
2025-04-01,4.219042840947162,4.031166250960349,3.68432331490383,4.138222150732367,3.870662511214941,4.202571857754104,4.051261535694209
2025-04-02,4.183996883579864,4.013515762894664,3.661370128122642,4.114684458329826,3.843869097308612,4.173165435352057,4.02041362799377
2025-04-03,4.082355454244657,3.874740921077566,3.594800546707385,3.986479473434877,3.7661619638533206,4.057443831159943,3.9309475193121766
2025-04-04,3.967372360629303,3.718498798083511,3.519492904323079,3.841958351693079,3.6782548313079535,3.9267925104208796,3.8297379041265125
2025-04-07,3.676953030707264,3.4694756590940186,3.32928411491251,3.5765820421783694,3.456222794019088,3.647398271614138,3.57410703092862
2025-04-08,3.8805904166630203,3.6785452217876244,3.4626554737396753,3.7862420897955964,3.611908104924781,3.85527960788772,3.7533513078215535
2025-04-09,3.7617724237879266,3.563585046273056,3.3848361819210764,3.6687193385494217,3.5210691065987647,3.7364274218979494,3.64876616440691
2025-04-10,4.027747204780289,3.767927100183095,3.559035127700199,3.8955250976644513,3.7244127425304603,3.9840619386633778,3.8828806275590275
2025-04-11,3.9325680529824374,3.669155989318405,3.49669798490239,3.796810349255647,3.651646163987716,3.886533265084809,3.799102699654397
2025-04-14,3.9650049844217943,3.692924633261224,3.5179424022864874,3.823682116709926,3.676444919541669,3.9163332273934364,3.82765410878384
2025-04-15,3.9888774901374275,3.7253311151330366,3.533577588875432,3.853665251751588,3.6946959811382065,3.943447569245989,3.8486669989490623
2025-04-16,3.9728298589451363,3.7024631710269365,3.5230672674625554,3.832768345501496,3.6824272101571522,3.924844150860179,3.8345416651582838
2025-04-17,4.019324475982181,3.7555294314723393,3.5535187006474547,3.8842866942868364,3.717973379024327,3.9741604345173447,3.8754668320725245
2025-04-18,4.073214754339468,3.785344483025941,3.5888138878172957,3.9223105776694545,3.759173695466571,4.020307959899287,3.9229017563148227
2025-04-21,4.032188357541107,3.7447606237864464,3.5619438400453762,3.8811226502556706,3.7278081025970917,3.9789606426513,3.8867897880083615
2025-04-22,4.050276868211414,3.746645600502882,3.5737908259803794,3.8883266757305646,3.741637171332729,3.9916276138991442,3.902711530472065
2025-04-23,4.118478213956142,3.8079657669031217,3.6184589801757587,3.9525907317640225,3.793778617102228,4.058226842828341,3.96274324244756
2025-04-24,4.1113002367040545,3.8371017100637537,3.6137577973588204,3.9701837121750105,3.788290893839035,4.063585141855391,3.956425093468846
2025-04-25,4.153629347358061,3.860123333305535,3.6414810515116547,3.999778467707651,3.8206524404263713,4.0996945498126465,3.9936837274622468
2025-04-28,4.190905045890378,3.890580755680953,3.665894596898487,4.032809868570752,3.849150541047695,4.135032158602739,4.02649428235002
2025-04-30,4.204281319921041,3.9176872794705555,3.674655325362668,4.055734142670476,3.859377000061837,4.153334559642456,4.038268252806843
2025-05-01,4.221735778269208,3.9054859198279304,3.68526485486207,4.053075997244089,3.872191650941778,4.1606766903004875,4.053427197527162
2025-05-02,4.233632456162808,3.8850365555212676,3.695649779744525,4.042735027749919,3.8831033278521763,4.1612312479411875,4.06484958875836
2025-05-07,4.24597731879161,3.9256182676411506,3.7064259369399126,4.074762463709026,3.894426081457298,4.183753255909516,4.076702296875928
2025-05-08,4.249192979651198,3.9241727559255026,3.709232972380642,4.074791436242694,3.89737549747638,4.185352703087734,4.079789758496187
2025-05-09,4.292690929767281,3.993700842505139,3.7472034838575734,4.1368152232344,3.9372719780044982,4.2386223165084385,4.121553569236018
2025-05-12,4.301300658839081,4.017442036701323,3.754719144151027,4.1559960688236615,3.945168853313536,4.25270994812971,4.129820052932751
2025-05-13,4.327043351424027,4.063394968427705,3.777190621580084,4.196027165760882,3.9687801460460843,4.285942055193985,4.1545364576870485
2025-05-14,4.306890133282392,4.087154783907437,3.7595983442727188,4.206016275448972,3.950295539920487,4.281138334246637,4.135186690950464
2025-05-15,4.280217253170716,4.031035872166979,3.736314881541707,4.158654065111044,3.9258310757523036,4.243684990517341,4.109577182596681
2025-05-16,4.2877885373768185,4.0371214548596575,3.742924055837868,4.165287374460957,3.9327754855945027,4.250820585689703,4.116846621266716
2025-05-19,4.286468309491326,4.026947934651301,3.7417715939874943,4.1578262249279305,3.9315645677010007,4.246340405267988,4.115579027106624
2025-05-20,4.272783975909421,4.030462416025985,3.7298261771589027,4.155878541804238,3.9190132463896803,4.238597501916255,4.102440248927647
2025-05-21,4.27866171435838,4.022798695900098,3.7349570105576944,4.152457291688851,3.9244043298074605,4.239737827613043,4.108083658686163
2025-05-22,4.25732375099581,4.003643797062029,3.7163305378022975,4.1323762761210014,3.904833070988767,4.2189160894540265,4.087596379146102
2025-05-23,4.282498792173725,4.029237209216482,3.738306497299865,4.15813977186816,3.9279237117538797,4.244545287709632,4.111767763138129
2025-05-26,4.3045403290144995,4.051481208478331,3.7575471379587535,4.180583168545088,3.9481402907657857,4.266926273399842,4.132930566685801
2025-05-27,4.325516683341647,4.083771377695963,3.7758579526200777,4.209636235356968,3.9673798804414036,4.292174942244517,4.153070653512714
2025-05-28,4.326756662347014,4.085363097857741,3.776940363099855,4.211134297154901,3.9685171937656154,4.293554880924067,4.15426119808696
2025-05-29,4.377827207311083,4.150305857918455,3.8215211929669235,4.272409034462389,4.01535928626151,4.350171562744878,4.203295705887152
2025-05-30,4.381598974331369,4.148505078166092,3.8248136681881673,4.272370174321946,4.0188187649054425,4.352010224768727,4.206917103299435
2025-06-02,4.354819428009755,4.126121257597818,3.8014370937004442,4.248313478848412,3.994256466095479,4.32646732656431,4.181205181213688
2025-06-03,4.344103870165013,4.117519754849839,3.7920831997574043,4.238924829613063,3.9844281168569573,4.316363746039653,4.1709168221391755
2025-06-04,4.361103931558956,4.143233345114286,3.8069230031169785,4.262102980019626,4.000020635965794,4.336610710130048,4.187239139506485
2025-06-05,4.315668816457199,4.0985242028901725,3.7672614890726854,4.216639562653654,3.958347380556918,4.290891164278466,4.143615393031347
2025-06-06,4.337579526346466,4.115773654072376,3.786387927424329,4.2356046968030805,3.978443964605626,4.3114322068192665,4.164652585325435
2025-06-09,4.355164574253244,4.140123623733639,3.801738380987883,4.258037071514883,3.994573035504979,4.331590012228789,4.181536567459527
2025-06-10,4.3564714595162135,4.130168019470089,3.802879195710052,4.25162842403611,3.995771715495815,4.328975928722994,4.1827913509294525
2025-06-11,4.355724132206001,4.127232424636559,3.802226833929009,4.249370387108255,3.9950862641262574,4.327454909424025,4.182073817430491
2025-06-12,4.352506112452988,4.123886969641362,3.799417739347801,4.246027596041631,3.992134684521413,4.324154231762218,4.17898409095917
2025-06-13,4.326732832114373,4.0953593172445215,3.7769195610593083,4.2180649625249735,3.968495336588207,4.297112966985013,4.154238317897819
2025-06-16,4.353835602029699,4.128138941519526,3.800578285973475,4.249378514830615,3.9933540972723134,4.32652093060624,4.180260577573232
2025-06-17,4.363680375953665,4.137616685533289,3.8091720495938333,4.259085462050883,4.00238376028202,4.336354030562312,4.189712868401644
2025-06-18,4.3942699904057445,4.17021066636623,3.8358745333552036,4.291405442485736,4.0304406676556574,4.368006537293787,4.219082962053683
2025-06-19,4.378509948480158,4.169060293466937,3.8221171757966195,4.285490949519391,4.015985498983835,4.357166170003907,4.203951228110464
2025-06-20,4.346883707698979,4.138176012752749,3.7945097934866663,4.254007432377086,3.9869777941118447,4.325424650211664,4.173585835468452
2025-06-23,4.333424252997294,4.132296789923571,3.782760679382216,4.245595118946487,3.974632732540166,4.31445520179872,4.160662970889263
2025-06-24,4.342844577832205,4.164200369145693,3.790983930163134,4.270557350574981,3.983273089277474,4.331845422573483,4.169707734204844
2025-06-25,4.334546117095904,4.150207944406179,3.7837399842349306,4.25825431509706,3.975661710435583,4.3214585220455515,4.1617401094616575
2025-06-26,4.370627905664981,4.183417014408863,3.8152367320888896,4.2927824492214235,4.008756060197449,4.356963625333625,4.196383419891966
2025-06-27,4.418539536691275,4.222297834035896,3.857060062404628,4.335050566266722,4.052700785160573,4.402286326217878,4.242384950655572
2025-06-30,4.443596715973308,4.252815899298046,3.8789331371350197,4.364146575708027,4.075683322559399,4.4295489845627465,4.266443171569801
2025-07-01,4.426439859395755,4.225330532836033,3.863956463111359,4.339699631634568,4.059946990328953,4.4085773279609155,4.249970309996253
2025-07-02,4.43387909160611,4.222236840327691,3.8704503657267475,4.340012495464813,4.066770281592853,4.412440848593177,4.25711296120749
2025-07-03,4.442681194164971,4.212753108033478,3.8781339539266604,4.336395412415479,4.074843602574851,4.414986893939187,4.26556414900829
2025-07-04,4.438134799103556,4.229431869955465,3.8741652853940645,4.346329787129427,4.070673632230115,4.417768893955785,4.2611990057685105
2025-07-07,4.410595452252144,4.21362662757632,3.85012546092192,4.326507857499341,4.045414441567513,4.393986519862774,4.234757574235955
2025-07-08,4.41971883981028,4.206569143912393,3.858089507297903,4.3246570515529505,4.053782446337674,4.397589714765173,4.243517238318222
2025-07-09,4.445000254713189,4.22128559066358,3.8801583232343355,4.34299557489977,4.076970653476296,4.419494203623313,4.267790755217812
2025-07-10,4.418302664895338,4.195091419966925,3.856853290747062,4.316335312243694,4.052483525474332,4.392657575691345,4.242157522263459
2025-07-11,4.436463439514523,4.207774025758057,3.8727063113898166,4.330954206075187,4.069140655041043,4.409126778911249,4.259594278525773
2025-07-14,4.44676395216397,4.19377837718252,3.8816979014010773,4.324737443782157,4.0785883232932605,4.411098535875224,4.269484139074757
2025-07-15,4.446526980677318,4.194687236641428,3.8814910427208504,4.3252823078490215,4.0783709721703305,4.411257284219398,4.269256614966315
2025-07-16,4.433936437899157,4.188564002963028,3.8705004248231534,4.316975051905802,4.066822879824673,4.400767864451608,4.257168021267173
2025-07-17,4.4550416871527,4.2092866041855785,3.8889237552758877,4.3380612826645,4.08618069240292,4.421988355644027,4.277431864346896
2025-07-18,4.443761511690991,4.204488927060491,3.8790769916769694,4.3310898805653215,4.075834473800415,4.412830003542883,4.266601397351609
2025-07-22,4.454215113860291,4.215659740164697,3.8882022175803823,4.342154917915095,4.085422556325756,4.423656040545545,4.276638244177333
2025-07-23,4.579726799062295,4.323776667762434,3.997764688242411,4.45720122779396,4.2005423376338324,4.544594772870794,4.3971461359843005
2025-07-24,4.647513568168084,4.415475759792861,4.056937552422137,4.542141473412645,4.262716612662329,4.6214955723444575,4.462230439682375
2025-07-25,4.618318085878997,4.3901515592309845,4.031452043510248,4.515260574808399,4.2359384084585185,4.5933029693062455,4.434198898114885
2025-07-28,4.594319315085072,4.335312896400695,4.010502881551325,4.4698690720765875,4.213926647234751,4.558296038648083,4.411156889957
2025-07-29,4.565599646722531,4.3170361789770535,3.9854327232044757,4.44796916399429,4.187584861322028,4.53287040576397,4.383582192970063
2025-07-30,4.593608551535553,4.32963938017977,4.009882437244354,4.465752070869717,4.213274732281567,4.555850918818409,4.4104744625257375
2025-07-31,4.625754515715834,4.363001534299684,4.037943499859649,4.499100871486329,4.242759129375075,4.5887980883636255,4.441338858675254
2025-08-01,4.659469950405135,4.398561183108852,4.067374594805581,4.5344600727017665,4.273683050617087,4.623544417427523,4.473710155014905
2025-08-04,4.615552790348592,4.358874636083722,4.029038143880629,4.492938632794489,4.233402069183015,4.580586556232297,4.431543847040908
2025-08-05,4.650351395224399,4.392845823643708,4.059414766739679,4.527574140547801,4.265319478121326,4.6155096860167975,4.464955130656914
2025-08-06,4.714857435040483,4.440471295724629,4.115723795524518,4.581230551136152,4.324484656126275,4.674869302322871,4.526889498397588
2025-08-07,4.750206325962162,4.469018155847412,4.146580777631868,4.6123166205782775,4.35690678945862,4.708255868295359,4.560829129722193
2025-08-08,4.79562235925826,4.526355444107181,4.186225634663157,4.666455001919965,4.398562542964857,4.7583897951989265,4.604434555128915
2025-08-12,4.855607206286352,4.585360109397584,4.238587994646645,4.726465293051521,4.45358086624335,4.81874559948379,4.662027977160374
2025-08-13,4.886330322130005,4.628827860158244,4.265407015304753,4.7663053992078765,4.481760221586494,4.854300120376352,4.691526249883756
2025-08-14,4.840196313346042,4.563682523877235,4.225135418474706,4.7065679221760135,4.439445938310581,4.80095542562963,4.647231472626867
2025-08-15,4.913834609248145,4.6216977240442585,4.289416235208152,4.770327235302821,4.506987255332226,4.869996656594278,4.717934019414744
2025-08-18,4.9286497198692345,4.6547889297795,4.302348737231094,4.797875512109201,4.520575729520982,4.891391844197894,4.732158493773136
2025-08-19,4.938724694633384,4.639108264017343,4.311143449255248,4.790366976524301,4.529816533591668,4.8925624670291,4.741831807989913
2025-08-20,4.930168732769219,4.598652756657773,4.303674723779852,4.759787886196015,4.521968973764089,4.8727275455441035,4.733616947955391
2025-08-21,4.910396240570892,4.575178602727147,4.286414792221226,4.7372409379336045,4.503833570880098,4.851422570911231,4.714632728703174
2025-08-22,4.938562801154838,4.58358976303416,4.311002128154627,4.7521585848588614,4.529668044295111,4.873002626101386,4.741676368743236
2025-08-25,4.939110342574071,4.587858236417619,4.31148009154572,4.755269770666484,4.530170251307452,4.874860440178295,4.742202081245643
2025-08-26,4.884519131387686,4.538018089282469,4.2638259789873025,4.703307567209375,4.4800989907470905,4.821283761264029,4.689787266157532
2025-08-27,4.891109055466497,4.528416532013833,4.269578498064612,4.69884646839873,4.486143293455389,4.822278947477814,4.696114468733351
2025-08-28,4.93034885844364,4.54867406095032,4.303831960246621,4.725497751739197,4.522134185698055,4.855335013464311,4.733789892532225
2025-08-29,4.907369997982335,4.5219619501354344,4.2837731050007,4.699685357163982,4.501057889998919,4.83077441584171,4.711727133787001
2025-09-01,4.908269746118479,4.4992166460346725,4.284558518953279,4.684348149150764,4.501883142313065,4.8234320557000645,4.712591011527702
2025-09-02,4.9478459225669384,4.5316256407400966,4.319105610437798,4.719433398371007,4.538182557546188,4.860941600027187,4.7505893985456815
2025-09-03,4.904189579691282,4.465929708717046,4.2809968337304545,4.659945733514423,4.4981407985938855,4.808863758306024,4.708673509714452
2025-09-04,4.952408933093195,4.533163685408219,4.323088783049248,4.721952565975341,4.542367767656655,4.864480652640026,4.7549704948390445
2025-09-05,4.986993016210724,4.578742700225195,4.353278144189918,4.764590988313364,4.57408841644583,4.903426011513946,4.788175809068256
2025-09-08,5.0425473421530285,4.63445816737955,4.401772985099801,4.820936289736475,4.625043049418072,4.959732186589874,4.841515342270199
2025-09-09,5.008666564262459,4.579432097040588,4.372197557699014,4.771964421770195,4.593967474781077,4.917871655532577,4.808985294491767
2025-09-10,5.027413706425125,4.622580404519912,4.388562434083935,4.807877547774472,4.611162422824712,4.945572922646476,4.8269850414937485
2025-09-11,5.036288372384007,4.635032832194702,4.396309364795529,4.819344021127472,4.61930229922526,4.9558370212489775,4.835505899798493
2025-09-12,5.044783478025081,4.640577693821206,4.403724967263721,4.825895216317612,4.627094041500215,4.963384010645833,4.843662329774201
2025-09-16,5.062444140156885,4.652333964143961,4.419141426484818,4.83967354391242,4.6432924660460815,4.979155423912542,4.860618911609539
2025-09-17,5.016817715981346,4.591535971739556,4.379312913688577,4.782958796221942,4.601443741248036,4.927537191816249,4.816811483008485
2025-09-18,5.025719914407839,4.60804161411759,4.387083878219572,4.79724735793711,4.6096088705295815,4.939267758480813,4.825358776139778
2025-09-19,5.012209832244199,4.622597944869525,4.375290570064135,4.803052971225403,4.5972173732627795,4.935618470322522,4.812387302471339
2025-09-22,5.024296800542636,4.640128728350375,4.385841604475465,4.81906624052349,4.608303585235428,4.949801856226173,4.823992397770937
2025-09-24,5.038145846382595,4.682506878117814,4.397930802991886,4.852886588394975,4.621005981238284,4.974018948490993,4.837289321599387
2025-09-25,5.064373803730051,4.723902141234105,4.420825880870736,4.889962772814402,4.6450623606035775,5.005994767093485,4.862471644992289
2025-09-26,5.080573289914483,4.718370803251539,4.434966840949196,4.891276961927289,4.659920589172922,5.014631113498544,4.878025303803419
2025-09-29,5.041355623533057,4.715108023967346,4.400732702387255,4.876536103652629,4.623950000697621,4.987771945984332,4.840371134077244
2025-09-30,5.040259607233273,4.730680614830097,4.399775960761987,4.886996341443428,4.622944730498769,4.992618817348706,4.839318812825557
2025-10-01,4.973324437874167,4.636441566298731,4.341346480531824,4.800283772572752,4.561551545903744,4.915079146331665,4.7750521580178695
2025-10-02,4.955251123874474,4.640352433404313,4.325569806577761,4.797168326778814,4.544974635540313,4.904553347775398,4.757699375569263
2025-10-03,4.997750121689454,4.681639063223447,4.362668306161886,4.83933883504068,4.583954873327725,4.94714347530504,4.798504059390929
2025-10-06,5.131686947048085,4.803625636204631,4.479585304569664,4.966629271414491,4.706802224309969,5.078494833026594,4.927101205013741
2025-10-07,5.144263172391054,4.818614001261251,4.4905634243993875,4.981020836945278,4.718337184651181,5.092077167005169,4.939176052073051
2025-10-08,5.163657887769361,4.883670110094974,4.507493584577017,5.032164174686427,4.73612608924034,5.127844150847081,4.957797555391044
2025-10-09,5.191195276481789,4.923635668291588,4.531531699737837,5.068609166436456,4.761383483890632,5.160109866487987,4.98423710685004
2025-10-10,5.09099975274624,4.80169929752576,4.444068376206846,4.952209152505925,4.669483779397615,5.051007007841292,4.888036093259688
2025-10-14,5.014465897950143,4.699824513938493,4.377259949507342,4.857268950040786,4.59928664506219,4.964582930165067,4.814553425263521
2025-10-15,5.084606932913828,4.800088202381534,4.438487914640984,4.949040337380166,4.663620261432218,5.046225735266551,4.881898136945375
2025-10-16,5.114064403032328,4.846268126319682,4.464202119660552,4.990392399652476,4.69063876184095,5.081952457867353,4.910181221633736
2025-10-17,5.0666605414975985,4.7768978715430865,4.422822034768004,4.927259795116805,4.647159764931192,5.026206925281552,4.864667217038341
2025-10-20,5.1646759162251925,4.902667158824672,4.508382248549982,5.045603953784488,4.73705982870063,5.135227794664379,4.958774997951984
2025-10-21,5.158628916489157,4.875693486742306,4.5031036624955725,5.025040509442861,4.731513498205091,5.121712102391155,4.952969074871802
2025-10-22,5.195459843663876,4.9005513566390535,4.535254353258277,5.054047853228098,4.7652949606633745,5.154762409422144,4.988331657885311
2025-10-23,5.200550565711341,4.899984033961115,4.539698179218196,5.055294138332687,4.769964189730462,5.157916004910087,4.993219427344608
2025-10-24,5.210219007208946,4.936298034506137,4.548138017598376,5.0834696595696,4.778832119987337,5.177118268884107,5.002502415618252
2025-10-27,5.283605145949255,5.043015494239587,4.612198719673997,5.180739667812761,4.846142157528716,5.263179681548219,5.0729628580321595
2025-10-28,5.214297106271182,4.985055513925365,4.551697898163632,5.118435373374827,4.782572567511739,5.19703438500003,5.006417932486495
2025-10-29,5.177402284921164,4.998211577530415,4.519491432484868,5.115645650493888,4.748732501079846,5.177374803365684,4.970994002576466
2025-10-30,5.221364326357171,5.063844904183186,4.557867061553376,5.175091577356059,4.7890546478809535,5.22953215943565,5.013203402637164
2025-10-31,5.262692561281217,5.105598523525217,4.593943571235257,5.217207737710497,4.8269610576199975,5.271515937438947,5.0528839985496825
2025-11-04,5.24684786684797,5.111075245355464,4.580112318263094,5.215864464072551,4.812428245355442,5.262994841242448,5.0376709869531675
2025-11-05,5.208399179364602,5.006992290517963,4.54654944172606,5.132312647702678,4.777162967166052,5.201557941418746,5.000755139126661
2025-11-06,5.274121185231519,5.130999103909517,4.603919919447355,5.238456782637474,4.8374434337246095,5.288071697733925,5.063856995815148
2025-11-07,5.263248213627712,5.05863438135491,4.594428614869348,5.1856216130895305,4.827470704004786,5.255962188166048,5.053417498619783
2025-11-10,5.299316503953108,5.092486799750751,4.625913579749277,5.220604362771064,4.860552673127685,5.291701259043238,5.0880478489429395
2025-11-11,5.299552396458851,5.049937774597595,4.626119496558522,5.191734941590452,4.860769034605341,5.2772544261179,5.088274337086369
2025-11-12,5.3642459068010115,5.144241411651156,4.682592173325462,5.277330161012265,4.920106161269325,5.3528850546790325,5.150388701437215
2025-11-13,5.412842540263302,5.227950265917582,4.725013460390617,5.350383438893996,4.964679172997147,5.414114840985024,5.197047925540782
2025-11-14,5.407229891832453,5.172690450096588,4.720114031082091,5.310928421458839,4.959531231123221,5.3913941145859905,5.191659037416408
2025-11-17,5.393407017600561,5.199506388017827,4.708047678454771,5.324591824433517,4.946852839815962,5.3913548402995675,5.178387241808555
2025-11-18,5.256650233054604,4.985717798152089,4.5886690630650175,5.133827575665596,4.821419011850159,5.226522022054089,5.047082560739148
2025-11-19,5.263764157591737,4.973044702729611,4.5948789960058205,5.12756293154364,4.827943929714491,5.226929305119958,5.053912873367523
2025-11-20,5.33747034627415,5.103188658102224,4.659219078143431,5.240528056836668,4.895547518245032,5.3208887506517835,5.124680606243938
2025-11-21,5.353027554470848,5.014829849783089,4.6727993767737175,5.185569587448152,4.909816647071449,5.300963756966281,5.13961759286131
2025-11-25,5.3596992296141766,5.04149858409951,4.678623258518123,5.205924018026107,4.915935932158112,5.314579036717539,5.146023287319555
2025-11-26,5.462784365832234,5.1487463035804995,4.768609001235262,5.313047187990403,5.0104859998943265,5.42032579079198,5.244998712773199
2025-11-27,5.472278860535082,5.161945511461153,4.776896996856206,5.325173212823408,5.01919438550849,5.431205445210538,5.254114689015341
2025-11-28,5.488581036523853,5.191738794718625,4.791127597581728,5.350844593603945,5.034146801545711,5.452333291127779,5.269766943680803
2025-12-01,5.415969326219562,5.147940237296449,4.727742914576877,5.296971049291856,4.967547072626592,5.388738131391459,5.200050055446967
2025-12-02,5.413878738018276,5.1483408930843835,4.7259179848255055,5.296564334254358,4.965629577405728,5.387491212397016,5.19804281304266
2025-12-03,5.394036184025918,5.166371033446325,4.708596894473253,5.302463545223208,4.947429913585443,5.380620524795522,5.178991325160584
2025-12-04,5.472341090301166,5.2490732481791325,4.776951318865427,5.384722622793441,5.0192514628798195,5.461418206765806,5.254174437857899
2025-12-05,5.413877994622052,5.229311336991315,4.725917335895274,5.352107095827076,4.965628895559966,5.415743347105229,5.1980420992835255
2025-12-08,5.466573711148657,5.313279165480757,4.771916821016271,5.426885504824429,5.013961601416411,5.4799956814964474,5.248636987685019
2025-12-09,5.465206095613095,5.312262927747719,4.770722993232421,5.425742544338043,5.012707219395215,5.478733931055307,5.247323895085491
2025-12-10,5.487912644393846,5.329227967556117,4.7905441404078655,5.444782540412498,5.033533749815025,5.499715048525621,5.269125198441242
2025-12-11,5.434007827672384,5.252098470788344,4.743489199737744,5.3743008191566926,4.984092052793435,5.437046766416887,5.217369413225789
2025-12-12,5.533303171866122,5.338594574495432,4.830166732730734,5.466005457571505,5.075166109285433,5.533091497935408,5.312706134868688
2025-12-15,5.564662059346208,5.309727092139935,4.857540735270825,5.456426627323808,5.1039285967220565,5.543819717216403,5.342814832824221
2025-12-16,5.4649803595348985,5.178142075796527,4.770525942237488,5.333666554249712,5.012500173430421,5.431786052766389,5.24710715846177
2025-12-17,5.457547219732047,5.166122302485753,4.764037357845796,5.322998120028194,5.00568247014519,5.4226615401130935,5.239970356771102
2025-12-18,5.453485982362529,5.132730912038306,4.760492196298222,5.2987687464887765,5.001957488227637,5.40831656427611,5.236071029367916
2025-12-19,5.495102430449882,5.190347331876513,4.7968202948755785,5.35185902868117,5.040128248144726,5.456025186643409,5.276028348205836
2025-12-22,5.516432071311642,5.28414647502911,4.81543950269983,5.423155753085358,5.059691873534933,5.502902335228065,5.296507637039489
2025-12-23,5.544130313999711,5.290851348799619,4.839618031551683,5.436784959231047,5.085096804045878,5.523614486241441,5.323101629684277
2025-12-24,5.528819077607793,5.296336352832928,4.826252448217438,5.435555880413711,5.071053281467426,5.515372174108528,5.308400808676427
2025-12-25,5.545727781834098,5.296988521840431,4.841012503488355,5.441515643290527,5.086562007444632,5.526815524435555,5.324635411026162
2025-12-26,5.544057697855001,5.274472265310508,4.8395546429977685,5.425525784744772,5.085030200249705,5.517851244007972,5.323031908538424
2025-12-29,5.565919383175301,5.31983526107602,4.858638286506124,5.463770390992918,5.1050818187826605,5.548180713401941,5.344022030733474
2025-12-30,5.538311626586102,5.295505418726465,4.834538745363956,5.438080547918548,5.079759882455855,5.521378787575254,5.317514916764526
2026-01-05,5.630596719165674,5.426609304192529,4.915096844253465,5.5581026231065636,5.164404110271437,5.628342502929389,5.40612086555787
2026-01-06,5.7226729612823215,5.5126826281604036,4.995472632048353,5.647172198985205,5.248856779670929,5.719459783747229,5.494526290161379
2026-01-07,5.675696937633372,5.420409552769598,4.954466018165563,5.568709154447401,5.205770197250444,5.656253869277304,5.449423066773867
2026-01-08,5.662230262939196,5.424339355386667,4.942710601538648,5.566961408489266,5.193418513474981,5.648638311182112,5.436493270042722
2026-01-09,5.706901201096157,5.460228451663302,4.981705045310082,5.606165829711193,5.234390862967217,5.690814769511511,5.479383305131255
2026-01-13,5.82372749295976,5.583927641347917,5.0836858063385,5.7290709269925,5.341544369421425,5.81143367779443,5.591552065493684
2026-01-14,5.892693706135558,5.675226455926402,5.143888238451362,5.8141044143750635,5.4048004349078065,5.88895702315683,5.657768792186098
2026-01-15,5.930108619965256,5.703496552628958,5.176548706615669,5.845718889885273,5.439117532083285,5.923663990414746,5.693692079970017
2026-01-16,5.906068651747462,5.6827928046199325,5.155563582335494,5.823671788968541,5.417067984430161,5.900485959217255,5.67061051681221
2026-01-19,5.911604217830696,5.694533578754572,5.160395724423428,5.833510065683883,5.422145226090112,5.908233937573972,5.675925395642616
2026-01-20,5.879091894552531,5.646691512052297,5.132014857258866,5.790144598326771,5.392324803078693,5.870027537388338,5.644709246088951
2026-01-21,5.835504743273781,5.686837206039587,5.093966479727058,5.803214925044479,5.352346506914667,5.854860437564298,5.6028597903827375
2026-01-22,5.872023532129826,5.7330238612673865,5.125844696693181,5.846768337073793,5.385841674954022,5.895164428442835,5.637922679143277
2026-01-23,5.88585334447556,5.740115691101594,5.137917105783635,5.85616137042024,5.398526429924925,5.906832434584752,5.651201136262134
2026-01-26,5.78802280000414,5.6659787144627085,5.052518235222306,5.7733487756853465,5.308795893149214,5.816007180970564,5.557270816948802
2026-01-27,5.790849874551968,5.665995627578199,5.054986063390713,5.774290549606206,5.31138889636771,5.817896990073108,5.5599851840867425
2026-01-28,5.740189062546976,5.6887839005385175,5.010762900263883,5.77318133903043,5.264922612455435,5.792015111081279,5.511344074359587
2026-01-29,5.768671799322687,5.746043206436042,5.035626234760114,5.821651191442356,5.291047083841491,5.830791970206253,5.538691285547211
2026-01-30,5.8084345568102576,5.76463641320713,5.070336197770027,5.8474306235200695,5.327517631892918,5.863717997752175,5.576868815149709
2026-02-02,5.773198523351261,5.680767969410527,5.039577731927709,5.7785713134512955,5.29519901184224,5.811260505554623,5.5430375419822
2026-02-03,5.938627737260998,5.918670479066977,5.183985269492496,5.995097953340439,5.446931297936602,6.003396201723784,5.701871564324113
2026-02-04,6.0085723806980695,6.074875240000189,5.245041799266648,6.124363913171607,5.511084783272949,6.103597698228763,5.7690277140501385
2026-02-05,6.023734438312034,6.0240929138550765,5.25827716049881,6.094984886760455,5.524991478525195,6.096456096509484,5.783585303613006
2026-02-06,6.100739875868257,6.132210935347292,5.325497244266243,6.1939968828615966,5.595621150310237,6.184998710829219,5.857520753707858
2026-02-09,6.234152630008692,6.294131924543969,5.441956767042362,6.348314996398432,5.717987821235231,6.329740417845775,5.985614721339236
2026-02-10,6.353370208157033,6.486223383708226,5.546024945134732,6.51835691572171,5.827334624303224,6.475244120773541,6.100079434213313
2026-02-12,6.431705037569526,6.646450616829003,5.6144054902250815,6.653150023878797,5.899183619209618,6.582447575607399,6.175291277097623
2026-02-13,6.3261546522045995,6.399350185980858,5.522267766304807,6.450364050218059,5.802372415849251,6.427357878925278,6.0739488849588446
2026-02-16,6.280089271135691,6.354447507142112,5.482056076422909,6.404544133718916,5.760121078167098,6.381133777570632,6.029719999425483
2026-02-17,6.257908630568504,6.333989615783625,5.462694008440981,6.3832703020437735,5.7397769127034755,6.359273251651772,6.008423637820761
2026-02-18,6.34146849511704,6.431539451799857,5.5356356249397765,6.477302384827714,5.816418329137954,6.44861064346664,6.088652208572666
2026-02-19,6.416214377556601,6.553371196759447,5.600883283265068,6.584860379448898,5.884975528623186,6.540313203224083,6.160418185577484
2026-02-20,6.356651942453969,6.520778812045416,5.548889657827021,6.542885414739847,5.830344643123117,6.489229433929883,6.103230335111169
2026-02-24,6.393728002154686,6.651276064412247,5.581254331257114,6.6437515812080665,5.864350942039765,6.558608064277251,6.138828277915073
2026-02-25,6.432920241554897,6.7273937047005905,5.615466273934434,6.708446569031902,5.900298208793969,6.610863861410158,6.176458034361352
2026-02-26,6.46904747212759,6.73612229443314,5.647002689315604,6.726419430491652,5.933434238129415,6.638083834552417,6.211144975152025
2026-02-27,6.576724486637322,6.892336177633097,5.740996804080378,6.868280738690513,6.032195993597176,6.763609198940459,6.314529213788866
2026-03-02,6.550668459133386,7.027064714752554,5.718251808310667,6.950949771614596,6.008297308919469,6.792031854629125,6.289511965886329
2026-03-03,6.3449551571334215,6.795414389222179,5.538679224460121,6.725427830442442,5.819616308419127,6.575202444018878,6.091999867305487
2026-03-04,6.113825149981224,6.422369103790871,5.3369197262351475,6.397673678515524,5.607623012063719,6.2952489838139165,5.870084355212626
2026-03-05,6.221228479113735,6.623911313419352,5.430674933793281,6.56856854197272,5.706133742292498,6.434423186486143,5.9732058195287
2026-03-06,6.226861892846316,6.561453667732033,5.435592489683073,6.529373674432668,5.7113007301778795,6.418194294356714,5.978614645101372
2026-03-09,6.01302730834638,6.2952183692803345,5.2489306234744015,6.278172314695692,5.515170859368505,6.184608467627513,5.7733050364220455
2026-03-10,6.1360971251796474,6.4903274766932375,5.356361522633111,6.450366162537916,5.628050949988502,6.332539177828702,5.891468410196984
2026-03-11,6.206904340004443,6.622919147373998,5.418171013792566,6.562847788638686,5.692995588988014,6.424202245534497,5.95945274304636
2026-03-12,6.123942940861105,6.537364412207838,5.345751813579503,6.47708550314185,5.616903087233918,6.339292402809655,5.879798778588552
2026-03-13,6.101163422235945,6.580349288197702,5.325866969096319,6.497374531225907,5.596009628603265,6.337395563254436,5.85792741448825
2026-03-16,6.06461611589465,6.515556486842099,5.293963858462837,6.4417203588640515,5.562488304221095,6.291257724023741,5.82283714515337
2026-03-17,6.105471091651276,6.554410755072199,5.329627247696509,6.481793111582253,5.599960638903559,6.33201616465252,5.862063349393493
2026-03-18,6.267557368035188,6.826992157287947,5.471116646651263,6.718875911188544,5.7486267703504055,6.531876602835847,6.017687707607073
2026-03-19,6.078383829013409,6.595296996057796,5.30598205949511,6.499174547331724,5.575116101551622,6.326465533986238,5.836055978764556
2026-03-23,5.859844083023706,6.299070228668461,5.115212933338069,6.226531222930902,5.374670639242943,6.079964573178121,5.626228789982385
2026-03-24,5.992930646034386,6.483318652059238,5.2313877152470205,6.395105982290639,5.496738126458774,6.231320019984842,5.7540095707952625
2026-03-25,6.1412773122980076,6.648352399568913,5.360883445020381,6.556407235322121,5.6328022367491,6.387033045409496,5.896442078009621
2026-03-26,6.145919461675117,6.720644195536421,5.364935700028508,6.605721674662799,5.637060033305908,6.413533129019696,5.900899158113264
2026-03-27,6.1746312815734665,6.783469845832679,5.389999007243318,6.657307192326923,5.6633946205782815,6.45362105637311,5.928466319531922
2026-03-30,6.085027917389954,6.7111730777756184,5.311781860020931,6.577938539141617,5.581210083953885,6.368391595596948,5.842435186261834
2026-03-31,6.008696852527342,6.504276158874294,5.245150454019557,6.414502852468525,5.511198949294558,6.24897028306986,5.769147223542109
2026-04-01,6.267477767214901,6.822362372860981,5.471047160989244,6.715791336963987,5.748553760183992,6.530327815140922,6.017611280244764
2026-04-02,6.177380566500324,6.671731179449629,5.39239893079351,6.584758576540397,5.665916274869068,6.4196828561387305,5.931105998299514
2026-04-03,6.231432113489803,6.8089262448201175,5.4395819561966094,6.694099172538597,5.715492553434506,6.501002577399651,5.983002664065127
2026-04-06,6.219031454348605,6.778016445746617,5.428757092749349,6.66938530450784,5.704118623062102,6.482526529385495,5.971096383883187
2026-04-07,6.227794802089578,6.7630242810527745,5.436406850843396,6.662676718603805,5.712156397981973,6.483830304402592,5.979510361910303
2026-04-08,6.3926817001568175,6.940940018312383,5.580340986561273,6.838328174905923,5.863391269982277,6.655131656712176,6.137823688997685
2026-04-09,6.340086652524138,6.936039826311146,5.534429377981171,6.81632668404522,5.815150898007213,6.617034299715872,6.087325456108051
2026-04-10,6.330588528116183,6.948425921938894,5.526138213894608,6.821062584783122,5.806439183214117,6.614388624852975,6.078205994866806
2026-04-13,6.29896151100492,6.921573494776403,5.498530153905586,6.792144170962585,5.777430766289306,6.583852016895957,6.04783985684478
2026-04-14,6.329941467423953,6.968896415240692,5.525573377497144,6.834265287762591,5.805845696756958,6.620470574398162,6.077584730641357
2026-04-15,6.326566911649673,6.840381186265364,5.522627638481515,6.748721499651069,5.802750541735162,6.577121830246199,6.074344708794076
2026-04-16,6.376977256345607,6.926078630886225,5.566632162067681,6.822966086567393,5.848987096106341,6.6394811984121995,6.122745336630381
2026-04-17,6.289216747575471,6.80277032233635,5.490023692091857,6.710698657046404,5.7684928332746095,6.539177137769943,6.038483589377327
2026-04-20,6.289940465498709,6.7217702651124185,5.490655444614379,6.657800640080913,5.769156630027222,6.513835580870761,6.039178454728327
2026-04-21,6.271734530644984,6.750823515892742,5.474763002408096,6.670364180484497,5.75245807932657,6.510459139187604,6.021698338641396
2026-04-22,6.21710716578877,6.705384358590276,5.427077330354771,6.62103298484883,5.702353658486689,6.458015523819989,5.9692488112272954
2026-04-23,6.172615525680228,6.657093872241089,5.388239400593472,6.573450841476646,5.661545761826791,6.411702685718314,5.926530926084685
2026-04-24,6.168981731753745,6.691954761508481,5.385067365736148,6.595030490149658,5.6582128326141685,6.420301442587671,5.923042001171944
2026-04-27,6.164004053447086,6.670680506726157,5.380722218648365,6.5792912906786185,5.653647287683732,6.410055952083276,5.918262768721489
2026-04-28,6.261526412231137,6.786120198800515,5.465852065769553,6.689881624326959,5.7430951554085485,6.5146302469527555,6.011897188833004
2026-04-30,6.194756837615478,6.7467577060785295,5.407567137572067,6.6402013420925705,5.68185385492392,6.455691189181016,5.9477895269780054
2026-05-01,6.1835860379988485,6.752219424568134,5.397815851042063,6.6397962103307275,5.671607956250558,6.449674840316133,5.937064075324388
2026-05-07,6.320036086575469,6.910898321195401,5.516926708488901,6.792659827228411,5.796760444852201,6.595078977201042,6.068074249113882
2026-05-08,6.2817671523471885,6.871108500579413,5.483520743323945,6.752877500769332,5.761660037012386,6.555799518508346,6.031330988292172
2026-05-11,6.315137347338589,6.920427217167605,5.51265046940361,6.797153269467572,5.792267303128167,6.594706596976747,6.063370808657335
2026-05-12,6.368978742924027,7.103798768334879,5.55965004808617,6.9366367967421585,5.841650830049518,6.690530536802241,6.115065701156815
2026-05-13,6.4329605537687495,7.253017423076631,5.615501463532437,7.057360336310713,5.900335183305429,6.7825314520311775,6.176496739442057
2026-05-14,6.35117193094827,7.059850651092671,5.544106010799616,6.901452351995797,5.8253183563269,6.664155510712782,6.097968796055524
2026-05-15,6.323640232820683,6.985433456159905,5.520072863100859,6.842812603501091,5.800066181102045,6.621316956667309,6.07153470831396
2026-05-18,6.235798627764978,6.844240657488965,5.443393602031806,6.718810511059431,5.719497536457619,6.515280445287607,5.987195097853258
2026-05-19,6.280942461043203,6.75073013539381,5.482800848465927,6.6736662640864886,5.760903627101956,6.516897862712293,6.030539175081514
2026-05-20,6.186620680501663,6.6121563163804815,5.400464870769981,6.549061665290299,5.674391341564122,6.407189210638732,5.939977735274162
2026-05-21,6.235483566781818,6.628096401093438,5.443118576964073,6.577000746454189,5.71920856136003,6.446241516843741,5.986892597454112
2026-05-22,6.264599394459528,6.713532167787669,5.468534553258277,6.643430905603221,5.745913706060039,6.493689890893063,6.014847660012699
2026-05-25,6.316658056455968,6.7884127672607315,5.51397793662541,6.711153281570234,5.793662103148134,6.5537309220442035,6.064830891433628
2026-05-26,6.314243996843924,6.749706076510073,5.511870640121541,6.68491440621805,5.791447918754419,6.539728171224875,6.062513073502369
2026-05-27,6.28844078413903,6.7017531431252975,5.489346333078606,6.644242418336212,5.767781116744292,6.506517688860088,6.037738561392926
2026-05-28,6.253097092713663,6.631754264828303,5.458493889749148,6.585703057005006,5.735363752409171,6.459653813742846,6.003803922275524
2026-05-29,6.3239111505604235,6.675650062085002,5.520309354363522,6.639825867024623,5.800314667853707,6.522870998349759,6.071794825335071
2026-06-01,6.2445632706118674,6.545463108275222,5.451044490658075,6.526090295671014,5.727536499253422,6.42628832174983,5.995610319354108
2026-06-02,6.216402570825127,6.555779627492026,5.426462270769614,6.523137524447106,5.701707401383257,6.410344407458073,5.96857230645796
2026-06-03,6.303055543592164,6.759802616137423,5.50210394326637,6.688936813258242,5.781185828101702,6.536563631420307,6.05177067201377
2026-06-04,6.231417219317122,6.665407853871947,5.4395689546792205,6.601237215970326,5.7154788924443025,6.456522870365171,5.982988363680686
2026-06-05,6.241956862249588,6.654891417919557,5.4487692878411735,6.59791861167182,5.725145891875455,6.460312123777481,5.993107821069419
2026-06-08,6.147141793469752,6.482140059470284,5.366002705791145,6.4500620151731205,5.638181160543246,6.338727237369486,5.902072759020803
2026-06-09,6.175769730664691,6.4893868534395915,5.390992789574873,6.464851774103273,5.664438810290188,6.360739552688269,5.929559381900514
2026-06-10,6.142570237163987,6.356336179458936,5.362012073342668,6.364848439542904,5.633988112212246,6.29441972788375,5.897683457643821
2026-06-11,6.12313908540115,6.337587491643385,5.345050106880988,6.345617249421541,5.616165788036599,6.274952869880633,5.879026970556168
2026-06-12,6.191571443804765,6.46210228673054,5.404786523039074,6.452220603064343,5.678932199953872,6.362651331889414,5.944731125745592
2026-06-15,6.322063770864024,6.594171362125663,5.5186967277506085,6.585464521753818,5.798620244371939,6.49539937037,6.07002109540529
2026-06-16,6.2984557551144364,6.620051064186314,5.498088666208052,6.594442475583712,5.776966885118289,6.4876721782923,6.047354264001108
2026-06-17,6.319610258509435,6.646619060605299,5.516554991903975,6.619471458214082,5.7963698737770235,6.510880352128999,6.067665397599957
2026-06-18,6.3628650266696605,6.688111987488643,5.554313223417799,6.662119819617525,5.836043306916913,6.554135196682484,6.109195721355857
2026-06-19,6.3483382766406455,6.769943078565958,5.541632438984804,6.711451859182786,5.822719318128414,6.570949255953339,6.095248111474069
2026-06-22,6.399532446292134,6.9181171372085775,5.586321184112246,6.827776256038016,5.8696747996442795,6.654563987323913,6.144401315397512
2026-06-23,6.285453932960855,6.755371486558432,5.486739031662376,6.679859752318382,5.765041565810227,6.523037587244763,6.034870787463799
2026-06-24,6.244960787489454,6.647127976378309,5.451391493657582,6.5938047533877135,5.727901103201975,6.459832322491034,5.995991988366028
2026-06-25,6.2862791030018945,6.64647375720032,5.487459344422635,6.607763595307522,5.765798414820051,6.487965375370819,6.0356630603256285
2026-06-26,6.263637010197962,6.614947889838203,5.46769446257466,6.57892092962348,5.745031003660279,6.462114080774958,6.01392364327049
2026-06-29,6.308459762807866,6.569030813533921,5.506821429198606,6.564014653902191,5.786142597929558,6.477838499009977,6.05695944040214
2026-06-30,6.304500144272442,6.596151570828617,5.503364973419831,6.580662267940742,5.782510821182016,6.48399758765737,6.053157680579572
2026-07-01,6.281344755653502,6.539953605617056,5.483152022074724,6.535273797526001,5.761272613204602,6.449785274861065,6.0309254313515535
2026-07-02,6.330642341219713,6.458925088788925,5.526185188776406,6.498390269149788,5.80648854079146,6.456894523825689,6.078257662595173
2026-07-03,6.406217558920153,6.532879126906307,5.592156795792552,6.573867819671482,5.875806409641538,6.532940555905475,6.150819911626208
2026-07-06,6.497664380394573,6.5571575059307445,5.671983145656325,6.621756371043437,5.959681772102897,6.603521143861616,6.238621008795722
2026-07-07,6.454341088765244,6.453927896769538,5.634165098193402,6.5379609854621865,5.919945488984019,6.539928994242432,6.197024893406256
2026-07-08,6.388746495636302,6.348015416193816,5.57690584242203,6.4446544191290345,5.859781885859395,6.460209198244329,6.13404536987279
2026-07-09,6.378709037987465,6.3917338818682845,5.568143880080419,6.470298130119905,5.850575492625462,6.467710018819666,6.1244080770707985
2026-07-10,6.376062891031188,6.462481151635829,5.565833988393458,6.516511520171814,5.848148436862284,6.4891559000129915,6.121867424456667
2026-07-13,6.344587245957046,6.403964229999718,5.538358065060472,6.466612128967545,5.819278858929089,6.4483727257613035,6.091646623699793
2026-07-14,6.404958128477225,6.430187492279213,5.591057405638304,6.505018937410801,5.874651255386943,6.498319822419624,6.149610691087814
2026-07-15,6.465511094909637,6.567105620531249,5.643915692080498,6.617232664673055,5.930190659881715,6.584781124249161,6.207749583221114
2026-07-16,6.403300146104246,6.404515939887404,5.589610108959869,6.487341813110161,5.8731305478298514,6.488745656909258,6.148018807749627
2026-07-17,6.292970141603765,6.143520854682761,5.493300129042298,6.275206198600646,5.771935460142417,6.32742102571907,6.042087346276476
2026-07-21,6.430492290584585,6.340832714255503,5.6133468512964075,6.454347179817108,5.8980712831951365,6.4864248076581035,6.174126878880711
2026-07-22,6.44796251833103,6.427845651200944,5.628597075304222,6.518373120929944,5.914095040619285,6.526988368234189,6.190900618407221
2026-07-23,6.4646754965667395,6.494283682743073,5.643186276179646,6.568429652989912,5.9294242459949045,6.560269813896058,6.20694729780412
2026-07-24,6.43425833406328,6.410677926069941,5.616634330286769,6.502183431235844,5.90152551218558,6.511963574990547,6.177742780932703
2026-07-27,6.5148510371146475,6.445670407263598,5.686985833012812,6.553445304253981,5.975445437134145,6.578636169190578,6.255122482464988
2026-07-28,6.418742754990507,6.189840818090925,5.603090370820134,6.349683105697311,5.887294565745405,6.428745025278633,6.162845763804657
2026-07-29,6.478929738553827,6.110010150031012,5.655629181133127,6.317374108987922,5.942498289400703,6.443702324168205,6.220633263763429
2026-07-30,6.411444190941381,6.079779803846367,5.596719261164325,6.27383039555866,5.880600295838614,6.38756764721879,6.155838172715725
2026-07-31,6.410416966620801,6.277820305394276,5.595822569877726,6.405406671492934,5.879658121897206,6.451967819269402,6.154851900902972
2026-08-03,6.326349161021316,6.213104479333611,5.522437558197016,6.3330962878505686,5.80255082005446,6.373108166431538,6.074135639263054
2026-08-04,6.32032214327979,6.273974674656562,5.5171764149542755,6.372448981310272,5.797022817118098,6.389873044210521,6.068348901552174
2026-08-05,6.407646155806037,6.5185149569671745,5.593403855810474,6.5677633727563265,5.877116723982515,6.532131947245987,6.152191554423313
2026-08-06,6.449737460075877,6.447471425385643,5.630146468912742,6.5335317219191404,5.915723023744302,6.536109189467516,6.192604798280252
2026-08-07,6.500075543417653,6.490909492260274,5.674087913651053,6.579846960507378,5.9618932997345135,6.584768186191729,6.240936045616767
2026-08-10,6.5116244740203815,6.532718029311858,5.684169280722993,6.6121113581913376,5.972486021545144,6.606819451926613,6.252024553251095
2026-08-12,6.559343002649748,6.650496552700029,5.7258240468475625,6.7080699281308025,6.016253632276484,6.679137477046275,6.297840680060327
2026-08-13,6.590659184155956,6.734509032708419,5.753160770213189,6.775609780084464,6.044976949636111,6.7288945801641775,6.327908374607522
2026-08-14,6.611815663794161,6.74728111370623,5.771628821024092,6.7913486240678,6.064381750912416,6.747470145581649,6.3482214056623905
2026-08-17,6.602133700233307,6.805942687444517,5.76317717887715,6.8279808522228675,6.055501418169178,6.761025216853496,6.338925434411645
2026-08-18,6.578097444999669,6.721904189537818,5.742195295759079,6.762852550153383,6.033455276078836,6.716148373300469,6.31584743621189
2026-08-19,6.4135739753283705,6.412646391376209,5.598578406303204,6.497799304498544,5.882553741945794,6.499914716538348,6.157883048665453
2026-08-20,6.510934888131941,6.467008963296717,5.683567322956673,6.567229194183004,5.971853530820932,6.583889248015509,6.2513624591878845
