0,monthly_top1_none_10bp,monthly_top1_current_10bp,monthly_top1_dual_trend_10bp,monthly_top1_risk_off_10bp,monthly_top3_none_10bp,monthly_top3_current_10bp,monthly_top3_dual_trend_10bp,monthly_top3_risk_off_10bp
2009-05-01,0.999,0.999,0.999,0.999,0.999,0.999,0.999,0.999
2009-05-07,1.0446420126017653,1.0446420126017653,0.999,1.0446420126017653,1.0481176884825782,1.0481176884825782,0.999,1.0481176884825782
2009-05-08,1.028424887245118,1.028424887245118,0.999,1.028424887245118,1.0449034201513259,1.0449034201513259,0.999,1.0449034201513259
2009-05-11,0.9926218213158823,0.9926218213158823,0.999,0.9926218213158823,1.033199233075276,1.033199233075276,0.999,1.033199233075276
2009-05-12,0.9764130553021869,0.9764130553021869,0.999,0.9764130553021869,1.018777648635273,1.018777648635273,0.999,1.018777648635273
2009-05-13,0.9653118478415901,0.9653118478415901,0.999,0.9653118478415901,1.0113003300880978,1.0113003300880978,0.999,1.0113003300880978
2009-05-14,0.9259727798371257,0.9259727798371257,0.999,0.9259727798371257,0.9758024118846929,0.9758024118846929,0.999,0.9758024118846929
2009-05-15,0.948141757386595,0.948141757386595,0.999,0.948141757386595,1.0012889196348884,1.0012889196348884,0.999,1.0012889196348884
2009-05-18,0.9315150242245556,0.9315150242245556,0.999,0.9315150242245556,0.9744564607572775,0.9744564607572775,0.999,0.9744564607572775
2009-05-19,0.9530068949935894,0.9530068949935894,0.999,0.9530068949935894,1.002198810651638,1.002198810651638,0.999,1.002198810651638
2009-05-20,0.9559661024040549,0.9559661024040549,0.999,0.9559661024040549,1.0160178310035193,1.0160178310035193,0.999,1.0160178310035193
2009-05-21,0.953190800538864,0.953190800538864,0.999,0.953190800538864,1.0147625328950034,1.0147625328950034,0.999,1.0147625328950034
2009-05-22,0.9447227861129428,0.9447227861129428,0.999,0.9447227861129428,1.004824300136747,1.004824300136747,0.999,1.004824300136747
2009-05-25,0.9419140468759445,0.9419140468759445,0.999,0.9419140468759445,1.0164239708305343,1.0164239708305343,0.999,1.0164239708305343
2009-05-26,0.9455252830378235,0.9455252830378235,0.999,0.9455252830378235,1.0202847404834388,1.0202847404834388,0.999,1.0202847404834388
2009-05-27,0.9613996753328605,0.9613996753328605,0.999,0.9613996753328605,1.034341851775379,1.034341851775379,0.999,1.034341851775379
2009-05-28,0.9861934865739701,0.9861934865739701,0.999,0.9861934865739701,1.0475911755102176,1.0475911755102176,0.999,1.0475911755102176
2009-05-29,0.9865947350364103,0.9865947350364103,0.999,0.9865947350364103,1.0538118119134028,1.0538118119134028,0.999,1.0538118119134028
2009-06-01,0.9887092642773901,0.9887092642773901,0.9970019999999999,0.9887092642773901,1.0729741105708268,1.0729741105708268,0.9970019999999999,1.0729741105708268
2009-06-02,0.978711472737199,0.978711472737199,0.9869203526226602,0.978711472737199,1.0611469340120574,1.0611469340120574,0.986012248646938,1.0611469340120574
2009-06-03,0.9922554352615459,0.9922554352615459,1.0005779142664948,0.9922554352615459,1.075588800046379,1.075588800046379,0.9994315559518372,1.075588800046379
2009-06-04,0.984439902788464,0.984439902788464,0.9926968295146265,0.984439902788464,1.067789479151253,1.067789479151253,0.9921844672714352,1.067789479151253
2009-06-05,1.0174656025082702,1.0174656025082702,1.02599953017872,1.0174656025082702,1.0844357583252573,1.0844357583252573,1.0076521038765824,1.0844357583252573
2009-06-08,1.0141097448148901,1.0141097448148901,1.0226155254435558,1.0141097448148901,1.0833373148966627,1.0833373148966627,1.0066314359178625,1.0833373148966627
2009-06-09,1.003160386820947,1.003160386820947,1.0115743304096896,1.003160386820947,1.0689841187646154,1.0689841187646154,0.9932945202280418,1.0689841187646154
2009-06-10,1.030635282227465,1.030635282227465,1.0392796697443112,1.030635282227465,1.1107112911824766,1.1107112911824766,1.0320671932544392,1.1107112911824766
2009-06-11,1.0268797666235254,1.0268797666235254,1.0354926549934225,1.0268797666235254,1.1224392736928217,1.1224392736928217,1.0429647740101933,1.1224392736928217
2009-06-12,1.0198318310898191,1.0198318310898191,1.028385605351168,1.0198318310898191,1.1294949067900966,1.1294949067900966,1.04952083183111,1.1294949067900966
2009-06-15,1.008501846514388,1.008501846514388,1.0169605912547037,1.008501846514388,1.131587704616974,1.131587704616974,1.0514654487593622,1.131587704616974
2009-06-16,0.9579609802701129,0.9579609802701129,0.9659958167270751,0.9579609802701129,1.0715700689292331,1.0715700689292331,0.9956973717606402,1.0715700689292331
2009-06-17,0.9762183686284869,0.9762183686284869,0.9844063377626793,0.9762183686284869,1.0859304434943893,1.0859304434943893,1.009040957613418,1.0859304434943893
2009-06-18,0.944727862787305,0.944727862787305,0.9526517073176858,0.944727862787305,1.0612681044603278,1.0612681044603278,0.9861248396014409,1.0612681044603278
2009-06-19,0.9583733257334075,0.9583733257334075,0.9664116207115723,0.9583733257334075,1.068482421851997,1.068482421851997,0.9928283460488635,1.068482421851997
2009-06-22,0.9492002251197421,0.9492002251197421,0.9571615813031626,0.9492002251197421,1.0674916066343103,1.0674916066343103,0.9919076856676559,1.0674916066343103
2009-06-23,0.9114357244605018,0.9114357244605018,0.9190803333098188,0.9114357244605018,1.0279952824393264,1.0279952824393264,0.9552079052842335,1.0279952824393264
2009-06-24,0.9308603676687472,0.9308603676687472,0.9386678994706975,0.9308603676687472,1.031882501346839,1.031882501346839,0.9588198890096992,1.031882501346839
2009-06-25,0.9427676358927145,0.9427676358927145,0.9506750391453805,0.9427676358927145,1.063647765724923,1.063647765724923,0.988336008553935,1.063647765724923
2009-06-26,0.9595342368069428,0.9595342368069428,0.9675822688524924,0.9595342368069428,1.08135894638199,1.08135894638199,1.004793146115309,1.08135894638199
2009-06-29,0.9346222270490224,0.9346222270490224,0.9424613112059402,0.9346222270490224,1.0553559590790793,1.0553559590790793,0.9806313046584036,1.0553559590790793
2009-06-30,0.9654085737144419,0.9654085737144419,0.9735058763851182,0.9654085737144419,1.0844816305768235,1.0844816305768235,1.0076947281357376,1.0844816305768235
2009-07-01,0.9472313453141706,0.9472313453141706,0.9551761876441389,0.9472313453141706,1.0782160294959906,1.0782160294959906,1.0018727639827822,1.0782160294959906
2009-07-02,0.9259781972305545,0.9259781972305545,0.9337447801401868,0.9259781972305545,1.0639769043660765,1.0639769043660765,0.9886418424787937,1.0639769043660765
2009-07-03,0.9345439515553879,0.9345439515553879,0.9423823791816089,0.9345439515553879,1.0640576672031576,1.0640576672031576,0.9887168868897467,1.0640576672031576
2009-07-06,0.9245522510694203,0.9245522510694203,0.9323068739468204,0.9245522510694203,1.0478024017570848,1.0478024017570848,0.973612578220413,1.0478024017570848
2009-07-07,0.9032739095907311,0.9032739095907311,0.9108500617398052,0.9032739095907311,1.0339127409345268,1.0339127409345268,0.9607063771453053,1.0339127409345268
2009-07-08,0.8733794269970623,0.8733794269970623,0.8807048410852418,0.8733794269970623,1.0029500512075893,1.0029500512075893,0.9319360058203967,1.0029500512075893
2009-07-09,0.8526503015309652,0.8526503015309652,0.8598018514050001,0.8526503015309652,0.9845393614583704,0.9845393614583704,0.9148288880246229,0.9845393614583704
2009-07-10,0.8441298953172632,0.8441298953172632,0.8512099808290914,0.8441298953172632,0.9777767967033445,0.9777767967033445,0.9085451477931803,0.9777767967033445
2009-07-13,0.8138524731184843,0.8138524731184843,0.8206786086879704,0.8138524731184843,0.9406677951702732,0.9406677951702732,0.8740636552930563,0.9406677951702732
2009-07-14,0.8448856971694543,0.8448856971694543,0.8519721219209815,0.8448856971694543,0.9728201798266405,0.9728201798266405,0.903939484999808,0.9728201798266405
2009-07-15,0.830021594076361,0.830021594076361,0.8369833471138077,0.830021594076361,0.9662286174199299,0.9662286174199299,0.8978146392669328,0.9662286174199299
2009-07-16,0.837489885673595,0.837489885673595,0.8445142785291893,0.837489885673595,0.9775541751052701,0.9775541751052701,0.9083382889544284,0.9775541751052701
2009-07-17,0.8708302843964066,0.8708302843964066,0.8781343177140499,0.8708302843964066,0.9965376351048171,0.9965376351048171,0.9259776219075779,0.9965376351048171
2009-07-21,0.8950110586762392,0.8950110586762392,0.9025179066917071,0.8950110586762392,1.0294276411709689,1.0294276411709689,0.9565388456173656,1.0294276411709689
2009-07-22,0.8876749024575722,0.8876749024575722,0.8951202189319295,0.8876749024575722,1.0328791834659719,1.0328791834659719,0.9597460008854195,1.0328791834659719
2009-07-23,0.8812795501343667,0.8812795501343667,0.8886712260001189,0.8812795501343667,1.0321506143993977,1.0321506143993977,0.9590690182729256,1.0321506143993977
2009-07-24,0.8899106330631292,0.8899106330631292,0.8973747015849577,0.8899106330631292,1.0432082941343883,1.0432082941343883,0.9693437571529532,1.0432082941343883
2009-07-27,0.8952224752819762,0.8952224752819762,0.9027310965407038,0.8952224752819762,1.05033370220929,1.05033370220929,0.9759646495225871,1.05033370220929
2009-07-28,0.9151590612018254,0.9151590612018254,0.9228348992999393,0.9151590612018254,1.0557410128866975,1.0557410128866975,0.9809890946670543,1.0557410128866975
2009-07-29,0.9013218443571095,0.9013218443571095,0.9088816236838781,0.9013218443571095,1.0511908379491068,1.0511908379491068,0.9767610956236158,1.0511908379491068
2009-07-30,0.8987795596732513,0.8987795596732513,0.9063180157498224,0.8987795596732513,1.0501877445092924,1.0501877445092924,0.9758290263818428,1.0501877445092924
2009-07-31,0.9431929031209547,0.9431929031209547,0.9511038732753002,0.9431929031209547,1.0776921722953243,1.0776921722953243,1.001385998578442,1.0776921722953243
2009-08-03,0.9528551494024248,0.9528551494024248,0.9608471610295206,0.9528551494024248,1.0835371392583832,1.0835371392583832,1.0068171116823763,1.0835371392583832
2009-08-04,0.9359919962840285,0.9359919962840285,0.9438425692928032,0.9359919962840285,1.0690323384869185,1.0690323384869185,0.9933393257448775,1.0690323384869185
2009-08-05,0.9164246487918423,0.9164246487918423,0.9241111019249286,0.9164246487918423,1.0504552637622535,1.0504552637622535,0.9760776038895504,1.0504552637622535
2009-08-06,0.9475120093128679,0.9475120093128679,0.9554592056941758,0.9475120093128679,1.0703880485375452,1.0703880485375452,0.9945990445196163,1.0703880485375452
2009-08-07,0.9401244112786586,0.9401244112786586,0.948009644653918,0.9401244112786586,1.0699032380923865,1.0699032380923865,0.9941485611587577,1.0699032380923865
2009-08-10,0.9639764206335786,0.9639764206335786,0.9720617112118805,0.9639764206335786,1.0899527514427447,1.0899527514427447,1.012778465377695,1.0899527514427447
2009-08-11,0.9555883431795987,0.9555883431795987,0.963603279294703,0.9555883431795987,1.0884288190183513,1.0884288190183513,1.0113624352423762,1.0884288190183513
2009-08-12,0.9340055371462149,0.9340055371462149,0.9418394488560123,0.9340055371462149,1.0767447481389547,1.0767447481389547,1.000505656947229,1.0767447481389547
2009-08-13,0.9509339389224921,0.9509339389224921,0.9589098365195557,0.9509339389224921,1.0909713511899257,1.0909713511899257,1.0137249430001594,1.0909713511899257
2009-08-14,0.958256288298963,0.958256288298963,0.9662936016331313,0.958256288298963,1.0992303392033764,1.0992303392033764,1.0213991519920296,1.0992303392033764
2009-08-17,0.9313375920268507,0.9313375920268507,0.9391491265175842,0.9313375920268507,1.062177227865867,1.062177227865867,0.986969592372864,1.062177227865867
2009-08-18,0.9340780356549239,0.9340780356549239,0.9419125554413266,0.9340780356549239,1.0651557741990039,1.0651557741990039,0.9897372422368949,1.0651557741990039
2009-08-19,0.9381887010969272,0.9381887010969272,0.9460576988268328,0.9381887010969272,1.0578257330225211,1.0578257330225211,0.982926205846513,1.0578257330225211
2009-08-20,0.9491504756090069,0.9491504756090069,0.9571114145215875,0.9491504756090069,1.0797099828178194,1.0797099828178194,1.0032609376908856,1.0797099828178194
2009-08-21,0.9201655718396151,0.9201655718396151,0.9278834017255189,0.9201655718396151,1.0634068693781833,1.0634068693781833,0.9881121689131407,1.0634068693781833
2009-08-24,0.9460402895867029,0.9460402895867029,0.9539751420129291,0.9460402895867029,1.0898981257314646,1.0898981257314646,1.0127277074489989,1.0898981257314646
2009-08-25,0.9372752198875933,0.9372752198875933,0.945136555852276,0.9372752198875933,1.0814183777447763,1.0814183777447763,1.0048483694305572,1.0814183777447763
2009-08-26,0.946642027208788,0.946642027208788,0.9545819266708361,0.946642027208788,1.0946793328933497,1.0946793328933497,1.017170380441619,1.0946793328933497
2009-08-27,0.9313665914303771,0.9313665914303771,0.9391783691517529,0.9313665914303771,1.0787411674533416,1.0787411674533416,1.002360719459617,1.0787411674533416
2009-08-28,0.9312070947112316,0.9312070947112316,0.9390175346640759,0.9312070947112316,1.0843941625163729,1.0843941625163729,1.0076134532658725,1.0843941625163729
2009-08-31,0.9167001431248794,0.9167001431248794,0.924388906949065,0.9167001431248794,1.073369507304932,1.073369507304932,0.9973694006025056,1.073369507304932
2009-09-01,0.926104011683675,0.926104011683675,0.9338716498539862,0.926104011683675,1.0787314590463053,1.0787314590463053,1.0023516984579577,1.0787314590463053
2009-09-02,0.9093077024339722,0.9093077024339722,0.9169344626346361,0.9093077024339722,1.0619008157488314,1.0619008157488314,0.9867127516618035,1.0619008157488314
2009-09-03,0.898038241978893,0.898038241978893,0.9055704803007125,0.898038241978893,1.0520275020145973,1.0520275020145973,0.9775385195506279,1.0520275020145973
2009-09-04,0.8885502082624069,0.8885502082624069,0.8960028663082233,0.8885502082624069,1.0475823519166132,1.0475823519166132,0.9734081090455389,1.0475823519166132
2009-09-07,0.9085110395446714,0.9085110395446714,0.9161311177863007,0.9085110395446714,1.0728466614861636,1.0728466614861636,0.9968835749689995,1.0728466614861636
2009-09-08,0.9147460331297733,0.9147460331297733,0.9224184069813475,0.9147460331297733,1.0818380410865418,1.0818380410865418,1.0052383184395266,1.0818380410865418
2009-09-09,0.9064253318414237,0.9064253318414237,0.9140279163430806,0.9064253318414237,1.0795026785357262,1.0795026785357262,1.0030683116230066,1.0795026785357262
2009-09-10,0.9251026506908887,0.9251026506908887,0.9328618900099136,0.9251026506908887,1.09756498396379,1.09756498396379,1.0198517125074977,1.09756498396379
2009-09-11,0.9204886447902803,0.9204886447902803,0.928209184429896,0.9204886447902803,1.0880606638550772,1.0880606638550772,1.0110203473667434,1.0880606638550772
2009-09-14,0.8959304047509526,0.8959304047509526,0.9034449637228263,0.8959304047509526,1.0632568270608564,1.0632568270608564,0.9879727503670773,1.0632568270608564
2009-09-15,0.8981378248400622,0.8981378248400622,0.9056708984067608,0.8981378248400622,1.0630374581305468,1.0630374581305468,0.9877689138904076,1.0630374581305468
2009-09-16,0.9052579994133388,0.9052579994133388,0.91285079298891,0.9052579994133388,1.0637428068062469,1.0637428068062469,0.98842432023567,1.0637428068062469
2009-09-17,0.9207154724184586,0.9207154724184586,0.9284379145602992,0.9207154724184586,1.067729877615343,1.067729877615343,0.9921290858322002,1.067729877615343
2009-09-18,0.918524649472843,0.918524649472843,0.9262287162273383,0.918524649472843,1.0588692202927175,1.0588692202927175,0.9838958088267815,1.0588692202927175
2009-09-24,0.932521573847621,0.932521573847621,0.940343038910156,0.932521573847621,1.0703332341336276,1.0703332341336276,0.9945481112586961,1.0703332341336276
2009-09-25,0.9203724647855661,0.9203724647855661,0.9280920299728224,0.9203724647855661,1.0427944151970745,1.0427944151970745,0.9689591829827152,1.0427944151970745
2009-09-28,0.8866083424697141,0.8866083424697141,0.8940447132403833,0.8866083424697141,1.012938422206681,1.012938422206681,0.9412171485476324,1.012938422206681
2009-09-29,0.8889983311376678,0.8889983311376678,0.896454747785441,0.8889983311376678,1.0156833546239736,1.0156833546239736,0.9437677255680318,1.0156833546239736
2009-09-30,0.8914602407608987,0.8914602407608987,0.8989373065181887,0.8914602407608987,1.0113285515537402,1.0113285515537402,0.9397212650543489,1.0113285515537402
2009-10-01,0.8671881907998031,0.8671881907998031,0.8744616762903294,0.8671881907998031,0.9912066059433725,0.9912066059433725,0.9210240571536337,0.9912066059433725
2009-10-02,0.8491038412758275,0.8491038412758275,0.8562256454412808,0.8491038412758275,0.9684216428368777,0.9684216428368777,0.8998523871540508,0.9684216428368777
2009-10-05,0.8579383920582302,0.8579383920582302,0.8651342954533695,0.8579383920582302,0.9652158110351999,0.9652158110351999,0.8968735448069266,0.9652158110351999
2009-10-06,0.8488390454758259,0.8488390454758259,0.8559586286834412,0.8488390454758259,0.9620919137929373,0.9620919137929373,0.8939708356290944,0.9620919137929373
2009-10-07,0.84205666214354,0.84205666214354,0.8491193585447137,0.84205666214354,0.9616022615384661,0.9616022615384661,0.893515853284038,0.9616022615384661
2009-10-08,0.8390596551342495,0.8390596551342495,0.8460972143308021,0.8390596551342495,0.9642829162003481,0.9642829162003481,0.8960067037462024,0.9642829162003481
2009-10-09,0.8367005652795543,0.8367005652795543,0.843718337760823,0.8367005652795543,0.971012040996184,0.971012040996184,0.902259371740334,0.971012040996184
2009-10-13,0.837278301570494,0.837278301570494,0.8443009197779546,0.837278301570494,0.9738989586290625,0.9738989586290625,0.9049418806894864,0.9738989586290625
2009-10-14,0.8467868780256498,0.8467868780256498,0.8538892488100203,0.8467868780256498,0.9745694478743526,0.9745694478743526,0.9055648958321137,0.9745694478743526
2009-10-15,0.8493265104713117,0.8493265104713117,0.8564501822604016,0.8493265104713117,0.9865914505998209,0.9865914505998209,0.916735678652699,0.9865914505998209
2009-10-16,0.8571620589173039,0.8571620589173039,0.864351450867873,0.8571620589173039,0.9904409674080114,0.9904409674080114,0.9203126297822632,0.9904409674080114
2009-10-19,0.8608872543766437,0.8608872543766437,0.8681078911658883,0.8608872543766437,0.9918549874528382,0.9918549874528382,0.9216265299023532,0.9918549874528382
2009-10-20,0.8644439434177952,0.8644439434177952,0.8716944117089093,0.8644439434177952,0.9960891331688009,0.9960891331688009,0.9255608762258264,0.9960891331688009
2009-10-21,0.8629755303449776,0.8629755303449776,0.8702136824153538,0.8629755303449776,0.9945408456239612,0.9945408456239612,0.9241222154384202,0.9945408456239612
2009-10-22,0.8530095793260749,0.8530095793260749,0.8601641426196385,0.8530095793260749,0.98827472330684,0.98827472330684,0.9182997669553987,0.98827472330684
2009-10-23,0.8616334970857719,0.8616334970857719,0.8688603929380143,0.8616334970857719,0.9882708021356144,0.9882708021356144,0.9182961234233548,0.9882708021356144
2009-10-26,0.86809692184076,0.86809692184076,0.8753780292547757,0.86809692184076,0.9955138006337708,0.9955138006337708,0.9250262802067437,0.9955138006337708
2009-10-27,0.8647087392177969,0.8647087392177969,0.871961428466749,0.8647087392177969,0.9816922715128916,0.9816922715128916,0.9121833867568321,0.9816922715128916
2009-10-28,0.8625001015222111,0.8625001015222111,0.8697342659637418,0.8625001015222111,0.9772272855014137,0.9772272855014137,0.9080345448234072,0.9772272855014137
2009-10-29,0.8507227065077546,0.8507227065077546,0.8578580888018084,0.8507227065077546,0.9670770335505438,0.9670770335505438,0.8986029831521406,0.9670770335505438
2009-10-30,0.8483696347394191,0.8483696347394191,0.8554852807945033,0.8483696347394191,0.9775139716622415,0.9775139716622415,0.9083009321228785,0.9775139716622415
2009-11-02,0.8471603604654261,0.8471603604654261,0.8542658638098747,0.8471603604654261,0.9651517092429571,0.9651517092429571,0.8968139817527578,0.9651517092429571
2009-11-04,0.8418602600881283,0.8418602600881283,0.8489213091796228,0.8418602600881283,0.9638199810924388,0.9638199810924388,0.8955765468356965,0.9638199810924388
2009-11-05,0.8303868961742252,0.8303868961742252,0.8373517131596548,0.8303868961742252,0.9569475319149352,0.9569475319149352,0.8891907025666076,0.9569475319149352
2009-11-06,0.8439034618810468,0.8439034618810468,0.8509816481969094,0.8439034618810468,0.9618069124130164,0.9618069124130164,0.8937060138193371,0.9618069124130164
2009-11-09,0.8412053877185834,0.8412053877185834,0.8482609441099599,0.8412053877185834,0.9566186574752485,0.9566186574752485,0.8888851141363872,0.9566186574752485
2009-11-10,0.8397734001372744,0.8397734001372744,0.8468169458243934,0.8397734001372744,0.9606777656190293,0.9606777656190293,0.892656816452124,0.9606777656190293
2009-11-11,0.840061543979905,0.840061543979905,0.8471075064550762,0.840061543979905,0.9576380577273552,0.9576380577273552,0.8898323355838926,0.9576380577273552
2009-11-12,0.8359926036573276,0.8359926036573276,0.8430044381557666,0.8359926036573276,0.9531755246860827,0.9531755246860827,0.8856857729377092,0.9531755246860827
2009-11-13,0.8326745836517534,0.8326745836517534,0.839658588469595,0.8326745836517534,0.9518401055617393,0.9518401055617393,0.8844449083868392,0.9518401055617393
2009-11-16,0.822257747160658,0.822257747160658,0.8291543814286246,0.822257747160658,0.9440374457156089,0.9440374457156089,0.8771947171704145,0.9440374457156089
2009-11-17,0.8144865950425032,0.8144865950425032,0.8213180492690719,0.8144865950425032,0.9400349421420255,0.9400349421420255,0.8734756115288564,0.9400349421420255
2009-11-18,0.8094047854550538,0.8094047854550538,0.8161936163287078,0.8094047854550538,0.930829544187436,0.930829544187436,0.8649220033093262,0.930829544187436
2009-11-19,0.797180501224148,0.797180501224148,0.8038668016956022,0.797180501224148,0.9224773841967706,0.9224773841967706,0.8571612193976033,0.9224773841967706
2009-11-20,0.7947269127463795,0.7947269127463795,0.8013926339013924,0.7947269127463795,0.919549850277742,0.919549850277742,0.854440970005205,0.919549850277742
2009-11-24,0.7845021721503711,0.7845021721503711,0.791082133947544,0.7845021721503711,0.914073365987859,0.914073365987859,0.8493522490974124,0.914073365987859
2009-11-25,0.7900031000542574,0.7900031000542574,0.79662920053242,0.7900031000542574,0.92124923691389,0.92124923691389,0.8560200312875983,0.92124923691389
2009-11-26,0.780965861355034,0.780965861355034,0.7875161625715709,0.780965861355034,0.9189864010413357,0.9189864010413357,0.853917415885808,0.9189864010413357
2009-11-27,0.7564736347352011,0.7564736347352011,0.7628185089673302,0.7564736347352011,0.8933295477254596,0.8933295477254596,0.8300772003413468,0.8933295477254596
2009-11-30,0.783201159042954,0.783201159042954,0.7897702086758929,0.783201159042954,0.9226368646203832,0.9226368646203832,0.8573094077832651,0.9226368646203832
2009-12-01,0.7992639209121167,0.7992639209121167,0.8059676959329618,0.7992639209121167,0.9391300288798975,0.9378998463937371,0.8714916915905621,0.9378998463937371
2009-12-02,0.7992855335433282,0.7992639209121167,0.8059676959329618,0.7992639209121167,0.9410849987371112,0.9378998463937371,0.8714916915905621,0.9378998463937371
2009-12-03,0.8091120765571904,0.7992639209121167,0.8059676959329618,0.7992639209121167,0.968689647413766,0.9378998463937371,0.8714916915905621,0.9378998463937371
2009-12-04,0.8013819587757745,0.7992639209121167,0.8059676959329618,0.7992639209121167,0.9667132305172673,0.9378998463937371,0.8714916915905621,0.9378998463937371
2009-12-07,0.7995737019601861,0.7992639209121167,0.8059676959329618,0.7992639209121167,0.9704249386392524,0.9378998463937371,0.8714916915905621,0.9378998463937371
2009-12-08,0.8077792976293114,0.7992639209121167,0.8059676959329618,0.7992639209121167,0.9738214099445187,0.9378998463937371,0.8714916915905621,0.9378998463937371
2009-12-09,0.8085789649860389,0.7992639209121167,0.8059676959329618,0.7992639209121167,0.9655855516505463,0.9378998463937371,0.8714916915905621,0.9378998463937371
2009-12-10,0.8086221902485322,0.7992639209121167,0.8059676959329618,0.7992639209121167,0.958255718680718,0.9378998463937371,0.8714916915905621,0.9378998463937371
2009-12-11,0.8064897439640668,0.7992639209121167,0.8059676959329618,0.7992639209121167,0.9692822064558319,0.9378998463937371,0.8714916915905621,0.9378998463937371
2009-12-14,0.796173314641617,0.7992639209121167,0.8059676959329618,0.7992639209121167,0.9628970807937723,0.9378998463937371,0.8714916915905621,0.9378998463937371
2009-12-15,0.7981544725073202,0.7992639209121167,0.8059676959329618,0.7992639209121167,0.9625834077977793,0.9378998463937371,0.8714916915905621,0.9378998463937371
2009-12-16,0.8148826491041145,0.7992639209121167,0.8059676959329618,0.7992639209121167,0.9746200520911665,0.9378998463937371,0.8714916915905621,0.9378998463937371
2009-12-17,0.8067418913287644,0.7992639209121167,0.8059676959329618,0.7992639209121167,0.9722169117487982,0.9378998463937371,0.8714916915905621,0.9378998463937371
2009-12-18,0.8094722870782272,0.7992639209121167,0.8059676959329618,0.7992639209121167,0.9692424673519576,0.9378998463937371,0.8714916915905621,0.9378998463937371
2009-12-21,0.800647129312893,0.7992639209121167,0.8059676959329618,0.7992639209121167,0.9654490491608156,0.9378998463937371,0.8714916915905621,0.9378998463937371
2009-12-22,0.804912021881894,0.7992639209121167,0.8059676959329618,0.7992639209121167,0.9754752223656243,0.9378998463937371,0.8714916915905621,0.9378998463937371
2009-12-24,0.8099693775972189,0.7992639209121167,0.8059676959329618,0.7992639209121167,0.9942812115178105,0.9378998463937371,0.8714916915905621,0.9378998463937371
2009-12-25,0.8080170365732015,0.7992639209121167,0.8059676959329618,0.7992639209121167,0.9921331650666819,0.9378998463937371,0.8714916915905621,0.9378998463937371
2009-12-28,0.8093570197114841,0.7992639209121167,0.8059676959329618,0.7992639209121167,0.9960967162839158,0.9378998463937371,0.8714916915905621,0.9378998463937371
2009-12-29,0.8152644722564334,0.7992639209121167,0.8059676959329618,0.7992639209121167,1.002369085294428,0.9378998463937371,0.8714916915905621,0.9378998463937371
2009-12-30,0.8006687419441043,0.7992639209121167,0.8059676959329618,0.7992639209121167,0.9883737668349623,0.9378998463937371,0.8714916915905621,0.9378998463937371
2010-01-04,0.8058681790973539,0.7976653930702925,0.8043557605410959,0.7976653930702925,0.9975390178696535,0.9360240467009496,0.8697487082073809,0.9360240467009496
2010-01-05,0.7944463270335994,0.7863598019670051,0.7929553445154629,0.7863598019670051,0.9998882790667277,0.9382284366376351,0.8717970159475239,0.9382284366376351
2010-01-06,0.801459306731609,0.7933013978166795,0.7999551625563864,0.7933013978166795,1.0079830699231975,0.9458240481966216,0.8788548189652535,0.9458240481966216
2010-01-07,0.791323896179649,0.7832691537703722,0.7898387737047389,0.7832691537703722,1.0021229423837255,0.9403252955709904,0.8737454064349335,0.9403252955709904
2010-01-08,0.8114136162939859,0.8031543842675287,0.8098907903009581,0.8031543842675287,1.018691335219185,0.9558719697675524,0.8881912957761726,0.9558719697675524
2010-01-12,0.8355874759653127,0.8270821826059037,0.8340192815176274,0.8270821826059037,1.040817063236253,0.9766332764470337,0.9074825946790364,0.9766332764470337
2010-01-13,0.8257767982221691,0.8173713659720517,0.8242270160303006,0.8173713659720517,1.0246560613576818,0.9614688707384457,0.8933919072418247,0.9614688707384457
2010-01-14,0.8410142607894681,0.8324537291716416,0.8394358815866556,0.8324537291716416,1.050516488800299,0.9857345701352964,0.9159394697521523,0.9857345701352964
2010-01-15,0.8500443308191548,0.8413918837563658,0.848449004371332,0.8413918837563658,1.0606123108838592,0.9952078158651809,0.9247419607406456,0.9952078158651809
2010-01-18,0.8427315977591467,0.8341535856797957,0.8411499955325599,0.8341535856797957,1.048422825528495,0.9837700162351511,0.9141140164180447,0.9837700162351511
2010-01-19,0.8328022676435876,0.8243253244145058,0.83123930035446,0.8243253244145058,1.0365136001780366,0.9725951938914439,0.9037304292312172,0.9725951938914439
2010-01-20,0.8259703889350994,0.8175629861602286,0.824420243420551,0.8175629861602286,1.0276989187118426,0.9643240850239562,0.8960449576043985,0.9643240850239562
2010-01-21,0.8411329131619448,0.83257117380314,0.8395543112774897,0.83257117380314,1.0410160291120378,0.9768199727475008,0.9076560719168598,0.9768199727475008
2010-01-22,0.8189823886839689,0.8106461154961743,0.8174453579461607,0.8106461154961743,1.0165918051932232,0.9539019108968051,0.8863607272518228,0.9539019108968051
2010-01-25,0.8062740951083585,0.798067177335846,0.804760914746481,0.798067177335846,1.009440983305312,0.9471920568250768,0.8801259655149695,0.9471920568250768
2010-01-26,0.7874770613675512,0.7794614751920899,0.7859991584658957,0.7794614751920899,0.9866995302982359,0.9258529949034665,0.8602978194261036,0.9258529949034665
2010-01-27,0.7634093643452924,0.7556387588924336,0.7619766306568246,0.7556387588924336,0.9672166423821238,0.9075715530129969,0.843310798072918,0.9075715530129969
2010-01-28,0.7607428083959827,0.7529993453324735,0.7593150791844303,0.7529993453324735,0.9763177244308289,0.9161114010750598,0.8512459807708894,0.9161114010750598
2010-01-29,0.7492147936832217,0.741588672190528,0.7478086997512604,0.741588672190528,0.9626386229477027,0.9032758450756435,0.839319248451391,0.9032758450756435
2010-02-01,0.7373936076926387,0.7298878119080223,0.7360096992514473,0.7298878119080223,0.9502626543260839,0.8916630619929418,0.8274096180773544,0.8916630619929418
2010-02-02,0.7514756533083529,0.7438265189356086,0.7360096992514473,0.7438265189356086,0.9708000013681682,0.9109339379611692,0.8274096180773544,0.9109339379611692
2010-02-03,0.7539750021752206,0.7463004273836911,0.7360096992514473,0.7463004273836911,0.9739401507206423,0.9138804445654173,0.8274096180773544,0.9138804445654173
2010-02-04,0.7448773722997272,0.7372954006325767,0.7360096992514473,0.7372954006325767,0.9655623975578915,0.9060193200608274,0.8274096180773544,0.9060193200608274
2010-02-05,0.7286958736358331,0.7212786105085902,0.7360096992514473,0.7212786105085902,0.9423180843569595,0.8842084076901159,0.8274096180773544,0.8842084076901159
2010-02-08,0.7133498715931706,0.7060888126372697,0.7360096992514473,0.7060888126372697,0.9301888926147289,0.8728271835631435,0.8274096180773544,0.8728271835631435
2010-02-09,0.7136355114636717,0.7063715450313381,0.7360096992514473,0.7063715450313381,0.9314002591932902,0.8739638491236793,0.8274096180773544,0.8739638491236793
2010-02-10,0.7182057493916902,0.7108952633364349,0.7360096992514473,0.7108952633364349,0.9322718358906968,0.8747816785345619,0.8274096180773544,0.8747816785345619
2010-02-12,0.7238114318502842,0.7164438865700388,0.7360096992514473,0.7164438865700388,0.9496872263170725,0.8911231187486861,0.8274096180773544,0.8911231187486861
2010-02-15,0.7180486474629599,0.7107397605197421,0.7360096992514473,0.7107397605197421,0.93954615731312,0.8816074163281181,0.8274096180773544,0.8816074163281181
2010-02-16,0.7191555019611083,0.7118353485467145,0.7360096992514473,0.7118353485467145,0.9412650054531189,0.8832202687207014,0.8274096180773544,0.8832202687207014
2010-02-17,0.7413782838861404,0.7338319288052888,0.7360096992514473,0.7338319288052888,0.9639487656448655,0.9045051955543574,0.8274096180773544,0.9045051955543574
2010-02-18,0.7420923835623584,0.7345387597904257,0.7360096992514473,0.7345387597904257,0.9622411789221937,0.9029029101242982,0.8274096180773544,0.9029029101242982
2010-02-19,0.7291314744383771,0.7217097774095741,0.7360096992514473,0.7217097774095741,0.9438753044573597,0.8856695991160848,0.8274096180773544,0.8856695991160848
2010-02-22,0.7493904822536875,0.7417625724589012,0.7360096992514473,0.7417625724589012,0.9678127515357002,0.9081309020632201,0.8274096180773544,0.9081309020632201
2010-02-23,0.7474481311343076,0.7398399921792628,0.7360096992514473,0.7398399921792628,0.9643193526304403,0.9048529296516494,0.8274096180773544,0.9048529296516494
2010-02-24,0.7349585277965868,0.7274775182485586,0.7360096992514473,0.7274775182485586,0.9500654160521514,0.891477986758767,0.8274096180773544,0.891477986758767
2010-02-25,0.725646668018235,0.7182604422019101,0.7360096992514473,0.7182604422019101,0.9437682442054525,0.8855691409200285,0.8274096180773544,0.8855691409200285
2010-02-26,0.7237114578956123,0.7163449302321182,0.7360096992514473,0.7163449302321182,0.9464920621293326,0.8881249898942688,0.8274096180773544,0.8881249898942688
2010-03-01,0.7272627327136263,0.7198600572678882,0.7360096992514473,0.7198600572678882,0.9526490949570053,0.8939023386292954,0.8274096180773544,0.8939023386292954
2010-03-02,0.730474164467187,0.7230388004401173,0.7360096992514473,0.7230388004401173,0.9592879283541006,0.9001317768672035,0.8274096180773544,0.9001317768672035
2010-03-03,0.7397248281004207,0.732195303246109,0.7360096992514473,0.732195303246109,0.9647148684484609,0.9052240553017604,0.8274096180773544,0.9052240553017604
2010-03-04,0.7300430732617477,0.722612097233867,0.7360096992514473,0.722612097233867,0.9557537486200149,0.8968155384472447,0.8274096180773544,0.8968155384472447
2010-03-05,0.7417814100025044,0.7342309515740333,0.7360096992514473,0.7342309515740333,0.9671281224011927,0.9074884917699972,0.8274096180773544,0.9074884917699972
2010-03-08,0.7604923504093968,0.7527514367123049,0.7360096992514473,0.7527514367123049,0.9814894891053725,0.9209642399239999,0.8274096180773544,0.9209642399239999
2010-03-09,0.758277569896815,0.750559200048845,0.7360096992514473,0.750559200048845,0.9785805561151337,0.9182346913245676,0.8274096180773544,0.9182346913245676
2010-03-10,0.7572453239852394,0.749537461181175,0.7360096992514473,0.749537461181175,0.978451165745306,0.9181132800359857,0.8274096180773544,0.9181132800359857
2010-03-11,0.7671841515423281,0.7593751232152598,0.7360096992514473,0.7593751232152598,0.9874019631483952,0.9265121110153818,0.8274096180773544,0.9265121110153818
2010-03-12,0.7707159354860162,0.7628709577707784,0.7360096992514473,0.7628709577707784,0.9892749619919258,0.9282696081413907,0.8274096180773544,0.9282696081413907
2010-03-15,0.7690429851941857,0.7612150361365295,0.7360096992514473,0.7612150361365295,0.9913351771761698,0.9302027765882241,0.8274096180773544,0.9302027765882241
2010-03-16,0.7634941690053371,0.7557227003412257,0.7360096992514473,0.7557227003412257,0.9883091215236327,0.9273633278983081,0.8274096180773544,0.9273633278983081
2010-03-17,0.769181408976222,0.7613520509279957,0.7360096992514473,0.7613520509279957,0.9960216410662991,0.9346002415661102,0.8274096180773544,0.9346002415661102
2010-03-18,0.7689480660382041,0.7611210831454203,0.7360096992514473,0.7611210831454203,0.992661956768514,0.9314477380191649,0.8274096180773544,0.9314477380191649
2010-03-19,0.7749121535731618,0.7670244633151229,0.7360096992514473,0.7670244633151229,1.0011508329584478,0.9394131329570132,0.8274096180773544,0.9394131329570132
2010-03-23,0.7729623557172587,0.7650945120979415,0.7360096992514473,0.7650945120979415,0.9997898841174012,0.9381361093832689,0.8274096180773544,0.9381361093832689
2010-03-24,0.7791123266294389,0.7711818835716853,0.7360096992514473,0.7711818835716853,1.0031221578202205,0.9412628926570592,0.8274096180773544,0.9412628926570592
2010-03-25,0.7795711025844074,0.7716359897294207,0.7360096992514473,0.7716359897294207,1.003589135924992,0.9417010737482434,0.8274096180773544,0.9417010737482434
2010-03-26,0.7868047339552854,0.778795991278607,0.7360096992514473,0.778795991278607,1.0171811046458623,0.9544548701780932,0.8274096180773544,0.9544548701780932
2010-03-29,0.7909495374953087,0.7828986056151789,0.7360096992514473,0.7828986056151789,1.0195187868939632,0.9566483952017473,0.8274096180773544,0.9566483952017473
2010-03-30,0.8104079663458316,0.8021589706477924,0.7360096992514473,0.8021589706477924,1.0389592228198612,0.9748900029775018,0.8274096180773544,0.9748900029775018
2010-03-31,0.8103090922035233,0.8020611029274449,0.7360096992514473,0.8020611029274449,1.0395463192704115,0.9754408951086402,0.8274096180773544,0.9754408951086402
2010-04-01,0.8220039243354206,0.8136368954842744,0.7345376798529444,0.8136368954842744,1.0455665680664572,0.9810898948362453,0.8257547988411996,0.9810898948362453
2010-04-02,0.8266945130825217,0.8182797395792956,0.7387291612722401,0.8182797395792956,1.0518024754970308,0.9869412542351824,0.8306797176777384,0.9869412542351824
2010-04-05,0.8313297322961742,0.8228677777373061,0.7428711648150562,0.8228677777373061,1.0637332532545445,0.9981362999194375,0.8401022616726117,0.9981362999194375
2010-04-06,0.8258600154211724,0.8174537361182803,0.7379834592653964,0.8174537361182803,1.053777203797234,0.9887942074947337,0.832239294485283,0.9887942074947337
2010-04-07,0.8320020763950897,0.8235332781675881,0.7434719673901529,0.8235332781675881,1.056489430486432,0.9913391800278535,0.8343813237663954,0.9913391800278535
2010-04-08,0.8272719379910651,0.818851286984428,0.7392451446392948,0.818851286984428,1.0459801329954546,0.9814779565676456,0.8260814191016234,0.9814779565676456
2010-04-09,0.8254922036530541,0.8170896682394362,0.7376547849187446,0.8170896682394362,1.0451890067130698,0.980735616457611,0.8254566130451552,0.980735616457611
2010-04-12,0.8393187620317505,0.8307754885882501,0.750010112930165,0.8307754885882501,1.0543821631859425,0.989361861015012,0.8327170719253688,0.989361861015012
2010-04-13,0.8370921166117745,0.8285715077881362,0.7480203961998383,0.8285715077881362,1.0485279585716454,0.9838686660671171,0.8280936096788725,0.9838686660671171
2010-04-14,0.8352965624144333,0.826794230211293,0.7464158999497363,0.826794230211293,1.0538665838863526,0.9888780758058601,0.8323098840008287,0.9888780758058601
2010-04-15,0.8429256903029586,0.8343457025908084,0.7532332419752862,0.8343457025908084,1.062330103330625,0.9968196776656834,0.8389940990567079,0.9968196776656834
2010-04-16,0.8319071572219128,0.8234393251594585,0.7433871481974763,0.8234393251594585,1.0477596277874022,0.9831477157313516,0.827486806772617,0.9831477157313516
2010-04-19,0.8120018173238155,0.8037365981057633,0.7255998581948724,0.8037365981057633,1.0281043667539198,0.9647045304103262,0.8119637146840003,0.9647045304103262
2010-04-20,0.8032494793024737,0.795073348545646,0.7177788224635858,0.795073348545646,1.0245361564759472,0.9613563599989066,0.8091456571348199,0.9613563599989066
2010-04-21,0.8117012399621497,0.8034390802665433,0.725331264102657,0.8034390802665433,1.0418662169889394,0.9776177323165386,0.8228323807446573,0.9776177323165386
2010-04-22,0.8018691964512413,0.7937071153432014,0.7165454101487909,0.7937071153432014,1.0333358805013468,0.9696134338020913,0.8160953957400716,0.9696134338020913
2010-04-23,0.8051478626112545,0.7969524085550547,0.7194752061788227,0.7969524085550547,1.0346458437298542,0.9708426158793955,0.8171299625053862,0.9708426158793955
2010-04-26,0.8138685608967404,0.8055843404344486,0.72726796883564,0.8055843404344486,1.0534643052175232,0.9885006043478481,0.8319921772651673,0.9885006043478481
2010-04-27,0.805800431864513,0.797598335424247,0.7200583380727724,0.797598335424247,1.0556496774099915,0.9905512117792349,0.8337181138342007,0.9905512117792349
2010-04-28,0.7936428688085158,0.785564521997464,0.7091944140750397,0.785564521997464,1.0351441614228187,0.9713102039487898,0.8175235177689919,0.9713102039487898
2010-04-30,0.7908467084010641,0.7827968231996335,0.7066957822347516,0.7827968231996335,1.0444942723207453,0.9800837240647955,0.8249079341987735,0.9800837240647955
2010-05-06,0.757004363762746,0.7492989536490812,0.6764544700274995,0.7492989536490812,1.0066593245732474,0.9445819338962634,0.7950271110923325,0.9445819338962634
2010-05-07,0.7298933864482248,0.7224639340552688,0.6522282664953758,0.7224639340552688,0.9755890226591404,0.9154276359601572,0.7704887873828582,0.9154276359601572
2010-05-10,0.7354718289766226,0.7279855946289852,0.6572131286240026,0.7279855946289852,0.9845059891454943,0.9237947222648899,0.777531120307513,0.9237947222648899
2010-05-11,0.7187871761153081,0.7114707718228919,0.6423038248614809,0.7114707718228919,0.9713979011933072,0.9114949672580923,0.7671787746408304,0.9114949672580923
2010-05-12,0.7125964140057992,0.7053430243580183,0.6367717976997899,0.7053430243580183,0.9670670293628845,0.9074311661397032,0.7637583915620646,0.9074311661397032
2010-05-13,0.7360799256640537,0.7285875016105311,0.6577565201050993,0.7285875016105311,0.9882076390874793,0.9272681035523372,0.780454564205377,0.9272681035523372
2010-05-14,0.7380351254299051,0.7305227997525992,0.6595036746589157,0.7305227997525992,0.9766446546408304,0.9164181705674534,0.7713224915211826,0.9164181705674534
2010-05-17,0.7144713787920516,0.7071989042177916,0.6384472547665104,0.7071989042177916,0.9516752378737171,0.8929885361296656,0.7516024503976038,0.8929885361296656
2010-05-18,0.7029259875182214,0.6957710313876404,0.6281303637296093,0.6957710313876404,0.9447395318228192,0.8864805324043035,0.7461248531505227,0.8864805324043035
2010-05-19,0.7025163668329475,0.6953655801570251,0.6277643291902679,0.6953655801570251,0.9422345513553928,0.8841300258957614,0.7441465002601791,0.8841300258957614
2010-05-20,0.6815454769039758,0.6746081491129509,0.6090248701964046,0.6746081491129509,0.9218771310730397,0.8650279811920123,0.7280688654126275,0.8650279811920123
2010-05-21,0.6700169772048256,0.6631969959212046,0.5987230733673377,0.6631969959212046,0.9036089894380109,0.8478863761493912,0.7136412755472284,0.8478863761493912
2010-05-24,0.6686445367644457,0.6618385253031348,0.5974966689829206,0.6618385253031348,0.9015817677151106,0.8459841665649664,0.7120402411251966,0.8459841665649664
2010-05-25,0.6432016024466598,0.6366545699989429,0.5747610184718274,0.6366545699989429,0.8712269944382353,0.8175012729534573,0.6880670188869706,0.8175012729534573
2010-05-26,0.6449921093596334,0.6384268516668106,0.5763610044994848,0.6384268516668106,0.8726263611825533,0.8188143453239323,0.6891721936694777,0.8188143453239323
2010-05-27,0.6488645028483365,0.642259828764565,0.5798213516395174,0.642259828764565,0.8817424866522201,0.8273683091283497,0.6963718159444483,0.8273683091283497
2010-05-28,0.6527960168483189,0.6461513245966376,0.58333452850688,0.6461513245966376,0.8914777015552527,0.8365031851440272,0.704060375113661,0.8365031851440272
2010-05-31,0.6512377690867818,0.6446089379564309,0.5819420878365743,0.6446089379564309,0.8913096906287058,0.836345534902243,0.7039276854953325,0.836345534902243
2010-06-01,0.6439810134842159,0.6374260475529169,0.5754574954085295,0.6374260475529169,0.8855502845640685,0.830383728897327,0.6989098069663304,0.830383728897327
2010-06-02,0.6396069217459189,0.6374260475529169,0.5754574954085295,0.6374260475529169,0.8737951906779895,0.830383728897327,0.6989098069663304,0.830383728897327
2010-06-03,0.6520548052950637,0.6374260475529169,0.5754574954085295,0.6374260475529169,0.8923377713786342,0.830383728897327,0.6989098069663304,0.830383728897327
2010-06-04,0.6506556001568541,0.6374260475529169,0.5754574954085295,0.6374260475529169,0.895994445777818,0.830383728897327,0.6989098069663304,0.830383728897327
2010-06-07,0.6383778902056543,0.6374260475529169,0.5754574954085295,0.6374260475529169,0.8626750676489535,0.830383728897327,0.6989098069663304,0.830383728897327
2010-06-08,0.6336067267389642,0.6374260475529169,0.5754574954085295,0.6374260475529169,0.8621869175352606,0.830383728897327,0.6989098069663304,0.830383728897327
2010-06-09,0.6327495560237028,0.6374260475529169,0.5754574954085295,0.6374260475529169,0.858918852785924,0.830383728897327,0.6989098069663304,0.830383728897327
2010-06-10,0.6380438457357361,0.6374260475529169,0.5754574954085295,0.6374260475529169,0.8684702326228237,0.830383728897327,0.6989098069663304,0.830383728897327
2010-06-11,0.64047039518709,0.6374260475529169,0.5754574954085295,0.6374260475529169,0.8686103971490026,0.830383728897327,0.6989098069663304,0.830383728897327
2010-06-14,0.6504791238331237,0.6374260475529169,0.5754574954085295,0.6374260475529169,0.8785247704563751,0.830383728897327,0.6989098069663304,0.830383728897327
2010-06-15,0.6518720262454858,0.6374260475529169,0.5754574954085295,0.6374260475529169,0.8843344355196617,0.830383728897327,0.6989098069663304,0.830383728897327
2010-06-16,0.6583323202393088,0.6374260475529169,0.5754574954085295,0.6374260475529169,0.890695617971258,0.830383728897327,0.6989098069663304,0.830383728897327
2010-06-17,0.6548406101197255,0.6374260475529169,0.5754574954085295,0.6374260475529169,0.8848841605274739,0.830383728897327,0.6989098069663304,0.830383728897327
2010-06-18,0.6559751007722775,0.6374260475529169,0.5754574954085295,0.6374260475529169,0.8898987221242648,0.830383728897327,0.6989098069663304,0.830383728897327
2010-06-21,0.6659586185149833,0.6374260475529169,0.5754574954085295,0.6374260475529169,0.9035877223745866,0.830383728897327,0.6989098069663304,0.830383728897327
2010-06-22,0.6641371307449905,0.6374260475529169,0.5754574954085295,0.6374260475529169,0.8919850763095292,0.830383728897327,0.6989098069663304,0.830383728897327
2010-06-23,0.6533153504645657,0.6374260475529169,0.5754574954085295,0.6374260475529169,0.8764232329009068,0.830383728897327,0.6989098069663304,0.830383728897327
2010-06-24,0.6555654235921892,0.6374260475529169,0.5754574954085295,0.6374260475529169,0.8765342578990398,0.830383728897327,0.6989098069663304,0.830383728897327
2010-06-25,0.6519350535039607,0.6374260475529169,0.5754574954085295,0.6374260475529169,0.8686333365516238,0.830383728897327,0.6989098069663304,0.830383728897327
2010-06-28,0.6493320277288765,0.6374260475529169,0.5754574954085295,0.6374260475529169,0.8622006524752779,0.830383728897327,0.6989098069663304,0.830383728897327
2010-06-29,0.6479580334940571,0.6374260475529169,0.5754574954085295,0.6374260475529169,0.85482249125061,0.830383728897327,0.6989098069663304,0.830383728897327
2010-06-30,0.6411447868527735,0.6374260475529169,0.5754574954085295,0.6374260475529169,0.8485151628020912,0.830383728897327,0.6989098069663304,0.830383728897327
2010-07-01,0.6337866695619432,0.6374260475529169,0.5754574954085295,0.6374260475529169,0.8375332935654416,0.830383728897327,0.6989098069663304,0.830383728897327
2010-07-02,0.6337097637038465,0.6374260475529169,0.5754574954085295,0.6374260475529169,0.8409712519986026,0.830383728897327,0.6989098069663304,0.830383728897327
2010-07-05,0.6337756830107635,0.6374260475529169,0.5754574954085295,0.6374260475529169,0.8453361030616291,0.830383728897327,0.6989098069663304,0.830383728897327
2010-07-06,0.6368738904355393,0.6374260475529169,0.5754574954085295,0.6374260475529169,0.8505509923878986,0.830383728897327,0.6989098069663304,0.830383728897327
2010-07-07,0.6389613351543624,0.6374260475529169,0.5754574954085295,0.6374260475529169,0.8477989477725214,0.830383728897327,0.6989098069663304,0.830383728897327
2010-07-08,0.6448830862251203,0.6374260475529169,0.5754574954085295,0.6374260475529169,0.8596674032235915,0.830383728897327,0.6989098069663304,0.830383728897327
2010-07-09,0.6409718740150886,0.6374260475529169,0.5754574954085295,0.6374260475529169,0.8577568590287794,0.830383728897327,0.6989098069663304,0.830383728897327
2010-07-12,0.632523216179502,0.6374260475529169,0.5754574954085295,0.6374260475529169,0.8492131852932097,0.830383728897327,0.6989098069663304,0.830383728897327
2010-07-13,0.6296282599509863,0.6374260475529169,0.5754574954085295,0.6374260475529169,0.846360561066181,0.830383728897327,0.6989098069663304,0.830383728897327
2010-07-14,0.631116937632047,0.6374260475529169,0.5754574954085295,0.6374260475529169,0.8534851867050018,0.830383728897327,0.6989098069663304,0.830383728897327
2010-07-15,0.622574894111621,0.6374260475529169,0.5754574954085295,0.6374260475529169,0.8442203057525234,0.830383728897327,0.6989098069663304,0.830383728897327
2010-07-16,0.6237267124056507,0.6374260475529169,0.5754574954085295,0.6374260475529169,0.8364010775005256,0.830383728897327,0.6989098069663304,0.830383728897327
2010-07-20,0.6273247190566672,0.6374260475529169,0.5754574954085295,0.6374260475529169,0.8364027403091622,0.830383728897327,0.6989098069663304,0.830383728897327
2010-07-21,0.6308600029292912,0.6374260475529169,0.5754574954085295,0.6374260475529169,0.8366826270671913,0.830383728897327,0.6989098069663304,0.830383728897327
2010-07-22,0.6334829554799201,0.6374260475529169,0.5754574954085295,0.6374260475529169,0.8354104091048529,0.830383728897327,0.6989098069663304,0.830383728897327
2010-07-23,0.6319034818787858,0.6374260475529169,0.5754574954085295,0.6374260475529169,0.8403587136539492,0.830383728897327,0.6989098069663304,0.830383728897327
2010-07-26,0.6285962808366605,0.6374260475529169,0.5754574954085295,0.6374260475529169,0.8416790215831526,0.830383728897327,0.6989098069663304,0.830383728897327
2010-07-27,0.6311907230335039,0.6374260475529169,0.5754574954085295,0.6374260475529169,0.8442559914702314,0.830383728897327,0.6989098069663304,0.830383728897327
2010-07-28,0.6321771812753735,0.6374260475529169,0.5754574954085295,0.6374260475529169,0.8524031056309356,0.830383728897327,0.6989098069663304,0.830383728897327
2010-07-29,0.6320004170817316,0.6374260475529169,0.5754574954085295,0.6374260475529169,0.8459995174860617,0.830383728897327,0.6989098069663304,0.830383728897327
2010-07-30,0.6221472388044624,0.6374260475529169,0.5754574954085295,0.6374260475529169,0.8321728230457821,0.830383728897327,0.6989098069663304,0.830383728897327
2010-08-02,0.6191308433712286,0.6374260475529169,0.5754574954085295,0.6374260475529169,0.8291996046601712,0.830383728897327,0.6989098069663304,0.830383728897327
2010-08-03,0.6184351907381964,0.6374260475529169,0.5754574954085295,0.6374260475529169,0.8339094859885111,0.830383728897327,0.6989098069663304,0.830383728897327
2010-08-04,0.6187374004886234,0.6374260475529169,0.5754574954085295,0.6374260475529169,0.8283332978511806,0.830383728897327,0.6989098069663304,0.830383728897327
2010-08-05,0.6260075407105311,0.6374260475529169,0.5754574954085295,0.6374260475529169,0.837196404350898,0.830383728897327,0.6989098069663304,0.830383728897327
2010-08-06,0.627324719056667,0.6374260475529169,0.5754574954085295,0.6374260475529169,0.8415976050976322,0.830383728897327,0.6989098069663304,0.830383728897327
2010-08-09,0.6297538012014041,0.6374260475529169,0.5754574954085295,0.6374260475529169,0.845070783421853,0.830383728897327,0.6989098069663304,0.830383728897327
2010-08-10,0.6258478827291927,0.6374260475529169,0.5754574954085295,0.6374260475529169,0.8396383821027119,0.830383728897327,0.6989098069663304,0.830383728897327
2010-08-11,0.6215656275867334,0.6374260475529169,0.5754574954085295,0.6374260475529169,0.829388618540349,0.830383728897327,0.6989098069663304,0.830383728897327
2010-08-12,0.6263724732393507,0.6374260475529169,0.5754574954085295,0.6374260475529169,0.8296654174204577,0.830383728897327,0.6989098069663304,0.830383728897327
2010-08-13,0.6253632067144097,0.6374260475529169,0.5754574954085295,0.6374260475529169,0.8321997170328156,0.830383728897327,0.6989098069663304,0.830383728897327
2010-08-16,0.6300046923149207,0.6374260475529169,0.5754574954085295,0.6374260475529169,0.8357821005624113,0.830383728897327,0.6989098069663304,0.830383728897327
2010-08-17,0.6349654938781086,0.6374260475529169,0.5754574954085295,0.6374260475529169,0.8363171751627,0.830383728897327,0.6989098069663304,0.830383728897327
2010-08-18,0.6349654938781086,0.6374260475529169,0.5754574954085295,0.6374260475529169,0.8396435474858865,0.830383728897327,0.6989098069663304,0.830383728897327
2010-08-19,0.6309797464152548,0.6374260475529169,0.5754574954085295,0.6374260475529169,0.8381095309261959,0.830383728897327,0.6989098069663304,0.830383728897327
2010-08-20,0.6278607137083071,0.6374260475529169,0.5754574954085295,0.6374260475529169,0.8281012827810003,0.830383728897327,0.6989098069663304,0.830383728897327
2010-08-23,0.6304836662589359,0.6374260475529169,0.5754574954085295,0.6374260475529169,0.8279799525654876,0.830383728897327,0.6989098069663304,0.830383728897327
2010-08-24,0.6320460336478204,0.6374260475529169,0.5754574954085295,0.6374260475529169,0.8301511114376997,0.830383728897327,0.6989098069663304,0.830383728897327
2010-08-25,0.6307117490894346,0.6374260475529169,0.5754574954085295,0.6374260475529169,0.8257902196719717,0.830383728897327,0.6989098069663304,0.830383728897327
2010-08-26,0.6324736889549787,0.6374260475529169,0.5754574954085295,0.6374260475529169,0.8284629134830641,0.830383728897327,0.6989098069663304,0.830383728897327
2010-08-27,0.6381016327974132,0.6374260475529169,0.5754574954085295,0.6374260475529169,0.8321929739512012,0.830383728897327,0.6989098069663304,0.830383728897327
2010-08-30,0.6397153188231547,0.6374260475529169,0.5754574954085295,0.6374260475529169,0.8394618246243369,0.830383728897327,0.6989098069663304,0.830383728897327
2010-08-31,0.636795858592813,0.6374260475529169,0.5754574954085295,0.6374260475529169,0.8280593857189351,0.830383728897327,0.6989098069663304,0.830383728897327
2010-09-01,0.6427431183979243,0.6374260475529169,0.5754574954085295,0.6374260475529169,0.8361091537592106,0.830383728897327,0.6989098069663304,0.830383728897327
2010-09-02,0.6441458278054705,0.6374260475529169,0.5754574954085295,0.6374260475529169,0.8431713576747866,0.830383728897327,0.6989098069663304,0.830383728897327
2010-09-03,0.6437980014889544,0.6374260475529169,0.5754574954085295,0.6374260475529169,0.8441669251095376,0.830383728897327,0.6989098069663304,0.830383728897327
2010-09-06,0.6508742713049703,0.6374260475529169,0.5754574954085295,0.6374260475529169,0.8524820754927405,0.830383728897327,0.6989098069663304,0.830383728897327
2010-09-07,0.6503952973609551,0.6374260475529169,0.5754574954085295,0.6374260475529169,0.8500701819908484,0.830383728897327,0.6989098069663304,0.830383728897327
2010-09-08,0.6466889513654569,0.6374260475529169,0.5754574954085295,0.6374260475529169,0.8445582666669191,0.830383728897327,0.6989098069663304,0.830383728897327
2010-09-09,0.6454687082223206,0.6374260475529169,0.5754574954085295,0.6374260475529169,0.8457343826404725,0.830383728897327,0.6989098069663304,0.830383728897327
2010-09-10,0.6431992840589219,0.6374260475529169,0.5754574954085295,0.6374260475529169,0.8464944743974812,0.830383728897327,0.6989098069663304,0.830383728897327
2010-09-13,0.6378450396130753,0.6374260475529169,0.5754574954085295,0.6374260475529169,0.8444356618322972,0.830383728897327,0.6989098069663304,0.830383728897327
2010-09-14,0.6334715513383842,0.6374260475529169,0.5754574954085295,0.6374260475529169,0.8386443720913858,0.830383728897327,0.6989098069663304,0.830383728897327
2010-09-15,0.6373090449614354,0.6374260475529169,0.5754574954085295,0.6374260475529169,0.8432018200928433,0.830383728897327,0.6989098069663304,0.830383728897327
2010-09-16,0.6246447457983597,0.6374260475529169,0.5754574954085295,0.6374260475529169,0.832228360083116,0.830383728897327,0.6989098069663304,0.830383728897327
2010-09-17,0.6235784585657939,0.6374260475529169,0.5754574954085295,0.6374260475529169,0.8321662578557624,0.830383728897327,0.6989098069663304,0.830383728897327
2010-09-21,0.6277238640099861,0.6374260475529169,0.5754574954085295,0.6374260475529169,0.8344721205154063,0.830383728897327,0.6989098069663304,0.830383728897327
2010-09-22,0.6241258573589696,0.6374260475529169,0.5754574954085295,0.6374260475529169,0.8345226503113045,0.830383728897327,0.6989098069663304,0.830383728897327
2010-09-24,0.6168386109247583,0.6374260475529169,0.5754574954085295,0.6374260475529169,0.8292391961590548,0.830383728897327,0.6989098069663304,0.830383728897327
2010-09-27,0.6240859428636485,0.6374260475529169,0.5754574954085295,0.6374260475529169,0.8338577997958583,0.830383728897327,0.6989098069663304,0.830383728897327
2010-09-28,0.6222555781489439,0.6374260475529169,0.5754574954085295,0.6374260475529169,0.8325571439241555,0.830383728897327,0.6989098069663304,0.830383728897327
2010-09-29,0.6040146537803445,0.6374260475529169,0.5754574954085295,0.6374260475529169,0.8255703908320484,0.830383728897327,0.6989098069663304,0.830383728897327
2010-09-30,0.5890011014631742,0.6374260475529169,0.5754574954085295,0.6374260475529169,0.8085903458808738,0.830383728897327,0.6989098069663304,0.830383728897327
2010-10-01,0.5912272355053727,0.6361511954578111,0.5754574954085295,0.6361511954578111,0.8103484934404618,0.8287229614395324,0.6989098069663304,0.8287229614395324
2010-10-04,0.5911930156155722,0.6361143753952401,0.5754574954085295,0.6361143753952401,0.8085723892971901,0.8269065845382958,0.6989098069663304,0.8269065845382958
2010-10-05,0.5967469031082251,0.642090270881295,0.5754574954085295,0.642090270881295,0.8164746562018813,0.8349880335498654,0.6989098069663304,0.8349880335498654
2010-10-06,0.6118310288302091,0.6583205526312109,0.5754574954085295,0.6583205526312109,0.8347600850422905,0.8536880803352662,0.6989098069663304,0.8536880803352662
2010-10-07,0.6124093448996966,0.6589428116153432,0.5754574954085295,0.6589428116153432,0.8394251264178381,0.8584589004642307,0.6989098069663304,0.8584589004642307
2010-10-08,0.6120397701391446,0.6585451549926147,0.5754574954085295,0.6585451549926147,0.8334971373401532,0.8523964955808913,0.6989098069663304,0.8523964955808913
2010-10-12,0.6059931162942565,0.6520390506710552,0.5754574954085295,0.6520390506710552,0.8225856416321208,0.8412375841864816,0.6989098069663304,0.8412375841864816
2010-10-13,0.6056132755508167,0.6516303480123958,0.5754574954085295,0.6516303480123958,0.8205003980819865,0.8391050582125601,0.6989098069663304,0.8391050582125601
2010-10-14,0.6205742096956154,0.6677280775651353,0.5754574954085295,0.6677280775651353,0.8437091970280148,0.8628401114022659,0.6989098069663304,0.8628401114022659
2010-10-15,0.6140108355625836,0.6606659903502321,0.5754574954085295,0.6606659903502321,0.8333425581214785,0.8522384113135494,0.6989098069663304,0.8522384113135494
2010-10-18,0.6134017216024242,0.6600105933207056,0.5754574954085295,0.6600105933207056,0.8329948277546956,0.8518827962396948,0.6989098069663304,0.8518827962396948
2010-10-19,0.6093021792595646,0.6555995503145239,0.5754574954085295,0.6555995503145239,0.8325608623884871,0.851438990807393,0.6989098069663304,0.851438990807393
2010-10-20,0.5953233558491038,0.6405585564468158,0.5754574954085295,0.6405585564468158,0.8185046786398973,0.8370640862854962,0.6989098069663304,0.8370640862854962
2010-10-21,0.5928868999649728,0.6379369682819113,0.5754574954085295,0.6379369682819113,0.8164049009755313,0.8349166966396045,0.6989098069663304,0.8349166966396045
2010-10-22,0.594252273412883,0.6394060886115794,0.5754574954085295,0.6394060886115794,0.8222757825987966,0.8409206991699687,0.6989098069663304,0.8409206991699687
2010-10-25,0.5980917446193555,0.6435372991703007,0.5754574954085295,0.6435372991703007,0.8191050888479879,0.8376781106586579,0.6989098069663304,0.8376781106586579
2010-10-26,0.591863725386071,0.636836048546754,0.5754574954085295,0.636836048546754,0.8143568425655507,0.8328221989704421,0.6989098069663304,0.8328221989704421
2010-10-27,0.5887565597314413,0.6334927872303354,0.5754574954085295,0.6334927872303354,0.8170797580366258,0.8356068559312496,0.6989098069663304,0.8356068559312496
2010-10-28,0.5849170885394667,0.6293615766872138,0.5754574954085295,0.6293615766872138,0.8109290734598381,0.8293167059789557,0.6989098069663304,0.8293167059789557
2010-10-29,0.5784837499818773,0.6224394057038406,0.5754574954085295,0.6224394057038406,0.7995697845224622,0.817699847745454,0.6989098069663304,0.817699847745454
2010-11-01,0.5751367097811493,0.6188380431530803,0.5754574954085295,0.6188380431530803,0.7910296081601442,0.8078757583605615,0.6989098069663304,0.8078757583605615
2010-11-02,0.5783385894421809,0.6188380431530803,0.5754574954085295,0.6188380431530803,0.7944932110200134,0.8078757583605615,0.6989098069663304,0.8078757583605615
2010-11-04,0.5903326975488365,0.6188380431530803,0.5754574954085295,0.6188380431530803,0.8090386175837957,0.8078757583605615,0.6989098069663304,0.8078757583605615
2010-11-05,0.6080946258300717,0.6188380431530803,0.5754574954085295,0.6188380431530803,0.8297748352617413,0.8078757583605615,0.6989098069663304,0.8078757583605615
2010-11-08,0.610261255716176,0.6188380431530803,0.5754574954085295,0.6188380431530803,0.8338031953377303,0.8078757583605615,0.6989098069663304,0.8078757583605615
2010-11-09,0.6077692616150906,0.6188380431530803,0.5754574954085295,0.6188380431530803,0.8321575994841328,0.8078757583605615,0.6989098069663304,0.8078757583605615
2010-11-10,0.6014690272705517,0.6188380431530803,0.5754574954085295,0.6188380431530803,0.8340313952062326,0.8078757583605615,0.6989098069663304,0.8078757583605615
2010-11-11,0.5940743860210669,0.6188380431530803,0.5754574954085295,0.6188380431530803,0.8304151012745485,0.8078757583605615,0.6989098069663304,0.8078757583605615
2010-11-12,0.5896819691188744,0.6188380431530803,0.5754574954085295,0.6188380431530803,0.8231421375868645,0.8078757583605615,0.6989098069663304,0.8078757583605615
2010-11-15,0.5874229062171746,0.6188380431530803,0.5754574954085295,0.6188380431530803,0.8231379890234954,0.8078757583605615,0.6989098069663304,0.8078757583605615
2010-11-16,0.5876336534927726,0.6188380431530803,0.5754574954085295,0.6188380431530803,0.8208075316053342,0.8078757583605615,0.6989098069663304,0.8078757583605615
2010-11-17,0.584893938909858,0.6188380431530803,0.5754574954085295,0.6188380431530803,0.818518763646254,0.8078757583605615,0.6989098069663304,0.8078757583605615
2010-11-18,0.5980527030133024,0.6188380431530803,0.5754574954085295,0.6188380431530803,0.8354703902242859,0.8078757583605615,0.6989098069663304,0.8078757583605615
2010-11-19,0.5954867624997197,0.6188380431530803,0.5754574954085295,0.6188380431530803,0.8350973609665187,0.8078757583605615,0.6989098069663304,0.8078757583605615
2010-11-22,0.5972282005139732,0.6188380431530803,0.5754574954085295,0.6188380431530803,0.8401663618447242,0.8078757583605615,0.6989098069663304,0.8078757583605615
2010-11-24,0.588214132830857,0.6188380431530803,0.5754574954085295,0.6188380431530803,0.8308364587632918,0.8078757583605615,0.6989098069663304,0.8078757583605615
2010-11-25,0.5936454968285964,0.6188380431530803,0.5754574954085295,0.6188380431530803,0.8333696873818291,0.8078757583605615,0.6989098069663304,0.8078757583605615
2010-11-26,0.5831340142924711,0.6188380431530803,0.5754574954085295,0.6188380431530803,0.8262196218484357,0.8078757583605615,0.6989098069663304,0.8078757583605615
2010-11-29,0.5898113753407357,0.6188380431530803,0.5754574954085295,0.6188380431530803,0.8341147996059046,0.8078757583605615,0.6989098069663304,0.8078757583605615
2010-11-30,0.5794182070646132,0.6188380431530803,0.5754574954085295,0.6188380431530803,0.821051171768512,0.8078757583605615,0.6989098069663304,0.8078757583605615
2010-12-01,0.5790579919054059,0.6176003670667741,0.5754574954085295,0.6176003670667741,0.8236520275312688,0.8062600068438404,0.6989098069663304,0.8062600068438404
2010-12-02,0.5964029517880094,0.6360998157230399,0.5754574954085295,0.6360998157230399,0.8402205907773393,0.8224787126439209,0.6989098069663304,0.8224787126439209
2010-12-03,0.5975629540663198,0.6373370283043314,0.5754574954085295,0.6373370283043314,0.8429168596975708,0.8251180478551684,0.6989098069663304,0.8251180478551684
2010-12-06,0.5981756555664679,0.6379905115075398,0.5754574954085295,0.6379905115075398,0.8424893278957544,0.8246995437030064,0.6989098069663304,0.8246995437030064
2010-12-07,0.6003269951033934,0.640285045226552,0.5754574954085295,0.640285045226552,0.8391045822847374,0.8213862694946216,0.6989098069663304,0.8213862694946216
2010-12-08,0.603414597606789,0.6435781600200784,0.5754574954085295,0.6435781600200784,0.8469039221197662,0.8290209205105556,0.6989098069663304,0.8290209205105556
2010-12-09,0.6032287218707987,0.6433799123067558,0.5754574954085295,0.6433799123067558,0.8487255804873193,0.8308041132166949,0.6989098069663304,0.8308041132166949
2010-12-10,0.5970638432937531,0.6368046964815204,0.5754574954085295,0.6368046964815204,0.8396150270369441,0.8218859358290095,0.6989098069663304,0.8218859358290095
2010-12-13,0.608405705332488,0.6489014782482206,0.5754574954085295,0.6489014782482206,0.8498516271319623,0.8319063825550436,0.6989098069663304,0.8319063825550436
2010-12-14,0.6153278554265631,0.6562843699425822,0.5754574954085295,0.6562843699425822,0.8545292571330828,0.8364852409450609,0.6989098069663304,0.8364852409450609
2010-12-15,0.6154930783029989,0.6564605901322023,0.5754574954085295,0.6564605901322023,0.8556831156725864,0.8376147349095757,0.6989098069663304,0.8376147349095757
2010-12-16,0.6138959238307538,0.6547571282991738,0.5754574954085295,0.6547571282991738,0.8551643369663746,0.837106910598775,0.6989098069663304,0.837106910598775
2010-12-17,0.6144810881847975,0.6553812414707452,0.5754574954085295,0.6553812414707452,0.8541206442133109,0.8360852561887807,0.6989098069663304,0.8360852561887807
2010-12-20,0.607679413104822,0.6481268436646822,0.5754574954085295,0.6481268436646822,0.8484048091594659,0.8304901152122639,0.6989098069663304,0.8304901152122639
2010-12-21,0.6133279701930053,0.6541513713973546,0.5754574954085295,0.6541513713973546,0.8567682738132819,0.8386769791349268,0.6989098069663304,0.8386769791349268
2010-12-22,0.6073283144923957,0.6477523757617394,0.5754574954085295,0.6477523757617394,0.8521045030501162,0.8341116873348221,0.6989098069663304,0.8341116873348221
2010-12-24,0.6055177471381191,0.6458212961838187,0.5754574954085295,0.6458212961838187,0.8477596551149875,0.8298585840717705,0.6989098069663304,0.8298585840717705
2010-12-27,0.6101474298216146,0.6507591327471669,0.5754574954085295,0.6507591327471669,0.8532655324805055,0.8352482007715671,0.6989098069663304,0.8352482007715671
2010-12-28,0.6084298003353017,0.6489271770258738,0.5754574954085295,0.6489271770258738,0.8512703597750221,0.8332951576108536,0.6989098069663304,0.8332951576108536
2010-12-29,0.6112902213836295,0.6519779890587062,0.5754574954085295,0.6519779890587062,0.8549025629312684,0.8368506641156952,0.6989098069663304,0.8368506641156952
2010-12-30,0.6051115742335478,0.6453880882176692,0.5754574954085295,0.6453880882176692,0.8467882950495674,0.8289077349913149,0.6989098069663304,0.8289077349913149
2011-01-04,0.6158455881941548,0.6568365632492577,0.5743065804177124,0.6568365632492577,0.8602966081799013,0.8421308101163236,0.6975119873523977,0.8421308101163236
2011-01-05,0.6206575280458297,0.6619687881045242,0.578793953185121,0.6619687881045242,0.8654941597153949,0.8472186115136427,0.7017260624358259,0.8472186115136427
2011-01-06,0.6232897418575091,0.6647762033185723,0.5812486232226974,0.6647762033185723,0.8745684462766078,0.8561012878143075,0.7090833199129973,0.8561012878143075
2011-01-07,0.6210127066193205,0.6623476075326792,0.5791251748353032,0.6623476075326792,0.8756946232443513,0.8572036847238881,0.7099964025956585,0.8572036847238881
2011-01-11,0.621241383235124,0.6625915049727182,0.5793384271306209,0.6625915049727182,0.874068585643367,0.8556119821073992,0.7086780425000959,0.8556119821073992
2011-01-12,0.6197622834222632,0.661013955573313,0.5779590931353715,0.661013955573313,0.8807833509044366,0.8621849601422761,0.7141222453684096,0.8621849601422761
2011-01-13,0.6317556421020715,0.6738055979071659,0.5891434954322542,0.6738055979071659,0.8932299686430508,0.8743687583576417,0.724213724274788,0.8743687583576417
2011-01-14,0.6258343773907965,0.6674902110023939,0.583621622168451,0.6674902110023939,0.8843209144852765,0.8656478254562211,0.7169904340607693,0.8656478254562211
2011-01-15,0.6258295119308732,0.6674850216951457,0.5836170848855602,0.6674850216951457,0.8843121362782735,0.8656392326075402,0.7169833168589185,0.8656392326075402
2011-01-17,0.6179961214747015,0.6591302370470834,0.5763120594502843,0.6591302370470834,0.8790673584034017,0.8605052020898674,0.7127309515654373,0.8605052020898674
2011-01-18,0.6293764322057667,0.6712680266693497,0.586924764104407,0.6712680266693497,0.8913722284910055,0.8725502457605301,0.7227075041954377,0.8725502457605301
2011-01-19,0.6391414102464827,0.6816829662896468,0.5960310908426765,0.6816829662896468,0.9079803823789284,0.8888077062168293,0.7361730767833946,0.8888077062168293
2011-01-20,0.6327238686243053,0.6748382700469074,0.5900464147251964,0.6748382700469074,0.8952154111259691,0.8763122767566236,0.7258234829543719,0.8763122767566236
2011-01-21,0.6136804585339288,0.654527321529784,0.5722874895365527,0.654527321529784,0.8727574570640265,0.8543285389760557,0.707615004598569,0.8543285389760557
2011-01-24,0.6178647540570907,0.658990125751719,0.5761895528125288,0.658990125751719,0.8772595103189089,0.8587355280524651,0.7112651830174088,0.8587355280524651
2011-01-25,0.6321448788949342,0.6742207424859618,0.5895064780625874,0.6742207424859618,0.8900026490090167,0.8712095859605036,0.7215970754232727,0.8712095859605036
2011-01-26,0.6249780564465254,0.6665768929290719,0.5828230603817435,0.6665768929290719,0.8815728547682736,0.8629577930491146,0.7147623599566241,0.8629577930491146
2011-01-27,0.6303349278081538,0.6722903201945946,0.5878186088315677,0.6722903201945946,0.8904461576478543,0.8716437295869769,0.7219566637200789,0.8716437295869769
2011-01-28,0.6198595926204562,0.6611177417179877,0.5780498387929337,0.6611177417179877,0.8802044919946894,0.8616183242657965,0.7136529176682941,0.8616183242657965
2011-01-31,0.6234405711147217,0.6649370718428327,0.5813892789919315,0.6649370718428327,0.8720687102050635,0.8536543355155415,0.7070565818571447,0.8536543355155415
2011-02-01,0.6363229855531229,0.6786769459091293,0.5934027699147721,0.6786769459091293,0.8814266554459994,0.8628146808334735,0.7146438243505792,0.8628146808334735
2011-02-02,0.650606480231542,0.693911156782138,0.60672283770844,0.693911156782138,0.8978345422073907,0.8788761029514808,0.7279470241939497,0.8788761029514808
2011-02-03,0.6434572858148161,0.6862861085870983,0.6000558590421631,0.6862861085870983,0.8934087238758303,0.8745437390417008,0.72435865558857,0.8745437390417008
2011-02-04,0.6455226086462977,0.6884889002878695,0.601981875101294,0.6884889002878695,0.895795668416121,0.8768802814856732,0.7262939444344956,0.8768802814856732
2011-02-07,0.6480049678187891,0.691136486466721,0.6042967982493228,0.691136486466721,0.9018726858522506,0.8828289782118013,0.7312210735998863,0.8828289782118013
2011-02-08,0.6494596302938364,0.692687971967493,0.6056533432140372,0.692687971967493,0.9037790274261576,0.8846950659758681,0.7327666987797897,0.8846950659758681
2011-02-09,0.6622090270036529,0.7062859745819684,0.6175427885022207,0.7062859745819684,0.9017962050315717,0.8827541123401189,0.7311590644175661,0.8827541123401189
2011-02-10,0.665997107100865,0.7103261910908854,0.6210753612261035,0.7103261910908854,0.9089069990556293,0.8897147566982538,0.7369243598101255,0.8897147566982538
2011-02-14,0.6800621541720907,0.72532741438014,0.6341917157827317,0.72532741438014,0.9253618017369067,0.9058221040718596,0.7502655981813795,0.9058221040718596
2011-02-15,0.6845304006825562,0.7300930695020524,0.6383585774491659,0.7300930695020524,0.9311734493613228,0.9115110344657786,0.7549775705938647,0.9115110344657786
2011-02-16,0.6832941858146547,0.7287745715849836,0.6372057457214468,0.7287745715849836,0.9251260171506405,0.9055912982512189,0.7500744285617508,0.9055912982512189
2011-02-17,0.6865609704856284,0.7322587949963255,0.6402521845842294,0.7322587949963255,0.9304123265051955,0.9107659832807175,0.7543604667822853,0.9107659832807175
2011-02-18,0.6851807787857445,0.7307867370809068,0.6389650873139452,0.7307867370809068,0.9327445358161492,0.9130489462701329,0.7562513773542179,0.9130489462701329
2011-02-21,0.6855332737882318,0.7311626943182968,0.6392938064009592,0.7311626943182968,0.9393334452744334,0.919498726040423,0.7615935387518503,0.919498726040423
2011-02-22,0.6695816337459165,0.7141493055331191,0.6244181102518327,0.7141493055331191,0.9247092201476292,0.9051833022246596,0.7497364975468791,0.9051833022246596
2011-02-23,0.6600096567768775,0.7039402132275614,0.6154917665931154,0.7039402132275614,0.9087796594302303,0.8895901059430639,0.7368211152845325,0.8895901059430639
2011-02-24,0.6480645444389199,0.6912000285350037,0.604352356404867,0.6912000285350037,0.8972150694183599,0.8782697107877653,0.727444767539583,0.8782697107877653
2011-02-25,0.6579790869737577,0.7017744877332377,0.6135981594580076,0.7017744877332377,0.9049047528568798,0.8857970208829652,0.7336794153648958,0.8857970208829652
2011-02-28,0.6657339770285738,0.7100455469559196,0.6208299793724057,0.7100455469559196,0.9140551352636,0.8947541862091757,0.741098369893903,0.8947541862091757
2011-03-01,0.6746943702036106,0.7196023481594669,0.6291859907853367,0.7196023481594669,0.9291379954576409,0.9095185606741076,0.7533272636136651,0.9095185606741076
2011-03-02,0.6713653739368154,0.716051772318917,0.6260815365213829,0.716051772318917,0.9080657004918097,0.8888912227747646,0.7362422510727122,0.8888912227747646
2011-03-03,0.6735636761363385,0.7183963945576701,0.6281315624420603,0.7183963945576701,0.911505755372588,0.8922586383568434,0.7390313815815138,0.8922586383568434
2011-03-04,0.6840019720107375,0.7295294683666809,0.6378657914824808,0.7295294683666809,0.9250445571697673,0.9055115583579865,0.7500083823718575,0.9055115583579865
2011-03-07,0.684312548921913,0.7298607174246781,0.6381554198686107,0.7298607174246781,0.9130784933820213,0.8937981668420096,0.7403065273906615,0.8937981668420096
2011-03-08,0.6774944151685304,0.7225887654480834,0.6317971717041353,0.7225887654480834,0.9071202378133898,0.8879657242388622,0.7354756880692997,0.8879657242388622
2011-03-09,0.6815173567212433,0.7268794759026065,0.6355487643933574,0.7268794759026065,0.9172121422775434,0.8978445306891104,0.7436580106218145,0.8978445306891104
2011-03-10,0.6637805034339487,0.7079620492303706,0.619008268278631,0.7079620492303706,0.8924425552064138,0.87359797173709,0.7235753045648484,0.87359797173709
2011-03-11,0.6500277695854586,0.6932939268803959,0.6061831613048497,0.6932939268803959,0.8773339524605853,0.8588083982933579,0.711325539277901,0.8588083982933579
2011-03-14,0.5956476935423489,0.6352942871295815,0.5554710410690749,0.6352942871295815,0.7935728401372623,0.7768159636999927,0.6434136361459162,0.7768159636999927
2011-03-15,0.5419664155494067,0.578039957759285,0.5054105847021133,0.578039957759285,0.7180000182396007,0.7028389177342996,0.5821406418199364,0.7028389177342996
2011-03-16,0.5887082406829915,0.6278929409896566,0.5489996568162238,0.6278929409896566,0.7770506872987811,0.7606426883174793,0.6300177915591395,0.7606426883174793
2011-03-17,0.602999631361857,0.6431355734246542,0.5623270880222506,0.6431355734246542,0.7764502125089738,0.7600548929962067,0.6295309381181157,0.7600548929962067
2011-03-18,0.6296024849106738,0.6715091255497355,0.5871355694725676,0.6715091255497355,0.8050953064976786,0.7880951246758389,0.6527558308422998,0.7880951246758389
2011-03-22,0.6715206623924033,0.7162173968479156,0.6262263507144479,0.7162173968479156,0.8443418587048457,0.8265129569562875,0.6845761825285246,0.8265129569562875
2011-03-23,0.6560888721178114,0.6997584592780801,0.6118354402780966,0.6997584592780801,0.8271716471130316,0.8097053070594982,0.6706549043358725,0.8097053070594982
2011-03-24,0.6809059084273468,0.7262273293196533,0.6349785585081457,0.7262273293196533,0.828891263438877,0.8113886124169809,0.6720491362664873,0.8113886124169809
2011-03-25,0.6875687537251416,0.7333336567672493,0.641191992479556,0.7333336567672493,0.8246343416912177,0.8072215787150319,0.6685977057714917,0.8072215787150319
2011-03-28,0.6945373231699075,0.7407660575063462,0.6476905293935935,0.7407660575063462,0.8199506121106985,0.8026367495427383,0.6648002276728149,0.8026367495427383
2011-03-29,0.6907376087720992,0.7367134323122557,0.6441471071068997,0.7367134323122557,0.8186961270662966,0.8014087538762715,0.6637831152628567,0.8014087538762715
2011-03-30,0.6932756044682062,0.7394203582081782,0.6465139140748934,0.7394203582081782,0.8288960916932828,0.8113933387192301,0.6720530509225421,0.8113933387192301
2011-03-31,0.6939549914614196,0.7401449655225653,0.6471474761695684,0.7401449655225653,0.831259664392279,0.8137070028355929,0.6739693903278742,0.8137070028355929
2011-04-01,0.7118325749115976,0.7592124894242136,0.6638192101467664,0.7592124894242136,0.8364056221967411,0.8187442999416044,0.6781416342038739,0.8187442999416044
2011-04-04,0.712948710686211,0.7604029157264728,0.664860062159492,0.7604029157264728,0.8385572153818074,0.8208504606479845,0.679886104685589,0.8208504606479845
2011-04-05,0.6989242220404084,0.7454449504507143,0.6517815303478154,0.7454449504507143,0.8240566263846992,0.8066560622937544,0.6681293052829367,0.8066560622937544
2011-04-06,0.6889566442970223,0.7348139259952442,0.6424862693301348,0.7348139259952442,0.8136999494984569,0.7965180742865992,0.6597323103295649,0.7965180742865992
2011-04-07,0.6860498385188775,0.731713641842932,0.6397755286535961,0.731713641842932,0.8084842839807913,0.7914125413972157,0.6555035487768616,0.7914125413972157
2011-04-08,0.6870737717729246,0.7328057285810331,0.6407303972391325,0.7328057285810331,0.8175540624022596,0.800290804750835,0.662857151140805,0.800290804750835
2011-04-11,0.6997006643183924,0.7462730730957559,0.6525056013131825,0.7462730730957559,0.8226357945973473,0.8052652324186337,0.6669773221247258,0.8052652324186337
2011-04-12,0.6718021227181703,0.716517591306741,0.6264888264393912,0.716517591306741,0.802220905231888,0.7852814185150292,0.6504253214339326,0.7852814185150292
2011-04-13,0.6696669064537596,0.7142402540329255,0.6244976312846743,0.7142402540329255,0.8047439015097463,0.7877511398636794,0.652470918418878,0.7877511398636794
2011-04-14,0.6637659451412445,0.7079465219307848,0.6189946919480376,0.7079465219307848,0.8074354414540256,0.7903858459547936,0.6546531673754845,0.7903858459547936
2011-04-15,0.6575786707386672,0.7013474196032257,0.6132247514428699,0.7013474196032257,0.8012176031316032,0.7842993018793589,0.6496118633367711,0.7842993018793589
2011-04-18,0.658340554723947,0.7021600149486812,0.6139352460776437,0.7021600149486812,0.799579129798874,0.7826954261207826,0.648283420588457,0.7826954261207826
2011-04-19,0.6474460990111937,0.6905404190856673,0.6037756253450339,0.6905404190856673,0.7879276316923678,0.7712899579994331,0.6388366094274831,0.7712899579994331
2011-04-20,0.6601021081420698,0.704038818199562,0.6155779820802703,0.704038818199562,0.7967451416126032,0.7799212796874803,0.6459856773297441,0.7799212796874803
2011-04-21,0.6707248090575106,0.7153685711367921,0.6254841779749847,0.7153685711367921,0.8037283155586475,0.7867569987597746,0.6516475008111106,0.7867569987597746
2011-04-22,0.6711275884892068,0.7157981597588988,0.6258597897882613,0.7157981597588988,0.8058236402910225,0.7888080791633866,0.6533463499107479,0.7888080791633866
2011-04-25,0.669273832550563,0.7138210169439083,0.6241310703584878,0.7138210169439083,0.8040788370662624,0.787100118746956,0.6519316969256383,0.787100118746956
2011-04-26,0.6732628047536174,0.7180754970327143,0.6278509849429782,0.7180754970327143,0.8004915553592054,0.7835885851417372,0.6490231977302551,0.7835885851417372
2011-04-27,0.6802896073692003,0.7255700069701554,0.6344038271793885,0.7255700069701554,0.8054935347106005,0.7884849440060216,0.6530787066383614,0.7884849440060216
2011-04-28,0.6842591685153004,0.7298037839928304,0.6381056399897403,0.7298037839928304,0.8183558624038753,0.8010756741534245,0.663507235201661,0.8010756741534245
2011-05-02,0.6785911398861443,0.7237584886841635,0.6328199219426799,0.7222988811161778,0.8249643399103561,0.807544608778126,0.668865261997409,0.8059424574298192
2011-05-06,0.6507945063349427,0.6941116979923478,0.6068981813831259,0.7222988811161778,0.8076252841830088,0.7905716800143877,0.6548070882185035,0.8059424574298192
2011-05-09,0.6587093648059846,0.7025533732050708,0.6142791797861885,0.7222988811161778,0.8080477952470067,0.7909852694453171,0.6551496520844137,0.8059424574298192
2011-05-10,0.6652508909978502,0.7095303064893852,0.6203794776692657,0.7222988811161778,0.814955111100942,0.7977467322251256,0.6607499712798389,0.8059424574298192
2011-05-11,0.6676724203522322,0.7121130139885222,0.6226376739924289,0.7222988811161778,0.8165348380681958,0.7992931020911078,0.6620307836019224,0.8059424574298192
2011-05-12,0.6513962491003848,0.6947534930422598,0.6074593363812897,0.7222988811161778,0.8034295490344933,0.7864645409113656,0.6514052666443872,0.8059424574298192
2011-05-13,0.6319997504438971,0.6740659542162454,0.5893711385780892,0.7222988811161778,0.7891323122045873,0.7724692007931865,0.6398133412781185,0.8059424574298192
2011-05-16,0.6163204691931966,0.6573430525533016,0.574749430521526,0.7222988811161778,0.7765711550504215,0.7601732817465964,0.6296289960107525,0.8059424574298192
2011-05-17,0.6241528306722174,0.6656967397350047,0.5820534963845322,0.7222988811161778,0.7812555880511233,0.764758799485836,0.6334270444290201,0.8059424574298192
2011-05-18,0.6346542124816834,0.6768970985089044,0.5918465561908709,0.7222988811161778,0.7917239819419989,0.7750061455105879,0.6419146173867475,0.8059424574298192
2011-05-19,0.6338729174394948,0.6760638000973666,0.591117959782001,0.7222988811161778,0.7856634501313486,0.7690735863037854,0.6370008544502614,0.8059424574298192
2011-05-20,0.6165485491123509,0.6575863135802787,0.5749621263675994,0.7222988811161778,0.7759840334889441,0.7595985576903783,0.6291529691111114,0.8059424574298192
2011-05-23,0.6120500366643752,0.6527883780056704,0.5707670402120922,0.7222988811161778,0.762861280595867,0.7467529014135464,0.6185132927913943,0.8059424574298192
2011-05-24,0.6095120409682683,0.650081452109748,0.5684002332440987,0.7222988811161778,0.7624539641869129,0.7463541857913009,0.6181830484603236,0.8059424574298192
2011-05-25,0.6121665030061,0.6529125964024556,0.5708756508569227,0.7222988811161778,0.759492759594458,0.7434555092201586,0.6157821605797934,0.8059424574298192
2011-05-26,0.6294714602762898,0.6713693798534125,0.5870133824971859,0.7222988811161778,0.7736901172058522,0.7573530791432687,0.6272931057916168,0.8059424574298192
2011-05-27,0.6330139781694897,0.6751476894213051,0.5903169562765775,0.7222988811161778,0.7743133325248285,0.7579631348106468,0.6277983968174727,0.8059424574298192
2011-05-30,0.6301023196271404,0.6720422295024965,0.587601690156536,0.7222988811161778,0.772941170867097,0.7566199473594251,0.6266858744667478,0.8059424574298192
2011-05-31,0.6516728566619016,0.6950485117345396,0.6077172866626878,0.7222988811161778,0.7905956123249934,0.7739016022511535,0.640999756946125,0.8059424574298192
2011-06-01,0.6575176326700899,0.7012823188117933,0.6131678304141059,0.7208542833539454,0.7957309569194753,0.7789285102529494,0.6451633958350597,0.8043305725149595
2011-06-02,0.6474754936733551,0.6905717702705133,0.603803037326596,0.7098448160025747,0.7887959069212285,0.7721398989557634,0.6395405903274343,0.7973205741141128
2011-06-03,0.6422882357651566,0.6850392460104963,0.5989656618413908,0.7041578854988224,0.7832401898758166,0.7667014949777119,0.6350361215190411,0.7917048153793179
2011-06-06,0.6361201937986164,0.6784606562390579,0.59321365653749,0.6973956950257977,0.7792620366983489,0.762807343441772,0.6318107112333046,0.7876836695448364
2011-06-07,0.6434379326334628,0.6862654672487957,0.6000378112398951,0.7054183291293781,0.7821287318991368,0.7656135062568312,0.6341349727119886,0.7905813456651697
2011-06-08,0.6458245071752678,0.6888108933264169,0.6022634104652385,0.7080347950544323,0.7832516086684198,0.7667126726540785,0.6350453796570439,0.7917163575769817
2011-06-09,0.6450671239302778,0.688003098292664,0.6015571129941932,0.707204455411563,0.7841625914318539,0.7676044193438577,0.6357839870067938,0.7926371855041755
2011-06-10,0.6485107657348779,0.691675950532505,0.6047684799129409,0.7109798126367406,0.7874626928692496,0.7708348367028426,0.6384596459483447,0.7959729517646386
2011-06-13,0.6465274024170251,0.6895605736095444,0.6029188951685864,0.7088053980323514,0.7837173922184077,0.767168620840507,0.6354230280245243,0.7921871749382668
2011-06-14,0.6528534595929452,0.6963076961578017,0.6088182574988142,0.7157408248337374,0.7880591177918457,0.7714186676728403,0.6389432158347198,0.7965758223646602
2011-06-15,0.6529733332000465,0.6964355486091665,0.6089300455877386,0.7158722454966163,0.790056810693453,0.7733741778138757,0.6405629069187843,0.7985951047129043
2011-06-16,0.6444459606933434,0.6873405901354471,0.6009778474423672,0.7065234574310407,0.779586539178159,0.7631249938121314,0.6320738116191957,0.7880116789845828
2011-06-17,0.6321480183625928,0.6742240909180798,0.5895094057720163,0.69304089215053,0.7684708590530388,0.7522440294798811,0.623061431399251,0.7767758695929974
2011-06-20,0.6350685753361394,0.6773390415518954,0.5922329701208507,0.6962427773921637,0.7707081169693003,0.7544340460434086,0.6248753572017633,0.7790373059805129
2011-06-21,0.6400869204343219,0.6826914100849794,0.5969128260261992,0.7017445242345761,0.7749384365989709,0.7585750393507315,0.6283052192097865,0.7833133434779438
2011-06-22,0.6501181618304206,0.6933903356761454,0.6062674565601793,0.7127420442529683,0.7851228309152936,0.7685443826616322,0.6365625307602619,0.7936078024781041
2011-06-23,0.6466908664267748,0.6897349178614756,0.6030713334717265,0.7089846080272587,0.7820540772228718,0.7655404279691754,0.6340744441325293,0.790505884181638
2011-06-24,0.6524938387715894,0.6959241388036526,0.6084828932319929,0.7153465628450438,0.787227465395084,0.7706045762304693,0.6382689280245204,0.7957351821424796
2011-06-27,0.6469578576426197,0.6900196801395453,0.603320316033448,0.7092773176855202,0.7810283254354995,0.7645363356881356,0.6332427842597164,0.7894690468998645
2011-06-28,0.651496708312345,0.6948606388671152,0.6075530195830507,0.71425338187636,0.785008413085985,0.7684323808492673,0.6364697629790679,0.7934921481135813
2011-06-29,0.6591958631698195,0.7030722531312302,0.6147328636593367,0.7226941726345913,0.7951724675679007,0.778381813816382,0.6447105833819731,0.8037660474628807
2011-06-30,0.6636965722372664,0.707872531533346,0.6189299982715368,0.7276284211599491,0.7983032972510887,0.7814465337192275,0.6472490000322519,0.8069307126171362
2011-07-01,0.6639111895844141,0.7081014339131251,0.619130139600957,0.7278637119358712,0.7983267216310371,0.7814694634760984,0.6468364927368233,0.8069543901488081
2011-07-04,0.6674435115648225,0.7118688689234247,0.619130139600957,0.7317362916253657,0.8055281047601106,0.7885187840834121,0.6468364927368233,0.8142335999932147
2011-07-05,0.6703144626212443,0.7149309118466946,0.619130139600957,0.7348837925644919,0.8054036579831825,0.7883969650920615,0.6468364927368233,0.8141078082963303
2011-07-06,0.6745757957338173,0.7194758813166071,0.619130139600957,0.7395556067856894,0.8127178967419711,0.7955567582991444,0.6468364927368233,0.8215010934226785
2011-07-07,0.6735762237690833,0.7184097773668144,0.619130139600957,0.7384597491288035,0.8119969317669272,0.7948510170318578,0.6468364927368233,0.8207723368422065
2011-07-08,0.6797314827094273,0.7249747332677572,0.619130139600957,0.7452079252260457,0.8170231937179259,0.7997711457507266,0.6468364927368233,0.8258529185608162
2011-07-11,0.6863602231066603,0.7320446857764004,0.619130139600957,0.7524751917922404,0.818704235772645,0.8014166913612983,0.6468364927368233,0.8275521279563239
2011-07-12,0.682256717146455,0.7276680485091307,0.619130139600957,0.7479764077274385,0.8111453775150135,0.7940174439767004,0.6468364927368233,0.819911579681745
2011-07-13,0.6852103395684195,0.7308182654433267,0.619130139600957,0.7512145435104094,0.8126608974474476,0.795500962586809,0.6468364927368233,0.8214434781259524
2011-07-14,0.6857289144974037,0.7313713569660573,0.619130139600957,0.7517830711668925,0.8126954857252319,0.7955348205075703,0.6468364927368233,0.8214784402058245
2011-07-15,0.6890808625895037,0.734946412316313,0.619130139600957,0.7554579021063431,0.8147296945307952,0.797526075492289,0.6468364927368233,0.8235346330923348
2011-07-19,0.6901196357398669,0.7360543267012822,0.619130139600957,0.7565967370784663,0.8088741253724703,0.7917941510000781,0.6468364927368233,0.8176157816858876
2011-07-20,0.6912424273069361,0.7372518518087066,0.619130139600957,0.7578276837028919,0.8116662721837734,0.7945273395699379,0.6468364927368233,0.8204381037581311
2011-07-21,0.6893100037256185,0.7351908051953558,0.619130139600957,0.7557091157031407,0.8092488659297671,0.792160978633826,0.6468364927368233,0.8179945721355668
2011-07-22,0.6936102190468364,0.7397772448922009,0.619130139600957,0.7604235575365197,0.8159125957110401,0.798683998840743,0.6468364927368233,0.8247303181103193
2011-07-25,0.6910438383222797,0.737040044646844,0.619130139600957,0.7576099652523081,0.811052631367789,0.7939266562328519,0.6468364927368233,0.8198178312092912
2011-07-26,0.6908070591482826,0.736787505338487,0.619130139600957,0.7573503778689374,0.8140882161183277,0.7968981423701229,0.6468364927368233,0.8228862221008191
2011-07-27,0.6846278865107812,0.7301970440333381,0.619130139600957,0.7505759845416617,0.810572505348786,0.793456668429231,0.6468364927368233,0.819332516377204
2011-07-28,0.6747442655059604,0.7196555645168559,0.619130139600957,0.7397403047326812,0.8006554500924314,0.783749019116663,0.6468364927368233,0.8093082856210121
2011-07-29,0.6700163200639713,0.7146129247791054,0.619130139600957,0.7345569308519206,0.7982429188397879,0.7813874302426606,0.6468364927368233,0.8068696816848763
2011-08-01,0.6757873006815684,0.720768024609496,0.619130139600957,0.7408838122778288,0.8055941386668557,0.7885834236354616,0.6468364927368233,0.8143003475409328
2011-08-02,0.674392194730769,0.7192800597435322,0.619130139600957,0.739354320062871,0.8040771818820397,0.78709849851317,0.6468364927368233,0.8127669967160069
2011-08-03,0.6582170532720318,0.7020282931814277,0.619130139600957,0.7216210769906857,0.7840475568103967,0.7674918137633661,0.6468364927368233,0.7925209076817142
2011-08-04,0.6553459656631133,0.6989661046166619,0.619130139600957,0.7184734263453807,0.7800904329048645,0.7636182474507581,0.6468364927368233,0.7885210183865042
2011-08-05,0.6441851180566223,0.6870623856888499,0.619130139600957,0.706237488625614,0.7554815322810209,0.7395289819330498,0.6468364927368233,0.763646164699314
2011-08-08,0.6342930081082646,0.6765118522007143,0.619130139600957,0.6953925021592819,0.7425792054806579,0.7268990972892375,0.6468364927368233,0.7506044000025043
2011-08-09,0.6244868285989371,0.6660529687224724,0.619130139600957,0.6846417235468044,0.7240495895704893,0.7087607478999632,0.6468364927368233,0.7318745310136112
2011-08-10,0.6417234637158694,0.6844368824651783,0.619130139600957,0.7035387106955643,0.7408051817156331,0.7251625333458243,0.6468364927368233,0.7488112040256862
2011-08-11,0.6445187303491788,0.6874182033741615,0.619130139600957,0.706603236763945,0.7413134370849682,0.7256600565277762,0.6468364927368233,0.7493249522073376
2011-08-12,0.6409298708380425,0.683590467668217,0.619130139600957,0.7026686734573269,0.7438195437643209,0.7281132449142633,0.6468364927368233,0.7518581428575932
2011-08-15,0.6464951304461567,0.6895261536009563,0.619130139600957,0.7087700174018149,0.7503472108028139,0.7345030754436732,0.6468364927368233,0.7584563556336602
2011-08-16,0.6442963221541569,0.6871809915839706,0.619130139600957,0.7063594046717415,0.7480185261243588,0.732223562661539,0.6468364927368233,0.7561025044175662
2011-08-17,0.643770630056746,0.6866203091707002,0.619130139600957,0.7057830742718934,0.743164049834769,0.7274715922230041,0.6468364927368233,0.7511955648806379
2011-08-18,0.6417740110329262,0.684490794235683,0.619130139600957,0.703594127080163,0.74090696158582,0.7252621640589052,0.6468364927368233,0.7489140838502629
2011-08-19,0.6382104251802946,0.6806900144149656,0.619130139600957,0.6996872719658183,0.7279890824339837,0.7126170554630036,0.6468364927368233,0.7358565987247634
2011-08-22,0.6373005734732226,0.679719602545828,0.619130139600957,0.6986897770429881,0.7188850254601097,0.7037052373739214,0.6468364927368233,0.7266541524779148
2011-08-23,0.6472887233239836,0.6903725683979177,0.619130139600957,0.7096400546400525,0.726125031731985,0.7107923655678601,0.6468364927368233,0.7339724028727634
2011-08-24,0.6433157042031862,0.686135103236106,0.619130139600957,0.7052843268104523,0.7244328705568781,0.7091359356253372,0.6468364927368233,0.732261954190422
2011-08-25,0.6377858277169975,0.6802371555427049,0.619130139600957,0.6992217743351677,0.7297785205605357,0.7143687082823196,0.6468364927368233,0.7376653756490414
2011-08-26,0.6354353774737795,0.6777302582141541,0.619130139600957,0.6966449124512459,0.7313547111069166,0.7159116164015666,0.6468364927368233,0.7392586003860445
2011-08-29,0.6397824467408172,0.6823666704777219,0.619130139600957,0.701410721526898,0.7325636981949726,0.7170950748346282,0.6468364927368233,0.7404806532272006
2011-08-30,0.6399088150334358,0.6825014499039588,0.619130139600957,0.701549262488369,0.7388891532125688,0.7232869631992614,0.6468364927368233,0.746874468638652
2011-08-31,0.6446804817637706,0.6875907210397874,0.619130139600957,0.7067805691946717,0.7456958321829539,0.729949914117619,0.6468364927368233,0.7537547086815556
2011-09-01,0.6545822967969968,0.698151605587853,0.619130139600957,0.7176361956068396,0.7509051155572463,0.7340759330751417,0.6468364927368233,0.7580152834925021
2011-09-02,0.6461007245097059,0.698151605587853,0.619130139600957,0.7176361956068396,0.7451332824827668,0.7340759330751417,0.6468364927368233,0.7580152834925021
2011-09-05,0.6444775664708529,0.698151605587853,0.619130139600957,0.7176361956068396,0.7424873254003973,0.7340759330751417,0.6468364927368233,0.7580152834925021
2011-09-06,0.6430525403992654,0.698151605587853,0.619130139600957,0.7176361956068396,0.7396645268694418,0.7340759330751417,0.6468364927368233,0.7580152834925021
2011-09-07,0.6487297833049653,0.698151605587853,0.619130139600957,0.7176361956068396,0.7463976324043728,0.7340759330751417,0.6468364927368233,0.7580152834925021
2011-09-08,0.6573485238772206,0.698151605587853,0.619130139600957,0.7176361956068396,0.7555968949445051,0.7340759330751417,0.6468364927368233,0.7580152834925021
2011-09-09,0.6623475458183856,0.698151605587853,0.619130139600957,0.7176361956068396,0.761638986128817,0.7340759330751417,0.6468364927368233,0.7580152834925021
2011-09-12,0.651793208335981,0.698151605587853,0.619130139600957,0.7176361956068396,0.7511087116099492,0.7340759330751417,0.6468364927368233,0.7580152834925021
2011-09-13,0.6555119929506688,0.698151605587853,0.619130139600957,0.7176361956068396,0.7564855049473423,0.7340759330751417,0.6468364927368233,0.7580152834925021
2011-09-14,0.6527762477115954,0.698151605587853,0.619130139600957,0.7176361956068396,0.7522831855783796,0.7340759330751417,0.6468364927368233,0.7580152834925021
2011-09-15,0.6591164706612547,0.698151605587853,0.619130139600957,0.7176361956068396,0.7553654371391427,0.7340759330751417,0.6468364927368233,0.7580152834925021
2011-09-16,0.6636277831447208,0.698151605587853,0.619130139600957,0.7176361956068396,0.7598863878292126,0.7340759330751417,0.6468364927368233,0.7580152834925021
2011-09-20,0.6573256624964285,0.698151605587853,0.619130139600957,0.7176361956068396,0.7546843171719504,0.7340759330751417,0.6468364927368233,0.7580152834925021
2011-09-21,0.6604805330506829,0.698151605587853,0.619130139600957,0.7176361956068396,0.7571015195630866,0.7340759330751417,0.6468364927368233,0.7580152834925021
2011-09-22,0.6581181903651359,0.698151605587853,0.619130139600957,0.7176361956068396,0.7580000615826693,0.7340759330751417,0.6468364927368233,0.7580152834925021
2011-09-26,0.6513359807193615,0.698151605587853,0.619130139600957,0.7176361956068396,0.752345681543303,0.7340759330751417,0.6468364927368233,0.7580152834925021
2011-09-27,0.6657691324823521,0.698151605587853,0.619130139600957,0.7176361956068396,0.7642516171873633,0.7340759330751417,0.6468364927368233,0.7580152834925021
2011-09-28,0.6746241073231694,0.698151605587853,0.619130139600957,0.7176361956068396,0.7712829689116961,0.7340759330751417,0.6468364927368233,0.7580152834925021
2011-09-29,0.6808424029084397,0.698151605587853,0.619130139600957,0.7176361956068396,0.7781177258992227,0.7340759330751417,0.6468364927368233,0.7580152834925021
2011-09-30,0.6800879773410994,0.698151605587853,0.619130139600957,0.7176361956068396,0.7804642258591846,0.7340759330751417,0.6468364927368233,0.7580152834925021
2011-10-03,0.6803204775841197,0.6967553023766774,0.619130139600957,0.7176361956068396,0.7821178958834184,0.7326077812089915,0.6468364927368233,0.7580152834925021
2011-10-04,0.6743326231611401,0.6906227965113738,0.619130139600957,0.7176361956068396,0.7770210139522034,0.7278335452755534,0.6468364927368233,0.7580152834925021
2011-10-05,0.6767678509850357,0.6931168532900553,0.619130139600957,0.7176361956068396,0.773943129937318,0.7249504993935553,0.6468364927368233,0.7580152834925021
2011-10-06,0.6749088601976643,0.6912129539795863,0.619130139600957,0.7176361956068396,0.7742888565954221,0.725274340647197,0.6468364927368233,0.7580152834925021
2011-10-07,0.666641111412854,0.6827454772618615,0.619130139600957,0.7176361956068396,0.7698779935390994,0.7211426967941186,0.6468364927368233,0.7580152834925021
2011-10-11,0.6733004072522497,0.6895656448726772,0.619130139600957,0.7176361956068396,0.7744963725780504,0.7254687203237123,0.6468364927368233,0.7580152834925021
2011-10-12,0.6668615847137949,0.6829712766410138,0.619130139600957,0.7176361956068396,0.7690004276533283,0.720320683131187,0.6468364927368233,0.7580152834925021
2011-10-13,0.6637799692576084,0.6798152171371039,0.619130139600957,0.7176361956068396,0.7645988904834201,0.7161977748114469,0.6468364927368233,0.7580152834925021
2011-10-14,0.662567366102528,0.6785733205518634,0.619130139600957,0.7176361956068396,0.7591119054950571,0.711058130367803,0.6468364927368233,0.7580152834925021
2011-10-17,0.6715065563038013,0.6877284590151485,0.619130139600957,0.7176361956068396,0.7654184328504696,0.716965437996615,0.6468364927368233,0.7580152834925021
2011-10-18,0.6648873465191093,0.6809493458368927,0.619130139600957,0.7176361956068396,0.7595635756698393,0.7114812086355771,0.6468364927368233,0.7580152834925021
2011-10-19,0.6693920169176293,0.6855628376970432,0.619130139600957,0.7176361956068396,0.7670938244775874,0.718534772938392,0.6468364927368233,0.7580152834925021
2011-10-20,0.6697527914100565,0.6859323275901794,0.619130139600957,0.7176361956068396,0.7646945019322527,0.7162873338047343,0.6468364927368233,0.7580152834925021
2011-10-21,0.6657742504796694,0.6818576751575293,0.619130139600957,0.7176361956068396,0.7599821742974687,0.7118733088718954,0.6468364927368233,0.7580152834925021
2011-10-24,0.6722281052886557,0.6884674388014208,0.619130139600957,0.7176361956068396,0.7641256940087211,0.7157545329150143,0.6468364927368233,0.7580152834925021
2011-10-25,0.6661350249720966,0.6822271650506655,0.619130139600957,0.7176361956068396,0.75573366428451,0.7078937406886074,0.6468364927368233,0.7580152834925021
2011-10-26,0.6560934682661662,0.6719430296916677,0.619130139600957,0.7176361956068396,0.7491200440292648,0.7016987799461719,0.6468364927368233,0.7580152834925021
2011-10-27,0.6562137264302773,0.6720661929893478,0.619130139600957,0.7176361956068396,0.7519934026983895,0.7043902474733629,0.6468364927368233,0.7580152834925021
2011-10-28,0.6709152869967456,0.6871229061347082,0.619130139600957,0.7176361956068396,0.7633788131050133,0.7150549315319331,0.6468364927368233,0.7580152834925021
2011-10-31,0.6678186392700746,0.6839514512186183,0.619130139600957,0.7176361956068396,0.7585281497392855,0.7105113278828391,0.6468364927368233,0.7580152834925021
2011-11-01,0.666059863619486,0.6821501879895734,0.619130139600957,0.7162009232156259,0.7563677055874712,0.708487645513701,0.6468364927368233,0.7564992529255171
2011-11-02,0.6514535074329566,0.667190979121561,0.619130139600957,0.7004949989331428,0.7455314938811368,0.698337394436884,0.6468364927368233,0.7456611565871527
2011-11-04,0.6584134486827475,0.674319054976697,0.619130139600957,0.7079788853236828,0.7539407987231258,0.7062143682207929,0.6468364927368233,0.7540719239739577
2011-11-07,0.6548207360289597,0.6706395514575149,0.619130139600957,0.7041157128672183,0.752497713151818,0.7048626337520446,0.6468364927368233,0.7526285874214618
2011-11-08,0.6572709961233868,0.6731490036484242,0.619130139600957,0.706750428810333,0.7499460630858078,0.7024725098293974,0.6468364927368233,0.7500764935729218
2011-11-09,0.6648472604644057,0.6809082914043326,0.619130139600957,0.7148970351620155,0.7610025033132619,0.7128290483841837,0.6468364927368233,0.7611348567345116
2011-11-10,0.6475701708825085,0.6632138309662587,0.619130139600957,0.6963193243811976,0.7478053203859509,0.7004672817586216,0.6468364927368233,0.747935378555472
2011-11-11,0.6482967306242067,0.6639579425566071,0.619130139600957,0.6971005796199502,0.7460080251205056,0.6987837599986341,0.6468364927368233,0.7461377707047508
2011-11-14,0.6494592262109429,0.6651485211011839,0.619130139600957,0.6983505880019748,0.7480472908373484,0.7006939348456427,0.6468364927368233,0.7481773910903278
2011-11-15,0.6532824336793123,0.6690640876076221,0.619130139600957,0.7024616069479465,0.7453871512031331,0.698202189029077,0.6468364927368233,0.7455167888050961
2011-11-16,0.6568601140625684,0.6727281957145761,0.619130139600957,0.7063086155029047,0.7450881093664863,0.697922077325218,0.6468364927368233,0.7452176949591457
2011-11-17,0.6546152949985506,0.6704291474905907,0.619130139600957,0.7038948062135041,0.7414130341516363,0.6944796440129278,0.6468364927368233,0.7415419805758621
2011-11-18,0.6489581505269822,0.6646353406940154,0.619130139600957,0.6978117912855605,0.7359923428224279,0.6894020966658945,0.6468364927368233,0.7361203464809731
2011-11-21,0.6551965427919187,0.671024436762879,0.619130139600957,0.7045198104045165,0.7397515493887911,0.6929233355944308,0.6468364927368233,0.7398802068478798
2011-11-22,0.6520147121989496,0.6677657411775452,0.619130139600957,0.7010984512554804,0.7354180734762567,0.6888641800759159,0.6468364927368233,0.7355459772579784
2011-11-24,0.6440175442834715,0.6595753818796847,0.619130139600957,0.6924992556620827,0.7239598427845805,0.6781312854473791,0.6468364927368233,0.7240857537528399
2011-11-25,0.6372279687662301,0.6526217873629889,0.619130139600957,0.6851985601551267,0.7189547172977275,0.6734429975346544,0.6468364927368233,0.7190797577754444
2011-11-28,0.637137775143088,0.6525294148896686,0.619130139600957,0.6851015767461407,0.7209340919939149,0.6752970726197375,0.6468364927368233,0.7210594767241301
2011-11-29,0.6406453049306248,0.6561216777396549,0.619130139600957,0.6888731537608387,0.7282824564875927,0.6821802663627313,0.6468364927368233,0.7284091192440655
2011-11-30,0.6503561516851439,0.6660671140299244,0.619130139600957,0.699315034124261,0.732852214652214,0.686460746846896,0.6468364927368233,0.7329796721802213
2011-12-01,0.6444835446695256,0.6587205054302613,0.619130139600957,0.6916017065400678,0.7278506502532702,0.6808605136000775,0.6468364927368233,0.7269999316805051
2011-12-02,0.6477555688855898,0.6587205054302613,0.619130139600957,0.6916017065400678,0.7334303147184413,0.6808605136000775,0.6468364927368233,0.7269999316805051
2011-12-05,0.6559531670746335,0.6587205054302613,0.619130139600957,0.6916017065400678,0.7398587916250805,0.6808605136000775,0.6468364927368233,0.7269999316805051
2011-12-06,0.6489431182564982,0.6587205054302613,0.619130139600957,0.6916017065400678,0.7329862590370633,0.6808605136000775,0.6468364927368233,0.7269999316805051
2011-12-07,0.6598314928682378,0.6587205054302613,0.619130139600957,0.6916017065400678,0.7441359932791505,0.6808605136000775,0.6468364927368233,0.7269999316805051
2011-12-08,0.6568851678467409,0.6587205054302613,0.619130139600957,0.6916017065400678,0.7429486179807542,0.6808605136000775,0.6468364927368233,0.7269999316805051
2011-12-09,0.6534678316823463,0.6587205054302613,0.619130139600957,0.6916017065400678,0.7377733420319913,0.6808605136000775,0.6468364927368233,0.7269999316805051
2011-12-12,0.659941729518708,0.6587205054302613,0.619130139600957,0.6916017065400678,0.7466941354052701,0.6808605136000775,0.6468364927368233,0.7269999316805051
2011-12-13,0.6558379196673189,0.6587205054302613,0.619130139600957,0.6916017065400678,0.7443291660915115,0.6808605136000775,0.6468364927368233,0.7269999316805051
2011-12-14,0.6498751190286055,0.6587205054302613,0.619130139600957,0.6916017065400678,0.7427613817865965,0.6808605136000775,0.6468364927368233,0.7269999316805051
2011-12-15,0.6446589211588717,0.6587205054302613,0.619130139600957,0.6916017065400678,0.7385470419364877,0.6808605136000775,0.6468364927368233,0.7269999316805051
2011-12-16,0.6495343875635066,0.6587205054302613,0.619130139600957,0.6916017065400678,0.7402374572075169,0.6808605136000775,0.6468364927368233,0.7269999316805051
2011-12-19,0.6474499127183506,0.6587205054302613,0.619130139600957,0.6916017065400678,0.736281551383977,0.6808605136000775,0.6468364927368233,0.7269999316805051
2011-12-20,0.6520147121989497,0.6587205054302613,0.619130139600957,0.6916017065400678,0.7405682769616555,0.6808605136000775,0.6468364927368233,0.7269999316805051
2011-12-21,0.6529417022142134,0.6587205054302613,0.619130139600957,0.6916017065400678,0.7456523650921105,0.6808605136000775,0.6468364927368233,0.7269999316805051
2011-12-22,0.6545351228891435,0.6587205054302613,0.619130139600957,0.6916017065400678,0.7461056052145113,0.6808605136000775,0.6468364927368233,0.7269999316805051
2011-12-26,0.6578472331599114,0.6587205054302613,0.619130139600957,0.6916017065400678,0.7472452647856356,0.6808605136000775,0.6468364927368233,0.7269999316805051
2011-12-27,0.6583082227891215,0.6587205054302613,0.619130139600957,0.6916017065400678,0.7463543603922392,0.6808605136000775,0.6468364927368233,0.7269999316805051
2011-12-28,0.6561185220503389,0.6587205054302613,0.619130139600957,0.6916017065400678,0.7442828075645974,0.6808605136000775,0.6468364927368233,0.7269999316805051
2011-12-29,0.6548357682994917,0.6587205054302613,0.619130139600957,0.6916017065400678,0.7451823802997608,0.6808605136000775,0.6468364927368233,0.7269999316805051
2011-12-30,0.655412005336016,0.6587205054302613,0.619130139600957,0.6916017065400678,0.7493271127585268,0.6808605136000775,0.6468364927368233,0.7269999316805051
2012-01-04,0.6646738782562509,0.6574030644194008,0.619130139600957,0.6916017065400678,0.7563782798749367,0.6794987925728774,0.6468364927368233,0.7269999316805051
2012-01-05,0.6624692713630087,0.6552225735427926,0.619130139600957,0.6916017065400678,0.7518283287545054,0.6754113056964565,0.6468364927368233,0.7269999316805051
2012-01-06,0.6603552647531159,0.6531316918803564,0.619130139600957,0.6916017065400678,0.7458600476913052,0.6700496501808451,0.6468364927368233,0.7269999316805051
2012-01-10,0.6655496809946391,0.6582692868224141,0.619130139600957,0.6916017065400678,0.7471966398903142,0.6712503890301138,0.6468364927368233,0.7269999316805051
2012-01-11,0.6649154790116854,0.6576420223236972,0.619130139600957,0.6916017065400678,0.7468828362569732,0.6709684808954759,0.6468364927368233,0.7269999316805051
2012-01-12,0.659811663053371,0.6525940365956723,0.619130139600957,0.6916017065400678,0.7393580763971821,0.6642085495553344,0.6468364927368233,0.7269999316805051
2012-01-13,0.6620313699938498,0.6547894623413207,0.619130139600957,0.6916017065400678,0.7425048211791808,0.667035454209784,0.6468364927368233,0.7269999316805051
2012-01-15,0.6620162699466132,0.6547745274722805,0.619130139600957,0.6916017065400678,0.7424880630621561,0.667020399414337,0.6468364927368233,0.7269999316805051
2012-01-16,0.6572748551214856,0.6500849786007349,0.619130139600957,0.6916017065400678,0.7357345823187538,0.6609533531586396,0.6468364927368233,0.7269999316805051
2012-01-17,0.6571314046729486,0.6499430973450611,0.619130139600957,0.6916017065400678,0.7381031146225665,0.6630811440847311,0.6468364927368233,0.7269999316805051
2012-01-18,0.65699550424803,0.6498086835239074,0.619130139600957,0.6916017065400678,0.7372366193141234,0.6623027207329203,0.6468364927368233,0.7269999316805051
2012-01-19,0.6520577888091076,0.6449249813551167,0.619130139600957,0.6916017065400678,0.7335744785535756,0.6590128057641356,0.6468364927368233,0.7269999316805051
2012-01-20,0.6527146408629163,0.6455746481573941,0.619130139600957,0.6916017065400678,0.7359347262747924,0.6611331541657381,0.6468364927368233,0.7269999316805051
2012-01-23,0.6554628494558332,0.6482927943186169,0.619130139600957,0.6916017065400678,0.7364190048314478,0.661568209882265,0.6468364927368233,0.7269999316805051
2012-01-24,0.6612386175151227,0.6540053817178899,0.619130139600957,0.6916017065400678,0.7426022576399889,0.6671229870742689,0.6468364927368233,0.7269999316805051
2012-01-25,0.6608686663583878,0.6536394774269599,0.619130139600957,0.6916017065400678,0.7454276180748778,0.6696611733960756,0.6468364927368233,0.7269999316805051
2012-01-26,0.6592982614480993,0.6520862510490687,0.619130139600957,0.6916017065400678,0.744940194037481,0.6692232919104559,0.6468364927368233,0.7269999316805051
2012-01-27,0.6608988664527906,0.6536693471649708,0.619130139600957,0.6916017065400678,0.7448012468434759,0.6690984675294948,0.6468364927368233,0.7269999316805051
2012-01-30,0.6639490759899477,0.6566861907065118,0.619130139600957,0.6916017065400678,0.748267282363212,0.6722122097049903,0.6468364927368233,0.7269999316805051
2012-01-31,0.6641227265329579,0.656857941700266,0.619130139600957,0.6916017065400678,0.751236617782607,0.674879737165663,0.6468364927368233,0.7269999316805051
2012-02-01,0.6653539390826323,0.6580756861153633,0.619130139600957,0.6902185031269876,0.7514583993015589,0.6750789764594826,0.6468364927368233,0.7255459318171441
2012-02-02,0.6724885554627223,0.6651322575034746,0.619130139600957,0.6976197432023687,0.7589018880179026,0.6817658971840196,0.6468364927368233,0.7327327474302101
2012-02-03,0.6763125588525057,0.6689144304292243,0.619130139600957,0.7015866512502688,0.7568756289700708,0.6799455903176336,0.6468364927368233,0.7307763596776365
2012-02-06,0.6856479590203636,0.6781477114091112,0.619130139600957,0.7112709193540006,0.7732804180665438,0.6946829706471022,0.6468364927368233,0.7466154640143862
2012-02-07,0.6859310787171189,0.6784277340823848,0.619130139600957,0.7115646193560922,0.7712068275214946,0.6928201431319011,0.6468364927368233,0.7446133768920474
2012-02-08,0.6909894839772623,0.6834308058561961,0.619130139600957,0.7168120594053383,0.7830251138526529,0.7034372001071892,0.6468364927368233,0.7560241343958451
2012-02-09,0.691042332986907,0.6834830767547954,0.619130139600957,0.7168668834052969,0.7805495479104807,0.7012132546114002,0.6468364927368233,0.7536339331552209
2012-02-10,0.679513698903183,0.6720805534675959,0.619130139600957,0.7049074192870894,0.7689209379022172,0.6907665949568919,0.6468364927368233,0.7424063113839751
2012-02-13,0.6819711778672728,0.6745111502679052,0.619130139600957,0.7074567353013581,0.771163068886289,0.6927808321937398,0.6468364927368233,0.744571127181638
2012-02-14,0.6873013780475414,0.6797830438191762,0.619130139600957,0.7129861273642724,0.7765062271867001,0.6975809034150543,0.6468364927368233,0.7497300378698697
2012-02-15,0.698614841172347,0.6909727498851873,0.619130139600957,0.7247223794919025,0.7981089517823624,0.7169878928403245,0.6468364927368233,0.770587837797473
2012-02-16,0.6917897689938346,0.6842223366196493,0.619130139600957,0.7176422514185924,0.7944641262451515,0.7137135331481304,0.6468364927368233,0.7670686964276187
2012-02-17,0.7021142006323606,0.694433830134878,0.619130139600957,0.7283525115261761,0.8096352724839627,0.7273426600354377,0.6468364927368233,0.7817166974943486
2012-02-20,0.7152094303725047,0.7073858122152207,0.619130139600957,0.7419371156570367,0.823607388564667,0.7398946280904913,0.6468364927368233,0.7952070144442344
2012-02-21,0.7165495302777651,0.7087112528759212,0.619130139600957,0.7433272956744944,0.8194666425751125,0.7361747540868135,0.6468364927368233,0.7912090533991496
2012-02-22,0.7231707562739892,0.7152600498160846,0.619130139600957,0.7501959597456508,0.8297436398638667,0.7454071810810655,0.6468364927368233,0.801131669981893
2012-02-23,0.7235331494852116,0.7156184788372573,0.619130139600957,0.7505718957476802,0.8321127194795229,0.7475354636893572,0.6468364927368233,0.803419056853725
2012-02-24,0.7299203298739854,0.7219357903759552,0.619130139600957,0.7571977678259606,0.8383288180071496,0.7531197481094952,0.6468364927368233,0.8094208062555363
2012-02-27,0.7314907004663563,0.72348898281133,0.619130139600957,0.7588268238455513,0.8404931758609567,0.7550641172003166,0.6468364927368233,0.811510530766282
2012-02-28,0.7305922672867854,0.7226003775197011,0.619130139600957,0.7578948158300609,0.8394580299259207,0.7541341851389279,0.6468364927368233,0.8105110796686557
2012-02-29,0.7300977515514513,0.7221112712520301,0.619130139600957,0.757381819828135,0.8360155306608663,0.751041586955881,0.6468364927368233,0.807187287773635
2012-03-01,0.7224353471933312,0.7145326853159258,0.617891879321755,0.7494330681100535,0.8274852038756315,0.7433782961065225,0.6455428197513496,0.7989511114239524
2012-03-02,0.7410329789384809,0.7329268790704325,0.6337982516699359,0.7687257013851229,0.8379945322190733,0.7528194396587955,0.6537414212740638,0.8090980476120392
2012-03-05,0.7357671123491337,0.7277186153701312,0.6292944075324776,0.763263047087206,0.8315743247686387,0.7470517922702969,0.648732849759394,0.8028992275557134
2012-03-06,0.7301083380469094,0.7221217419426699,0.6244545132750288,0.7573928019455001,0.8224304050886762,0.7388372750806372,0.64159943919672,0.7940706167758941
2012-03-07,0.7221869572598867,0.7142870124998888,0.617679433843586,0.7491753957375259,0.8127737678060899,0.7301621537181934,0.6340660442411122,0.7847469683850766
2012-03-08,0.751225998571469,0.7430083980854314,0.6425162415654456,0.7792996385637697,0.8395064734477191,0.754177704784383,0.6549209261153189,0.8105578527171656
2012-03-09,0.7644584077539274,0.7560960590132554,0.6538337915849294,0.7930265485919463,0.8595085686535363,0.7721467553281502,0.6705250829988767,0.8298702176037493
2012-03-12,0.76189773334897,0.7535633956186661,0.6516436718371109,0.7903701806786188,0.8566187278896685,0.7695506425602099,0.668270642742299,0.8270800269401378
2012-03-13,0.772429466527622,0.763979923019227,0.6606513601119913,0.8012954892744084,0.8598606239720878,0.7724630271860811,0.670799730547838,0.8302101330327166
2012-03-14,0.7934884167043004,0.784808511041858,0.6786628740166797,0.8231414215137418,0.8820493464874511,0.7923964527736282,0.6881097325057711,0.8516337239702914
2012-03-15,0.7919529152974595,0.7832898063608109,0.6773495746970103,0.8215485377562032,0.8911667702462182,0.8005871671295214,0.6952224729083016,0.8604367524852095
2012-03-16,0.7932626076738999,0.7845851721181918,0.6784697417638019,0.8229071739023571,0.892249265125781,0.8015596355136623,0.6960669554363836,0.8614819197982765
2012-03-19,0.7924858246092703,0.7838168862207283,0.677805366813858,0.8221013621191395,0.8925831149185951,0.8018595522843494,0.6963274003792265,0.861804257480894
2012-03-21,0.7702616998356264,0.7618358693518813,0.6587972904842356,0.7990467122049577,0.8727868484653111,0.7840754097324485,0.6808838158813426,0.8426906237738276
2012-03-22,0.7596893210315118,0.7513791409450699,0.6497548384038453,0.7880792390391286,0.871559374588857,0.7829726982464666,0.6799262314512332,0.8415054767606319
2012-03-23,0.7440814008490758,0.7359419545401138,0.6364055370839468,0.7718880441390131,0.8532985946614479,0.7665679729360503,0.6656805200959275,0.8238743815457084
2012-03-26,0.7450749605829389,0.7369246458043454,0.6372553189966953,0.7729187336292109,0.8503775089053125,0.763943790966383,0.6634017048048271,0.8210540233078832
2012-03-27,0.7699094377481697,0.7614874606309303,0.6584960041697191,0.7986812859311643,0.878729520800468,0.7894140594317273,0.6855198497803513,0.8484283755121845
2012-03-28,0.7721630118717164,0.7637163830892683,0.6604234640535674,0.8010190770929402,0.8825103768949414,0.7928106233197216,0.6884693943678184,0.8520788567107191
2012-03-29,0.7671365028546471,0.7587448586481058,0.6561243401042051,0.7958047252631465,0.8735632074843831,0.7847728583902149,0.6814894738290181,0.843440211679746
2012-03-30,0.7678636079326047,0.7594640099823785,0.6567462259585296,0.7965590025718762,0.869861222830433,0.78144714932451,0.6786014589122629,0.8398658822054605
2012-04-02,0.771480842790823,0.7630416762008192,0.6598400115175778,0.800311415058891,0.8792618375677048,0.7898922706789666,0.6859351239934897,0.8489423364516933
2012-04-03,0.7686005619501243,0.7601929025194593,0.6573765355144338,0.7973234968792926,0.8685767151866431,0.7802932010737086,0.6775993809506503,0.8386256681148256
2012-04-04,0.7506761696107247,0.7424645836592527,0.6420459782385198,0.7787292622573123,0.8452527456345021,0.7593399167576824,0.6594037431290142,0.8161059767545168
2012-04-05,0.7455404622439094,0.737385055380267,0.6376534580097457,0.7734016312882841,0.8412092582410312,0.7557074158322177,0.6562493130058109,0.81220192054673
2012-04-06,0.7321150209697725,0.724106473923215,0.6261708095321646,0.7594744754757998,0.8322459383996919,0.7476551420273145,0.6492567930941424,0.8035476819987224
2012-04-09,0.7146131491669128,0.7067960536815463,0.6112016299343903,0.7413185511652803,0.8125375779649823,0.7299499705869203,0.6338817863772724,0.7845189230554729
2012-04-10,0.7184931969110222,0.7106336578969593,0.6145201967816245,0.7453435979692309,0.8153493221146394,0.7324759246043093,0.6360753014253818,0.787233710102887
2012-04-11,0.7117745252804969,0.703988481272413,0.6087737827163946,0.7383738466783364,0.8067040389503334,0.7247093617244659,0.6293308902319296,0.7788865414038619
2012-04-12,0.7177909796813029,0.7099391221647644,0.6139195972602293,0.7446151385783764,0.8085572132169146,0.7263741764211245,0.6307765998783819,0.7806758128409981
2012-04-13,0.7164817611172871,0.7086442250368125,0.6127998354405655,0.7432569939512221,0.8185133848901135,0.7353183870239269,0.6385436694353274,0.7902886668069349
2012-04-16,0.7030682218301206,0.6953774153718573,0.6013273666159116,0.7293421849081012,0.7999667138783342,0.7186568290521218,0.6240749269782185,0.7723815388623214
2012-04-17,0.6969089435860107,0.6892855129746811,0.5960593962372416,0.7229527317760529,0.7944636781058071,0.713713130558379,0.6197818650441183,0.7670682637414202
2012-04-18,0.7190406883105237,0.7111751603322888,0.6149884608153056,0.7459115493587724,0.8207878437920567,0.7373616663178307,0.6403180342289118,0.7924846957619962
2012-04-19,0.7203677598548817,0.7124877151482738,0.6161234921142632,0.7472882141398542,0.8170999139281017,0.7340485834909874,0.6374409838209137,0.7889239364277383
2012-04-20,0.7135538723288204,0.7057483641871777,0.6102956408258097,0.7402196886942876,0.815439903862257,0.732557299479518,0.6361459666125069,0.7873211683288408
2012-04-23,0.7103046298927783,0.7025346649515473,0.6075165955825531,0.7368490206651874,0.8099385977592485,0.7276151548489422,0.6318542540387735,0.7820095632334311
2012-04-24,0.7086443027139313,0.7008924999575259,0.606096534002216,0.7351266463426352,0.8020802772049962,0.7205555664520518,0.6257237729312654,0.7744222203887012
2012-04-25,0.713065890864057,0.7052657207122198,0.6098782750566676,0.7397134711514455,0.8136546237803463,0.730953478094981,0.6347532229927723,0.7855974498877556
2012-04-26,0.7157616909071124,0.7079320316164726,0.6121839664397796,0.7425100144063225,0.8159723815555028,0.7330356552959917,0.6365613663682277,0.7878352846451625
2012-04-27,0.7171482723862651,0.7093034453928851,0.6133698960033245,0.7439484130341625,0.8128699442239917,0.7302485546125302,0.6341410739766473,0.784839828360839
2012-05-01,0.6952901662435946,0.6876844433067881,0.5946748718252028,0.721273460025263,0.7797346305530721,0.7004811667459244,0.6082913503558661,0.7528471165144272
2012-05-02,0.6994705125667307,0.6918190611593412,0.5982502811069514,0.7256100276958258,0.7866822934378473,0.7067226581623474,0.6137114036309138,0.7595552038102387
2012-05-07,0.6889369032431046,0.6814006781368046,0.5892409881836435,0.7146827728427142,0.770986529228416,0.692622236306526,0.6014667280301264,0.7444006751237557
2012-05-08,0.6914335988955912,0.6838700626373257,0.5913763875308691,0.7172727710899612,0.7749495150937383,0.6961824180067662,0.6045583568086869,0.7482270057298224
2012-05-09,0.6843680221498497,0.6768817756645824,0.5853332689170314,0.7099431506898799,0.7642274591071652,0.6865501687862043,0.5961938008955583,0.7378746773653989
2012-05-10,0.681266939077111,0.673814615088954,0.5826809429266274,0.7067261788034741,0.7616255549856902,0.6842127263239156,0.5941639875340229,0.7353624944527201
2012-05-11,0.6692511415562752,0.6619302574061099,0.572403948949875,0.6942613457401228,0.7505626057705782,0.6742742328029137,0.5855334919098827,0.724681027848069
2012-05-14,0.67123698593695,0.6638943787955958,0.574102422205901,0.6963214019829134,0.7475491897872751,0.6715671051967206,0.5831826473970936,0.7217715231973918
2012-05-15,0.6677473680940924,0.6604429336002984,0.5711177862306336,0.6927013756142361,0.738919048449468,0.6638141451041293,0.5764500487379663,0.7134389741907232
2012-05-16,0.6617826398637212,0.6545434530499838,0.5660162125739375,0.6865137429139587,0.7348746437297906,0.6601808200909478,0.5732949029846308,0.7095340322888011
2012-05-17,0.6616027626553217,0.6543655435038297,0.5658623653587135,0.6863271436165992,0.7382154582301155,0.6631820689099329,0.5759011596315231,0.712759645805024
2012-05-18,0.6555373031882308,0.6483664336076529,0.5606746372614783,0.6800350153097838,0.7211806488546838,0.6478787045613046,0.5626118599236389,0.6963122461178124
2012-05-21,0.6601277695464588,0.652906685225379,0.5646008181938873,0.684797029378265,0.7267902578632341,0.652918144018432,0.5669880624226342,0.701728419520121
2012-05-22,0.6606745962600042,0.6534475302456982,0.5650685137281778,0.6853642912422492,0.7323426967853803,0.6579062242473577,0.5713196650440608,0.7070893942265993
2012-05-23,0.6528247548856111,0.6456835576516937,0.5583546212559377,0.6772210979056497,0.7215880683882361,0.6482447133276658,0.5629296985427216,0.696705616642896
2012-05-24,0.6509540319182824,0.6438332983717171,0.5567546102176298,0.6752804652131384,0.7254246971524413,0.6516913810628351,0.5659227528465136,0.7004099473075728
2012-05-25,0.6590053357660483,0.6517965296573799,0.5636408115708912,0.6836326497627445,0.736236192653202,0.6614039790235918,0.5743570828606356,0.710848631052045
2012-05-28,0.6565590057319216,0.6493769598297898,0.5615484894439352,0.6810948993187664,0.7370995535714753,0.6621795865696181,0.5750306132621883,0.7116822207790683
2012-05-29,0.6588542389110356,0.6516470856386529,0.5635115799101398,0.683475906353007,0.7406777216641275,0.6653940639855771,0.5778220356456417,0.7151370032465937
2012-05-30,0.6605234994049245,0.653298086226905,0.5649392820673691,0.6852075478324422,0.7381791197115761,0.6631494238960183,0.5758728110041234,0.7127245603441137
2012-05-31,0.6609264243517368,0.6536966036102876,0.5652838998294688,0.6856255302585247,0.7340288716407403,0.6594210136176624,0.5726350940881388,0.7087174248770995
2012-06-01,0.6594802115962607,0.6509588176520436,0.5629164004194563,0.6827540208472956,0.7302176687512846,0.6551179594128735,0.5688983617145261,0.7040926867626834
2012-06-04,0.6554149866864709,0.6509588176520436,0.5629164004194563,0.6827540208472956,0.7301190305627728,0.6551179594128735,0.5688983617145261,0.7040926867626834
2012-06-05,0.6514217126601481,0.6509588176520436,0.5629164004194563,0.6827540208472956,0.7288490810618369,0.6551179594128735,0.5688983617145261,0.7040926867626834
2012-06-06,0.6557603509266436,0.6509588176520436,0.5629164004194563,0.6827540208472956,0.7286303294100535,0.6551179594128735,0.5688983617145261,0.7040926867626834
2012-06-07,0.6591924080627946,0.6509588176520436,0.5629164004194563,0.6827540208472956,0.7368629228497382,0.6551179594128735,0.5688983617145261,0.7040926867626834
2012-06-08,0.6471334400119455,0.6509588176520436,0.5629164004194563,0.6827540208472956,0.7287150193561288,0.6551179594128735,0.5688983617145261,0.7040926867626834
2012-06-11,0.6467449052418266,0.6509588176520436,0.5629164004194563,0.6827540208472956,0.7306919963891757,0.6551179594128735,0.5688983617145261,0.7040926867626834
2012-06-12,0.6404635931246695,0.6509588176520436,0.5629164004194563,0.6827540208472956,0.7263516686028535,0.6551179594128735,0.5688983617145261,0.7040926867626834
2012-06-13,0.6411039559865881,0.6509588176520436,0.5629164004194563,0.6827540208472956,0.7296592083669823,0.6551179594128735,0.5688983617145261,0.7040926867626834
2012-06-14,0.6381179943271956,0.6509588176520436,0.5629164004194563,0.6827540208472956,0.7291154224786026,0.6551179594128735,0.5688983617145261,0.7040926867626834
2012-06-15,0.6402045699445902,0.6509588176520436,0.5629164004194563,0.6827540208472956,0.7295074830683455,0.6551179594128735,0.5688983617145261,0.7040926867626834
2012-06-18,0.6451547907196173,0.6509588176520436,0.5629164004194563,0.6827540208472956,0.7333880201825058,0.6551179594128735,0.5688983617145261,0.7040926867626834
2012-06-19,0.6459750307899353,0.6509588176520436,0.5629164004194563,0.6827540208472956,0.7331614991453547,0.6551179594128735,0.5688983617145261,0.7040926867626834
2012-06-20,0.6575807082756121,0.6509588176520436,0.5629164004194563,0.6827540208472956,0.7468864186192052,0.6551179594128735,0.5688983617145261,0.7040926867626834
2012-06-21,0.6611854475318159,0.6509588176520436,0.5629164004194563,0.6827540208472956,0.7512098025878007,0.6551179594128735,0.5688983617145261,0.7040926867626834
2012-06-22,0.6565733959085477,0.6509588176520436,0.5629164004194563,0.6827540208472956,0.7477002715286722,0.6551179594128735,0.5688983617145261,0.7040926867626834
2012-06-25,0.652846340150584,0.6509588176520436,0.5629164004194563,0.6827540208472956,0.744316544210054,0.6551179594128735,0.5688983617145261,0.7040926867626834
2012-06-26,0.6538536525176483,0.6509588176520436,0.5629164004194563,0.6827540208472956,0.7446621027025091,0.6551179594128735,0.5688983617145261,0.7040926867626834
2012-06-27,0.6648765278481131,0.6509588176520436,0.5629164004194563,0.6827540208472956,0.754927850916989,0.6551179594128735,0.5688983617145261,0.7040926867626834
2012-06-28,0.6709347922268575,0.6509588176520436,0.5629164004194563,0.6827540208472956,0.7667523762960432,0.6551179594128735,0.5688983617145261,0.7040926867626834
2012-06-29,0.6793746308448092,0.6509588176520436,0.5629164004194563,0.6827540208472956,0.7750907088849023,0.6551179594128735,0.5688983617145261,0.7040926867626834
2012-07-02,0.6754040645172197,0.6496569000167395,0.5617905676186175,0.6813885128056011,0.7722898146382362,0.6538077234940478,0.5677605649910971,0.7026845013891581
2012-07-03,0.6805092031241465,0.6545674249836014,0.5660369422948007,0.6865388857242581,0.7821673043339843,0.6621698421306093,0.5750221512817031,0.7116717478739307
2012-07-04,0.677931891630363,0.6520883635100437,0.5638931747886671,0.6839387378453122,0.7801733498455715,0.6604817933953937,0.5735562654115934,0.7098575054885908
2012-07-05,0.6647814174643887,0.6394392002472732,0.5529548154652929,0.6706717433076841,0.7708791664435503,0.6526134921739692,0.5667235055856279,0.7014009927832822
2012-07-06,0.6640226569606206,0.6387093645494595,0.5523236903114885,0.6699062597721241,0.7674206233588098,0.6496855470710037,0.5641809052060565,0.6982541629572638
2012-07-09,0.6594824650331524,0.6343422498576219,0.5485472294726675,0.6653258392685536,0.7683485522242209,0.6504711162285395,0.5648630861786803,0.6990984589971144
2012-07-10,0.6544886662827627,0.6295388203464231,0.544393465552754,0.6602877927382729,0.7669844489439015,0.6493162890595003,0.5638602449726193,0.6978573002828516
2012-07-11,0.6591360743683619,0.6340090639955507,0.5482591071198215,0.664976379393597,0.7679892275759338,0.6501669179524013,0.5645989232162019,0.6987715197360589
2012-07-12,0.6495113623259197,0.624751256828642,0.5402534217448685,0.6552663871544037,0.76377258092943,0.6465971749718846,0.5614989915105012,0.6949349130760051
2012-07-13,0.6497381657373998,0.6249694142383412,0.5404420732854308,0.6554952001677784,0.764822319134697,0.6474858658923675,0.5622707224659254,0.6958900399640927
2012-07-15,0.6497257946422205,0.6249575147432592,0.5404317832013937,0.6554827194579501,0.7648091513776245,0.6474747182880459,0.562261041989693,0.6958780589970548
2012-07-17,0.6629968037678541,0.6377226180371159,0.5514704016244125,0.668871316960704,0.7768519063120181,0.6576699144942018,0.571114455845479,0.7068354186385128
2012-07-18,0.6708311949768936,0.645258353419492,0.5579869260510439,0.6767751251477047,0.7812050189156662,0.6613551872863046,0.5743147125683712,0.7107961917853376
2012-07-19,0.6687830969562405,0.6432883312047472,0.556283350058525,0.6747088798618247,0.7813637269294434,0.6614895468534272,0.5744313891706815,0.7109405956858083
2012-07-20,0.6559949727298005,0.6309877046932432,0.5456463877638363,0.6618074458817733,0.7672936233977707,0.6495780310144184,0.5640875392594046,0.6981386093106823
2012-07-23,0.6486601176233603,0.6239324625339766,0.5395453696768445,0.6544075999596225,0.7612905849310018,0.644495958404353,0.5596743145256917,0.6926766156240021
2012-07-24,0.6418039846152233,0.6173376930468363,0.533842545165323,0.647490717874598,0.7577824987081755,0.6415260709039705,0.5570952917570925,0.6894847079080217
2012-07-25,0.6316467505291031,0.6075676641770071,0.5253939162593726,0.6372434851560521,0.7556592234382526,0.6397285413441255,0.5555343337539784,0.6875528002276692
2012-07-26,0.647673533820716,0.6229834884183252,0.5387247446560475,0.6534122744865335,0.7623676785509429,0.6454078079643186,0.5604661562289163,0.6936566324246022
2012-07-27,0.6642581324269259,0.6389358634254756,0.5525195551320097,0.6701438216794585,0.7664850199087185,0.6488934807376106,0.5634930821461601,0.6974028840314459
2012-07-30,0.6757557883883339,0.6499952157772957,0.5620831260493095,0.6817433531419976,0.7775911192354283,0.6582957198712398,0.571657899432445,0.7075080074188665
2012-07-31,0.6767631861952353,0.6509642104438929,0.5629210638342435,0.6827596770427707,0.7768212779231735,0.6576439850091753,0.5710919389210999,0.7068075507400432
2012-08-01,0.6698029831657349,0.644269338201949,0.5560058333743048,0.6757378028192474,0.7773888194916057,0.6581244562698493,0.5703669918311078,0.7073239406450663
2012-08-02,0.6754935319344607,0.6497429568351548,0.5560058333743048,0.6814787729529427,0.7766506719921322,0.6574995528630115,0.5703669918311078,0.7066523212636012
2012-08-03,0.6650449017885071,0.6396926402518607,0.5560058333743048,0.670937562246584,0.7676192200431758,0.6498536757237939,0.5703669918311078,0.6984348604227569
2012-08-06,0.6738658768001521,0.6481773497498509,0.5560058333743048,0.6798366959066345,0.7781633924867909,0.6587801968960535,0.5703669918311078,0.708028702547392
2012-08-07,0.675098065853225,0.649362566366849,0.5560058333743048,0.6810798028265919,0.7827296114934611,0.6626458820276446,0.5703669918311078,0.7121833751393629
2012-08-08,0.6734662479181035,0.6477929551713929,0.5560058333743048,0.6794335260947858,0.7846791633707391,0.6642963402501368,0.5703669918311078,0.7139572168537704
2012-08-09,0.6770004658439613,0.6511924447248614,0.5560058333743048,0.6829990591185655,0.7891290418939462,0.668063533461724,0.5703669918311078,0.7180060345541396
2012-08-10,0.6699694951999089,0.6444295026096273,0.5560058333743048,0.675905790240838,0.7818903023010905,0.6619353368126614,0.5703669918311078,0.7114197116154194
2012-08-13,0.6751313682600751,0.6493945992483995,0.5560058333743048,0.6811134003109256,0.7857574768838587,0.6652092225513955,0.5703669918311078,0.7149383436004213
2012-08-14,0.6685541429092174,0.6430681051441568,0.5560058333743048,0.6744778971571035,0.7910017496442245,0.6696489367232608,0.5703669918311078,0.7197099579865214
2012-08-15,0.6651697858141279,0.6398127635576101,0.5560058333743048,0.6710635528127671,0.7864165195816238,0.6657671571476365,0.5703669918311078,0.7155379877763453
2012-08-16,0.6832155275204337,0.6571705812423488,0.5560058333743048,0.6892691896303705,0.7987757726993395,0.6762302954563626,0.5703669918311078,0.7267833200984251
2012-08-17,0.6942511125869443,0.6677854773627994,0.5560058333743048,0.7004025559979306,0.798775661388032,0.6762302012220595,0.5703669918311078,0.7267832188194374
2012-08-20,0.6862835117505424,0.6601216104542582,0.5560058333743048,0.692364357873634,0.7960204406463832,0.6738976771272482,0.5703669918311078,0.7242763219571896
2012-08-21,0.688077678919025,0.6618473819472407,0.5560058333743048,0.6941744223415329,0.7969178636860721,0.6746574205596603,0.5703669918311078,0.7250928616152639
2012-08-22,0.6857007196308368,0.6595610350272911,0.5560058333743048,0.6917764018979696,0.7968847780346766,0.674629410796992,0.5703669918311078,0.7250627579236014
2012-08-23,0.6897636132652926,0.6634690465752303,0.5560058333743048,0.6958752949853958,0.7993278839027287,0.6766977036264065,0.5703669918311078,0.727285670353875
2012-08-24,0.6793566111278534,0.6534587710938279,0.5560058333743048,0.6853760811344054,0.7920717113484289,0.6705547485218788,0.5703669918311078,0.7206834856601662
2012-08-27,0.6767257209875335,0.6509281734521531,0.5560058333743048,0.6827218798729,0.7913176199952123,0.6699163473134102,0.5703669918311078,0.7199973594203878
2012-08-28,0.6670513718006067,0.6416226213646766,0.5560058333743048,0.6729618106770563,0.7874474346567054,0.6666399127188991,0.5703669918311078,0.7164759880345094
2012-08-29,0.6728126881838459,0.6471643098711357,0.5560058333743048,0.678774175464917,0.7912029655233418,0.6698192827428031,0.5703669918311078,0.719893038582703
2012-08-30,0.6608363101241344,0.6356444848471892,0.5560058333743048,0.6666916801652513,0.7854306000633586,0.6649324940670582,0.5703669918311078,0.7146409276934972
2012-08-31,0.6521901727483663,0.6273279479772558,0.5560058333743048,0.657968933297865,0.7769686014309961,0.6577687066427397,0.5703669918311078,0.7069415962028667
2012-09-03,0.6539870790398286,0.6290563541747611,0.5560058333743048,0.6597817611588664,0.7759956504102515,0.6569450224766573,0.5703669918311078,0.7051137469915296
2012-09-04,0.6449885334821078,0.6204008433201337,0.5560058333743048,0.6597817611588664,0.769168323543823,0.6511651210051089,0.5703669918311078,0.7051137469915296
2012-09-05,0.6434291389892596,0.6189008947036694,0.5560058333743048,0.6597817611588664,0.7697430439367638,0.6516516697393173,0.5703669918311078,0.7051137469915296
2012-09-06,0.6476213921725308,0.6229333344685619,0.5560058333743048,0.6597817611588664,0.7707233877043593,0.6524816124820342,0.5703669918311078,0.7051137469915296
2012-09-07,0.6428239348943463,0.6183187616712603,0.5560058333743048,0.6597817611588664,0.772185754081119,0.6537196275556258,0.5703669918311078,0.7051137469915296
2012-09-10,0.634779579734479,0.6105810664006097,0.5560058333743048,0.6597817611588664,0.7694899744573256,0.6514374253234242,0.5703669918311078,0.7051137469915296
2012-09-11,0.6370369468331258,0.6127523801201311,0.5560058333743048,0.6597817611588664,0.7699169226973217,0.6517988726085634,0.5703669918311078,0.7051137469915296
2012-09-12,0.6470029354331587,0.622338453997444,0.5560058333743048,0.6597817611588664,0.7798762994726341,0.6602303154859199,0.5703669918311078,0.7051137469915296
2012-09-13,0.6404605466403145,0.6160454684423429,0.5560058333743048,0.6597817611588664,0.7777769198377005,0.6584530155735694,0.5703669918311078,0.7051137469915296
2012-09-14,0.6408934663578749,0.6164618847721254,0.5560058333743048,0.6597817611588664,0.7785627469099298,0.6591182837143837,0.5703669918311078,0.7051137469915296
2012-09-18,0.6443038135206455,0.6197422256556676,0.5560058333743048,0.6597817611588664,0.7813276661109686,0.6614590183637498,0.5703669918311078,0.7051137469915296
2012-09-19,0.6489819969991493,0.6242420715050212,0.5560058333743048,0.6597817611588664,0.7838002649038428,0.6635522794132179,0.5703669918311078,0.7051137469915296
2012-09-20,0.6478599397720145,0.6231627883645757,0.5560058333743048,0.6597817611588664,0.7832175941848436,0.6630590000650837,0.5703669918311078,0.7051137469915296
2012-09-21,0.6587315257403815,0.6336199372174233,0.5560058333743048,0.6597817611588664,0.7906739897066274,0.6693714606066646,0.5703669918311078,0.7051137469915296
2012-09-24,0.6628177577683084,0.6375503974729588,0.5560058333743048,0.6597817611588664,0.7950291324005945,0.6730584520394963,0.5703669918311078,0.7051137469915296
2012-09-25,0.6675798746614325,0.6421309771005271,0.5560058333743048,0.6597817611588664,0.7993085694617088,0.6766813523415984,0.5703669918311078,0.7051137469915296
2012-09-26,0.6669570003739075,0.6415318474831729,0.5560058333743048,0.6597817611588664,0.7980962898427594,0.6756550565613351,0.5703669918311078,0.7051137469915296
2012-09-27,0.6716572715930944,0.6460529390636295,0.5560058333743048,0.6597817611588664,0.8045746762962244,0.6811395508778096,0.5703669918311078,0.7051137469915296
2012-09-28,0.6725628689614286,0.6469240140391641,0.5560058333743048,0.6597817611588664,0.8010225782881324,0.6781324037313899,0.5703669918311078,0.7051137469915296
2012-10-01,0.6637874272548575,0.6384831020653167,0.5560058333743048,0.6584621976365487,0.7947783966944432,0.6728461833572863,0.5703669918311078,0.7037035194975466
2012-10-02,0.6567521940681635,0.6317160599003727,0.5560058333743048,0.6514834045549233,0.7896843314918353,0.6685336324077344,0.5703669918311078,0.6991931910506055
2012-10-03,0.6660233696978533,0.6406338078612178,0.5560058333743048,0.6606802022481945,0.7878973966192259,0.6670208430390955,0.5703669918311078,0.6976110237896457
2012-10-04,0.6844858658699762,0.6583924928616195,0.5560058333743048,0.6789945831843143,0.7979563767716681,0.6755366084803641,0.5703669918311078,0.7065173299565847
2012-10-05,0.6904111133439091,0.6640918632207523,0.5560058333743048,0.68487229540517,0.802022604258952,0.678979009100286,0.5703669918311078,0.710117602190682
2012-10-09,0.694407860460758,0.66793624983092,0.5560058333743048,0.6888369786484809,0.8019496801317844,0.6789172727460475,0.5703669918311078,0.7100530345512525
2012-10-10,0.6908463235694235,0.664510482741743,0.5560058333743048,0.6853040141599395,0.7910181226297858,0.6696627978207581,0.5703669918311078,0.7003741410134559
2012-10-11,0.6780854806269376,0.6522360975208875,0.5560058333743048,0.6726455449835145,0.7868072657766684,0.66609795638311,0.5703669918311078,0.6966458127146957
2012-10-12,0.6912695555318604,0.6649175806245509,0.5560058333743048,0.6857238507471566,0.799081806892171,0.6764893789184702,0.5703669918311078,0.7075137953110034
2012-10-15,0.6851686268659781,0.6590492262385975,0.5560058333743048,0.679671866735386,0.7976351517030904,0.6752646646752858,0.5703669918311078,0.7062329145619928
2012-10-16,0.6931182008016883,0.6666957534522276,0.5560058333743048,0.6875576652742791,0.8015420436389186,0.6785721744651146,0.5703669918311078,0.709692109750203
2012-10-17,0.7059389350596349,0.6790277468640672,0.5560058333743048,0.7002755452885392,0.811400746450938,0.6869183884381036,0.5703669918311078,0.7184210886647691
2012-10-18,0.7166714587859845,0.6893511346843645,0.5560058333743048,0.7109219674244095,0.8213843888912816,0.6953703742242392,0.5703669918311078,0.7272606901837518
2012-10-19,0.7168591182410484,0.6895316403494034,0.5560058333743048,0.7111081213829135,0.8176785177734394,0.69223304531844,0.5703669918311078,0.7239794805292417
2012-10-22,0.7200972420290348,0.6926463232074009,0.5560058333743048,0.7143202673472842,0.8186621122258338,0.6930657400368893,0.5703669918311078,0.7248503633826093
2012-10-23,0.7180250025148741,0.690653079800102,0.5560058333743048,0.7122646523589641,0.81739944677437,0.6919967884481093,0.5703669918311078,0.7237323887045877
2012-10-24,0.7161404224557772,0.688840342057842,0.5560058333743048,0.7103951913291477,0.8153366955359167,0.6902504975275441,0.5703669918311078,0.721906011298779
2012-10-25,0.7181607561631953,0.6907836583662783,0.5560058333743048,0.7123993169246675,0.8215662916789781,0.6955243701015209,0.5703669918311078,0.727421748451617
2012-10-26,0.7077117179965654,0.6807329493165162,0.5560058333743048,0.7020341060877566,0.815250691063195,0.6901776875701231,0.5703669918311078,0.7218298622106828
2012-10-29,0.719422466541751,0.6919972709225447,0.5560058333743048,0.7136509052412472,0.8197904826860622,0.6940209997177454,0.5703669918311078,0.7258494321387081
2012-10-30,0.7037309418971902,0.6769039248906276,0.5560058333743048,0.6980852657345522,0.8098850247210914,0.6856352036092247,0.5703669918311078,0.7170790558159797
2012-10-31,0.7151981324262474,0.6879339731867298,0.5560058333743048,0.7094604608142581,0.813023022270927,0.6882917801890273,0.5703669918311078,0.7198574654068521
2012-11-01,0.7272722216184091,0.699547784484582,0.5560058333743048,0.7214376857171305,0.8219650361899771,0.6958619405783686,0.5703669918311078,0.7277748002166592
2012-11-02,0.7502465302201515,0.7216462865374303,0.5560058333743048,0.7442276831017531,0.8370640891504,0.7086445479051199,0.5703669918311078,0.7411436295073406
2012-11-05,0.7441535870629875,0.7157856132435987,0.5560058333743048,0.7381836205350175,0.8305021855376864,0.7030893493494775,0.5703669918311078,0.7353336645081969
2012-11-06,0.7401847892266897,0.7119681104558928,0.5560058333743048,0.7342466623493656,0.8267679183939455,0.6999279808400255,0.5703669918311078,0.73202731277201
2012-11-07,0.7392185426709679,0.7110386983083796,0.5560058333743048,0.7332881674993343,0.8263475180206843,0.6995720768700544,0.5703669918311078,0.7316550867232241
2012-11-08,0.7234830977284197,0.6959031062697574,0.5560058333743048,0.7176789600449107,0.8133027467604136,0.6885285902934856,0.5703669918311078,0.7201051358374527
2012-11-09,0.7149945019537469,0.6877381053374474,0.5560058333743048,0.7092584639656843,0.8073556339891342,0.6834938634478727,0.5703669918311078,0.714839511852951
2012-11-12,0.6998340136393933,0.6731555519320528,0.5560058333743048,0.694219600554251,0.7937665884924014,0.6719896033472293,0.5703669918311078,0.7028076559514379
2012-11-13,0.6998978977091763,0.6732170006690623,0.5560058333743048,0.694282972114567,0.7921486182748211,0.6706198566477563,0.5703669918311078,0.7013750914261703
2012-11-14,0.713006110281239,0.6858255133975337,0.5560058333743048,0.7072860241503409,0.8009656987426476,0.6780842504533819,0.5703669918311078,0.7091818091008179
2012-11-15,0.7394940427219693,0.7113036959867932,0.5560058333743048,0.7335614573532588,0.8202629157698687,0.6944209537158068,0.5703669918311078,0.7262677283898196
2012-11-16,0.7482701168107208,0.7197452162356992,0.5560058333743048,0.7422671254539621,0.8328500452562728,0.7050770083715135,0.5703669918311078,0.737412479375495
2012-11-19,0.7562156979920717,0.7273879029032684,0.5560058333743048,0.7501489632703376,0.8425788822332547,0.7133132800866142,0.5703669918311078,0.7460264739805247
2012-11-20,0.7510690376188336,0.7224374390266454,0.5560058333743048,0.7450435919410459,0.8413694659605091,0.7122894083676652,0.5703669918311078,0.7449556465760452
2012-11-21,0.7390348759702999,0.7108620331894373,0.5560058333743048,0.7331059742633845,0.8375928765811067,0.7090922105567948,0.5703669918311078,0.741611822374185
2012-11-22,0.7443452392724101,0.7159699594546983,0.5560058333743048,0.7383737352160388,0.8458577045355363,0.7160890765616725,0.5703669918311078,0.748929570999164
2012-11-26,0.7331655270574317,0.7052164304751921,0.5560058333743048,0.7272837121578097,0.8401638468202437,0.7112687512379748,0.5703669918311078,0.7438881811848028
2012-11-27,0.7412748111676548,0.7130165795313994,0.5560058333743048,0.7353279395975478,0.8478625489683453,0.7177863445428495,0.5703669918311078,0.7507046772291276
2012-11-28,0.7308377512641022,0.7029773921198198,0.5560058333743048,0.7249746109281892,0.837010862111398,0.7085994867784046,0.5703669918311078,0.7410965018364905
2012-11-29,0.73535754920244,0.7073248902643882,0.5560058333743048,0.7294581488217269,0.8408513855658583,0.7118508101147901,0.5703669918311078,0.7444969338095497
2012-11-30,0.7322392080453383,0.7043254237883233,0.5560058333743048,0.7263648245329899,0.8411306184188461,0.7120872040079587,0.5703669918311078,0.7447441689410331
2012-12-03,0.7463305006254873,0.7178795404064875,0.5548938217075562,0.7403430698249154,0.8451667253233957,0.7155041050430685,0.5692262578474456,0.7483177721562345
2012-12-04,0.7523409412150733,0.7236608562236441,0.559362560886923,0.7463052917002978,0.8473014600343145,0.7173113359752327,0.5706640180130844,0.7502078843378377
2012-12-05,0.7518350524279565,0.7231742524875139,0.5589864345431557,0.745803461402152,0.8429162938857361,0.7135989271846438,0.5677105750508813,0.7463252211135093
2012-12-06,0.7599894978771965,0.7310178412815725,0.5650492329889413,0.7538924878744061,0.8491213543169923,0.7188520282327303,0.5718897307407244,0.7518192341394431
2012-12-07,0.7685173374311812,0.7392205899760773,0.5713896484979598,0.7623519129000216,0.8535238909361625,0.7225791425750672,0.574854872847813,0.7557172773254583
2012-12-10,0.7591343049275945,0.7301952492514938,0.5644134003602274,0.7530441557037787,0.8508805086648655,0.7203412990707724,0.5730745346574105,0.7533768042886652
2012-12-11,0.7541356419121304,0.7253871409064901,0.560696913868312,0.7480855944245768,0.8454232723363199,0.7157212934810226,0.5693990442240898,0.748544921052911
2012-12-12,0.7591343049275944,0.7301952492514938,0.5644134003602272,0.7530441557037786,0.857484063048417,0.7259317584768715,0.5775220790739312,0.7592236472328439
2012-12-13,0.7762261189488974,0.7466355040501963,0.5771210975456527,0.7699988507762741,0.8752040202387822,0.7409331797716372,0.58945660585837,0.7749130473122472
2012-12-14,0.7820920198850373,0.7522777902284739,0.5814823720553836,0.7758176925664878,0.8774456901796829,0.7428309402925005,0.5909663877198125,0.7768978408515841
2012-12-17,0.7951728585228504,0.7648599725479351,0.5912079246581416,0.7887935902751928,0.8909386307849851,0.7542538395890883,0.6000539864834471,0.7888446046687855
2012-12-18,0.823297866091351,0.791912823115188,0.6121187582930525,0.8166929651830414,0.9124241863565522,0.7724431538982914,0.6145246725970026,0.8078680974272137
2012-12-19,0.8627451465140533,0.8298563287288566,0.6414476577168039,0.8558237800966914,0.9443641981510098,0.7994830371181542,0.6360365149881066,0.836148054212695
2012-12-20,0.8676354047892931,0.8345601648445666,0.6450835457063884,0.8606748063118781,0.947610224128465,0.8022310687696096,0.6382227383268395,0.8390221130877425
2012-12-21,0.864347127673145,0.831397240559828,0.6426387244719839,0.8574129093740418,0.9461415941512664,0.8009877510359722,0.6372336047972825,0.8377217756753361
2012-12-25,0.8841731501390718,0.850467472694251,0.6573792949915566,0.877079877724579,0.9624407314842058,0.8147863298500121,0.648211198533738,0.8521531698270483
2012-12-26,0.9056493336484975,0.8711249598725332,0.673346753822799,0.8983837687141153,0.9821150820782689,0.8314423081230827,0.6614620242331903,0.8695730063682189
2012-12-27,0.9179111142501539,0.8829193075717162,0.6824633399643145,0.9105471792735683,0.9990634883054379,0.8457905471937072,0.6728769055389803,0.8845792686943427
2012-12-28,0.9246924329914891,0.889442114796263,0.687505224048434,0.9172740949365537,1.0068440366619082,0.8523774301385019,0.6781171644041882,0.8914682320643096
2013-01-04,0.9671926317946339,0.9303221580993519,0.7191039564028578,0.9594333362160128,1.0504413038099634,0.8892861520254841,0.7074802574927938,0.9300696214077545
2013-01-07,0.9625064760609602,0.9258146439061848,0.7156198178583448,0.954784775131295,1.0357977678163335,0.8768891777932355,0.6976177239292312,0.9171041106950018
2013-01-08,0.9257816385737831,0.8904897986336114,0.6883150441585297,0.9183545623752959,1.0070175393871599,0.8525243146625064,0.6782340198175192,0.8916218528457875
2013-01-09,0.9508326306606466,0.9145858186555351,0.7069403592501621,0.9432045830674755,1.0255417483181402,0.8682066021161687,0.6907102163044685,0.9080233442235789
2013-01-10,0.9496652461205958,0.9134629361304515,0.7060724133893294,0.9420465638610742,1.0358088432785852,0.8768985540955306,0.697625183337822,0.917113917003023
2013-01-11,0.9520124783807907,0.9157206892502341,0.7078175714368744,0.944374965468202,1.0469755027889525,0.8863520624742812,0.7051460139802147,0.9270009718489503
2013-01-15,0.9656388886701769,0.9288276454147437,0.7179487544386353,0.9578920579840287,1.0554617028774766,0.8935363384492169,0.7108615346875484,0.9345147252351671
2013-01-16,0.9303431625060191,0.894877432130142,0.6917065194438726,0.922879491516261,1.0223216372221267,0.8654805095726996,0.688541446836722,0.9051722306039054
2013-01-17,0.9166627451027268,0.8817185276638049,0.6815351823631753,0.9093088251581913,1.0190290176424133,0.8626930325518448,0.686323842350272,0.9022569173590468
2013-01-18,0.9380994149481713,0.9023380074835309,0.6974732629390766,0.9305735194818171,1.0497950151347133,0.8887390147727636,0.7070449771237508,0.9294973919444521
2013-01-21,0.9348797600779523,0.8992410894873305,0.6950794620773701,0.9273796942684606,1.0401597184696043,0.880581932731282,0.7005555310776688,0.920966218723287
2013-01-22,0.9450663326479246,0.9090393384249263,0.7026531391262326,0.9374845451369794,1.0396387177972175,0.8801408622198036,0.7002046331374248,0.9205049203181668
2013-01-23,0.9294333503555983,0.8940023030447664,0.6910300776519858,0.9219769783269407,1.0139526429502734,0.8583954580944818,0.6829048651439312,0.8977622522398079
2013-01-24,0.940571279009804,0.9047156412999501,0.6993110842457919,0.9330255530326974,1.0341995574685663,0.8755361594711852,0.6965413170283745,0.9156890417257157
2013-01-25,0.9491999540619418,0.91301538152972,0.7057264705551289,0.9415850046044442,1.051088678996863,0.8898342091009119,0.7079162696357484,0.9306428128776678
2013-01-28,0.9489548448524441,0.9127796161596645,0.7055442328120916,0.9413418617817271,1.0524117705898066,0.8909543164569331,0.708807381949656,0.9318142893728071
2013-01-29,0.9467613251473286,0.9106697158990411,0.7039133594508363,0.9391659395718674,1.0583662805786018,0.8959953056639711,0.7128177899989555,0.9370864629163079
2013-01-30,0.9796475031505534,0.9423022357155235,0.7283641047684547,0.971788288460612,1.0815986653373346,0.9156634565349755,0.7284649789391321,0.9576566130223465
2013-01-31,0.9788747859817023,0.9415589753964368,0.7277895925616462,0.971021770409408,1.0854878299549313,0.9189559586717745,0.7310843610741542,0.9611001122929492
2013-02-01,0.9670129625896995,0.9301493380870982,0.7189703730484517,0.9592551084059169,1.0863447932179608,0.9196814495296097,0.7316615323904295,0.9618588748194372
2013-02-04,0.9912218134141538,0.9534353202211038,0.7369695593899872,0.9832697439076002,1.1161524530625235,0.9449161190231954,0.7517372194236803,0.9882508291400938
2013-02-05,0.9727631181683428,0.9356802912514172,0.7232455913354873,0.9649591334048897,1.0922567643857701,0.9246864260776928,0.7356432902182313,0.9670933841307853
2013-02-06,1.0187074305639263,0.9798731546533437,0.7574050087377573,1.0105348579015225,1.1297584095673279,0.9564346957022523,0.7609009352605779,1.0002976581912895
2013-02-07,1.0229267416430754,0.9839316208366137,0.7605420500990843,1.0147203195894283,1.1352117311088432,0.9610513870983565,0.7645737890548726,1.005126075241472
2013-02-08,1.017043744186377,0.9782728898764189,0.756168064392876,1.0088845184353632,1.1230229975227468,0.9507326077914792,0.7563645837002033,0.9943340673579818
2013-02-12,1.015791235050438,0.9770681278010256,0.7552368287263952,1.0076420575445009,1.1416619037768359,0.9665119960928946,0.768918029712083,1.0108371127164604
2013-02-13,1.0004005546072787,0.9622641574503318,0.7437939177337091,0.9923748487188757,1.1276075788572306,0.9546138381646601,0.7594523343163044,0.998393294475776
2013-02-14,0.9992745615456721,0.9611810885138624,0.7429567462759602,0.9912578889280956,1.118338011971018,0.9467663768764525,0.7532092100753608,0.99018594149641
2013-02-15,0.985155367649679,0.9476001342094746,0.7324591805811219,0.9772519661584217,1.0951942630136278,0.9271732636019531,0.7376217180257476,0.9696942702791002
2013-02-18,0.9987242166223433,0.96065172335956,0.7425475669679897,0.9907119591427549,1.1271260421552647,0.9542061771947445,0.7591280156621697,0.9979669378040923
2013-02-19,0.9983256909881782,0.9602683899719323,0.7422512647104712,0.9903166306774779,1.1275911001537353,0.9545998875681168,0.7594412357833833,0.9983787040922242
2013-02-20,1.0086683800652454,0.9702168040793412,0.7499410137745881,1.0005763456095933,1.1398887942157505,0.9650109110032489,0.7677238268524947,1.0092671865033425
2013-02-21,1.0007168447931691,0.9625683902976988,0.7440290782555828,0.9926886014691403,1.1213420047858753,0.9493095072744552,0.7552324222267237,0.9928457021607066
2013-02-22,0.9974780332901269,0.9594530459411187,0.74162103451195,0.9894757733069025,1.1158478898450008,0.9446582808643407,0.7515320937657551,0.987981166289453
2013-02-25,1.012141246305785,0.9735572807429138,0.7525230763043618,1.004021350806966,1.1352802120816274,0.9611093619519283,0.7646199115141504,1.005186708874403
2013-02-26,0.9919682582527034,0.954153309740744,0.7375245382214964,0.9840102003980746,1.118030085436524,0.9465056913893402,0.7530018191977149,0.9899133007364557
2013-02-27,0.9739017628373352,0.9367755295017334,0.7240921692140743,0.9660886433056314,1.0926058208174803,0.9249819314523096,0.7358783823964331,0.9674024416498612
2013-02-28,1.008927738017633,0.9704662750141411,0.7501338454024931,1.000833622864768,1.1220091167255308,0.9498742731567895,0.7556817272237114,0.9934363687185632
2013-03-01,1.0054739250978821,0.9671441253372852,0.7475659489425505,0.9974075181330625,1.1318914485901432,0.9582404910930464,0.7623375533673015,1.0021862689962933
2013-03-04,1.0399193454198727,1.000276447397197,0.7731759848539512,1.031576600330855,1.152614593592358,0.9757843612836454,0.7762947501274164,1.0205347169835162
2013-03-05,1.013320202353067,0.9746912936563252,0.7533996255357724,1.005190848688269,1.140413913695409,0.965455468428519,0.7680774988409589,1.0097321317352828
2013-03-06,1.025343390978879,0.9862561447748106,0.7623388194721,1.0171175813742006,1.1567039301779107,0.9792463256821446,0.7790489496148396,1.0241554502088177
2013-03-07,1.0271367183630151,0.9879811084969726,0.7636721514006788,1.0188965218029513,1.155134577410446,0.9779177377080357,0.7779919785151732,1.0227659319853843
2013-03-08,1.070473583681886,1.0296659236448134,0.7958929420523541,1.0618857174473375,1.1894288961577195,1.0069507380712959,0.8010894646572931,1.0531304120739204
2013-03-11,1.092873257800889,1.0512116969293415,0.8125470125566154,1.0841056903500157,1.2261641065406905,1.0380501567316542,0.825830909997011,1.0856560782765938
2013-03-12,1.0820907359188277,1.0408402169394042,0.8045302495142796,1.07340967116826,1.2146777519265026,1.0283259997905643,0.8180947622554622,1.0754859626798203
2013-03-13,1.0783800144761455,1.037270952382192,0.8017713425676971,1.0697287189603064,1.2108627616101049,1.0250962923845637,0.8155253370799781,1.072108137963316
2013-03-14,1.1312436965485317,1.0881194112868118,0.8410752843871666,1.1221683025428058,1.2357546095143566,1.0461693171783224,0.8322901871490852,1.0941475907842182
2013-03-15,1.1404471880294274,1.0969720552949331,0.8479180444734917,1.131297959082855,1.2436409205818888,1.052845737076783,0.8376016780096305,1.1011301973537428
2013-03-18,1.1050881858325312,1.062960978131309,0.8216287639947254,1.0962226242138433,1.208016875437015,1.0226870124421334,0.8136086109618883,1.069588366257867
2013-03-19,1.1054716646442266,1.0633298382983056,0.8219138789983158,1.09660302656967,1.2239504588455483,1.0361761193783883,0.8243400013325504,1.0836960958708337
2013-03-21,1.089504659611777,1.0479715135015077,0.8100424729171569,1.0807641167144162,1.2260385516933832,1.03794386408434,0.8257463478464365,1.085544910952082
2013-03-22,1.0757746143142688,1.0347648730122407,0.7998342376903144,1.067144220601537,1.2027975335427246,1.018268404327197,0.8100933442507238,1.0649671167677586
2013-03-25,1.1051746565449712,1.0630441524826895,0.8216930546327891,1.0963084012156463,1.219348086366471,1.03227982731784,0.8212402682444041,1.0796211163230307
2013-03-26,1.0996217329676479,1.0577029126134085,0.8175644775708996,1.0908000259257538,1.2108556776718513,1.0250902952401557,0.8155205659933485,1.0721018657844268
2013-03-27,1.1344167957355535,1.0911715483549531,0.8434344712796602,1.1253159455655817,1.2318470200544875,1.0428612168762315,0.8296583957417812,1.0906877780023179
2013-03-28,1.120073936258585,1.0773754548537338,0.8327706110961096,1.1110881515703652,1.2181722361635914,1.0312843720758529,0.8204483241335919,1.0785800086009163
2013-03-29,1.1041219696108955,1.062031595161512,0.8209103859954745,1.0952641594545434,1.2093446684616938,1.0238110999521348,0.8145028897260512,1.0707640054404572
2013-04-01,1.064266490366907,1.0236954517258947,0.7912779923372382,1.0557284204915658,1.1641997126679473,0.985592130576532,0.7840974164895965,1.030792279470364
2013-04-02,1.1186866452632844,1.0760410489554328,0.831739165641907,1.1097119901065895,1.1869767723237519,1.0048748107817933,0.7994379404881964,1.050959280876364
2013-04-03,1.128066837765285,1.085063657942493,0.8387133022495165,1.1190169300851374,1.2150116869334675,1.0286087036182723,0.8183196700383686,1.0757816315614375
2013-04-04,1.2113531722329292,1.1651750234295861,0.9006363676877276,1.2016351005639854,1.2638866681183754,1.069985450506081,0.851237343922896,1.1190559535840816
2013-04-05,1.3535110234896586,1.301913657104381,1.0063301766684283,1.3426524915334235,1.3437033803573433,1.1375569527279301,0.9049945104796948,1.1897263461751353
2013-04-08,1.4295751736701838,1.3750781561128527,1.0628835762055446,1.4181064176440112,1.3954068992254334,1.181328292614903,0.9398172261415852,1.235505079403425
2013-04-09,1.371098414481364,1.3188305969205798,1.0194063334020385,1.360098787813822,1.3708278399014286,1.1605200694353959,0.9232630415751496,1.2137425722389397
2013-04-10,1.3741248894168707,1.3217416992190019,1.021656505734347,1.3631009828770324,1.37633686087838,1.1651839150479508,0.9269734093654967,1.2186203060407013
2013-04-11,1.4003555920567412,1.3469724578974533,1.0411589310294591,1.3891212499032237,1.3993450348424925,1.184662252786068,0.9424695906195367,1.238991938011446
2013-04-12,1.4463880878460835,1.3912501430427362,1.075383912441686,1.4347844503430054,1.4077001550489023,1.1917355587110343,0.9480968280230684,1.2463896321605688
2013-04-15,1.4080289278870108,1.3543532775136984,1.0468640263465276,1.3967330264547895,1.3898327997978936,1.1766093526675252,0.9360630275166998,1.2305697245906835
2013-04-16,1.3778732068214878,1.3253471265376886,1.024443365132265,1.3668192294336006,1.3761297864593098,1.1650086092858392,0.9268339431594435,1.218436960597363
2013-04-17,1.410401233084932,1.3566351477625498,1.0486278260256618,1.39908629985219,1.3969298413524134,1.1826175901120093,0.940842939319689,1.2368535052529501
2013-04-18,1.3894715610774446,1.3365033384515255,1.0330666963685098,1.378324535980198,1.3844635131489598,1.172063803815025,0.9324467718657057,1.2258157127456704
2013-04-19,1.4134352272128188,1.35955348261326,1.0508835888482322,1.4020959537851165,1.393192094582641,1.1794532758089822,0.9383255382640278,1.2335440726264233
2013-04-22,1.4101230229666268,1.356367543327654,1.0484209778857898,1.3988103216724563,1.407696311765881,1.1917323050514945,0.9480942395425396,1.246386229285252
2013-04-23,1.3675418364826115,1.315409599685408,1.0167620315059285,1.3565707424351843,1.3910561614441797,1.1776450303079755,0.9368869709482671,1.2316528993469305
2013-04-24,1.3863811730066729,1.3335307594586208,1.0307690048689493,1.3752589405243671,1.4044586032251662,1.188991314803768,0.9459136180611076,1.243519534739094
2013-04-25,1.3927424097655468,1.3396494986995469,1.035498559634512,1.3815691443094207,1.410219477084078,1.1938683748810084,0.949793610694969,1.2486202612142452
2013-04-26,1.3653800686715405,1.3133302409008256,1.0151547655542834,1.354426317390039,1.39224918123614,1.1786550210387614,0.9376904789087299,1.2327092091685417
2013-04-30,1.3738541984909807,1.3214813273364279,1.0214552480847632,1.3628324635670495,1.4015524849067105,1.186531043327983,0.9439563251321373,1.2409464329823285
2013-05-01,1.3950320038471833,1.341851810873128,1.0372008639206876,1.3838403701398416,1.4083287107988047,1.192267683563834,0.9485201651311741,1.2469461607416759
2013-05-02,1.387561686211314,1.334666270168797,1.0316467118407944,1.3764299830707463,1.4024745424389204,1.187311641912398,0.9445773379368938,1.2417628305257118
2013-05-07,1.4138149464283245,1.3599187265041126,1.0511659086066922,1.4024726267060854,1.4350866827243343,1.2149205379435633,0.9665418640106799,1.270637895566032
2013-05-08,1.3648010908577903,1.3127733343741699,1.0147242978037543,1.3538519844214236,1.4239106061875721,1.2054590572667547,0.9590146909289385,1.2607425028052281
2013-05-09,1.3246674014955315,1.2741695865036902,0.984885056005672,1.3140402672787468,1.3996883150219335,1.184952868081501,0.9427007924476277,1.2392958811878725
2013-05-10,1.3728691842883602,1.3205338629858774,1.020722893859832,1.3618553516334246,1.4448676370589706,1.2232009313475902,0.973129411611955,1.2792980353206538
2013-05-13,1.3755535359702966,1.3231158841549209,1.0227186988850165,1.3645181681242806,1.4915642236062683,1.2627334855348198,1.004579920036073,1.3206435882930612
2013-05-14,1.3156782069976063,1.265523070235915,0.978201624891915,1.3051231885257415,1.4552549446667125,1.2319946533565118,0.9801253427832902,1.2884950453955033
2013-05-15,1.2961583835625947,1.2467473644800897,0.9636887121597772,1.2857599627267082,1.4580914803657925,1.2343960173430275,0.982035771285572,1.2910065381121207
2013-05-16,1.310207994536533,1.2602613884418705,0.9741345432229581,1.2996968608027937,1.4463595794293276,1.2244639849658805,0.9741342462167217,1.2806190137232805
2013-05-17,1.358827092506802,1.3070270715763845,1.010282653286913,1.3479259124270548,1.476646166903699,1.2501041066322496,0.9945324946740413,1.3074350146210492
2013-05-20,1.3335964424543472,1.2827582423530934,0.9915237631972821,1.3228976750739547,1.4717005411833293,1.2459172220816574,0.9912015779008532,1.3030561157480847
2013-05-21,1.29659449672102,1.2471668525131703,0.9640129605952528,1.286192577170616,1.4453276294426933,1.223590353255695,0.973439220002867,1.2797053164706118
2013-05-22,1.310125283420283,1.260181830366634,0.9740730478300252,1.2996148132358487,1.4543005849182111,1.2311867082525687,0.9794825741886418,1.2876500471964072
2013-05-23,1.1776521519571892,1.1327587240468031,0.8755797903127224,1.168204446468698,1.3162377685159787,1.1143050221547095,0.8864962107010704,1.165408060979781
2013-05-24,1.1930025832139883,1.1475239795555046,0.8869927761920423,1.1834317290067566,1.3247145103366,1.1214812909172118,0.8922053611925842,1.172913439935541
2013-05-27,1.1971832541808058,1.1515452786310942,0.890101088780279,1.18757886057234,1.294861336884583,1.0962080903598808,0.872099020396382,1.1464811874816137
2013-05-28,1.1985066320408069,1.1528182078348792,0.8910850150672037,1.188891621643461,1.306288671479376,1.1058822819333203,0.8797954177031686,1.1565990462536653
2013-05-29,1.1964764500964908,1.15086541871544,0.8895755826952195,1.1868777268184494,1.3153034879717442,1.113514075771431,0.8858669656041684,1.1645808410780947
2013-05-30,1.1292247933927857,1.0861774709958048,0.8395742377505759,1.120165596022368,1.2540425905408137,1.0616516180135478,0.844607282334407,1.110339923975893
2013-05-31,1.1493010370644077,1.1054883856214215,0.8545008467624574,1.1400807781808686,1.2580255254982944,1.0650235045618575,0.8472898195109966,1.1138664482991083
2013-06-03,1.0734271374896351,1.0325068846510916,0.7980888978100618,1.0648155763919869,1.1818345047395835,1.0005214524970185,0.7959745839147739,1.0464062736328001
2013-06-04,1.0939752532612748,1.0522716830802077,0.8133663418912812,1.0851988450601493,1.2071260570773725,1.021932860422094,0.8130086379789394,1.0687996281422847
2013-06-05,1.0081145276863863,0.9696840651776686,0.7495292266870864,1.000026936507258,1.1483431925111354,0.97216826410858,0.7734179288087589,1.0167527823127396
2013-06-06,0.9727764452284642,0.9356931102689803,0.7232554999528055,0.9649723535487726,1.1222131740858474,0.9500470247270951,0.7558191614176029,0.993617042832543
2013-06-07,0.9885602041426879,0.9508751744962007,0.7349906632584511,0.9806294873763992,1.1099242593522118,0.9396434337254783,0.7475424832933463,0.9827363337130811
2013-06-10,1.0252866728014423,0.9862015887582518,0.7622966497279837,1.017061318217914,1.1729695998538359,0.9930165713339062,0.7900040026281563,1.0385572118137354
2013-06-11,0.9974020320530109,0.9593799419568585,0.7415645278880326,0.9894003817891375,1.1555952424116265,0.978307729042902,0.7783022399190903,1.0231738086765316
2013-06-12,1.0236498385436574,0.9846271524680087,0.7610796698296105,1.0154376154505913,1.160870034940757,0.9827732807438392,0.7818548530572019,1.0278441546280657
2013-06-13,0.9971243548128184,0.9591128500861609,0.7413580759409629,0.9891249322125057,1.1121379963315046,0.9415175466652225,0.7490334520913656,0.9846963951717838
2013-06-14,1.0276250074552902,0.9884507834584739,0.7640351924398486,1.0193808935996744,1.1287940704564092,0.9556183022359187,0.7602514454889657,0.9994438241802418
2013-06-17,1.0639568821411531,1.02339764611481,0.7910477998267135,1.055421296095463,1.1585687911497728,0.9808250859914678,0.7803049477517897,1.0258066138976272
2013-06-18,1.0794045054488348,1.038256388603824,0.8025330476174902,1.0707449909619104,1.1700471492321713,0.9905424732016278,0.7880357097679784,1.0359696492974713
2013-06-19,1.0825466426401509,1.0412787439824476,0.8048692143867132,1.0738619203813573,1.1809342758210075,0.9997593336541677,0.7953682728483615,1.0456092033286872
2013-06-20,1.0789952968843883,1.0378627795312632,0.8022288026428968,1.0703390652700797,1.1671961442355248,0.9881288597482369,0.7861155360830472,1.0334453453423191
2013-06-21,1.087939426935725,1.0464659492599668,0.8088787285160538,1.0792114411056786,1.1789286020744967,0.998061363589792,0.7940174362299981,1.0438333628173528
2013-06-24,1.0891378234459541,1.0476186615439578,0.8097697316559828,1.0804002234889618,1.1668210130289718,0.9878112799025377,0.7858628823444299,1.0331132009968984
2013-06-25,1.0645706949878873,1.0239880597237139,0.7915041672886518,1.0560301846332738,1.1523591584466455,0.9755681141339956,0.7761227126018486,1.020308552543479
2013-06-26,1.0640007259159474,1.0234398185154727,0.7910803975025869,1.0554647881339059,1.1487097602979883,0.972478594305465,0.7736648150186698,1.0170773445338768
2013-06-27,1.0916661477905356,1.0500506033136772,0.8116495309632672,1.0829082643705978,1.1765625069373655,0.9960582667654443,0.7924238530466271,1.0417384021561293
2013-06-28,1.1057253848973847,1.0635738864493283,0.8221025190187923,1.0968547113540157,1.2018546136060249,1.017470143977823,0.8094582804568762,1.0641322474748585
2013-07-01,1.1060907496871668,1.063925323121352,0.8223741663176092,1.0972171450075332,1.2103732628240869,1.0246818908466,0.8151956559012976,1.0716747315950201
2013-07-02,1.1478300232601588,1.1040734485220531,0.8534071537257402,1.1386215655737475,1.2393915633845092,1.0492483018874643,0.8347397034154508,1.0973677805243023
2013-07-03,1.1210707060640526,1.0783342266702962,0.8335117055659935,1.1120769247976026,1.2305210309127634,1.041738656503563,0.8287653319065937,1.0895137359929628
2013-07-04,1.1327185355590192,1.0895380277712454,0.8421718214498323,1.1236313096684791,1.229140594808856,1.0405700022374862,0.8278355976256754,1.088291486182448
2013-07-05,1.1499637536319793,1.106125838686183,0.8549935739504539,1.1407381781097867,1.2504626319365597,1.0586208845493936,0.8421961528158279,1.107170198326647
2013-07-08,1.1428610621205852,1.0992939097839403,0.8497127504629184,1.1336924678873614,1.2352156854133292,1.0457130729900008,0.8319272176424778,1.0936704228236735
2013-07-09,1.1771468939842171,1.1322727270774722,0.8752041329768165,1.1677032419239963,1.2648809737805553,1.0708272131567411,0.8519070163961263,1.1199363202332535
2013-07-10,1.1753639138104932,1.1305577161183944,0.8738784941588971,1.1659345656952407,1.2639967868550088,1.07007867519861,0.851311509734794,1.1191534536455499
2013-07-11,1.1768107583776752,1.131949405339266,0.8749542174619479,1.1673698029628174,1.2626633536835092,1.0689498128340351,0.8504134322885812,1.1179728206292252
2013-07-12,1.1839572936638638,1.1388235066421717,0.880267638625357,1.1744590052236854,1.269692777125637,1.0749008059082168,0.8551478027753706,1.1241967316424553
2013-07-15,1.183913449889069,1.1387813342415087,0.8802350409494833,1.1744155131852425,1.269651130072657,1.0748655482052365,0.8551197531664497,1.1241598569892428
2013-07-16,1.2075270765838189,1.1614947828607871,0.8977916804678251,1.1978396997383032,1.2845787242111748,1.0875030013425917,0.8651736020645859,1.137376875187769
2013-07-17,1.2101540925535494,1.1640216540196238,0.8997448566141958,1.2004456404922714,1.2929506339988779,1.094590521048079,0.870812147379615,1.1447894349742773
2013-07-18,1.2061988100821497,1.1602171513758666,0.8968041194948517,1.1965220892446047,1.2980755285621208,1.0989291716220355,0.8742638030904822,1.1493270599980667
2013-07-19,1.200000233074794,1.1542548711133216,0.8921955016212991,1.1903732402744425,1.2928528485119894,1.0945077374798364,0.8707462881058108,1.1447028548765226
2013-07-22,1.1981554184893526,1.152480382940023,0.8908238891589925,1.1885432257000696,1.299285807847412,1.0999537739530645,0.8750789354517959,1.1503986515211586
2013-07-23,1.1908942282807138,1.1454959974895917,0.8854252225070999,1.1813402883350002,1.3013474123453315,1.1016990940621496,0.8764674418592897,1.1522240135931923
2013-07-24,1.184356205389539,1.1392072114030654,0.8805642279404098,1.1748547166830559,1.2999907984025032,1.100550607241776,0.875553751986177,1.1510228561257294
2013-07-25,1.1397264509365534,1.0962787935127172,0.8473821792508118,1.130583004097862,1.2720643791650654,1.076908564784538,0.856745094899585,1.1262965681615835
2013-07-26,1.1215291998650008,1.0787752421705712,0.8338525939220558,1.1125317403354977,1.241996075281952,1.0514532383791855,0.8364938621115747,1.0996738374030834
2013-07-29,1.069962942570457,1.0291747487483336,0.7955132823739631,1.0613791729503665,1.1939701689119138,1.0107953041200866,0.804148046613114,1.0571512934081582
2013-07-30,1.1174706077768204,1.074871368189113,0.8308350465048256,1.1085057082716703,1.2261124203283025,1.0380064000431455,0.8257960989373957,1.0856103148666685
2013-07-31,1.0757777981440375,1.0347679354708292,0.7998366048553536,1.0671473788890562,1.2001356012169677,1.0160148566550533,0.8083005124566726,1.0626102193557367
2013-08-01,1.122196520955396,1.0794171242285535,0.8343487445548454,1.113193707847489,1.2409215355968373,1.0505435509380037,0.8357701514098401,1.0987224308708976
2013-08-02,1.1532656130692924,1.109301827518689,0.857448493587768,1.1440135484047191,1.2768566628087008,1.0809656324811394,0.8599727346105146,1.1305396966619083
2013-08-05,1.143452425470309,1.0998627296959724,0.8501524268112265,1.1342790870290813,1.2642214836180783,1.0702688997443106,0.8514628447244003,1.1193524020614216
2013-08-06,1.1510058790441904,1.1071282371026179,0.8557683901373789,1.1417719430787547,1.272763865953994,1.0775007386762756,0.8572162046053335,1.1269158996850097
2013-08-07,1.1111409297887935,1.068782984663105,0.8261289555625277,1.1022268100774637,1.2336246343414285,1.0443661155919293,0.8308556325687094,1.0922616927378364
2013-08-08,1.091550566288372,1.0499394279087015,0.8115635965663742,1.082793610120162,1.2165376879742782,1.0299005907409968,0.8193474434183483,1.077132765799159
2013-08-09,1.098608859020131,1.0567286505628515,0.8168114097340982,1.0897952777518265,1.226996297800199,1.0387546760229591,0.8263913971793265,1.0863929074614915
2013-08-12,1.0831058231985748,1.0418166079474729,0.8052849629549796,1.0744166149179781,1.2204621031767442,1.0332229354371671,0.8219905670920643,1.0806074762359685
2013-08-13,1.1122843011879244,1.0698827694552768,0.8269790477465708,1.1033610087881864,1.2527898278685266,1.0605910499530595,0.8437635370868123,1.1092307173023723
2013-08-14,1.1227096876462912,1.0799107284265637,0.8347302819917384,1.1137027576624852,1.269299166624128,1.0745675817984885,0.8548827030901721,1.1238482255728701
2013-08-15,1.1017148679390585,1.0597162549195664,0.8191207152734494,1.0928763687376768,1.2491931971504764,1.0575462021544144,0.841341178771994,1.106046230022457
2013-08-16,1.0905872533772862,1.049012837571983,0.8108473771672142,1.081838025379625,1.2368502420363352,1.0470968614646812,0.833028104037878,1.0951176730926935
2013-08-19,1.1030473007506993,1.0609978938900249,0.8201113738816669,1.0941981121171567,1.2419002711087963,1.0513721321582241,0.8364293372677332,1.0995890115772775
2013-08-20,1.0895789258441892,1.0480429486214011,0.8100976895718335,1.0808377871465413,1.213753850198033,1.0275438399402417,0.8174725073704104,1.0746679322694586
2013-08-21,1.0896419463149731,1.048103566680779,0.8101445450465189,1.0809003020360746,1.2072144406411092,1.0220076844784345,0.8130681649855452,1.0688778836977026
2013-08-22,1.087148136255429,1.0457048234726343,0.8082904069757936,1.0784264985488852,1.2018606967439531,1.0174752938613068,0.8094623774968275,1.0641376335366686
2013-08-23,1.099482142687195,1.0575686436718439,0.8174606927408163,1.0906615555072716,1.2285033181361777,1.0400304943963856,0.8274063869093364,1.087727236022501
2013-08-26,1.101804897183081,1.059802852147293,0.8191876516658908,1.0929656757227693,1.226417724401302,1.038264865397936,0.8260017235671548,1.0858806336770193
2013-08-27,1.0970783618716733,1.0552564976914258,0.8156734910625326,1.0882770590051747,1.2219621698576542,1.0344928669617655,0.8230008734821667,1.0819356479719238
2013-08-28,1.0818184050090245,1.040578267590954,0.8043277725430416,1.073139525031123,1.1982855124238325,1.0144486022267623,0.8070544634951512,1.060972135079004
2013-08-29,1.0838890776216161,1.0425700038287384,0.805867309569256,1.0751935856883301,1.2016024912146492,1.0172567013509461,0.8092884740967085,1.0639090161755518
2013-08-30,1.0746430742600046,1.0336764685407291,0.7989929420651198,1.0660217583188067,1.1881523584488898,1.0058700424599532,0.8002297067406285,1.0520001547818103
2013-09-02,1.086436905227637,1.04502070537358,0.8077616094754934,1.077720973366638,1.201432819268121,1.0171130599005505,0.8091741987421658,1.0637587871979794
2013-09-03,1.1121582602462772,1.0697615333364443,0.8268853367971404,1.1032359790090407,1.2309395252658617,1.0420929468685378,0.8290471910562822,1.0898842744353638
2013-09-04,1.1182532400669503,1.0756241656538756,0.8314169305657044,1.1092820619001678,1.2441950863978657,1.053314884647701,0.8379749129279064,1.1016208604577091
2013-09-05,1.113976850975654,1.0715107973366407,0.828237451924554,1.105039980108036,1.2506534841884462,1.0587824568943405,0.8423246932681294,1.1073391805258552
2013-09-06,1.1039475931910012,1.0618638661673656,0.8207807378061411,1.0950911819681604,1.2365905244352455,1.046876988859474,0.832853182245839,1.0948877169304194
2013-09-09,1.1259597433557171,1.083036888347702,0.8371466857590429,1.1169267398245457,1.2811407392026075,1.0845924603652894,0.862858092849273,1.1343328541618192
2013-09-10,1.1388159194028442,1.0954029724677556,0.8467052026002504,1.1296797772965006,1.3046983191495236,1.1045359160786568,0.8787243032375179,1.1551909348399518
2013-09-11,1.1405354779638126,1.097056979517468,0.8479836876959902,1.1313855407119098,1.3000614745813917,1.1006104405203572,0.8756013529335668,1.1510854334127256
2013-09-12,1.1395091445818635,1.096069771121295,0.8472206128220857,1.1303674410817603,1.2967816880708591,1.0978338277626165,0.8733923916174258,1.1481814826759398
2013-09-13,1.1389689691177298,1.0955501877549363,0.8468189944674365,1.1298315991712051,1.2922255135868697,1.0939766461570113,0.8703237732325396,1.144147407224011
2013-09-17,1.1166507195232427,1.0740827350002384,0.8302254627801625,1.1076923975654105,1.2811558350758896,1.0846052402807536,0.862868260035462,1.1343462201757957
2013-09-18,1.123231857261652,1.0804129923474077,0.8351185130679227,1.114220738176053,1.2885176081547502,1.0908375950345506,0.8678264705461733,1.1408643963704215
2013-09-19,1.1432363552846396,1.099654896349414,0.8499917794693546,1.1340647502648433,1.333945603548257,1.1292961810318807,0.898422573119263,1.1810867279978112
2013-09-20,1.1441906652713394,1.1005728269633754,0.8507013052292822,1.1350114043068873,1.3344316417719686,1.1297076529153016,0.898749923582745,1.1815170703549496
2013-09-24,1.1503936801848074,1.1065393759540478,0.8553132226687524,1.1411646555800938,1.3315300370702385,1.127251202592431,0.8967956706091836,1.1789479649926367
2013-09-25,1.1463333612791806,1.1026338409833716,0.8522943913694736,1.1371369105522,1.315439710774379,1.1136293997324511,0.8859587127043017,1.1647014539005474
2013-09-26,1.1674182102304356,1.1229149117180952,0.867970894480204,1.1580526064621008,1.3336911990459355,1.1290808064077993,0.898251229739907,1.1808614760981566
2013-09-27,1.1711184121599734,1.1264740577778658,0.8707219802097168,1.1617231235496248,1.3377805295955763,1.1325427656963958,0.9010054251620973,1.1844822039792107
2013-09-30,1.1549851716302608,1.1109558345684019,0.8587269786835073,1.1457193118201283,1.3061988145823165,1.105806210577474,0.8797348983952944,1.156519486196453
2013-10-01,1.1566634967973775,1.1125701800877297,0.8599748069114423,1.1473841726362763,1.3092535457376178,1.1083922952113487,0.8817922832072637,1.1592241710168316
2013-10-02,1.1264504726019953,1.0835089104417839,0.8375115410432138,1.1174135321991545,1.2812073472027883,1.0846488495913797,0.8629029538471675,1.1343918294489541
2013-10-03,1.133612816823391,1.0903982180254608,0.8428367160884042,1.1245184165681663,1.2757369633074018,1.0800177134900233,0.8592186084269569,1.1295483052462372
2013-10-04,1.1196029566980497,1.0769224295651065,0.8324204396264027,1.1106209504397953,1.261475655230764,1.0679443270606017,0.8496135082908058,1.116921222366395
2013-10-07,1.1035781953411952,1.061508550180114,0.8205060919428975,1.0947247476098125,1.23709425976617,1.047303442819779,0.8331924518464706,1.0953337284560736
2013-10-08,1.1041081563422133,1.0620183084702086,0.8209001158839858,1.0952504570027053,1.2461247904285757,1.0549485400131122,0.8392745833612565,1.1033294367396602
2013-10-09,1.1309787532342896,1.0878645679104504,0.840878300064468,1.1219054847343004,1.280081192869545,1.0836954660468026,0.8621444802848947,1.1333947228704455
2013-10-10,1.1300447625592516,1.0869661820130787,0.8401838816336564,1.1209789869923938,1.2884479475587074,1.0907786215315305,0.8677795536016027,1.1408027182890725
2013-10-11,1.1563014442323722,1.1122219293747397,0.8597056222388522,1.1470250246352374,1.3108106919889397,1.1097105493517339,0.8828410331248875,1.1606028814875555
2013-10-15,1.1521299690264963,1.1082094755073157,0.8566041466630759,1.142887015057673,1.3062055878387486,1.1058119447038146,0.8797394602353397,1.1565254832950276
2013-10-16,1.1488767430798068,1.1050802662019334,0.8541853858367077,1.1396598880915534,1.305295500176232,1.105041479612172,0.8791265092294311,1.155719683975585
2013-10-17,1.1562122428757562,1.1121361284744182,0.8596393013774741,1.1469365388958308,1.3157317065137062,1.1138765984731067,0.8861553740694793,1.164959989399622
2013-10-18,1.146510283560508,1.102804018787844,0.8524259323968718,1.1373124134758628,1.3209572375491405,1.118300446212087,0.889674809214572,1.1695867188076845
2013-10-21,1.1536778749204903,1.1096983734832682,0.8577550086691739,1.1444225028883315,1.3336252585315804,1.1290249822641176,0.8982068182988245,1.1808030918086216
2013-10-22,1.1586521623357735,1.114483035453455,0.8614533719972504,1.1493568841204207,1.3377526445650834,1.1325191586929622,0.9009866443806472,1.1844575143371918
2013-10-23,1.148540926207873,1.1047572510478123,0.8539357072997791,1.1393267653079364,1.32227641894627,1.1194172432613096,0.8905632879816727,1.1707547331823536
2013-10-24,1.15184137640221,1.1079318843592734,0.8563895791704265,1.1426007376655338,1.3277839085334695,1.124079792424749,0.8942726243693019,1.1756311110786675
2013-10-25,1.1258155688285096,1.0828982099160376,0.8370394925593436,1.116783721936393,1.301863681702586,1.1021361591208607,0.8768151532225821,1.1526811228518485
2013-10-28,1.140512804113571,1.0970351700199639,0.8479668297766059,1.1313630487624604,1.3226399928653394,1.1197250388994797,0.8908081577987182,1.171076644607615
2013-10-29,1.1456602471034538,1.1019863866790027,0.8517939336002927,1.1364691964298608,1.3200271116010696,1.1175130170408816,0.889048362269983,1.1687631774206064
2013-10-30,1.1366351686706606,1.0933053544124183,0.8450838229206595,1.127516521620584,1.322205744323574,1.1193574113001759,0.8905156880823908,1.1706921572732236
2013-10-31,1.1123041868724366,1.0699018970750735,0.8269938326755892,1.103380734939945,1.3057354758147166,1.105413955676388,0.8794228361892308,1.1561092421298866
2013-11-01,1.0941177828053366,1.0524087792373398,0.8134723120524157,1.085340231162022,1.2907991941227706,1.0927691478006665,0.869363136157372,1.142884531898023
2013-11-05,1.0951110230355068,1.0533641560299944,0.814210782296806,1.0863255031299526,1.2951938799733211,1.0964896158127506,0.8723229907117107,1.1467756239470528
2013-11-06,1.0988866092951464,1.0569958126842027,0.8170179159822739,1.0900707997773598,1.3030976791554283,1.1031808408584005,0.8776462599512647,1.1537737146412428
2013-11-07,1.0853696284701655,1.0439941144095266,0.8069680933612832,1.0766622588288872,1.29375333693623,1.0952700760158716,0.8713527739512748,1.1455001549491475
2013-11-08,1.0819314892117964,1.0406870408964075,0.8044118502075593,1.0732517020167334,1.2858009806290651,1.0885377433150492,0.8659968011163707,1.1384590713654401
2013-11-11,1.0861718609637472,1.0447657648958848,0.807564550097124,1.0774580554183524,1.2949670025656816,1.0962975451695938,0.8721701870412973,1.1465747447700212
2013-11-12,1.09415598435262,1.0524455244985664,0.8135007147541002,1.0853781262376814,1.3135796213750779,1.1120546789571657,0.8847059282579899,1.1630545150024698
2013-11-13,1.0893871578628098,1.0478584910517033,0.8099551108242417,1.0806475576223433,1.3080500866740015,1.1073734667666544,0.8809817443174461,1.158158618175738
2013-11-14,1.101051363643,1.059078044155418,0.8186274024123902,1.092218187399819,1.3248405392957607,1.1215879849397439,0.8922902426611212,1.173025027042701
2013-11-15,1.1131294195191979,1.0706956709228383,0.8276073899357783,1.1041993471640348,1.343456708641896,1.1373481245527177,0.904828375191481,1.1895079409504303
2013-11-18,1.1135687373133007,1.0711182414272713,0.8279340210054045,1.1046351405344548,1.3440507518329905,1.137851031646745,0.9052284678270932,1.1900339118198517
2013-11-19,1.1130593833490834,1.070628304610499,0.8275553183159532,1.1041298728585658,1.3421433439989607,1.1362362518709352,0.9039438140528475,1.1883450767791581
2013-11-20,1.1087808100497922,1.0665128353497406,0.8243742157246617,1.0998856243812312,1.339849211551078,1.1342940774634602,0.9023986982914396,1.1863138324920928
2013-11-21,1.1168859050051958,1.0743089549464335,0.8304003222704043,1.1079256962736126,1.3574566499472998,1.1492002422168928,0.9142574428068789,1.2019036074787939
2013-11-22,1.1152750730934096,1.0727595297634402,0.8292026750150524,1.106327787248664,1.3630026139698321,1.1538953631979332,0.9179926920211623,1.2068140509658016
2013-11-25,1.1197000856573829,1.0770158558589915,0.8324926546295386,1.1107173001827868,1.3777259423529735,1.1663598883411868,0.9279089663697386,1.2198502105355968
2013-11-26,1.116688530344041,1.0741191044299145,0.8302535749782266,1.1077299050491851,1.3717091142433595,1.1612661416486392,0.9238565865891262,1.2145228600004576
2013-11-27,1.108895414691757,1.0666230711335294,0.8244594238298001,1.0999993096083218,1.3639275421054475,1.1546783919874888,0.9186156381992818,1.2076329901657368
2013-11-28,1.1186941115780804,1.0760482306458916,0.831744716817892,1.1097193965229324,1.3813066456950007,1.169391252287965,0.9303205974749078,1.2230205955819706
2013-11-29,1.122393294743096,1.0796063967775922,0.8344950450999484,1.1133889030189645,1.3802141665495937,1.1684663775978101,0.9295848044093699,1.2220533052998015
2013-12-02,1.1223896655961443,1.0796029059778143,0.8344923468433183,1.1133853029868168,1.3798218417067556,1.1681342419053482,0.9293205706251259,1.2217059375632857
2013-12-03,1.1268303407290692,1.0838742975675282,0.8377939715168448,1.11779035283705,1.3876016986427488,1.1747205395050566,0.9345603638133508,1.22859428874371
2013-12-04,1.0945542141535571,1.052828573330462,0.8137967970607655,1.08577316124305,1.3578183573314668,1.1495064576776315,0.9145010554983823,1.202223866258254
2013-12-05,1.085699941175199,1.0443118352217955,0.8072136795715493,1.076989921602741,1.3486249868986908,1.1417235030407038,0.9083092501519852,1.1940839782636936
2013-12-06,1.093624560619602,1.0519343592374648,0.8131056032774643,1.0848509658475447,1.3563562936132556,1.1482686988297377,0.9135163443945071,1.2009293426671324
2013-12-09,1.1108276638782284,1.0684816608022782,0.8258960435775843,1.1019160573402982,1.382064454249739,1.1700328004174712,0.9308309873362851,1.223691565690485
2013-12-10,1.1115768021629076,1.0692022410908444,0.8264530249758049,1.1026591856687504,1.3833939670483562,1.1711583438595108,0.9317264243813576,1.2248687275754773
2013-12-11,1.1017567726007724,1.0597565621283263,0.8191518712262963,1.0929179372195585,1.3790393155192724,1.1674717682387072,0.9287935332489227,1.2210130822535274
2013-12-12,1.0911244244167284,1.0495295310457073,0.8112467617438015,1.0823708869684627,1.3707093000973354,1.160419715607095,0.9231832041098686,1.2136376160930658
2013-12-13,1.0879383302665722,1.0464648943970791,0.8088779131468079,1.079210353234546,1.3655864589115967,1.1560828033884114,0.9197329313644655,1.2091018091470984
2013-12-16,1.0690654609518087,1.028311480140956,0.7948460082844452,1.060488891371221,1.3481774557468047,1.1413446306043964,0.9080078344960849,1.193687730393876
2013-12-17,1.076430483123389,1.0353957393628244,0.800321873596561,1.067794827708094,1.3582541936786607,1.1498754294866256,0.914794594613818,1.202609759449011
2013-12-18,1.0881639743281672,1.0466819366526179,0.8090456786281586,1.0794341870683624,1.3756283297769865,1.1645840843915762,0.9264962082460844,1.2179929666064668
2013-12-19,1.1058995975722914,1.0637414579406317,0.8222320454643652,1.0970275264090548,1.3919642137038244,1.1784137722613715,0.9374985510947643,1.2324568965034426
2013-12-20,1.107506183291032,1.0652867988002461,0.8234265356917184,1.098621223306009,1.3923043544851084,1.1787017297944937,0.9377276385141696,1.2327580600301686
2013-12-24,1.1060079067218405,1.0638456382232744,0.8223125728954013,1.0971349666492702,1.3902130247492606,1.1769312447929394,0.9363191119314339,1.2309063789808763
2013-12-25,1.110638122866455,1.0682993453075929,0.8257551205732249,1.1017280369198594,1.3925793935626503,1.17893457330706,0.9379128794378597,1.2330015819573756
2013-12-26,1.1453782825950187,1.101715170975562,0.8515842940859754,1.1361894939795636,1.4204315685902384,1.2025137618499975,0.9566715324809023,1.257662133469712
2013-12-27,1.1520844241066415,1.1081656668111601,0.8565702841924728,1.1428418355215937,1.429363115919666,1.2100750613984936,0.962686997963375,1.2655702010724772
2013-12-30,1.1543137874355178,1.1103100442961906,0.8582278071484529,1.1450533138000134,1.4388998490488065,1.2181487011883105,0.9691100607136427,1.2740141053046465
2014-01-06,1.1408763947410936,1.0973849001627936,0.8482371579926898,1.1317237224869217,1.4248710350831622,1.2062721404097692,0.9596615471406006,1.2615928746785257
2014-01-07,1.1385187070607572,1.0951170901952745,0.8464842263809732,1.1293849493381816,1.4178720318942786,1.2003469006164733,0.9549476649271875,1.2553958980149973
2014-01-08,1.1621034691070469,1.1178027745190389,0.8640194051455568,1.1527805028092064,1.450747565958789,1.2281787814440577,0.9770895887270353,1.2845041741367145
2014-01-09,1.150969505880897,1.1070932505253224,0.8557413468320725,1.1417358617188889,1.4411660150032373,1.2200671996271644,0.970636340827674,1.2760205878216992
2014-01-10,1.159083421008183,1.1148978540590004,0.8617740111412722,1.1497846830233904,1.4436012303116899,1.2221288124399439,0.9722764769754298,1.2781767480676494
2014-01-14,1.1342922167709328,1.0910517184809352,0.8433418473044582,1.1251923660347638,1.4120852940917372,1.1954479445543522,0.9510502527293464,1.2502722713852426
2014-01-15,1.1473422940650213,1.10360431211378,0.8530445289679126,1.1381377491823916,1.4412834947099586,1.2201666559946476,0.9707154643092621,1.2761246053483877
2014-01-16,1.1458992945817348,1.1022163213978702,0.8519716644697689,1.1367063261515538,1.4416799965805758,1.2205023278894152,0.9709825113536834,1.2764756714606538
2014-01-17,1.1519630465087223,1.1080489162641347,0.8564800404209497,1.1427214316745362,1.4456577019803214,1.223869787181049,0.973661526383115,1.279997565489187
2014-01-20,1.1448663277385216,1.1012227324154562,0.8512036576432391,1.1356816462770332,1.4371612301333698,1.2166768153061205,0.9679390875678673,1.2724747174011177
2014-01-21,1.1491480147299302,1.1053411966708777,0.8543870752524981,1.139928983466914,1.4412708646016272,1.220155963554816,0.9707069578346386,1.2761134225435689
2014-01-22,1.1527200298442213,1.1087770425413375,0.8570428545839136,1.1434723421169477,1.4418938728388464,1.2206833919755637,0.9711265586504949,1.2766650393099914
2014-01-23,1.1360979374358415,1.0927886030380325,0.8446843935890435,1.126983600319286,1.4303152768848835,1.2108811450490469,0.9633282856606538,1.2664132524502432
2014-01-24,1.116203469150006,1.0736525343155325,0.829892933868832,1.107248735254913,1.406838216165368,1.1910058555755634,0.9475163055883037,1.2456264641775718
2014-01-27,1.0901742817495406,1.048615608888339,0.8105403343697072,1.0814283668136417,1.3708734011156332,1.1605586408022255,0.9232937274016121,1.2137829125236297
2014-01-28,1.0752002051443799,1.0342123609675917,0.7994071667087103,1.0665744196248734,1.3584293922527653,1.1500237496880876,0.9149125921943305,1.202764881749417
2014-01-29,1.0960093616272655,1.054228248941701,0.8148786935424946,1.0872166348071488,1.3930897458526967,1.179366629074999,0.938256605611102,1.233453452194643
2014-01-30,1.075507729624418,1.0345081622676973,0.799635809962408,1.0668794769920946,1.3594783546162619,1.15091178379382,0.9156190763742034,1.2036936419045534
2014-01-31,1.0722668947193554,1.0313908716434634,0.7972262618272504,1.0636646416605642,1.355694576757638,1.1477085003358958,0.9130706730279093,1.2003434529623467
2014-02-03,1.0361763894791034,0.9966761771573123,0.7703931116835323,1.0278636722258334,1.3281286435161301,1.1243716393324115,0.8945048060184955,1.1759363423501779
2014-02-04,0.9813223718138333,0.9439132564968394,0.7296093630992444,0.9734497205027013,1.2636797282405732,1.0698102586443716,0.8510979683314169,1.1188727272647205
2014-02-05,1.0111676004056898,0.9726207513223789,0.7517991743681011,1.003055515973747,1.2857651724904795,1.0885074287399656,0.8659726840609816,1.1384273665364533
2014-02-06,1.0100068549212118,0.9715042547645837,0.7509361646192405,1.0019040825611456,1.2775825574147546,1.0815801627920212,0.8604616301832053,1.1311824098901353
2014-02-07,1.0305309455321632,0.9912459438992267,0.7661957460870196,1.0222635188102898,1.304337303859605,1.104230286533407,0.8784811566767879,1.1548712888465973
2014-02-10,1.0494282337596075,1.0094228461915453,0.7802458063158962,1.0410092036857534,1.3232618163857246,1.1202514643586419,0.8912269606987202,1.1716272124157248
2014-02-12,1.068219999670193,1.027498248796707,0.7942174111129929,1.0596502127963479,1.3424340868043763,1.1364823898985605,0.9041396315574463,1.1886025029199414
2014-02-13,1.0478190184288834,1.0078749759637213,0.7790493609822706,1.0394128982728579,1.3208584894486142,1.1182168477111334,0.8896083016131157,1.1694992864036666
2014-02-14,1.0347342511499376,0.9952890147673572,0.7693208874501248,1.026433103440514,1.3041925003662227,1.1041076983021914,0.8783836304157657,1.154743078607929
2014-02-17,1.0435805387054624,1.0037980718665132,0.7758980678085522,1.0352084217209843,1.3147972476501495,1.1130855011276521,0.8855260088731496,1.1641326116124984
2014-02-18,1.07390061772278,1.0329623152838712,0.7984409285201192,1.0652852581335417,1.3485350535675447,1.1416473669770273,0.9082486793651686,1.1940043505310936
2014-02-19,1.070251304267949,1.0294521177727716,0.7957276781734391,1.0616652212683209,1.3447019223473198,1.1384023017833045,0.9056670361521186,1.1906104637047947
2014-02-20,1.0452249281417523,1.005379775323338,0.7771206649527312,1.0368396190554496,1.3167874474316035,1.1147703711903503,0.8868664236576199,1.1658947513441986
2014-02-21,1.0706733935350612,1.0298581165210892,0.7960414999003194,1.062083924327478,1.3491215670671766,1.1421438995593873,0.9086437006959536,1.1945236545479618
2014-02-24,1.0730212650830702,1.0321164845583133,0.7977871332558653,1.064412960093738,1.349528580311705,1.1424884702086349,0.9089178272311513,1.1948840275196582
2014-02-25,1.0839340313419166,1.0426132438625337,0.8059007324852919,1.0752381787677505,1.3668738172995425,1.1571726596068792,0.9205999770913295,1.2102416471600834
2014-02-26,1.0808035359445443,1.039602086479542,0.8035732213445439,1.0721327977460435,1.3619752243255574,1.1530255921978063,0.9173007372327887,1.2059043914788568
2014-02-27,1.087205223161633,1.0457597341616056,0.8083328508683134,1.0784831274758164,1.3647156745866904,1.1553456118492622,0.9191464514572394,1.2083308093354415
2014-02-28,1.0868798626849476,1.0454467767931561,0.8080909466205449,1.0781603772010964,1.365568561386626,1.1560676516411832,0.9197208772444225,1.2090859625270027
2014-03-03,1.0645777210365237,1.0239948179314546,0.7915093911284597,1.0560371543154894,1.3366471977858172,1.1315833058194713,0.90024211751446,1.1834787424022442
2014-03-04,1.073111882470489,1.032203647508747,0.7978545069306325,1.0645028505038512,1.3476363639279871,1.1408865512622142,0.9076434050149561,1.1932086431176523
2014-03-05,1.075675701679558,1.034669731038697,0.79976069653148,1.0670461014926926,1.3569226327636374,1.1487481521432699,0.9138977781466716,1.2014307841444167
2014-03-06,1.086409462880597,1.044994309159753,0.8077412061973037,1.077693751175621,1.3708425285176213,1.1605325045737753,0.9232729344705732,1.2137555776640414
2014-03-07,1.0947936516031238,1.0530588831544707,0.8139748178723744,1.0860106778074883,1.3803045864956605,1.1685429256215891,0.9296457029350603,1.2221333638853695
2014-03-10,1.0879948886866924,1.0465192967464516,0.808919964111982,1.0792664579151694,1.3707355952328086,1.160441976631824,0.9232009140848558,1.2136608980285768
2014-03-11,1.0963005202747553,1.0545083082932492,0.815095168863406,1.0875054576365901,1.3749416474199394,1.1640027505190897,0.9260337224232053,1.2173849722354053
2014-03-12,1.0777753196390263,1.0366893091940972,0.8013217543104113,1.0691288752829493,1.347469583576749,1.14074535778834,0.9075310771719719,1.1930609743830245
2014-03-13,1.0723548773558678,1.0314755002826665,0.797291676574976,1.0637519184570403,1.340568169936046,1.134902735684833,0.9028829222661438,1.1869504043314607
2014-03-14,1.031326628453642,0.9920112944905563,0.7667873332415,1.0230528183715448,1.295758356651126,1.0969674923879489,0.8727031700743406,1.1472754163753536
2014-03-17,1.021978329443549,0.9830193631795302,0.7598369093209605,1.0137795160196066,1.2802764804282036,1.0838607932487574,0.8622760079502528,1.1335676321278103
2014-03-18,1.0427816869809379,1.0030296732704838,0.7753041246613437,1.0344159787783815,1.299172571032016,1.0998579095468703,0.8750026695899887,1.1502983906863617
2014-03-19,1.0532155027591608,1.0130657402264494,0.7830616260730084,1.0447660893483814,1.301715368456074,1.1020105995909681,0.8767152631159665,1.1525498050480518
2014-03-20,1.038746706888725,0.9991485111690832,0.7723041326711926,1.0304133692834625,1.2871095576099278,1.089645562841679,0.8668781377279572,1.1396176965001896
2014-03-24,1.0448313140365728,1.0050011662316731,0.7768280143978924,1.0364491627164536,1.3025392349220026,1.102708071250366,0.8772701434860934,1.1532792633902529
2014-03-25,1.0394537210995745,0.9998285732010115,0.7728297949845122,1.031114711478149,1.3042941579962455,1.1041937599624663,0.8784520976076062,1.1548330871339887
2014-03-26,1.0487734538789144,1.008793027258211,0.7797589800236967,1.0403596767717045,1.3163460480322327,1.114396689793828,0.8865691377839677,1.1655039325799579
2014-03-27,1.0698339074929593,1.0290506326334863,0.7954173452961838,1.0612511730558036,1.3352622925162059,1.1304108680319764,0.8993093732162363,1.1822525355545876
2014-03-28,1.0707765931073843,1.0299573820093515,0.7961182283805796,1.0621862959820116,1.3390079689164391,1.1335818954283807,0.901832114938701,1.1855689891430417
2014-03-31,1.073611791508455,1.0326844994505069,0.7982261873541855,1.064998749025338,1.3512648263558373,1.1439583472574106,0.9100872022299435,1.1964213144628506
2014-04-01,1.061566368973607,1.021098262004668,0.7892704625930476,1.0530499608017376,1.3496214058024152,1.1425670547265367,0.9089803459095694,1.1949662159948151
2014-04-02,1.0658134531645216,1.025183442557367,0.7924281531548498,1.0572629727918297,1.3514751043612583,1.144136365122491,0.910228826075922,1.196607496388659
2014-04-03,1.0698046889102086,1.029022527896056,0.7953956213936583,1.0612221888789124,1.3589418354365874,1.1504575755719515,0.9152577266005333,1.2032186032817302
2014-04-04,1.0668112621008843,1.0261432138919826,0.7931700202145081,1.058252776813542,1.355336563177989,1.1474054119886798,0.9128295481420191,1.200026464708671
2014-04-07,1.0491833042241185,1.009187253646124,0.7800637021597849,1.040766239095612,1.3382024783072055,1.1328999804638988,0.9012896108486944,1.1848558009398928
2014-04-08,1.0294147476888909,0.9901722967763251,0.7653658573359687,1.0211562756557793,1.3199518670361599,1.1174493162426096,0.8889976844796451,1.168696555245959
2014-04-09,1.0070877067013115,0.9686963877663525,0.7487657892821561,0.9990083531857771,1.2991928734542846,1.099875097240186,0.8750163434267677,1.1503163666228795
2014-04-10,1.0122558452950288,0.9736675110894719,0.7526082802067245,1.0041350304266865,1.305223278719479,1.104980338127029,0.879077867525574,1.1556557384864876
2014-04-11,0.9952419236869026,0.9573021793573273,0.7399584957272565,0.9872576028760718,1.2890288388062274,1.0912703944086801,0.8681707883025624,1.1413170443163339
2014-04-14,0.9933060037845755,0.9554400589045499,0.7385191468165236,0.9853372138765296,1.2901981303194343,1.0922602971729796,0.8689583150856843,1.1423523449190989
2014-04-15,0.9953101499389215,0.9573678047476899,0.7400092216800239,0.9873252817834995,1.2962343372399447,1.0973704496448036,0.873023746643748,1.1476968536174295
2014-04-16,1.0220377841846144,0.9830765514388279,0.7598811136894819,1.0138384937854614,1.3225241483616703,1.1196269668677266,0.8907301356389014,1.170974074903549
2014-04-17,1.020025109748727,0.981140602421855,0.7583846980818566,1.0118419660150242,1.3223905465013557,1.1195138617529221,0.8906401537634799,1.1708557826856103
2014-04-18,1.029414747688891,0.9901722967763253,0.7653658573359688,1.0211562756557793,1.3288939581006636,1.1250195419420101,0.8950202512483865,1.1766139583610036
2014-04-21,1.030838970700685,0.9915422268010078,0.7664247616006558,1.0225690728492254,1.3270264349195715,1.1234385278505914,0.8937624600931448,1.1749604375296077
2014-04-22,1.017168135443597,0.9783925391986571,0.7562605488083575,1.0090079117646644,1.3197227975179162,1.1172553897950428,0.8888434044059629,1.1684937351556444
2014-04-23,1.0272997338749752,0.9881379096738089,0.7637933527991927,1.0190582295242006,1.3327075540032391,1.1282480688604404,0.8975887372754893,1.1799905484517073
2014-04-24,1.0156842144612475,0.97696518695737,0.7551572593349701,1.0075358955271803,1.3232199242057205,1.1202159991351965,0.891198745994873,1.1715901207249702
2014-04-25,1.0179953787498348,0.9791882470572916,0.7568756009860396,1.00982851851773,1.3309643367051418,1.1267722900639037,0.8964146670837988,1.1784470891012493
2014-04-28,1.0066612926258804,0.9682862290762861,0.7484487520771276,0.9985853600140432,1.3219273259687305,1.1191217069476003,0.890328171189576,1.1704456433052903
2014-04-30,1.0079234782890907,0.9695002987988202,0.7493871822039632,0.9998374198023099,1.3226998090546493,1.1197756782913486,0.8908484444600123,1.171129606367918
2014-05-01,1.0234929478017272,0.984476242578067,0.7609630221737697,1.015281983363454,1.3317700747982828,1.1274544145441487,0.8963634388931375,1.1783797433578322
2014-05-02,1.016360566904729,0.9776157560830759,0.7609630221737697,1.015281983363454,1.3258092562604327,1.1224080846243136,0.8963634388931375,1.1783797433578322
2014-05-07,0.989382206279775,0.9516658409849642,0.7609630221737697,1.015281983363454,1.3008687651505084,1.1012938793009643,0.8963634388931375,1.1783797433578322
2014-05-08,0.9950895953638625,0.9571556579617219,0.7609630221737697,1.015281983363454,1.308843459491816,1.108045123010288,0.8963634388931375,1.1783797433578322
2014-05-09,0.9889814273323837,0.9512803401829514,0.7609630221737697,1.015281983363454,1.311234037542842,1.1100689466626927,0.8963634388931375,1.1783797433578322
2014-05-12,0.9696772413666406,0.932712051552921,0.7609630221737697,1.015281983363454,1.301834431630054,1.1021113964955191,0.8963634388931375,1.1783797433578322
2014-05-13,0.9888404125175618,0.9511447010118737,0.7609630221737697,1.015281983363454,1.321031666906516,1.118363456869205,0.8963634388931375,1.1783797433578322
2014-05-14,0.9856490246031907,0.9480749724032914,0.7609630221737697,1.015281983363454,1.321234574905873,1.118535235409623,0.8963634388931375,1.1783797433578322
2014-05-15,0.9905251684630423,0.9527652321610428,0.7609630221737697,1.015281983363454,1.3219257445331791,1.119120368130542,0.8963634388931375,1.1783797433578322
2014-05-16,0.971532699456396,0.9344967774881477,0.7609630221737697,1.015281983363454,1.2963108228654054,1.0974352011043131,0.8963634388931375,1.1783797433578322
2014-05-19,0.9690612292808924,0.9321195225424744,0.7609630221737697,1.015281983363454,1.296151399122514,1.097300235612816,0.8963634388931375,1.1783797433578322
2014-05-20,0.9655952335691921,0.9287856544954349,0.7609630221737697,1.015281983363454,1.2971660242477658,1.0981592003832519,0.8963634388931375,1.1783797433578322
2014-05-21,0.987237296728062,0.9496026978038847,0.7609630221737697,1.015281983363454,1.3084239330993193,1.1076899589379086,0.8963634388931375,1.1783797433578322
2014-05-22,0.9893599407827012,0.9516444242737447,0.7609630221737697,1.015281983363454,1.3208331746812059,1.118195416649715,0.8963634388931375,1.1783797433578322
2014-05-23,1.0073207750914486,0.9689205713266584,0.7609630221737697,1.015281983363454,1.3317839440826762,1.127466156049842,0.8963634388931375,1.1783797433578322
2014-05-26,1.004982897898387,0.9666718166483018,0.7609630221737697,1.015281983363454,1.3392569629525817,1.133792689641703,0.8963634388931375,1.1783797433578322
2014-05-27,0.9999583173913341,0.9618387788157122,0.7609630221737697,1.015281983363454,1.3387409962822516,1.1333558808327129,0.8963634388931375,1.1783797433578322
2014-05-28,1.000633704135989,0.9624884190561193,0.7609630221737697,1.015281983363454,1.3421644166737592,1.1362540916472412,0.8963634388931375,1.1783797433578322
2014-05-29,1.0019770557929846,0.9637805606332356,0.7609630221737697,1.015281983363454,1.3451274661285395,1.1387625600769817,0.8963634388931375,1.1783797433578322
2014-05-30,1.007031323629491,0.9686421540808056,0.7609630221737697,1.015281983363454,1.3454892444044875,1.1390688355535241,0.8963634388931375,1.1783797433578322
2014-06-02,1.0169468916610893,0.9781797294786052,0.7594410961294221,1.0132514193967272,1.3620959220740547,1.1531277729059806,0.8945707120153512,1.1760229838711165
2014-06-03,1.0193886745072047,0.9805284288093612,0.7612645839205446,1.0156843290746789,1.3676071244709627,1.1577934652724209,0.898190251705886,1.1807813129891276
2014-06-04,1.0262538694392533,0.9871319147696558,0.7663914112967718,1.0225245766494282,1.3705449106925254,1.160280546268733,0.9001196734664111,1.1833177746745842
2014-06-05,1.0264542589129162,0.9873246651706308,0.7665410592309749,1.0227242379299593,1.3739910356089915,1.1631979783567972,0.9023829519699711,1.186293132020111
2014-06-06,1.0362956086209794,0.9967908515310742,0.7738904355562976,1.032529825264207,1.376259726366451,1.1651186142519392,0.9038729383015893,1.18825190190616
2014-06-09,1.0381807540401224,0.998604133081218,0.7752982346412025,1.0344081202738864,1.3749480006199,1.1640081290326012,0.9030114487280251,1.1871193681385448
2014-06-10,1.0322136008235308,0.992864454473588,0.7708420517109628,1.0284626510305581,1.3684354340834688,1.1584946984258775,0.8987342526883575,1.1814964690411225
2014-06-11,1.0502783407852665,1.010240546178838,0.7843325358555426,1.0464617457299514,1.3819201908737242,1.1699106694406418,0.9075905074408454,1.1931391027648217
2014-06-12,1.0563865088167455,1.0161158639576087,0.7888940265913981,1.0525477173559628,1.385162038430904,1.1726551637109273,0.9097196246568015,1.1959380886333386
2014-06-13,1.0741766409812175,1.0332278162244646,0.8021794376409423,1.0702732021523842,1.396427649053727,1.1821924424571562,0.9171184320042319,1.2056647288831743
2014-06-16,1.066391138836638,1.0257391062002859,0.7963653382704831,1.0625159916594882,1.3846111038193702,1.1721887516239962,0.9093577926009774,1.1954624159914389
2014-06-17,1.056156432013629,1.0158945579416534,0.7887222085928522,1.0523184766264422,1.3832419593812941,1.171029656694572,0.9084585927025175,1.1942803073738864
2014-06-18,1.0588357134951751,1.0184717021920626,0.7907230568985696,1.0549880218961127,1.3866397167852988,1.173906141650337,0.9106901053374924,1.1972139045868075
2014-06-19,1.0803664491686114,1.0391816619443524,0.8068018960536791,1.0764405172630345,1.4097645706115962,1.1934832586208441,0.9258775944250026,1.2171797228215289
2014-06-20,1.0690258893241025,1.0282734170283194,0.7983329314797598,1.0651411677557727,1.4001226524440704,1.1853205709254497,0.9195451640428726,1.2088549659598031
2014-06-23,1.0779246663224957,1.0368329626135964,0.8049784082625565,1.0740076075850828,1.4041796342568438,1.1887551443109716,0.9222096291881465,1.2123577323800299
2014-06-24,1.0628657684661622,1.0223481269234125,0.7937326431313659,1.0590034320941122,1.4039959286080148,1.1885996221614141,0.9220889785860773,1.212199122357205
2014-06-25,1.0581083739239932,1.017772089625456,0.7901798903224916,1.054263325396299,1.398198381213648,1.1836915148784826,0.9182813788300893,1.20719356520417
2014-06-26,1.0603275017993723,1.0199066218440178,0.7918371026311662,1.056474389206994,1.4009509608682444,1.1860218030728835,0.9200891642448946,1.2095701209858012
2014-06-27,1.045699070219818,1.0058358425707639,0.7809128034327245,1.0418991157260746,1.3863699259643583,1.1736777412245958,0.9105129174002315,1.196980969298535
2014-06-30,1.0469310943913797,1.00702090059172,0.7818328611023837,1.0431266628583806,1.397022213118209,1.1826957905139375,0.9175089181586086,1.2061780708540908
2014-07-01,1.059458241949837,1.0190704991600925,0.7911879520625718,1.055608288151385,1.408512002342882,1.1924228551391893,0.9250549571423912,1.2160982651583767
2014-07-02,1.0541907792141127,1.0140038380432537,0.7872542877713076,1.0503599667912853,1.408204182059175,1.1921622596022274,0.9248527929585726,1.2158324955288853
2014-07-03,1.0503644674707764,1.0103233896179835,0.7843968540072437,1.0465475594406348,1.4031031841895345,1.18784383957197,0.9215026593723236,1.211428333796839
2014-07-04,1.05259881009459,1.0124725565816137,0.7860654284679867,1.0487737827110553,1.4058897466333693,1.190202897031029,0.9233327633386146,1.213834230053361
2014-07-07,1.049699750540149,1.0096840124462625,0.7839004531051408,1.045885258017642,1.397049613213662,1.182718986979425,0.9175269134572519,1.206201727882565
2014-07-08,1.0524200626846967,1.0123006232245348,0.7859319425111362,1.0485956848494336,1.3954046473338846,1.1813263862009382,0.9164465649484091,1.204781477185862
2014-07-09,1.0449406007513953,1.0051062868137004,0.7803463895037351,1.0411434024516157,1.3872957819257707,1.1744615554960531,0.9111209829653668,1.1977803461065335
2014-07-10,1.0339588067551642,0.9945431311872774,0.7721453460290433,1.0302015150773123,1.3761031136393262,1.164986028519678,0.9037700812585985,1.1881166837003931
2014-07-11,1.03347283723448,0.9940756873726833,0.7717824310838282,1.029717311515991,1.3775150247070265,1.1661813289670646,0.9046973685873879,1.1893357166920413
2014-07-14,1.0407288649054147,1.0010551070871687,0.7772011266451658,1.0369469715867814,1.3858560503347126,1.1732427026559014,0.9101754242175198,1.196537293092241
2014-07-15,1.0443149848167195,1.004504520063876,0.7798791886547211,1.04052005993589,1.3918664989495964,1.178331048574222,0.9141228490719758,1.201726667496737
2014-07-16,1.0449818776735136,1.0051459902130049,0.7803772145067273,1.041184529377975,1.389588047116947,1.1764021491150298,0.9126264520523576,1.199759469974584
2014-07-17,1.0532816114632815,1.0131293287922287,0.7865753345644897,1.049454102855269,1.395503502350603,1.1814100752153622,0.9165114890123163,1.2048668278354366
2014-07-18,1.0468872858359457,1.0069787620678163,0.7818001455125814,1.0430830134983806,1.3895598332807493,1.1763782637501503,0.9126079223209878,1.1997351103687046
2014-07-22,1.0616205742445786,1.0211504009095913,0.7928027502605705,1.0577627627702861,1.4108733752033225,1.1944219541625638,0.9266058134123971,1.2181370560484774
2014-07-23,1.0638846474728199,1.0233281651134853,0.7944935271027753,1.0600186086074137,1.4110573271046063,1.1945776847853573,0.926726625743336,1.218295878683749
2014-07-24,1.0608976399711652,1.0204550257058347,0.7922628734965695,1.0570424555598767,1.4051492541347677,1.1895760083868976,0.9228464371621827,1.2131948946118356
2014-07-25,1.075558074538287,1.0345565879766845,0.803211072059036,1.0716496157330548,1.42048718373606,1.20256084470826,0.9329197824985205,1.226437543271007
2014-07-28,1.0823895232146392,1.0411276141266008,0.8083126982240431,1.0784562396822597,1.4243006722450318,1.2057892807090502,0.9354243308753621,1.2297300794739277
2014-07-29,1.0853429058663622,1.0439684105015132,0.8105182412830818,1.0813988900688418,1.428114315637847,1.2090178478319284,0.9379289809737844,1.2330227494023493
2014-07-30,1.0790046216555964,1.0378717488316807,0.805784903143131,1.0750836384802283,1.4232373041941826,1.2048890509877923,0.9347259528103766,1.2288119758016043
2014-07-31,1.0773289833009914,1.036259987700542,0.8045335608762216,1.0734140892096407,1.414453419893416,1.1974527605055598,0.9289570451249088,1.2212280386809082
2014-08-01,1.0737116443626704,1.03278054580133,0.8018321849529393,1.069809895279999,1.4070662355923116,1.191198893033284,0.9241054347405498,1.214850001434484
2014-08-04,1.0727508028525843,1.0318563326530183,0.8011146425368997,1.0688525453614406,1.4032243905743007,1.1879464508831576,0.9215822629304606,1.211532982443067
2014-08-05,1.0585763374991635,1.0182222139014818,0.7905293586903978,1.054729588443716,1.3836985644484747,1.1714162109567812,0.9087584728456398,1.1946745366237173
2014-08-06,1.051957207096546,1.011855412213303,0.785586288713384,1.048134511227177,1.3739604760601203,1.1631721071505485,0.9023628816673227,1.1862667471442252
2014-08-07,1.055274984618463,1.0150467123150793,0.7880639565430606,1.0514402323133922,1.3812928304530991,1.169379556533745,0.9071784819373009,1.1925974446760856
2014-08-08,1.0264825885992794,0.9873519148974065,0.7665622154272734,1.0227524646693833,1.3483493349014872,1.1414901406405353,0.8855424974267491,1.1641542878397015
2014-08-11,1.0453709259763626,1.0055202075558722,0.7806677501010495,1.0415721639224216,1.3756192349175118,1.1645763848346777,0.9034522888581606,1.1876989065901045
2014-08-12,1.0501176472824592,1.0100859784935499,0.7842125322930031,1.046301636169519,1.385375576703128,1.172835941663705,0.9098598681456267,1.1961224559102697
2014-08-13,1.0536407328192932,1.0134747600372165,0.7868435211517041,1.0498119192040856,1.390922103610166,1.1775315391734142,0.9135026075768453,1.2009112839345133
2014-08-14,1.0629206550958865,1.022400921212923,0.7937736316653617,1.059058119271909,1.4058447941094074,1.1901648409712446,0.9233032402993662,1.2137954183951618
2014-08-15,1.0628221072487325,1.0223061301208216,0.7937000375714346,1.0589599295367065,1.4074341052396495,1.1915103253636214,0.9243470369706239,1.2151676172156685
2014-08-18,1.0630602645460834,1.0225352085934598,0.7938778899651381,1.059197221396841,1.4089218025429422,1.1927697851786776,0.9253240977005638,1.2164520834513879
2014-08-19,1.0722991252196339,1.031421873480731,0.8007773362729464,1.068402509074935,1.4187117265477394,1.2010577721564086,0.9317537324609498,1.2249046273973838
2014-08-20,1.070788058229518,1.0299684100681024,0.7996488934990822,1.0668969331347422,1.4151977119933403,1.198082865829031,0.9294458667291632,1.2218706546685483
2014-08-21,1.078762221530912,1.0376385892730704,0.8056038822678997,1.0748421192107243,1.422485013443409,1.20425217413943,0.9342318780087007,1.2281624538412736
2014-08-22,1.0715846533275817,1.0307346380628162,0.8002437790918359,1.067690633494531,1.413383609800127,1.1965470770582234,0.9282544361813201,1.2203043729994414
2014-08-25,1.0816201090992703,1.0403875309448727,0.8077381109924534,1.0776896215324878,1.4215215112192239,1.2034364891674987,0.933599087867603,1.2273305735439395
2014-08-26,1.0766105935339974,1.0355689837614956,0.8039970778832867,1.0726983099914182,1.4169967914423849,1.1996059365942664,0.930627430932992,1.2234239658176376
2014-08-27,1.077965626432774,1.036872361278285,0.8050089966750905,1.0740484188508612,1.418346245655889,1.2007483621067716,0.9315136990709719,1.224589074049036
2014-08-28,1.0741058357513609,1.0331597101698071,0.8021265613287034,1.0702026542208836,1.4122245559387885,1.1955658413198706,0.9274932154616934,1.2193036549454566
2014-08-29,1.0726029810818534,1.0317141460148656,0.801004251396009,1.0687052607586367,1.4091928768046573,1.19299927214405,0.9255021285509476,1.2166861268524043
2014-09-01,1.0755822631732594,1.034579854513617,0.8032291357785949,1.0716737164692092,1.4172875191365855,1.1998520618289894,0.9308183693802693,1.2236749778388079
2014-09-02,1.0708967309473514,1.0300729400593962,0.7997300486986579,1.0670052109479664,1.421845632324381,1.2037108847090203,0.9338119577860285,1.2276104171753939
2014-09-03,1.066231961788861,1.0255859971610515,0.7962464671744269,1.062357393043456,1.4203080748506147,1.202409214102196,0.9328021508687762,1.2262829020577957
2014-09-04,1.0579267348005026,1.0175973747901614,0.7900442448761317,1.0540823463292461,1.4093929175589648,1.193168623322456,0.9256335074040173,1.2168588404777545
2014-09-05,1.0526667577078646,1.0125379139552537,0.7861161707538696,1.0488414834102353,1.4036593691919645,1.1883146965525848,0.9218679396771631,1.2119085395852434
2014-09-08,1.0551237206919468,1.0149012147400007,0.7879509948504684,1.0512895180632154,1.4093168268528935,1.1931042061951387,0.9255835340387023,1.216793144356249
2014-09-09,1.0564456359875878,1.0161727371340283,0.7889381818996093,1.0526066296652212,1.406458892055099,1.1906847260872524,0.9237065555340875,1.2143256257665938
2014-09-10,1.0629929232633755,1.0224704344363797,0.7938276004780728,1.0591301248248886,1.4105473528640238,1.1941459490678117,0.926391694838607,1.2178555709063092
2014-09-11,1.067982980478922,1.0272702650442624,0.7975541023756626,1.0641020487257173,1.4093754072828544,1.1931537994136794,0.92562200734744,1.2168437222420811
2014-09-12,1.075014739329039,1.034033965318257,0.8028053172548663,1.071108254943722,1.4096067652698725,1.1933496632408818,0.9257739541199272,1.217043474921629
2014-09-16,1.0741426904952909,1.0331951599693419,0.8021540839135672,1.0702393750387593,1.4077487269253792,1.1917766788545128,0.9245536680462018,1.2154392591225605
2014-09-17,1.0746756092270195,1.0337077632381173,0.8025520598443564,1.070770357202897,1.4049837667008331,1.1894359094753273,0.9227377515628752,1.2130520140535024
2014-09-18,1.0782676198994876,1.0371628424135302,0.8052345209883714,1.074349314906796,1.4108128577438868,1.1943707210870584,0.9265660679393362,1.2180848057465206
2014-09-19,1.0882546553530348,1.0467691608145697,0.812692693302106,1.0843000585806795,1.4255100042850402,1.2068130811179634,0.9362185723135462,1.2307742073148034
2014-09-22,1.093376211995817,1.051695477943248,0.8165173970526926,1.0894030040544036,1.4256858236675394,1.2069619268854965,0.9363340435279001,1.230926008396855
2014-09-24,1.0965460402963743,1.0547444688148047,0.818884578563209,1.0925613135503276,1.4316209940703633,1.2119865435204282,0.9402320286309624,1.236050388180831
2014-09-25,1.1029479860999074,1.0609023652257057,0.8236654582514835,1.098939995392538,1.447611155616689,1.2255235485679472,0.9507337341040661,1.249856168808716
2014-09-26,1.0998404470017686,1.057913289021936,0.8213447934082087,1.0958437487469765,1.4433679421248757,1.2219313145376678,0.9479469593600197,1.2461926114109037
2014-09-29,1.105335738859062,1.063199094157338,0.8254485971622445,1.1013190713228749,1.4505075452465424,1.2279755838976287,0.9526359682209604,1.2523568890001155
2014-09-30,1.0983524271663447,1.0564819941804757,0.8202335619130903,1.0943611362106709,1.4389254130166091,1.2181703432186397,0.9450292820047571,1.2423569664661023
2014-10-01,1.09407941556495,1.0523718745994188,0.8170425392147109,1.0901036522597247,1.4283586729618085,1.2092247166817693,0.9380894651964734,1.2332337256079144
2014-10-02,1.0610569352305488,1.0206082484503138,0.7923818328713281,1.0572011719579475,1.3811593057152736,1.1692665167095584,0.9070907881722343,1.192482160460008
2014-10-03,1.0665184672129855,1.025861580675355,0.7964604252435539,1.062642857338632,1.3843960456284565,1.1720066869333128,0.9092165508896909,1.1952767364285786
2014-10-06,1.0832275889737741,1.0419337318740238,0.8089385535012115,1.0792912600033349,1.4062882796787068,1.1905402884845617,0.9235945040753362,1.2141783203729584
2014-10-07,1.075628935780775,1.034624747908707,0.8032639902006907,1.0717202194736435,1.3951535436597458,1.1811138060031448,0.9162816499898341,1.204564676234228
2014-10-08,1.0591256108773264,1.0187505483591275,0.7909395480324444,1.055276865823316,1.3705514214506118,1.1602860581683363,0.9001239494747326,1.18332339601228
2014-10-09,1.040825521104298,1.0011480786427633,0.7772733080837735,1.0370432765477533,1.3519053384585102,1.1445005941597794,0.8878779398742174,1.167224513545552
2014-10-10,1.0216151760009233,0.9826700535556163,0.7629273027397762,1.0179027397088027,1.3295939920998128,1.1256121790928264,0.8732247303060325,1.1479610713064885
2014-10-14,0.9937534476267368,0.9558704456829263,0.7421205706379743,0.9901422577667439,1.2933555506354173,1.0949333167438426,0.8494247556803333,1.116673083895951
2014-10-15,1.00567383482323,0.9673364142784937,0.7510225418156481,1.0020193275976732,1.3077005979200387,1.107077595395201,0.858846015193215,1.1290584857153358
2014-10-16,0.9821021793976006,0.9446633369362315,0.7334195735772725,0.978533328954679,1.2782591176546376,1.0821529274483195,0.8395100157698397,1.103638941533324
2014-10-17,0.9700551479812171,0.9330755519412355,0.7244230263445849,0.9665300751149145,1.2589445634419467,1.0658015468127777,0.82682498071886,1.086962906234164
2014-10-20,1.012401809004428,0.9738079104976853,0.7560468947379071,1.008722853066568,1.3161973238804494,1.1142707823983613,0.8644263286417937,1.1363944925671017
2014-10-21,0.9935476507694685,0.9556724940339062,0.7419668845486168,0.98993720875244,1.2882989556649311,1.0906524874701407,0.8461037841615043,1.1123072592803367
2014-10-22,1.020087530098557,0.9812006432375662,0.7617864790762164,1.016380645102289,1.3232399001423587,1.1202329104312023,0.8690516140999908,1.142474997923185
2014-10-23,1.0169610009201988,0.9781933008768476,0.759451632718198,1.0132654773843541,1.3186896661161813,1.116380757918465,0.8660632004158533,1.1385463613932196
2014-10-24,1.0266413684774955,0.9875046419076294,0.7666807899228981,1.0229106675591246,1.332104893550328,1.1277378665357563,0.8748737910380898,1.1501289640137398
2014-10-27,1.0294275413149427,0.9901846026949259,0.7687614631330997,1.025686715753359,1.3387567475120727,1.1333692155621322,0.8792424655479726,1.1558721227866215
2014-10-28,1.0244013488382988,0.9853500143428437,0.7650079759499244,1.0206787879029655,1.3305008511415204,1.1263799108877437,0.8738203194458947,1.1487440463223415
2014-10-29,1.0427014386113271,1.002952484059208,0.7786742158985953,1.0389123771785282,1.3535556686976071,1.1458977363157232,0.888961811482027,1.1686493957882063
2014-10-30,1.0511074487060386,1.0110380475707974,0.7849517015497636,1.0472878407644557,1.3616197772606977,1.1527246766193615,0.8942579989400061,1.1756118841570034
2014-10-31,1.093129583915771,1.051458251603702,0.8163332188021056,1.0891572721934597,1.4157953190429224,1.1985887900264314,0.9298383513957618,1.2223866239290402
2014-11-04,1.1337649015957758,1.0905445051548375,0.8466790809641532,1.1296449256338947,1.462355550664487,1.2380059083994224,0.9604172694281132,1.2625863643687194
2014-11-05,1.1425751524510288,1.0990188993133696,0.8532584477153113,1.1384231610142548,1.4835167132036262,1.2559205969579954,0.9743150837691806,1.2808567468786136
2014-11-06,1.1208559096162365,1.0781276185052686,0.8370388341634045,1.1167828435001033,1.457820853025525,1.2341669087339247,0.9574390594284212,1.2586711418341676
2014-11-07,1.132164894678477,1.089005492305336,0.8454842191507668,1.1280507329643552,1.477403940311034,1.2507456250065474,0.9703004563774563,1.2755790264916922
2014-11-10,1.1205563338529885,1.0778394629079064,0.836815115355785,1.1164843563619677,1.463371355709437,1.2388658720702672,0.9610844099925939,1.2634634025131213
2014-11-11,1.1335402197733804,1.090328388456855,0.8465112918584691,1.1294210602803338,1.4819214523385493,1.2545700756189775,0.973267379547477,1.2794794111035062
2014-11-12,1.1348746936277838,1.0916119906632245,0.8475078574559989,1.1307506848046918,1.4811902506551273,1.2539510524245863,0.9727871552108756,1.2788480972792637
2014-11-13,1.1392321592748726,1.0958033448065263,0.8507619492030774,1.1350923159046928,1.4935042003125558,1.2643758375766665,0.9808744701600264,1.2894798652661443
2014-11-14,1.1464015519723816,1.1026994321704595,0.8561159470307171,1.1422356558239464,1.5046958413526932,1.2738504949033882,0.9882246972120619,1.2991426407558437
2014-11-17,1.1173903627187987,1.0747941821631861,0.8344508143208158,1.1133298900158963,1.4651199838236977,1.2403462315738532,0.96223283975578,1.264973154373682
2014-11-18,1.1372712997337124,1.0939172354420692,0.8492976079169143,1.1331385819097222,1.4951399240457033,1.2657606141073985,0.9819487487926164,1.2908921363656096
2014-11-19,1.1348610765476532,1.0915988926815428,0.8474976884193017,1.130737117207521,1.499866717083567,1.269762238545448,0.9850531194502953,1.2949732125676918
2014-11-20,1.1349087363281365,1.0916447356174546,0.8475332800477617,1.1307846037976457,1.495991156753895,1.2664812535727359,0.9825078047574108,1.2916270840394357
2014-11-21,1.1336627734946616,1.090446270292094,0.8466028131888237,1.1295431686549786,1.4998801400336768,1.2697736021919541,0.9850619351128653,1.2949848018380101
2014-11-25,1.1193035624794752,1.076634448591731,0.8358795639785187,1.1152361374207422,1.4857146147151998,1.257781303853915,0.9757585785247876,1.2827543978824865
2014-11-26,1.117492490819912,1.0748924170259289,0.8345270820961452,1.1134316469948125,1.4804166540092862,1.253296138359512,0.97227908754026,1.2781801799754882
2014-11-27,1.107463511291499,1.065245753505452,0.8270375865594838,1.1034391116661812,1.4616583028284402,1.2374156299679884,0.9599593446351263,1.2619843660311885
2014-11-28,1.1141222634834411,1.0716506665556702,0.8320102455104764,1.110073666690855,1.4756639545632848,1.2492725819868347,0.9691577025786705,1.274076736382897
2014-12-01,1.12224980840845,1.0794683803038134,0.8380797774371711,1.1181716770186356,1.486039503969103,1.2580563496974002,0.9759719529329187,1.2830349047275704
2014-12-02,1.1347378177270873,1.0914803326261986,0.8474056405310925,1.1306143062958443,1.4976121879300532,1.2678535916288753,0.9835724338998627,1.2930266696999158
2014-12-03,1.1393366813171362,1.0959038823506833,0.8508400047387176,1.1351964581254423,1.5022625591492453,1.2717905186251823,0.9866266137305709,1.2970417639004588
2014-12-04,1.1577038929120822,1.1135709151294295,0.8645563702843388,1.1534969253096632,1.5246778435181068,1.2907669258843433,1.0013480856716555,1.3163949454059496
2014-12-05,1.1636160450810178,1.1192576893913573,0.8689714792349414,1.159387593373045,1.5336548000226502,1.2983666680859025,1.0072437955419062,1.3241455795598784
2014-12-08,1.17239483791151,1.1277018247405033,0.8755273535923449,1.1681344850436186,1.5380863811724534,1.3021183710452238,1.0101542827111922,1.3279717721228241
2014-12-09,1.1585652972487797,1.1143994817615237,0.8651996544705991,1.1543551993984973,1.5216167605197404,1.2881754638856817,0.9993376874662068,1.3137520302461019
2014-12-10,1.121840288313942,1.0790744715770677,0.837773953807628,1.117763645074751,1.4814053334061967,1.2541331379074891,0.9729284130523006,1.2790337980471698
2014-12-11,1.114271227256865,1.0717939516620847,0.8321214894823101,1.1102220891464403,1.4733816024671065,1.2473403806293517,0.9676587440202753,1.272106171403666
2014-12-12,1.1135698652559232,1.0711193263714491,0.8315977225765392,1.1095232758172562,1.4796011172415755,1.252605718484206,0.9717434752569086,1.277476051897959
2014-12-15,1.086767481139654,1.0453386793590866,0.8115820933051879,1.0828182885935216,1.4506927598831523,1.2281323835311657,0.9527576098665027,1.2525168018712074
2014-12-16,1.066620975341029,1.0259601810779733,0.7965369768174486,1.0627449929635033,1.4223658750084458,1.2041513135201811,0.9341536325981783,1.2280595906467582
2014-12-17,1.0649028737950972,1.0243075755002413,0.7952539236590159,1.0610331348081188,1.42153556261109,1.2034483848423525,0.9336083162658552,1.227342705405962
2014-12-18,1.0835619272964767,1.0422553248428776,0.8091882324808651,1.079624383377639,1.4420982437769743,1.220856409015633,0.9471130717191276,1.2450963637711319
2014-12-19,1.120385785909323,1.077675416444157,0.8366877526406403,1.1163144281706228,1.4764067885597278,1.2499014529041286,0.9696455665582464,1.2747180934553766
2014-12-22,1.1172932031266716,1.0747007264042643,0.8343782569554807,1.113233083490956,1.477391175546313,1.2507348185688536,0.9702920729850091,1.2755680054934986
2014-12-24,1.135415644090414,1.092132319484263,0.8479118313662003,1.1312896695133114,1.4985148951510734,1.268617808561392,0.984165296288159,1.2938060600662047
2014-12-25,1.1299177191434924,1.0868439816355784,0.8438060612592605,1.1258117234161404,1.4943796783272663,1.2651170027156045,0.9814494494829074,1.2902357461483105
2014-12-26,1.1379810285904826,1.0945999086345544,0.8498276230685017,1.1338457316905082,1.5036079988352962,1.272929545505457,0.987510245285749,1.298203406020199
2014-12-29,1.1312780789976518,1.0881524830382048,0.8448219581435961,1.127167139873401,1.4994526206281953,1.2694116713676062,0.9847811572816098,1.2946156849213892
2014-12-30,1.1161729067761674,1.0736231370138467,0.8335416359918952,1.1121168581731922,1.477688234571013,1.2509863038027658,0.9704871695996672,1.275824483935987
2015-01-05,1.1075294532762177,1.0653091817073592,0.8270868310712337,1.1035048140250379,1.4722566550737395,1.246388018860017,0.966919923079433,1.2711349006078245
2015-01-06,1.0760454880736843,1.0350254207585214,0.8035750653733638,1.0721352580617007,1.431981214556371,1.2122915001978933,0.9404686071945041,1.236361399735847
2015-01-07,1.0810790355968012,1.039867083774412,0.8073340451978966,1.0771505142311437,1.4350606662758052,1.2148985128505672,0.9424910692492149,1.2390201743060412
2015-01-08,1.092843414363864,1.0511829911577883,0.816119511557449,1.0888721425499799,1.4603931368881868,1.2363445615069508,0.9591284337002585,1.2608920316367913
2015-01-09,1.094715609002427,1.052983815625711,0.8175176391884363,1.0907375338407803,1.4616199186607801,1.2373831345694983,0.959934135432428,1.2619512254405338
2015-01-13,1.0978121800655596,1.055962341908336,0.8198301132632495,1.093822852307959,1.4631105553007777,1.2386450827781643,0.9609131266024247,1.263238229476614
2015-01-14,1.093374625299386,1.0516939517334745,0.8165162121309568,1.0894014231238531,1.4569550903746677,1.233433968460578,0.9568704607721423,1.2579236491212928
2015-01-15,1.1069464168835912,1.0647483713194308,0.8266514280027645,1.1029238963220263,1.4799402434790938,1.2528928171214353,0.9719661999526098,1.2777688508435339
2015-01-16,1.0883475559583733,1.046858519944082,0.812762070118269,1.0843926215955189,1.4642624756689318,1.2396202794197284,0.9616696623259554,1.2642327885282818
2015-01-19,1.1002026292753826,1.058261664498897,0.8216152658440145,1.0962046148903615,1.4715240688629998,1.245767823547806,0.9664387894400663,1.2705023913935063
2015-01-20,1.1175252883189262,1.0749239642472996,0.8345515747897221,1.1134643253113512,1.496808697462968,1.2671733699514982,0.9830447331501654,1.2923329423042893
2015-01-21,1.1150117536484199,1.0725062483526033,0.8326745037833782,1.1109599245471842,1.4958035880983207,1.2663224610658612,0.9823846170853462,1.2914651387267486
2015-01-22,1.1146295409021605,1.0721386059872005,0.8323890728829505,1.1105791007196721,1.4937698782882012,1.2646007561359256,0.9810489569432168,1.2897092495559015
2015-01-23,1.127087085158217,1.0841212546095418,0.841692185112781,1.1229913756409602,1.5054061994416057,1.2744518722570373,0.9886912323004396,1.2997559583833327
2015-01-26,1.1318420708492831,1.0886949748845154,0.8452431390268094,1.1277290822411683,1.5107875861483633,1.2790076648174173,0.9922255141816773,1.304402205648069
2015-01-27,1.1470463643328965,1.1033196635567244,0.8565974834903715,1.1428781250078281,1.5357151073192985,1.3001108900059473,1.0085969238608914,1.3259244327929205
2015-01-28,1.1554420883869343,1.111395333143109,0.8628672876764917,1.1512433399314135,1.5459542972476676,1.3087792180488673,1.0153216187052414,1.3347648694294594
2015-01-29,1.1458932479119062,1.1022105052339144,0.8557363529771631,1.1417291988840759,1.5323270839202816,1.2972426456970496,1.006371804135279,1.3229992398439026
2015-01-30,1.156316642975874,1.1122365487250023,0.8635203922791956,1.1521147164859311,1.532868409862952,1.2977009232445935,1.0067273255975482,1.32346661643613
2015-02-02,1.1551117788359666,1.111077615364669,0.8626206173247692,1.1509142306887354,1.5350573383210036,1.299554033702512,1.0081649272066098,1.325356520175654
2015-02-03,1.1265762240628971,1.083629868115204,0.8413106815029258,1.1224823709582261,1.5048912882364898,1.2740159569873581,0.9883530589927301,1.299311388069263
2015-02-04,1.1451059849395835,1.101453253613786,0.8551484364797084,1.1409447967381179,1.523364654340737,1.2896552017487923,1.000485634974628,1.3152611481235914
2015-02-05,1.1333483115581704,1.0901437959991975,0.8463679776042926,1.1292298494383033,1.5075778697118571,1.2762903722199532,0.9901174994145523,1.3016309615382617
2015-02-06,1.1319703510146566,1.0888183648653407,0.845338936782033,1.1278568962506423,1.5169815471733334,1.2842513692925872,0.9962934627266414,1.3097500232345685
2015-02-09,1.1236125702306108,1.0807791921087126,0.8390974680761525,1.1195294867154124,1.5185998732298158,1.2856214172393616,0.997356315253515,1.3111472733158425
2015-02-10,1.1285704584173528,1.0855480800074415,0.8427999466125453,1.1244693584861212,1.5207777706991485,1.2874651890455389,0.9987866721456131,1.3130276529858367
2015-02-12,1.1602635509183,1.116032996086273,0.8664678855246117,1.1560472818024536,1.5476023842456061,1.3101744611141242,1.0164040170410091,1.336187814875213
2015-02-13,1.1577430602758645,1.1136085893891408,0.8645856198999551,1.1535359503435882,1.5425335130106335,1.30588323895891,1.0130749829573604,1.3318113910286942
2015-02-16,1.1666617194721207,1.1221872592404798,0.8712459444179309,1.1624222001210585,1.5428332566165985,1.30613699691471,1.0132718426987815,1.3320701873176857
2015-02-17,1.1751302910536292,1.1303329993244475,0.8775701500743406,1.1708599978522756,1.545280570958736,1.3082088525683506,1.0148791419338,1.334183179412052
2015-02-18,1.1949479949509307,1.149395230003461,0.8923697221011075,1.1906056864106285,1.5681319243731349,1.3275544286350562,1.029887006771473,1.3539128595266317
2015-02-19,1.2076958610846744,1.1616571331061558,0.9018896424718833,1.2033072282120856,1.580951801345738,1.3384075234448818,1.038306594764856,1.3649814412071526
2015-02-20,1.21035484022397,1.1642147489624932,0.9038753292847252,1.2059565449159666,1.584872294521334,1.3417265478182785,1.040881419573232,1.3683663644037438
2015-02-23,1.2273335299360515,1.1805461918781965,0.9165547669540048,1.2228735359519118,1.5972566103173798,1.352210903773998,1.0490149482182796,1.3790588859652877
2015-02-24,1.227222739138589,1.180439624550857,0.9164720300034758,1.2227631477559249,1.6025379019351322,1.3566819574953635,1.0524834916051944,1.3836187119117198
2015-02-25,1.210998811734246,1.1648341715526787,0.9043562378096938,1.2065981763051656,1.5941695279085326,1.3495974311064705,1.046987474628661,1.3763935231174345
2015-02-26,1.2242175387572385,1.1775489857965982,0.9142277902202424,1.2197688679396002,1.6074331302949498,1.3608261764779936,1.0556984839184023,1.3878452138556336
2015-02-27,1.2186503011844516,1.1721939775975005,0.9100702584559393,1.214221861090962,1.6075638988084187,1.3609368829284416,1.0557843675043577,1.3879581183691219
2015-03-02,1.21786101369442,1.1714347786365606,0.9094808300782077,1.2134354417841677,1.610362010869208,1.3633057181012878,1.0576220568021184,1.390373986474743
2015-03-03,1.2204314198232622,1.173907197985475,0.9114003718595856,1.2159965073420962,1.6201022431517003,1.3715516368926712,1.064019056005285,1.3987836269756941
2015-03-04,1.2111015577786592,1.1649330008020256,0.9044329670560602,1.2067005489818436,1.6103532997298298,1.3632983433954482,1.05761633567042,1.3903664653450205
2015-03-05,1.2186638609487812,1.1722070204483241,0.9100803846900328,1.2142353715806113,1.6330185113213678,1.3824863348881442,1.072501949923304,1.4099354320631379
2015-03-06,1.2384048390015876,1.191195450158548,0.9248226589759614,1.233904613107682,1.6608047878462857,1.4060097348537939,1.090750877015973,1.4339258862594506
2015-03-09,1.2311015188167558,1.1841705407741205,0.91936864605549,1.2266278323787472,1.6425140136513525,1.3905250693685516,1.0787382201760947,1.418133774633946
2015-03-10,1.2221795549739023,1.1755886922530387,0.9127058536756674,1.217738289963399,1.6294500199355364,1.3794653093805485,1.0701583059639395,1.4068544244633987
2015-03-11,1.219958775875177,1.173452571757627,0.9110474082574979,1.2155255809297205,1.6328871500394795,1.3823751266098028,1.0724156770305027,1.4098220157580246
2015-03-12,1.2362229073505995,1.1890966962023626,0.9231932242647748,1.231730610354422,1.6611143339311867,1.406271791425368,1.0909541746377365,1.4341931459322175
2015-03-13,1.2453196847085117,1.1978466941501955,0.9299865648262016,1.2407943310318952,1.6645378953162715,1.409170121602716,1.0932026343065828,1.4371490221009258
2015-03-16,1.2415773805712418,1.1942470508663245,0.9271918667162385,1.2370656260129838,1.6595608187991233,1.404956611330207,1.0899338873618591,1.4328518530970433
2015-03-17,1.2562163938140463,1.208328008417894,0.9381240681463539,1.2516514427045622,1.6724139781059677,1.4158378824111297,1.0983753338755984,1.4439491704850798
2015-03-18,1.261091748511899,1.2130175090973918,0.9417649118778385,1.2565090809039305,1.6838682952090256,1.4255349169276827,1.105898076173314,1.4538387384365297
2015-03-19,1.2604442910487013,1.2123947334427405,0.9412814000941061,1.255863976229376,1.6705748206693751,1.4142808822876347,1.097167448035183,1.4423612563144705
2015-03-20,1.2565530716949178,1.208651851758321,0.9383754942739011,1.251986897135339,1.6739724946367556,1.41715729660734,1.099398905872284,1.445294781488862
2015-03-23,1.2627686633416073,1.2146304980429632,0.9430172073977245,1.2581799020110522,1.6904662609971992,1.4311206451218037,1.1102313590628123,1.459535370581109
2015-03-24,1.2558991396570702,1.2080228483471058,0.937887147372318,1.2513353414140211,1.6933389664432175,1.433552629815024,1.1121180383447984,1.4620156420331114
2015-03-25,1.2641218494396356,1.2159320991611309,0.9440277470256838,1.259528170780816,1.693068593040344,1.4333237361851,1.111940467790773,1.4617822037481465
2015-03-26,1.2472102605010154,1.1996651990617442,0.9313984192346745,1.24267803668156,1.665424343386529,1.4099205738083849,1.0937848183279308,1.437914374443398
2015-03-27,1.244348498513688,1.1969125306681925,0.9292612971505827,1.2398266740200363,1.6574339618717742,1.4031560495987034,1.0885370518783812,1.4310155414324732
2015-03-30,1.245980091320955,1.198481925317922,0.9304797468455948,1.2414523377999223,1.6669976677231824,1.4112525240469713,1.0948181155056569,1.4392727703911452
2015-03-31,1.2400752792565921,1.192802211347504,0.9260701193779565,1.2355689831679868,1.6463018040018038,1.3937317497353796,1.0812258910191352,1.4214041232474512
2015-04-01,1.2173620829732916,1.1709548677170978,0.9091082358976724,1.212938324121968,1.6247571186865806,1.3754923771677898,1.0670761940923295,1.4028026101672326
2015-04-02,1.2262023051204305,1.1794580906280745,0.9157099847721732,1.2217464218818617,1.645716347197949,1.3932361117341046,1.0808413861532216,1.4208986444142508
2015-04-03,1.2262267256236181,1.179481580194145,0.9157282216475312,1.221770753643648,1.6597540588994641,1.4051202051879754,1.090060799814463,1.4330186950908586
2015-04-06,1.2329301537434858,1.1859294660755413,0.9207342439294438,1.228449822248878,1.6691274133716554,1.4130555313217752,1.0962168481868804,1.4411115761549784
2015-04-07,1.2422221551992763,1.1948672459585137,0.9276733749978275,1.2377080576015003,1.6761997305054455,1.4190428374825292,1.1008616662730686,1.4472177595476268
2015-04-08,1.2603971146827715,1.212349355493074,0.9412461694725791,1.2558169712971299,1.7012863420085664,1.4402807459025933,1.1173375601882545,1.4688773440431098
2015-04-09,1.2774243105173329,1.2287274554231746,0.9539618308061694,1.2727822921896836,1.7234400805630754,1.4590357328215786,1.131887259186202,1.4880047089346389
2015-04-10,1.2561235266282296,1.208238681433914,0.938054716287403,1.2515589129878033,1.7170780468842803,1.4536497408306392,1.1277089271717875,1.4825117787311386
2015-04-13,1.2522528768759151,1.204515585214562,0.9351641715453572,1.247702328747584,1.7093190012094082,1.4470810616987633,1.1226130929493627,1.4758126792780977
2015-04-14,1.2506838595473264,1.2030063805957059,0.9339924523045194,1.2461390130540242,1.7094961535668691,1.4472310359407483,1.122729439608934,1.4759656312403235
2015-04-15,1.2385224489691768,1.19130857670156,0.9249104883832139,1.2340217956936872,1.6943824314934026,1.434436009986659,1.1128033449063848,1.462916561610064
2015-04-16,1.2389437026488317,1.1917137717159563,0.9252250744828903,1.2344415185841708,1.687248116312513,1.4283962173094873,1.1081178089557358,1.4567568495876306
2015-04-17,1.2337177149707093,1.1866870045807578,0.9213223831593056,1.2292345215659115,1.6654056793362266,1.40990477313355,1.0937725605181117,1.4378982600480956
2015-04-20,1.2395969511085967,1.1923421176078561,0.9257129108983382,1.235092393211453,1.6671152497436235,1.4113520670315491,1.0948953387246985,1.439374289789513
2015-04-21,1.2639014568875173,1.2157201082216067,0.94386316108444,1.2593085791107994,1.6939345773929921,1.4340568641474978,1.1125092120520164,1.462529887876615
2015-04-22,1.2737490247904206,1.2251922757322915,0.9512171810669133,1.2691203620436566,1.7015130691969733,1.4404726893726436,1.1174864656354255,1.4690730985272937
2015-04-23,1.2670028607899868,1.2187032831102835,0.9461792442531335,1.2623987128553127,1.7015027766745696,1.4404639758942133,1.1174797059139214,1.4690642120438144
2015-04-24,1.2601529096510915,1.2121144598325588,0.9410638007191467,1.2555736536794624,1.6933582423182296,1.4335689484504912,1.112130697976881,1.4620322846730907
2015-04-27,1.261789083363434,1.2136882607580968,0.9422856713672096,1.2572038817179223,1.6974058641211545,1.436995597807216,1.1147890158380034,1.465526969733897
2015-04-28,1.256825616094321,1.2089140064579076,0.9385790264535302,1.2522584511386092,1.698542039152162,1.437957464708001,1.1155352106470406,1.466507934384412
2015-04-30,1.227502696914201,1.180708910020392,0.9166810983842578,1.2230420881960165,1.6535888559801364,1.3999008468471523,1.0860117384555064,1.4276957070282272
2015-05-01,1.2294800128455114,1.1826108484388513,0.9181577290624005,1.22501221878044,1.6540906732604232,1.4003256770176602,1.0863413121914325,1.4281289721498365
2015-05-07,1.222005414733895,1.175421190435335,0.9125758082860452,1.2175647825297184,1.6509353151049315,1.3976544032376004,1.0842689977926612,1.4254046605554276
2015-05-08,1.2664235338295804,1.2181460407468359,0.9457466113345062,1.2618214911048553,1.6801702243927945,1.4224041916276056,1.103469329570709,1.4506458529683395
2015-05-11,1.2618547085780367,1.2137513842655223,0.9423346793196606,1.2572692684577702,1.6897244513112262,1.4304926413687322,1.1097441678098274,1.458894897890291
2015-05-12,1.2662042302175176,1.2179350972357437,0.945582838597802,1.2616029844178063,1.699278182924556,1.4385806717927905,1.1160186807521513,1.4671435151696848
2015-05-13,1.2525891309678452,1.20483902092136,0.9354152811935084,1.2480373609294213,1.6903326127368505,1.4310075007255019,1.1101435841730398,1.4594199797166494
2015-05-14,1.224792398137345,1.1781019308889442,0.9146570868151072,1.2203416383444483,1.6723552090970595,1.4157881295447863,1.098336736715669,1.4438984297816566
2015-05-15,1.2478466903567182,1.2002773674937328,0.9318736957620803,1.2433121538217224,1.6822019987791472,1.4241242580599425,1.1048037186030808,1.452400071109418
2015-05-18,1.2908850242264371,1.2416750315478764,0.9640140953420576,1.2861940911574392,1.729619473671785,1.4642671043409254,1.135945640100127,1.4933399486959849
2015-05-19,1.2909124371779543,1.2417013994867718,0.9640345669341526,1.2862214044933296,1.7365362311517245,1.470122716283753,1.1404882927601874,1.4993118230981088
2015-05-20,1.2914789715091843,1.242246336890492,0.9644576465040222,1.2867858801016065,1.7335071506383903,1.4675583470571163,1.13849891252077,1.4966965386339628
2015-05-21,1.3019872695877568,1.252354046797534,0.9723050901381833,1.2972559921899238,1.747065129065466,1.479036306292847,1.1474032563474,1.5084023913471778
2015-05-22,1.298085492822883,1.248601010162439,0.9693913001974638,1.293368394049258,1.7478205320374331,1.4796758178959541,1.1478993751328246,1.5090546003749863
2015-05-25,1.3071409044714926,1.2573112193084504,0.9761537494509249,1.30239089933583,1.7630130563887823,1.4925375565489964,1.1578772240537745,1.5221717072766812
2015-05-26,1.3016217635676275,1.2520024742790234,0.9720321355769913,1.2968918143781512,1.7641209065415913,1.4934754440785891,1.1586048162034488,1.5231282164485203
2015-05-27,1.3034949819207535,1.2538042834363554,0.9734310277030729,1.2987582256634491,1.7610722709293518,1.4908945198301775,1.1566025929487431,1.5204960482646654
2015-05-28,1.3384373574446657,1.287414616205543,0.9995254837526908,1.3335736244684606,1.7850503528215753,1.511193965502722,1.1723504484730638,1.5411985369495007
2015-05-29,1.341672085722796,1.2905260329943489,1.0019411316192293,1.336796598102634,1.7840711840985122,1.5103650175331798,1.1717073691953284,1.5403531303193594
2015-06-01,1.3562497633517616,1.3045479931148387,1.0128275285081363,1.3513213020671946,1.79746117589032,1.521700762075022,1.1805013860460931,1.551913944683324
2015-06-02,1.374816169295621,1.3224066267293133,1.0266926494862407,1.3698202397501476,1.7864151476881158,1.5123493781571633,1.1732467917450244,1.542376890180951
2015-06-03,1.366085884369017,1.3140091501080635,1.0201730001234774,1.3611216797111172,1.7819189918747365,1.5085430073607324,1.1702938944915167,1.5384949443576728
2015-06-04,1.3502840686518496,1.2988097174235878,1.0083724347768652,1.345377286040458,1.7930881614862757,1.5179986407494235,1.1776293631983026,1.5481383181913775
2015-06-05,1.3421649036701293,1.2910000641658461,1.0023091608695114,1.3372876252041812,1.7732516038975785,1.5012053407301815,1.1646014969823655,1.5310115892531768
2015-06-08,1.3207466046500167,1.270398254854876,0.9863142877660663,1.3159471579082498,1.7667392373082542,1.4956920793953556,1.160324432260047,1.5253888627885253
2015-06-09,1.32176513789149,1.2713779604607232,0.9870749135250824,1.3169619899128393,1.7411081652130809,1.4739932396856712,1.1434909581688961,1.5032591952690137
2015-06-10,1.330961038014178,1.2802233025017713,0.9939422775205251,1.3261244731539497,1.7377970233410105,1.4711900819999022,1.1413163311884618,1.5004003812300704
2015-06-11,1.3446821358238739,1.2934213365915501,1.004188993102372,1.3397957100153421,1.7556739346951453,1.4863243780815185,1.1530571792884639,1.5158351669102714
2015-06-12,1.314097037631012,1.2640021768284455,0.9813484881681636,1.3093217546786131,1.745343776877688,1.4775790381353615,1.1462727403335902,1.5069161893085712
2015-06-15,1.3122054758968655,1.262182723560461,0.9799358974728616,1.3074370666701078,1.7504977710470484,1.4819423239522922,1.1496576797927636,1.5113661076320004
2015-06-16,1.3236130482009838,1.2731554263455822,0.9884549059735557,1.31880318512113,1.7361050468807904,1.469757682845214,1.1402051079902984,1.4989395419652718
2015-06-17,1.3078694343833108,1.2580119768385658,0.9766978049560164,1.3031167818507148,1.7239093803506562,1.459433034223123,1.132195476719432,1.488409898706942
2015-06-18,1.314257092854654,1.2641561305664897,0.9814680150731382,1.3094812282793165,1.7110068979537494,1.4485100070337833,1.1237216367515455,1.4772699961480606
2015-06-19,1.3002013341227052,1.2506361932061656,0.9709713795990024,1.2954765466163616,1.712385773187013,1.449677339892711,1.1246272274512978,1.4784605062582
2015-06-22,1.3156248374930948,1.2654717352370939,0.9824894268065926,1.310844002685371,1.7463720613852058,1.4784495667118382,1.1469480769153515,1.5078040021235148
2015-06-23,1.338629138274784,1.2875990861341713,0.9996687028775393,1.3337647083883035,1.7823175319858944,1.508880404796071,1.1705556398687897,1.5388390407778445
2015-06-24,1.3390074506215623,1.2879629767877192,0.9999512210165616,1.3341416459899538,1.7863497828365424,1.5122940413600263,1.173203862696589,1.5423204546784717
2015-06-25,1.3182439229711143,1.2679909782235057,0.9844453216154502,1.3134535706971182,1.77110448346258,1.4993876242498323,1.1631913532287637,1.5291577822343199
2015-06-26,1.3064289373704068,1.2566263931960457,0.9756220628111497,1.3016815194442604,1.7757424895502323,1.5033140831312561,1.1662374121302872,1.5331622004768384
2015-06-29,1.286742144860799,1.2376900834150162,0.9609202534980321,1.2820662665561313,1.7321878985098098,1.4664414901278227,1.1376324799172608,1.4955575066468696
2015-06-30,1.2886191561201037,1.2394955408886665,0.9623219781110895,1.2839364569646075,1.7359763441074054,1.4696487252159938,1.1401205811007016,1.4988284209956428
2015-07-01,1.2766277605619112,1.2279612708502143,0.9533669789252814,1.2719886368084932,1.7411105205609467,1.4739952336840343,1.143492505068188,1.5032612288579705
2015-07-02,1.2806891807352827,1.2318678651070671,0.9563999882334365,1.2760352982312086,1.7530091875807405,1.4840684474560808,1.1513070788110729,1.5135344450580452
2015-07-03,1.2722069226741433,1.2237089602875042,0.9500655617137956,1.2675838637555101,1.7589426345289967,1.489091605043015,1.1552039320173615,1.5186573368248042
2015-07-06,1.2562966985142436,1.2084052518123707,0.9381840385243961,1.2517314555863814,1.7167936326764175,1.4534089604885354,1.1275221351725515,1.4822662177247763
2015-07-07,1.2815338123642241,1.2326802984259373,0.957030746806346,1.2768768605624474,1.738751521683271,1.4719981444350188,1.1419432079361385,1.5012244876460532
2015-07-08,1.2426388253649803,1.1952680321876787,0.9279845381961824,1.2381232136340146,1.6686927946053243,1.4126875902965061,1.0959314077762958,1.4407363297056321
2015-07-09,1.2494378104634256,1.201807832307883,0.9330619210350217,1.2448974919743558,1.6725137698821948,1.4159223644705874,1.0984408731660888,1.4440353299254998
2015-07-10,1.2250632991281682,1.1783625048285389,0.9148593917211941,1.2206115549111036,1.6730565734546512,1.4163818929549536,1.0987973650771412,1.4445039822917471
2015-07-13,1.2566860677049068,1.2087797778104472,0.9384748137530545,1.2521194098525716,1.70874873519312,1.4465982839658087,1.1222385647917184,1.4753203160522725
2015-07-14,1.273908166522565,1.2253453508021634,0.9513360257897696,1.2692789254723889,1.7406076390463094,1.4735695025504103,1.1431622323852453,1.5028270448847325
2015-07-15,1.2784068782484872,1.2296725665645096,0.9546955980470032,1.2737612893786314,1.7437223200849472,1.4762063397592964,1.1452078316630057,1.5055162361740568
2015-07-16,1.2987158856573484,1.2492073717112462,0.9698620683655202,1.2939964961060493,1.7643885506876054,1.4937020271650097,1.1587805942895486,1.5233592983144228
2015-07-17,1.301493617475836,1.2518792132607437,0.9719364379459613,1.2967641339550513,1.7774947515302915,1.504797519005241,1.1673882284727604,1.5346750897887562
2015-07-21,1.3250538337176816,1.2745412874938062,0.9895308635688447,1.3202387349829874,1.7942955781590924,1.519020819640301,1.1784223466990946,1.5491807923191758
2015-07-22,1.3153065202456748,1.265165552602069,0.9822517121321295,1.3105268421675393,1.7694636058521995,1.4979984845322796,1.1621136897335136,1.5277410613174929
2015-07-23,1.3373768621485387,1.28639454818588,0.9987335213437042,1.3325169828946724,1.789031502153397,1.5145643403700215,1.174965109845065,1.544635830197774
2015-07-24,1.330072690071453,1.279368819384292,0.9932788722425312,1.3252393533691658,1.7716475267004799,1.49984735563098,1.1635480025425973,1.5296266415258397
2015-07-27,1.310660132476662,1.2606962903739092,0.97878185756128,1.305897338856575,1.753319907719123,1.484331497961822,1.1515111475047133,1.5138027183994212
2015-07-28,1.3113356263506881,1.261346033659795,0.9792863065274213,1.306570378060749,1.7428401859995064,1.4754595397014854,1.1446284808962082,1.504754608492392
2015-07-29,1.333923636456079,1.2830729633505489,0.9961547027971621,1.3290763058415502,1.7584696710365646,1.4886912020098249,1.1548933083077348,1.5182489838383382
2015-07-30,1.33590592689018,1.2849796866381433,0.9976350483613848,1.331051392851973,1.782084565450264,1.5086831791983437,1.1704026366652143,1.5386378992899845
2015-07-31,1.3367392464357046,1.2857812391029717,0.998257359235501,1.3318816842066519,1.790249264025372,1.5155952773345946,1.1757648876633697,1.5456872362897505
2015-08-03,1.351155131653064,1.2996475745210168,1.0090229319128161,1.3462451836952933,1.7818411852239728,1.5084771375431532,1.1702427941616171,1.538427766702918
2015-08-04,1.3875803328091305,1.3346842059372808,1.0362247405023612,1.3825380197084998,1.8060852103101723,1.5290017263043887,1.1861653106540353,1.5593598686649475
2015-08-05,1.3895282045287736,1.3365578225906216,1.0376793826729755,1.384478813078257,1.7920017377875608,1.517078892499811,1.1769158430959668,1.5472003084527055
2015-08-06,1.3593083661364602,1.307489998512615,1.0151116484267697,1.3543687902284542,1.7768333937877019,1.5042376245305218,1.1669538748732105,1.534104078677687
2015-08-07,1.3687833707152768,1.3166038052332163,1.0221874435564586,1.3638093636910418,1.776643215929936,1.5040766231164306,1.1668289735803763,1.533939880600201
2015-08-10,1.3726791141544419,1.3203510385397816,1.0250967278975966,1.3676909504304358,1.796554056497276,1.5209328098709893,1.179905625917774,1.5511307448821603
2015-08-11,1.3483446310292184,1.2969442133499707,1.0069240910668018,1.3434448961191399,1.7691128635513458,1.4977015519288608,1.1618833360669887,1.5274382331535323
2015-08-12,1.353937805538216,1.302324169740025,1.0111009921565117,1.3490177456520378,1.7537149506055687,1.4846659347048348,1.1517705960431583,1.5141437953430827
2015-08-13,1.3839906834974032,1.3312313981048747,1.0335440427880829,1.378961414784419,1.7766651262909017,1.5040951720639273,1.1668433634386028,1.5339587978347826
2015-08-14,1.3787592565933504,1.3261993990931713,1.0296372895299601,1.3737489983057734,1.7768883173021723,1.5042841218651772,1.1669899464645352,1.534151499211238
2015-08-17,1.391963044178206,1.3388998434071813,1.0394976853861526,1.3869048047903332,1.7965527044083085,1.5209316652149378,1.1799047379192338,1.551129577499103
2015-08-18,1.3818062844975383,1.3291302708579338,1.0319127654967666,1.3767849536483547,1.7843714674830904,1.510619232456584,1.1719045834419872,1.5406123926489914
2015-08-19,1.3836567626311507,1.330910206678561,1.033294675558814,1.3786287073495758,1.7619440164644928,1.4916325251139366,1.157175120926714,1.5212487065531157
2015-08-20,1.3592805393976457,1.3074632325604607,1.0150908678243604,1.3543410646089242,1.7344700928427823,1.4683735579255968,1.1391313348630239,1.4975279354145803
2015-08-21,1.3056305868927138,1.255858476738754,0.9750258663265089,1.300886070083698,1.6852353803909732,1.4266922685250885,1.1067959236338203,1.4550190691084195
2015-08-24,1.2286618272306618,1.181823852982196,0.9175467199868284,1.2241970063614098,1.6001709708592673,1.3546781529791752,1.0509289849192014,1.3815751221018207
2015-08-25,1.1819407326997367,1.1368838192557984,0.8826560884957624,1.1776456911084543,1.5397414054120129,1.3035194870639562,1.011241237152793,1.3294007071288265
2015-08-26,1.24185170144605,1.1945109143200707,0.9273967255417713,1.2373389500361445,1.5882357604949133,1.3445740022188855,1.0430904109534007,1.3712703546633833
2015-08-27,1.2591599330114782,1.2111593365820918,0.9403222602573947,1.254584285406875,1.6233728312280464,1.3743204624088858,1.066167048857147,1.4016074271840533
2015-08-28,1.2852196739454698,1.2362256508076628,0.9597832944392612,1.280549328131326,1.6571598307097368,1.402923974712316,1.0883570133768081,1.4307788587275867
2015-08-31,1.2719741462523326,1.2234850575653637,0.9498917276794102,1.267351933217411,1.652445913679524,1.3989332508883756,1.0852610991715312,1.4267088995699744
2015-09-01,1.2067365553283624,1.1607343971669524,0.9011732469343469,1.2023514084665419,1.575272502965745,1.3335995238125082,1.0345766562831362,1.3591268400634595
2015-09-02,1.212697289489838,1.1664679014210853,0.9056246362079136,1.2023514084665419,1.572717925969096,1.3314368613780025,1.032898911180346,1.3591268400634595
2015-09-03,1.2300593047013362,1.1831680570359437,0.9185903357654379,1.2023514084665419,1.590401563260509,1.3464075348498636,1.0445128245225963,1.3591268400634595
2015-09-04,1.2104329448905087,1.1642898761910752,0.9039336567097409,1.2023514084665419,1.5568681584020232,1.3180187115403126,1.0224894109183056,1.3591268400634595
2015-09-07,1.2154389824100578,1.169105077915753,0.9076720924651238,1.2023514084665419,1.5534158727391547,1.3150960638667206,1.0202220862802507,1.3591268400634595
2015-09-08,1.1522086894367523,1.1082851950067707,0.8604526325326627,1.2023514084665419,1.497902058165847,1.2680989909535594,0.9837628092023827,1.3591268400634595
2015-09-09,1.2533392151224172,1.2055605110221919,0.9359754330924992,1.2023514084665419,1.6001358110774913,1.3546483872921935,1.0509058933655837,1.3591268400634595
2015-09-10,1.2211549225608005,1.1746031199828628,0.9119406731442974,1.2023514084665419,1.560025745647166,1.320691872430629,1.0245631892949687,1.3591268400634595
2015-09-11,1.2313383534074214,1.1843983469631438,0.9195455106711455,1.2023514084665419,1.5625579605231394,1.3228356034653745,1.0262262478416282,1.3591268400634595
2015-09-14,1.220004390710297,1.1734964477037984,0.9110814727506062,1.2023514084665419,1.5351254734657647,1.2996117157838263,1.0082096756740084,1.3591268400634595
2015-09-15,1.2218709450422092,1.1752918468799192,0.9124753882829081,1.2023514084665419,1.5355223867630554,1.299947735985579,1.0084703526242964,1.3591268400634595
2015-09-16,1.2162223232444134,1.1698585569142361,0.9082570799671891,1.2023514084665419,1.5311106439606614,1.296212827841509,1.0055728944967097,1.3591268400634595
2015-09-17,1.2131929973615676,1.1669447123498022,0.905994823611556,1.2023514084665419,1.548832501053361,1.3112158575620192,1.017211909092327,1.3591268400634595
2015-09-18,1.1974221432198342,1.151775060950594,0.8942173799175871,1.2023514084665419,1.526922412115342,1.29266714035949,1.0028222295228013,1.3591268400634595
2015-09-24,1.1593811539513177,1.1151842370866305,0.8658089243484465,1.2023514084665419,1.4964550874637135,1.2668740096022675,0.9828124960927879,1.3591268400634595
2015-09-25,1.1864798509399117,1.1412499011905133,0.8860458357480984,1.2023514084665419,1.5320279606320255,1.2969894128919137,1.0061753517939875,1.3591268400634595
2015-09-28,1.1746563002213213,1.1298770775571219,0.8772161806387728,1.2023514084665419,1.5255379794382147,1.2914951026609387,1.0019129889137925,1.3591268400634595
2015-09-29,1.1050246438672304,1.0628998584573746,0.8252162759628446,1.2023514084665419,1.4539025597984114,1.2308497468003545,0.9548656794591701,1.3591268400634595
2015-09-30,1.1353668614980374,1.0920853965393131,0.8478754012382056,1.2023514084665419,1.4822096497727506,1.254814058777631,0.9734566562200934,1.3591268400634595
2015-10-01,1.143040884461241,1.09946687709421,0.8536062495830766,1.2023514084665419,1.4888239628113968,1.2604136262823509,0.9778006753369441,1.3591268400634595
2015-10-02,1.1499389093566859,1.09946687709421,0.8536062495830766,1.2023514084665419,1.4917626985385695,1.2604136262823509,0.9778006753369441,1.3591268400634595
2015-10-05,1.1622672942761862,1.09946687709421,0.8536062495830766,1.2023514084665419,1.5063067562215753,1.2604136262823509,0.9778006753369441,1.3591268400634595
2015-10-06,1.160981619848873,1.09946687709421,0.8536062495830766,1.2023514084665419,1.5132031518281572,1.2604136262823509,0.9778006753369441,1.3591268400634595
2015-10-07,1.164069586738201,1.09946687709421,0.8536062495830766,1.2023514084665419,1.5252919105261558,1.2604136262823509,0.9778006753369441,1.3591268400634595
2015-10-08,1.126368211522476,1.09946687709421,0.8536062495830766,1.2023514084665419,1.5049997723710171,1.2604136262823509,0.9778006753369441,1.3591268400634595
2015-10-09,1.1240727836636213,1.09946687709421,0.8536062495830766,1.2023514084665419,1.533258320733869,1.2604136262823509,0.9778006753369441,1.3591268400634595
2015-10-13,1.115965402914163,1.09946687709421,0.8536062495830766,1.2023514084665419,1.5303701926168505,1.2604136262823509,0.9778006753369441,1.3591268400634595
2015-10-14,1.1075468772119903,1.09946687709421,0.8536062495830766,1.2023514084665419,1.5048572675563336,1.2604136262823509,0.9778006753369441,1.3591268400634595
2015-10-15,1.1226344720897088,1.09946687709421,0.8536062495830766,1.2023514084665419,1.5263805023719434,1.2604136262823509,0.9778006753369441,1.3591268400634595
2015-10-16,1.1146151512325309,1.09946687709421,0.8536062495830766,1.2023514084665419,1.5290476673276483,1.2604136262823509,0.9778006753369441,1.3591268400634595
2015-10-19,1.119763719601299,1.09946687709421,0.8536062495830766,1.2023514084665419,1.5330923894423756,1.2604136262823509,0.9778006753369441,1.3591268400634595
2015-10-20,1.116094557422851,1.09946687709421,0.8536062495830766,1.2023514084665419,1.5162497410338778,1.2604136262823509,0.9778006753369441,1.3591268400634595
2015-10-21,1.12043297478265,1.09946687709421,0.8536062495830766,1.2023514084665419,1.5362273272690419,1.2604136262823509,0.9778006753369441,1.3591268400634595
2015-10-22,1.1124899724987714,1.09946687709421,0.8536062495830766,1.2023514084665419,1.526123551247653,1.2604136262823509,0.9778006753369441,1.3591268400634595
2015-10-23,1.114585797935104,1.09946687709421,0.8536062495830766,1.2023514084665419,1.5381469992846055,1.2604136262823509,0.9778006753369441,1.3591268400634595
2015-10-26,1.1172628186604567,1.09946687709421,0.8536062495830766,1.2023514084665419,1.5420350623577013,1.2604136262823509,0.9778006753369441,1.3591268400634595
2015-10-27,1.129027620269383,1.09946687709421,0.8536062495830766,1.2023514084665419,1.5402518534571603,1.2604136262823509,0.9778006753369441,1.3591268400634595
2015-10-28,1.126632391199317,1.09946687709421,0.8536062495830766,1.2023514084665419,1.541210869898609,1.2604136262823509,0.9778006753369441,1.3591268400634595
2015-10-29,1.120274466976535,1.09946687709421,0.8536062495830766,1.2023514084665419,1.5345982411075245,1.2604136262823509,0.9778006753369441,1.3591268400634595
2015-10-30,1.1290158789504021,1.09946687709421,0.8536062495830766,1.2023514084665419,1.543465692890617,1.2604136262823509,0.9778006753369441,1.3591268400634595
2015-11-02,1.1072731283601802,1.0972679433400216,0.8518990370839105,1.1999467056496087,1.506481133027716,1.2578927990297861,0.9758450739862703,1.3564085863833326
2015-11-04,1.1055725360974253,1.0955827174216646,0.8505906580814699,1.1981037817755615,1.5012936025312829,1.2535612763089568,0.9724847756259957,1.351737826987
2015-11-05,1.1202026312988351,1.1100806168661255,0.861846565675818,1.2139583474564521,1.5177219004260925,1.267278698432037,0.9831264446274581,1.3665295716930208
2015-11-06,1.1263735304286808,1.1161957565036171,0.8665942497765267,1.220645721955209,1.5306460033708664,1.278070161844179,0.9914982203622141,1.3781662021301782
2015-11-09,1.1362082055363376,1.125941566685769,0.8741607209927599,1.2313035133296313,1.5549231313018672,1.2983412583325602,1.0072240832240928,1.4000248925952583
2015-11-10,1.1367458927958578,1.126474395468752,0.8745743996479223,1.2318862024956607,1.552960448856944,1.2967024431757523,1.005952727112365,1.3982577285317515
2015-11-11,1.1483061688759346,1.1379302143032741,0.8834684907342167,1.2444140195657196,1.5668152138179463,1.3082709976664872,1.014927352709739,1.4107323103525387
2015-11-12,1.151738614288624,1.141331644557602,0.8861092998236991,1.2481337445909069,1.5688547167747637,1.3099739569845534,1.0162484704258241,1.4125686422268193
2015-11-13,1.148181125327214,1.1378063006328183,0.8833722863958109,1.2442785104573464,1.5658111627071478,1.3074326276169448,1.0142769639932645,1.4098282807447349
2015-11-16,1.1328695427852447,1.1226330716843391,0.8715920651571252,1.227685420135785,1.549616126257939,1.2939099758672066,1.0037863934872628,1.3952465604596964
2015-11-17,1.1409786169203688,1.1306688732140093,0.8778309165032108,1.236473185814449,1.5659196778667246,1.3075232364103935,1.0143472562668312,1.40992598584769
2015-11-18,1.1453176280612811,1.134968677579143,0.8811692070461357,1.2411753518753428,1.5661869267456348,1.3077463858630882,1.0145203706167525,1.4101666119439005
2015-11-19,1.153983145988301,1.1435558949424314,0.8878361676981964,1.2505661330863653,1.5787301082666496,1.318219784677249,1.0226453989566677,1.4214602675647148
2015-11-20,1.1543332679247407,1.1439028532197304,0.8881055398457501,1.250945558589835,1.5858526659576289,1.3241670307686424,1.0272591393378407,1.4278732907332414
2015-11-24,1.1546271202642786,1.1441940503453465,0.8883316200410385,1.251264004994561,1.5942231263374673,1.3311562599103322,1.0326812268433418,1.4354099030958374
2015-11-25,1.1451863323351585,1.1348385682251978,0.8810681924908356,1.2410330673115875,1.5837726193615682,1.3224302180217264,1.0259117588895055,1.426000454093526
2015-11-26,1.1490001605714113,1.1386179351743828,0.8840024248124297,1.2451660951172765,1.590763762723439,1.3282677348011154,1.030440373726853,1.4322951541576547
2015-11-27,1.1379963282831738,1.127713532173423,0.8755364430320671,1.233241293579515,1.5762253794550307,1.31612836762158,1.0210229244238622,1.4192050546767754
2015-11-30,1.1213655363020694,1.1112330140014999,0.8627412660230961,1.2152185821644694,1.562657886615618,1.3047996817393444,1.0122343835232035,1.4069891275206965
2015-12-01,1.1256063132311123,1.1154354717871284,0.8660039784377733,1.2198142922698307,1.5762151962489477,1.3161198647725751,1.0210163281039513,1.419195885900702
2015-12-02,1.1310835278095972,1.1208631949223107,0.8702179647667141,1.2257499240676712,1.578992410875467,1.3184388040566255,1.022815309288166,1.4216964401280683
2015-12-03,1.1326012479661267,1.1223672011445036,0.8713856480661589,1.2273946702962937,1.5786505864482672,1.3181533849590474,1.022593887541728,1.4213886675460397
2015-12-04,1.1077963318024926,1.0977864191798041,0.8523015723728913,1.200513698770734,1.547328182458096,1.2919995715698604,1.0023043446001676,1.3931865369073058
2015-12-07,1.1177905706563511,1.1076903513095968,0.8599908066168377,1.2113444086299388,1.5639825566313994,1.3059057645421164,1.0130924578005494,1.4081818366387455
2015-12-08,1.107001335530013,1.0969986063967392,0.8516899287398397,1.1996521650319192,1.5505510171756667,1.2946905980253645,1.0043919826823602,1.3960883194703713
2015-12-09,1.087957561185006,1.0781269092754306,0.8370382835301517,1.179014515925174,1.5295993945598305,1.2771962566501878,0.990820264276175,1.3772238543325523
2015-12-10,1.0770908913567852,1.0673584293512177,0.8286778299745959,1.1672383567032243,1.5111235754252914,1.261769180043656,0.9788522835992013,1.3605885582341624
2015-12-11,1.0989791004169112,1.0890488592222736,0.8455178884427603,1.1909585063948953,1.5234610336222119,1.2720708024695848,0.9868440516625554,1.3716969842645734
2015-12-14,1.0862023746094154,1.0763875823517939,0.835687901483165,1.1771124284498826,1.5090828931850626,1.260065236038773,0.9775304019851274,1.358751164554254
2015-12-15,1.073213993950125,1.0635165631169616,0.825695074335526,1.163036981132815,1.4863802048991517,1.2411087768522777,0.9628244053122542,1.338310071300664
2015-12-16,1.0982512142194079,1.0883275501157272,0.8449578770644672,1.190169699530165,1.51939551970611,1.2686761494817032,0.9842105558681029,1.3680364684685486
2015-12-17,1.1241763524033725,1.1140184319111277,0.8649038142406855,1.218264650414984,1.552329248356313,1.296175398696349,1.0055438578037932,1.3976894069245207
2015-12-18,1.1233968430712942,1.113245966130358,0.8643040857433644,1.2174198998009818,1.5344532014266388,1.2812491243375301,0.9939643882995116,1.3815941349596672
2015-12-21,1.114930649000831,1.1048562715575545,0.8577904782226308,1.208245124920201,1.525648951241872,1.27389768616451,0.9882613071360058,1.3736669460387656
2015-12-22,1.117707973641015,1.1076085006308232,0.85992725922638,1.2112548986310863,1.5311499492241396,1.2784909502935233,0.9918246586213413,1.3786199459358361
2015-12-24,1.0947098671875057,1.0848182022639434,0.8422332826990957,1.1863319583300456,1.508294932233541,1.2594072985544553,0.9770199888135463,1.3580416986492738
2015-12-25,1.1010440257999519,1.0910951261912507,0.8471065732039155,1.1931962563658185,1.5126290298149472,1.263026215524883,0.9798274635852289,1.3619440423592328
2015-12-28,1.1076156508314594,1.0976073708200018,0.852162562456277,1.2003178956482603,1.5144902709154555,1.2645803284349346,0.9810331095900888,1.363619870456054
2015-12-29,1.1293799643686218,1.1191750246729375,0.8689072998387866,1.2239037803416961,1.5386603398133518,1.2847620319771575,0.9966896234055107,1.385382166888332
2015-12-30,1.1254462815139334,1.11527688609704,0.8658808553687891,1.2196408666470921,1.5400620119664699,1.2859324105961478,0.9975975769377365,1.3866442073494447
2016-01-04,1.0967180071225175,1.0868081968912788,0.8420465169185856,1.1885081701767737,1.4968172556500803,1.2498235829622717,0.9689200917492792,1.3477074045594117
2016-01-05,1.0859494212499934,1.0761369146480946,0.8420465169185856,1.1768383040784454,1.4888173900373411,1.243143795790131,0.9689200917492792,1.3405044690767591
2016-01-06,1.091566018291843,1.081702760803692,0.8420465169185856,1.1829249839993332,1.4900267521410202,1.2441535979365277,0.9689200917492792,1.3415933570193384
2016-01-07,1.0897075854471021,1.0798611205316082,0.8420465169185856,1.180911009025498,1.481698789314687,1.2371998537175222,0.9689200917492792,1.3340950086915255
2016-01-08,1.0807561339116503,1.0709905532211206,0.8420465169185856,1.1712103629015782,1.4668823675221658,1.2248283278672496,0.9689200917492792,1.320754568311458
2016-01-12,1.0450793856063418,1.0356361756647898,0.8420465169185856,1.1325476377791461,1.421930922444412,1.1872944365826987,0.9689200917492792,1.280281093578149
2016-01-13,1.0619549882991581,1.0523592924686742,0.8420465169185856,1.1508356494164245,1.4563831732770314,1.2160616327211733,0.9689200917492792,1.3113012821653613
2016-01-14,1.027274566491135,1.0179922387248432,0.8420465169185856,1.1132526386549282,1.4181328307320114,1.1841230777715321,0.9689200917492792,1.276861359936867
2016-01-15,1.0290813762013007,1.0197827223227034,0.8420465169185856,1.1152106698794915,1.425841188534306,1.1905594595882523,0.9689200917492792,1.2838018270165534
2016-01-18,1.017017049650907,1.0078274075564746,0.8420465169185856,1.1021366156743966,1.4191488817214866,1.184971467568847,0.9689200917492792,1.2777761940201573
2016-01-19,1.0159019899440707,1.0067224233932324,0.8420465169185856,1.1009282306901043,1.4092531533312092,1.1767086588217721,0.9689200917492792,1.2688662577037875
2016-01-20,0.9886294879477027,0.9796963524006046,0.8420465169185856,1.0713731479492912,1.366644732550535,1.1411311633570116,0.9689200917492792,1.2305024000144547
2016-01-21,0.9701948665906888,0.9614283040351403,0.8420465169185856,1.0513956350839637,1.3290743258168933,1.1097603462583028,0.9689200917492792,1.1966746797926917
2016-01-22,1.02089910937102,1.0116743894581488,0.8420465169185856,1.1063435856197283,1.3998375184542249,1.1688467221201497,0.9689200917492792,1.260388588974061
2016-01-25,1.0364738090725545,1.027108358071611,0.8420465169185856,1.1232218147753619,1.4331111393653804,1.196629777097858,0.9689200917492792,1.2903475603242351
2016-01-26,1.0322355497238695,1.0229083951177909,0.8420465169185856,1.1186288329600487,1.417386550956209,1.183499943544715,0.9689200917492792,1.2761894230147572
2016-01-27,1.0477947624850028,1.0383270167289576,0.8420465169185856,1.1354902789908694,1.445442778610704,1.2069265407723886,0.9689200917492792,1.3014507470750183
2016-01-28,1.047010090839471,1.0375494352807695,0.8420465169185856,1.1346399340019442,1.452500185270766,1.212819386572372,0.9689200917492792,1.3078051094240957
2016-01-29,1.054789697220058,1.0452587460863731,0.8420465169185856,1.1430706570173768,1.4980618778078918,1.250862826810402,0.9689200917492792,1.348828040022177
2016-02-01,1.0767571477917486,1.0670277014523537,0.8420465169185856,1.1668766803641712,1.528662169988092,1.2764136859202806,0.9689200917492792,1.3736823380616263
2016-02-02,1.0815327398650292,1.0717601418577665,0.8420465169185856,1.1668766803641712,1.5501274180386617,1.2943368980735808,0.9689200917492792,1.3736823380616263
2016-02-03,1.0687334757196862,1.0590765303031133,0.8420465169185856,1.1668766803641712,1.530818718517758,1.2782143768195904,0.9689200917492792,1.3736823380616263
2016-02-04,1.0490654876561725,1.0395862597823717,0.8420465169185856,1.1668766803641712,1.5004435755690821,1.2528515144863275,0.9689200917492792,1.3736823380616263
2016-02-05,1.043016404363327,1.0335918352688256,0.8420465169185856,1.1668766803641712,1.4868782168600017,1.2415246105760782,0.9689200917492792,1.3736823380616263
2016-02-08,1.0447843895138609,1.0353438451210424,0.8420465169185856,1.1668766803641712,1.50485655499533,1.2565362968050993,0.9689200917492792,1.3736823380616263
2016-02-09,1.0178920483352163,1.0086944998593275,0.8420465169185856,1.1668766803641712,1.4518425003051374,1.212270227897791,0.9689200917492792,1.3736823380616263
2016-02-10,0.9819938211120065,0.9731206446416009,0.8420465169185856,1.1668766803641712,1.3972920597798115,1.1667212961413072,0.9689200917492792,1.3736823380616263
2016-02-12,0.9422785071748784,0.9337641934402308,0.8420465169185856,1.1668766803641712,1.329010534707742,1.109707081484463,0.9689200917492792,1.3736823380616263
2016-02-15,1.0047710244402641,0.9956920359369426,0.8420465169185856,1.1668766803641712,1.4326409184560385,1.1962371485525363,0.9689200917492792,1.3736823380616263
2016-02-16,0.9710912460170233,0.9623165838862396,0.8420465169185856,1.1668766803641712,1.402932414295757,1.1714309212232512,0.9689200917492792,1.3736823380616263
2016-02-17,0.9614282926942825,0.9527409438318867,0.8420465169185856,1.1668766803641712,1.3771551903222508,1.1499072634061207,0.9689200917492792,1.3736823380616263
2016-02-18,0.9822071986301829,0.9733320941065321,0.8420465169185856,1.1668766803641712,1.4028824216547189,1.171389177996743,0.9689200917492792,1.3736823380616263
2016-02-19,0.9750302627413034,0.9662200081355337,0.8420465169185856,1.1668766803641712,1.401079945891013,1.1698841334038281,0.9689200917492792,1.3736823380616263
2016-02-22,0.997123303233527,0.9881134186068338,0.8420465169185856,1.1668766803641712,1.428609089988524,1.1928706224905623,0.9689200917492792,1.3736823380616263
2016-02-23,0.9789658925208659,0.9701200760441296,0.8420465169185856,1.1668766803641712,1.4105451153568969,1.177787430864184,0.9689200917492792,1.3736823380616263
2016-02-24,0.9706475562570237,0.9618769032528292,0.8420465169185856,1.1668766803641712,1.4056244089475696,1.173678702900235,0.9689200917492792,1.3736823380616263
2016-02-25,0.989898950118425,0.9809543438658892,0.8420465169185856,1.1668766803641712,1.4333871683580706,1.1968602578351304,0.9689200917492792,1.3736823380616263
2016-02-26,1.0000801059853046,0.9910435040493569,0.8420465169185856,1.1668766803641712,1.4395833574667174,1.2020339978112355,0.9689200917492792,1.3736823380616263
2016-02-29,0.9755654000090889,0.9667503099681964,0.8420465169185856,1.1668766803641712,1.413627141231471,1.1803608837067419,0.9689200917492792,1.3736823380616263
2016-03-01,0.9876466318711042,0.9767888766717754,0.8420465169185856,1.1668766803641712,1.428873355632311,1.1915174664678403,0.9689200917492792,1.3736823380616263
2016-03-02,1.0118395780976819,0.9767888766717754,0.8420465169185856,1.1668766803641712,1.470440857029665,1.1915174664678403,0.9689200917492792,1.3736823380616263
2016-03-03,1.0172688505043919,0.9767888766717754,0.8420465169185856,1.1668766803641712,1.475989990674494,1.1915174664678403,0.9689200917492792,1.3736823380616263
2016-03-04,1.0146202597233234,0.9767888766717754,0.8420465169185856,1.1668766803641712,1.4605470612197193,1.1915174664678403,0.9689200917492792,1.3736823380616263
2016-03-07,0.9985187244634535,0.9767888766717754,0.8420465169185856,1.1668766803641712,1.4447156805649504,1.1915174664678403,0.9689200917492792,1.3736823380616263
2016-03-08,0.992947200377959,0.9767888766717754,0.8420465169185856,1.1668766803641712,1.431809720434261,1.1915174664678403,0.9689200917492792,1.3736823380616263
2016-03-09,0.9860005767309321,0.9767888766717754,0.8420465169185856,1.1668766803641712,1.4258921708209662,1.1915174664678403,0.9689200917492792,1.3736823380616263
2016-03-10,1.0035347896127689,0.9767888766717754,0.8420465169185856,1.1668766803641712,1.4451749018034614,1.1915174664678403,0.9689200917492792,1.3736823380616263
2016-03-11,1.000425574348054,0.9767888766717754,0.8420465169185856,1.1668766803641712,1.4449897882583376,1.1915174664678403,0.9689200917492792,1.3736823380616263
2016-03-14,1.000266387945594,0.9767888766717754,0.8420465169185856,1.1668766803641712,1.4533874544604855,1.1915174664678403,0.9689200917492792,1.3736823380616263
2016-03-15,0.9952503227962785,0.9767888766717754,0.8420465169185856,1.1668766803641712,1.4525702511009133,1.1915174664678403,0.9689200917492792,1.3736823380616263
2016-03-16,1.0009471638369103,0.9767888766717754,0.8420465169185856,1.1668766803641712,1.4480886787948049,1.1915174664678403,0.9689200917492792,1.3736823380616263
2016-03-17,0.9915721008164265,0.9767888766717754,0.8420465169185856,1.1668766803641712,1.4413861307970774,1.1915174664678403,0.9689200917492792,1.3736823380616263
2016-03-18,0.984486612435362,0.9767888766717754,0.8420465169185856,1.1668766803641712,1.4236953444263662,1.1915174664678403,0.9689200917492792,1.3736823380616263
2016-03-22,0.9973942588121668,0.9767888766717754,0.8420465169185856,1.1668766803641712,1.4549457058225064,1.1915174664678403,0.9689200917492792,1.3736823380616263
2016-03-23,0.9996838334515569,0.9767888766717754,0.8420465169185856,1.1668766803641712,1.454511331326739,1.1915174664678403,0.9689200917492792,1.3736823380616263
2016-03-24,1.008845518953864,0.9767888766717754,0.8420465169185856,1.1668766803641712,1.4672263832037424,1.1915174664678403,0.9689200917492792,1.3736823380616263
2016-03-25,1.0075381582869767,0.9767888766717754,0.8420465169185856,1.1668766803641712,1.461900462968015,1.1915174664678403,0.9689200917492792,1.3736823380616263
2016-03-28,1.0223797501062106,0.9767888766717754,0.8420465169185856,1.1668766803641712,1.4855253004881366,1.1915174664678403,0.9689200917492792,1.3736823380616263
2016-03-29,1.029367017090054,0.9767888766717754,0.8420465169185856,1.1668766803641712,1.4889032737431003,1.1915174664678403,0.9689200917492792,1.3736823380616263
2016-03-30,1.0242832130460642,0.9767888766717754,0.8420465169185856,1.1668766803641712,1.4780313225387829,1.1915174664678403,0.9689200917492792,1.3736823380616263
2016-03-31,1.0040936354936945,0.9767888766717754,0.8420465169185856,1.1668766803641712,1.4521363659854651,1.1915174664678403,0.9689200917492792,1.3736823380616263
2016-04-01,0.9763782667449783,0.9767888766717754,0.8420465169185856,1.1645429270034429,1.4104975097430925,1.1915174664678403,0.9689200917492792,1.370934973385503
2016-04-04,0.9936245893245287,0.9767888766717754,0.8420465169185856,1.1851129085985792,1.4200529301548888,1.1915174664678403,0.9689200917492792,1.3802223772536026
2016-04-05,0.9764358448054412,0.9767888766717754,0.8420465169185856,1.1646116013332048,1.3932389130004872,1.1915174664678403,0.9689200917492792,1.3541604568035457
2016-04-06,0.975856677256122,0.9767888766717754,0.8420465169185856,1.163920818369182,1.3924001880111685,1.1915174664678403,0.9689200917492792,1.3533452569092057
2016-04-07,0.9733706598222313,0.9767888766717754,0.8420465169185856,1.1609557031903115,1.3937248640578608,1.1915174664678403,0.9689200917492792,1.3546327775948304
2016-04-08,0.991605970263778,0.9767888766717754,0.8420465169185856,1.1827052673906808,1.4100831195204242,1.1915174664678403,0.9689200917492792,1.3705322062448584
2016-04-11,0.9884628855517114,0.9767888766717754,0.8420465169185856,1.1789564569192923,1.409193161772217,1.1915174664678403,0.9689200917492792,1.3696672106008216
2016-04-12,0.9776178885171914,0.9767888766717754,0.8420465169185856,1.1660214449264228,1.4033077210220053,1.1915174664678403,0.9689200917492792,1.3639468484573087
2016-04-13,0.992788013975528,0.9767888766717754,0.8420465169185856,1.1841151109838985,1.4296383278761096,1.1915174664678403,0.9689200917492792,1.3895389176083777
2016-04-14,1.014261243581645,0.9767888766717754,0.8420465169185856,1.2097265963164126,1.4618391546928264,1.1915174664678403,0.9689200917492792,1.4208365550377464
2016-04-15,1.0106135041043978,0.9767888766717754,0.8420465169185856,1.2053758755430577,1.4568624621088615,1.1915174664678403,0.9689200917492792,1.4159994519106458
2016-04-18,0.9838295451571858,0.9767888766717754,0.8420465169185856,1.1734301932071427,1.4214433945331628,1.1915174664678403,0.9689200917492792,1.3815738409976042
2016-04-19,1.0074805802265134,0.9767888766717754,0.8420465169185856,1.2016391840710183,1.4553439267308943,1.1915174664678403,0.9689200917492792,1.414523509384269
2016-04-20,1.0088793884011866,0.9767888766717754,0.8420465169185856,1.2033075663174615,1.4541674477812634,1.1915174664678403,0.9689200917492792,1.413380029068735
2016-04-21,1.0271553421795205,0.9767888766717754,0.8420465169185856,1.2251056065152977,1.4788354898989855,1.1915174664678403,0.9689200917492792,1.437356166162583
2016-04-22,1.0203814527138537,0.9767888766717754,0.8420465169185856,1.217026273602815,1.4764393148353454,1.1915174664678403,0.9689200917492792,1.4350272005498066
2016-04-25,1.0058209773074411,0.9767888766717754,0.8420465169185856,1.1996597475074793,1.4570354989537138,1.1915174664678403,0.9689200917492792,1.4161676353073929
2016-04-26,1.013106295427753,0.9767888766717754,0.8420465169185856,1.2083490700548392,1.4589315258175386,1.1915174664678403,0.9689200917492792,1.4180104811969751
2016-04-27,1.0249809236610277,0.9767888766717754,0.8420465169185856,1.2225121406503743,1.461605140184694,1.1915174664678403,0.9689200917492792,1.4206091043182216
2016-04-28,0.9932655731828504,0.9767888766717754,0.8420465169185856,1.1846847039542199,1.4266132178316686,1.1915174664678403,0.9689200917492792,1.3865986577854306
2016-05-02,0.9857481612877776,0.9748352989184318,0.8420465169185856,1.1757185592232813,1.404603857496697,1.1891344315349046,0.9689200917492792,1.365206630067103
2016-05-06,0.9897813149093877,0.978823802950912,0.8420465169185856,1.1805289699867474,1.3984655439744957,1.183937749266201,0.9689200917492792,1.359240487888856
2016-05-09,1.00031095588224,0.9892368740662206,0.8420465169185856,1.1930878514535588,1.4049687701200941,1.1894433657320218,0.9689200917492792,1.365561307387828
2016-05-10,1.0211086011793535,1.00980427613322,0.8420465169185856,1.2178935559166693,1.4223482959266138,1.204156832756891,0.9689200917492792,1.3824533611379644
2016-05-11,1.0110331219362116,0.9998403388869123,0.8420465169185856,1.2058763608515977,1.4181474538988852,1.2006004094493872,0.9689200917492792,1.3783703470144373
2016-05-12,0.9994816170714422,0.988416716566284,0.8420465169185856,1.1920986849807902,1.4159320659218295,1.1987248670260449,0.9689200917492792,1.3762170976564028
2016-05-13,1.0002418443146897,0.9891685276079084,0.8420465169185856,1.1930054209141807,1.3991488955040896,1.1845162731171395,0.9689200917492792,1.3599046723376516
2016-05-16,0.9916572003147456,0.9806789211055122,0.8420465169185856,1.1827663703417979,1.3897158520068498,1.1765302799441422,0.9689200917492792,1.350736212878132
2016-05-17,1.010692500638919,0.9995034884851518,0.8420465169185856,1.2054700960502813,1.4074751395077882,1.191565252355887,0.9689200917492792,1.367997376523773
2016-05-18,1.0064717584767653,0.995329472637204,0.8420465169185856,1.2004359452513012,1.422021858414573,1.2038804715015514,0.9689200917492792,1.3821360797540618
2016-05-19,1.007710830152445,0.9965548269972512,0.8420465169185856,1.2019138070648105,1.4081909651558808,1.1921712687216968,0.9689200917492792,1.3686931242362201
2016-05-20,1.0087475036659324,0.997580023872162,0.8420465169185856,1.2031502651557597,1.4154715000038045,1.1983349529672216,0.9689200917492792,1.3757694499858406
2016-05-23,1.0086932017199917,0.9975263230834801,0.8420465169185856,1.2030854983033814,1.4117739277515142,1.1952045967071137,0.9689200917492792,1.372175589605181
2016-05-24,1.0072023664767547,0.9960519923395298,0.8420465169185856,1.201307353810646,1.4052050754610481,1.189643421296289,0.9689200917492792,1.3657909846854293
2016-05-25,0.9961988176120066,0.985170259795675,0.8420465169185856,1.1881832343593821,1.4107781682993017,1.1943615890193358,0.9689200917492792,1.3712077598510073
2016-05-26,1.0076861474497232,0.9965304175478292,0.8420465169185856,1.2018843675864315,1.4162684583092813,1.1990096560562684,0.9689200917492792,1.3765440546950025
2016-05-27,1.0065902354497585,0.9954466379943597,0.8420465169185856,1.2005772547474376,1.4248529345074512,1.2062772540836073,0.9689200917492792,1.3848877480138302
2016-05-30,1.0189019675577362,1.0076220713565736,0.8420465169185856,1.215261666551589,1.438299075680972,1.2176607266231239,0.9689200917492792,1.3979567432190863
2016-05-31,1.019178413828015,1.0078954571898986,0.8420465169185856,1.215591388709194,1.443631279216683,1.2221749580104466,0.9689200917492792,1.4031393856993608
2016-06-01,0.9993586379735141,0.9882950989255952,0.8420465169185856,1.1919520057238482,1.422694250558744,1.204449717161714,0.9689200917492792,1.3827896122132872
2016-06-02,0.9916099797561699,0.98063222330871,0.8420465169185856,1.1827100495802954,1.3956009588602258,1.1815125980228376,0.9689200917492792,1.356456250490161
2016-06-03,1.0083838570409913,0.9972204030478515,0.8420465169185856,1.2027165376554385,1.4087838030240056,1.1926731639126735,0.9689200917492792,1.3692693338086195
2016-06-06,1.0142937384897237,1.003064858330549,0.8420465169185856,1.2097653535446884,1.4021836959242957,1.1870855282514199,0.9689200917492792,1.3628543507345052
2016-06-07,1.0105070489212746,0.9993200898365882,0.8420465169185856,1.2052489046396997,1.4064652262571988,1.1907102620945904,0.9689200917492792,1.3670157899660123
2016-06-08,1.0202995273598388,1.0090041592781573,0.8420465169185856,1.2169285598428834,1.4181075313318192,1.2005666110948972,0.9689200917492792,1.3783315442210677
2016-06-09,1.0181101924303078,1.006839061686016,0.8420465169185856,1.2143173029213967,1.408235231134275,1.1922087441983396,0.9689200917492792,1.3687361486141383
2016-06-10,1.0165723665356872,1.0053182605072357,0.8420465169185856,1.2124831118813673,1.4023922834366216,1.1872621179650042,0.9689200917492792,1.3630570876508656
2016-06-13,0.9885012564423474,0.9775579155494892,0.8420465169185856,1.1790022225316743,1.3552983451813623,1.1473924969348346,0.9689200917492792,1.3172840702987458
2016-06-14,0.9734735556572023,0.9626965810197797,0.8420465169185856,1.1610784287987317,1.342251174130816,1.1363467915941268,0.9689200917492792,1.3046028546472594
2016-06-15,0.9742970366201399,0.9635109455219769,0.8420465169185856,1.162060608516955,1.342089961857905,1.1362103096504943,0.9689200917492792,1.304446164159296
2016-06-16,0.9528567672121094,0.9423080336038208,0.8420465169185856,1.1364884353720035,1.3042051268484345,1.104137094485708,0.9689200917492792,1.2676239472346573
2016-06-17,0.9499134015213638,0.9393972528530702,0.8420465169185856,1.1329778331663958,1.3130292634210017,1.111607588440998,0.9689200917492792,1.2762005787804058
2016-06-20,0.9658704121481977,0.9551776091703801,0.8420465169185856,1.1520100305170684,1.345167323073659,1.1388155966574978,0.9689200917492792,1.3074372095792806
2016-06-21,0.9851676467611507,0.9742612110587586,0.8420465169185856,1.1750261696965674,1.360119514981297,1.151474088323595,0.9689200917492792,1.32197001284434
2016-06-22,0.9833950130417585,0.9725082015279479,0.8420465169185856,1.1729119193794562,1.351812353166543,1.144441264022613,0.9689200917492792,1.3138958556177218
2016-06-23,0.980454954503488,0.9696006913173801,0.8420465169185856,1.169405261670725,1.3604527711802634,1.1517562222637794,0.9689200917492792,1.3222939216602752
2016-06-24,0.9188890042798814,0.9087163155240524,0.8420465169185856,1.095974508120499,1.2662271302318622,1.0719850089162093,0.9689200917492792,1.2307111817592622
2016-06-27,0.9632709903134496,0.9526069645972455,0.8420465169185856,1.1489096559849252,1.2965072365314603,1.097620078049197,0.9689200917492792,1.2601419722691374
2016-06-28,0.9796281663881035,0.9687830562750279,0.8420465169185856,1.1684191374556587,1.3064662201003663,1.106051330890822,0.9689200917492792,1.269821619896783
2016-06-29,0.9786227920397982,0.9677888120635301,0.8420465169185856,1.1672200104101411,1.3225298697274073,1.11965078013459,0.9689200917492792,1.285434706004204
2016-06-30,0.9739398641542983,0.9631577271836852,0.8420465169185856,1.1616346028560518,1.325150203935524,1.1218691491162571,0.9689200917492792,1.2879815434023927
2016-07-01,0.9888815789754299,0.9760077122146092,0.8420465169185856,1.1771325704648992,1.3348055305248947,1.129295413883479,0.9689200917492792,1.2965073968534264
2016-07-04,1.0087707938789676,0.9760077122146092,0.8420465169185856,1.1771325704648992,1.352239401854043,1.129295413883479,0.9689200917492792,1.2965073968534264
2016-07-05,1.0095975819943521,0.9760077122146092,0.8420465169185856,1.1771325704648992,1.3476822881736825,1.129295413883479,0.9689200917492792,1.2965073968534264
2016-07-06,1.0112081652431142,0.9760077122146092,0.8420465169185856,1.1771325704648992,1.3394649130059806,1.129295413883479,0.9689200917492792,1.2965073968534264
2016-07-07,1.0094024599991407,0.9760077122146092,0.8420465169185856,1.1771325704648992,1.3341847316397872,1.129295413883479,0.9689200917492792,1.2965073968534264
2016-07-08,0.9928600833866157,0.9760077122146092,0.8420465169185856,1.1771325704648992,1.313774673329433,1.129295413883479,0.9689200917492792,1.2965073968534264
2016-07-11,1.0092238737662198,0.9760077122146092,0.8420465169185856,1.1771325704648992,1.3488168274240757,1.129295413883479,0.9689200917492792,1.2965073968534264
2016-07-12,1.0073354897106794,0.9760077122146092,0.8420465169185856,1.1771325704648992,1.3608954526874406,1.129295413883479,0.9689200917492792,1.2965073968534264
2016-07-13,1.0023251537314728,0.9760077122146092,0.8420465169185856,1.1771325704648992,1.353839130132542,1.129295413883479,0.9689200917492792,1.2965073968534264
2016-07-14,1.0121473965421997,0.9760077122146092,0.8420465169185856,1.1771325704648992,1.3696653828497825,1.129295413883479,0.9689200917492792,1.2965073968534264
2016-07-15,0.9914843079626249,0.9760077122146092,0.8420465169185856,1.1771325704648992,1.3494613672160258,1.129295413883479,0.9689200917492792,1.2965073968534264
2016-07-19,1.0043751739861053,0.9760077122146092,0.8420465169185856,1.1771325704648992,1.3716791811748763,1.129295413883479,0.9689200917492792,1.2965073968534264
2016-07-20,1.012609427613433,0.9760077122146092,0.8420465169185856,1.1771325704648992,1.3777266892234452,1.129295413883479,0.9689200917492792,1.2965073968534264
2016-07-21,1.004729263594438,0.9760077122146092,0.8420465169185856,1.1771325704648992,1.3674196572061061,1.129295413883479,0.9689200917492792,1.2965073968534264
2016-07-22,1.0046257090863338,0.9760077122146092,0.8420465169185856,1.1771325704648992,1.3676352157244749,1.129295413883479,0.9689200917492792,1.2965073968534264
2016-07-25,0.9926334289556633,0.9760077122146092,0.8420465169185856,1.1771325704648992,1.3549809794172845,1.129295413883479,0.9689200917492792,1.2965073968534264
2016-07-26,0.987913347667453,0.9760077122146092,0.8420465169185856,1.1771325704648992,1.3504642458787905,1.129295413883479,0.9689200917492792,1.2965073968534264
2016-07-27,0.9881805851076892,0.9760077122146092,0.8420465169185856,1.1771325704648992,1.348380944883132,1.129295413883479,0.9689200917492792,1.2965073968534264
2016-07-28,0.9836843151756952,0.9760077122146092,0.8420465169185856,1.1771325704648992,1.3345752885134259,1.129295413883479,0.9689200917492792,1.2965073968534264
2016-07-29,0.9855282535133364,0.9760077122146092,0.8420465169185856,1.1771325704648992,1.344841637696752,1.129295413883479,0.9689200917492792,1.2965073968534264
2016-08-01,0.9823880332052621,0.97405569679018,0.8420465169185856,1.1747783053239693,1.355904243869175,1.127036823055712,0.9689200917492792,1.2939143820597196
2016-08-02,0.9665159531093304,0.9583182391718195,0.8420465169185856,1.1557978467609433,1.338824776754228,1.1128402539072997,0.9689200917492792,1.277615761978051
2016-08-03,0.9431458942260578,0.9351463984936489,0.8420465169185856,1.1278510098266257,1.3025816639521623,1.0827147322159383,0.9689200917492792,1.2430296286893272
2016-08-04,0.9408027758550237,0.932823153787468,0.8420465169185856,1.1250490165856089,1.298197280381603,1.0790704027931464,0.9689200917492792,1.2388456924091187
2016-08-05,0.9303096805412413,0.9224190579293332,0.8420465169185856,1.1125009598975522,1.2908630796839016,1.0729741653255187,0.9689200917492792,1.2318468001152287
2016-08-08,0.9446077963401254,0.936595901168993,0.8420465169185856,1.129599209957393,1.315067737939443,1.0930932417771348,0.9689200917492792,1.2549448585299698
2016-08-09,0.9477913810834134,0.9397524836502519,0.8420465169185856,1.1334062659914252,1.3285301370586475,1.1042832794236872,0.9689200917492792,1.267791777415377
2016-08-10,0.9559617329684788,0.9478535369300463,0.8420465169185856,1.1431766945970352,1.3361686987034127,1.1106325037791367,0.9689200917492792,1.2750811157407795
2016-08-12,0.9569702926151441,0.9488535422601008,0.8420465169185856,1.1443827699486067,1.3453853631749173,1.1182934579299206,0.9689200917492792,1.283876408452799
2016-08-15,0.9502873115221016,0.9422272443155094,0.8420465169185856,1.136390997922047,1.3434889352397563,1.1167171341409348,0.9689200917492792,1.282066682293345
2016-08-16,0.930365711632712,0.9224746137809923,0.8420465169185856,1.1125679640837376,1.320033450255988,1.0972207756046548,0.9689200917492792,1.259683546097769
2016-08-17,0.9263620354596053,0.9185048956526131,0.8420465169185856,1.107780210415401,1.3215118570781117,1.0984496374033579,0.9689200917492792,1.261094362428148
2016-08-18,0.9149520677397813,0.9071917040399009,0.8420465169185856,1.0941357215895735,1.3036501849016506,1.0836028940914728,0.9689200917492792,1.2440492985003235
2016-08-19,0.9141268825743242,0.9063735178607617,0.8420465169185856,1.0931489326655561,1.3011623734775581,1.0815350083270843,0.9689200917492792,1.241675225997755
2016-08-22,0.924752415013404,0.9169089275500938,0.8420465169185856,1.1058553628846006,1.310199508372355,1.0890467362735163,0.9689200917492792,1.2502991969498807
2016-08-23,0.9246811027151759,0.916838220102535,0.8420465169185856,1.105770084829464,1.3074414941024923,1.0867542560672605,0.9689200917492792,1.247667274861107
2016-08-24,0.9336511710877823,0.9257322069016485,0.8420465169185856,1.1164968459108553,1.3138583885533537,1.0920880223479421,0.9689200917492792,1.2537907987424364
2016-08-25,0.9290311529083429,0.9211513744048658,0.8420465169185856,1.110972046194292,1.3103374188175345,1.089161368372873,0.9689200917492792,1.250430802341088
2016-08-26,0.9216605175107792,0.9138432546443513,0.8420465169185856,1.1021579500644163,1.2979483656350221,1.0788635031640121,0.9689200917492792,1.238608157662868
2016-08-29,0.9374460041017253,0.9294948532192532,0.8420465169185856,1.1210348567033546,1.3178568781736641,1.0954115940965168,0.9689200917492792,1.257606483551765
2016-08-30,0.9331214225864745,0.9252069515767426,0.8420465169185856,1.115863351786763,1.3139347380164648,1.0921514845405977,0.9689200917492792,1.2538636576252287
2016-08-31,0.9406907136720435,0.9327120420841115,0.8420465169185856,1.1249150082131913,1.3294348151009932,1.1050352539612287,0.9689200917492792,1.2686550949655788
2016-09-01,0.9408672014227427,0.9328870329158111,0.8420465169185856,1.125126059217142,1.3314117735964275,1.1066785152992484,0.9689200917492792,1.2705416699516399
2016-09-02,0.936741009594558,0.9287958382753603,0.8420465169185856,1.1201917965027022,1.3266588077973849,1.1027278178230318,0.9689200917492792,1.2660060024569577
2016-09-05,0.9449403573662457,0.9369256415068982,0.8420465169185856,1.1299968995316523,1.3320091526619942,1.1071750608386997,0.9689200917492792,1.2711117377628245
2016-09-06,0.9383798184311948,0.9304207472006736,0.8420465169185856,1.1221515486604852,1.3347796128206113,1.109477886152278,0.9689200917492792,1.2737555367334132
2016-09-07,0.926520994616452,0.9186625065630174,0.8420465169185856,1.1079703000363905,1.3274517511406776,1.103386917719303,0.9689200917492792,1.2667626936471241
2016-09-08,0.9197377049657101,0.9119367508494373,0.8420465169185856,1.0998585750854868,1.3214531295392375,1.0984008226738975,0.9689200917492792,1.2610383198222521
2016-09-09,0.9276824804909959,0.9198141410440986,0.8420465169185856,1.10935925059486,1.3278786614163032,1.1037417684419455,0.9689200917492792,1.2671700862399113
2016-09-12,0.9010372520271288,0.8933949098439535,0.8420465169185856,1.07749583687063,1.2991343474610146,1.0798492993184325,0.9689200917492792,1.2397399182193027
2016-09-13,0.8985710833894178,0.8909496585485259,0.8420465169185856,1.0745466952739022,1.2993657001566703,1.0800416012514755,0.9689200917492792,1.239960693824653
2016-09-14,0.8889185523774356,0.8813789975644047,0.8420465169185856,1.0630038184868698,1.289490225872656,1.0718330399068605,0.9689200917492792,1.2305367110740097
2016-09-15,0.8818117438301426,0.8743324669497129,0.8420465169185856,1.0545052168964062,1.2792256077740602,1.063301019578707,0.9689200917492792,1.2207413755669656
2016-09-16,0.8803055247052106,0.8728390231478097,0.8420465169185856,1.0527040207384473,1.284768457339109,1.0679082738097594,0.9689200917492792,1.2260308145537073
2016-09-20,0.8769483532048694,0.8695103262230929,0.8420465169185856,1.0486893828229336,1.286677861667591,1.0694953836650691,0.9689200917492792,1.227852923845688
2016-09-21,0.8971444180915088,0.8895350938206689,0.8420465169185856,1.072840632715838,1.3176962891568165,1.0952781114142522,0.9689200917492792,1.2574532364183935
2016-09-23,0.8936228353486625,0.8860433801429325,0.8420465169185856,1.0686293853605533,1.316264121161658,1.09408768364279,0.9689200917492792,1.25608654494675
2016-09-26,0.8846862887798866,0.8771826308252257,0.8420465169185856,1.0579427109725708,1.3016738886398487,1.0819601832065493,0.9689200917492792,1.2421633554715898
2016-09-27,0.9016047359932078,0.893957580572131,0.8420465169185856,1.0781744565498559,1.319882272281133,1.097095115444458,0.9689200917492792,1.2595392797479887
2016-09-28,0.8928962437285374,0.8853229512666628,0.8420465169185856,1.0677604984815385,1.3108264149294664,1.0895678252646266,0.9689200917492792,1.2508974423009978
2016-09-29,0.9196422403733092,0.9118420959606085,0.8420465169185856,1.0997444147656457,1.3356349290031582,1.1101888307764614,0.9689200917492792,1.2745717491723154
2016-09-30,0.9000189630412083,0.8923852576961375,0.8420465169185856,1.0762781267919495,1.313870143797705,1.092097793386943,0.9689200917492792,1.2538020165550514
2016-10-03,0.9053151264855003,0.897636500585582,0.8420465169185856,1.0826114876488646,1.3211368868692952,1.0981379596172636,0.9689200917492792,1.2607365352820026
2016-10-04,0.9093851455373664,0.9016719988912565,0.8420465169185856,1.0874785767447968,1.3320081660172534,1.1071742407328855,0.9689200917492792,1.271110796225968
2016-10-05,0.9130409423015565,0.9052967882251087,0.8420465169185856,1.0918503225133518,1.3392740323251107,1.1132136781912325,0.9689200917492792,1.2780444782734792
2016-10-06,0.9186956466522126,0.910903530978733,0.8420465169185856,1.098612440708641,1.3534916221477002,1.125031435483175,0.9689200917492792,1.291612061701922
2016-10-07,0.9185740401071825,0.9107829558658959,0.8420465169185856,1.098467018812142,1.3597656780466292,1.1302464733886726,0.9689200917492792,1.2975992773907712
2016-10-11,0.9269306898882483,0.9190687269158236,0.8420465169185856,1.108460229779865,1.3797030893795266,1.146818585195376,0.9689200917492792,1.3166251808653868
2016-10-12,0.9226402589591605,0.9148146862038989,0.8420465169185856,1.1033295634793623,1.3677152302899025,1.1368541952432836,0.9689200917492792,1.305185388301638
2016-10-13,0.9224426483353082,0.91461875165726,0.8420465169185856,1.103093252911688,1.3596019370738963,1.1301103707792535,0.9689200917492792,1.2974430224041014
2016-10-14,0.9250381880337505,0.9171922767248079,0.8420465169185856,1.1061971015186263,1.374915959512945,1.1428394903140209,0.9689200917492792,1.312056911231919
2016-10-17,0.9295300297865787,0.9216460199510429,0.8420465169185856,1.1115686228155153,1.3829982580455649,1.1495575517865615,0.9689200917492792,1.3197696994754418
2016-10-18,0.9334784423069249,0.9255609431572759,0.8420465169185856,1.1162902900311042,1.385909085424004,1.1519770512872771,0.9689200917492792,1.3225474482919126
2016-10-19,0.9344094924143563,0.9264840963620048,0.8420465169185856,1.1174036764226418,1.3816832343294616,1.1484644951360339,0.9689200917492792,1.318514796626137
2016-10-20,0.941671683290151,0.9336846913963984,0.8420465169185856,1.1260880903218722,1.3909601743443065,1.1561755507281115,0.9689200917492792,1.3273676091761295
2016-10-21,0.9361499860976995,0.9282098276720212,0.8420465169185856,1.119485027325374,1.390231627390893,1.155569977548785,0.9689200917492792,1.3266723702716936
2016-10-24,0.93964237406405,0.9316725941950683,0.8420465169185856,1.1236613624169742,1.3908381665685683,1.1560741370356789,0.9689200917492792,1.3272511794087143
2016-10-25,0.9403758135341188,0.9323998128397624,0.8420465169185856,1.124538438224681,1.3890596919939182,1.1545958568816326,0.9689200917492792,1.325554013963092
2016-10-26,0.9406152264242911,0.9326371950977653,0.8420465169185856,1.1248247375889675,1.3861389963927833,1.1521681548471416,0.9689200917492792,1.322766848083927
2016-10-27,0.9363513969349502,0.9284095301997274,0.8420465169185856,1.1197258823379166,1.3869881082628945,1.15287394240466,0.9689200917492792,1.323577139862039
2016-10-28,0.9455820937575756,0.9375619348723347,0.8420465169185856,1.1307643131857175,1.4026264162323907,1.1658726102763775,0.9689200917492792,1.338500488383369
2016-10-31,0.9430663583513541,0.9350675372196561,0.8420465169185856,1.1277558976948225,1.3957553366630129,1.160161322238266,0.9689200917492792,1.3319435440303338
2016-11-01,0.9422138812741628,0.9342222906110303,0.8403624238847484,1.1267364720277542,1.388908377757426,1.1544700834598365,0.9669822515657807,1.3254096175813468
2016-11-02,0.9239457523307851,0.9161091067513522,0.8240690435559258,1.1048907238751433,1.3674692422841739,1.1366497283410375,0.9520559512974919,1.3049506464901373
2016-11-04,0.9115743810405635,0.903842665920401,0.8130349930384684,1.0900965507911726,1.3498182048156402,1.1219780660299836,0.939766990969271,1.288106587374548
2016-11-07,0.9243069123206703,0.9164672034847301,0.8243911628650785,1.1053226132167548,1.3644642068703414,1.134151922481008,0.9499637931990618,1.3020829966851177
2016-11-08,0.9251605632058962,0.9173136139454838,0.8251525357776593,1.106343442569706,1.367452936593758,1.1366361749403406,0.9520445989912604,1.304935086270871
2016-11-09,0.8788598525013082,0.8714056127251403,0.7838568403431189,1.050975228973535,1.3061568642843204,1.0856864630312693,0.9093692037217599,1.2464413763473505
2016-11-10,0.932088268466561,0.9241825603767805,0.8313313697988038,1.1146278653953323,1.3887841901414384,1.154366857869373,0.9668957899802308,1.3252911076326341
2016-11-11,0.9281943071210143,0.9203216265059401,0.8278583379746155,1.1099713130393423,1.3981108940952756,1.1621192775857672,0.9733892040407975,1.3341914089906757
2016-11-14,0.9491350199896245,0.9410847261926962,0.8465354011912413,1.1350130423199773,1.4241633458954792,1.1837742525904376,0.9915273756466496,1.3590527826640908
2016-11-15,0.948373300738229,0.9403294676277525,0.8458560222846635,1.1341021484358496,1.425174728143216,1.1846149203887266,0.9922315176179792,1.3600179260671177
2016-11-16,0.9572118706727311,0.9490930713211835,0.8537391602870336,1.1446716585053722,1.4323004259023324,1.1905378487966891,0.9971925527542299,1.3668178478568904
2016-11-17,0.9617756196359596,0.9536181118612734,0.8578095770119006,1.1501291692768063,1.4329319414084785,1.191062768777562,0.9976322248707001,1.3674204914429628
2016-11-18,0.9680598034601616,0.9598489950222471,0.8634144529913357,1.1576440438210873,1.4404651043956853,1.1973243850524953,1.002876944409755,1.3746092497757287
2016-11-21,0.9752239043505759,0.9669523320426703,0.8698041287421132,1.16621115785214,1.447855558850967,1.2034673810257583,1.0080223077783605,1.3816618239917062
2016-11-22,0.9737201654835681,0.9654613474618476,0.8684629410730678,1.1644129276843014,1.4510606197093014,1.206131449394753,1.01025372708206,1.384720354384783
2016-11-24,0.9845221324540544,0.9761716952149774,0.8780972367743424,1.17733034526557,1.4683440463696709,1.2204975511035538,1.0222867503501614,1.401213609294371
2016-11-25,0.992638382408844,0.9842191054417101,0.8853361361584589,1.1870360766519388,1.473711627495777,1.2249591210169262,1.0260237540041854,1.4063357928463027
2016-11-28,0.9908260159140982,0.9824221109250739,0.8837196828979396,1.184868777410338,1.4790067591619023,1.2293604704467516,1.0297103170797963,1.4113888392164122
2016-11-29,0.9912528413566529,0.982845316155393,0.8841003693541779,1.1853791920867438,1.4775000995225198,1.2281081247143195,1.028661354344914,1.409951061744234
2016-11-30,0.99059618682961,0.9821942311856358,0.88351469788301,1.1845939387383841,1.4771993912058785,1.2278581739177303,1.0284519959669627,1.4096641013504847
2016-12-01,0.9977359258370883,0.9892734129536981,0.8898826452222225,1.193131919870233,1.4948226379882863,1.242506736421594,1.0407216079345047,1.4264816403274814
2016-12-02,1.0317661782942233,1.0230150304700778,0.9202342946817008,1.2338266361738333,1.5128150874272024,1.2574621826828736,1.0532482652347641,1.4436515025819592
2016-12-05,1.0133914680479184,1.004796169299827,0.9038458542780387,1.2118534339010578,1.497864268507815,1.2450349603822009,1.0428392441841714,1.4293842121661084
2016-12-06,1.0289476386694245,1.020220396898243,0.9177204336168351,1.2304561154712284,1.517386665274183,1.261262109260513,1.0564310775141594,1.4480140749034633
2016-12-07,1.0531130024397626,1.0441807969132,0.9392735693492824,1.2593540093157103,1.5385837572203087,1.278881276154489,1.0711888628547641,1.468242068326265
2016-12-08,1.0702681522714872,1.0611904416340951,0.9545742814075663,1.279868813207546,1.570465840538577,1.3053818804987036,1.0933857256611395,1.498666551708525
2016-12-09,1.0894468690132812,1.0802064899449833,0.9716798167944338,1.3028034781165856,1.5864257300264712,1.3186478491141778,1.1044972792516388,1.5138967795346003
2016-12-12,1.0774138729228089,1.0682755543113958,0.9609475637867511,1.2884139474247134,1.5784218841124569,1.3119949979914338,1.0989248620446697,1.5062588571763218
2016-12-13,1.075173495272365,1.0660541789081794,0.9589493665300961,1.2857348155842259,1.571114239927664,1.3059208344778301,1.0938371526315678,1.4992853072723134
2016-12-14,1.0757606910274795,1.0666363942355934,0.9594730875852301,1.2864370073972062,1.5676373379400976,1.30303080991462,1.0914164727895763,1.495967363909376
2016-12-15,1.0806479664666304,1.0714822171918803,0.9638320582137281,1.292281403871911,1.5716716758433305,1.3063841789996062,1.0942252492443227,1.4998172580731302
2016-12-16,1.0984174133960944,1.0891009487169199,0.9796806630682248,1.3135308084297312,1.5809575955211885,1.3141026985486117,1.1006902685801931,1.5086786397497194
2016-12-19,1.0883086126263675,1.0790778879256122,0.9706646036721057,1.3014423062944085,1.569800438808617,1.3048287940582852,1.092922461364274,1.4980315711248031
2016-12-20,1.077233197305819,1.0680964111336981,0.9607864188466815,1.2881978884052965,1.563673964274612,1.2997364267863651,1.088657102875604,1.4921851896072917
2016-12-21,1.0756071167530448,1.0664841225345572,0.959336114386177,1.28625335723071,1.5591463985271783,1.2959730833650018,1.085504932588004,1.4878646172196661
2016-12-22,1.0677206260721046,1.0586645228287377,0.9523021377527433,1.276822381033983,1.5505758684361237,1.288849200502771,1.0795379799673124,1.479685918615518
2016-12-26,1.0559044407220068,1.0469485590083736,0.9417632586731319,1.2626921211653945,1.5399938083738876,1.2800533202569104,1.0721705650758366,1.4695876541043935
2016-12-27,1.058153852153349,1.049178891570523,0.9437695131768337,1.2653820559569111,1.5411101477249511,1.280981229112837,1.0729477800141942,1.4706529561330077
2016-12-28,1.0553353125285498,1.046384257998688,0.9412556521119677,1.262011535254306,1.5443901616714302,1.2837075989981244,1.075231382965927,1.4737830128740317
2016-12-29,1.0341149613148901,1.0253438917799405,0.9223291789024228,1.2366354034260043,1.521254702552084,1.2644772481354427,1.0591240725713023,1.4517052714513379
2016-12-30,1.0342956369318803,1.025523034957638,0.9224903238424926,1.2368514624454212,1.5198482797522914,1.2633082199453487,1.0581448964734572,1.4503631481442263
2017-01-04,1.0646492851240346,1.0556192321226896,0.9495628026877511,1.2731495505514359,1.5657920378820989,1.301496983964627,1.0901317426853634,1.49420642813898
2017-01-05,1.060205197195133,1.051212837686003,0.9455991118760233,1.2678351351581705,1.5675581716996358,1.3029650063974858,1.091361355871372,1.4958918170279711
2017-01-06,1.0530765173745231,1.0441446213039258,0.9392410282474477,1.2593103790375884,1.553542821885254,1.2913153523749121,1.0816036247373173,1.4825172275048364
2017-01-10,1.0394903057061444,1.0306736440260336,0.9271234591944317,1.2430634519781505,1.5305043987174525,1.27216565845467,1.0655638724656114,1.4605320856988546
2017-01-11,1.0503556472139162,1.0414468287916143,0.9368142787708308,1.2560566553273602,1.5460383489378586,1.285077583456065,1.0763788797046725,1.475355847547278
2017-01-12,1.0609761104073083,1.0519772122311615,0.9462866908944012,1.2687570235427392,1.5405256473569051,1.2804953884342967,1.0725408406573684,1.4700951782250518
2017-01-13,1.0699096341010979,1.0608349643130495,0.9542545183424457,1.2794400830577453,1.5504385885439458,1.288735092523355,1.0794424033105947,1.4795549149493965
2017-01-15,1.0698824253994925,1.060807986387927,0.9542302508476801,1.2794075458206438,1.550404539952511,1.2887067911027394,1.0794186980870282,1.479522423007325
2017-01-16,1.0531400043448897,1.0442075697958324,0.9392976524018596,1.2593862992574365,1.5291477629911938,1.2710380136184805,1.0646193589972353,1.459237473276658
2017-01-17,1.0404244711278834,1.031599886121858,0.9279566431813414,1.2441805637852452,1.510615053068717,1.2556334991713256,1.0517165629197953,1.4415520504190633
2017-01-18,1.0616744670818234,1.0526696456426143,0.9469095565933633,1.2695921459616488,1.5240014888391924,1.266760395566121,1.061036433120791,1.4543264788835029
2017-01-19,1.0570671269432894,1.048101383655193,0.942800260813042,1.2640825071457744,1.536222668205025,1.276918722917585,1.0695450314770365,1.4659889246783906
2017-01-20,1.0746167394788977,1.0655021453592983,0.9584527949369482,1.2850690250763797,1.5529208524896705,1.29079836718602,1.0811705987896176,1.4819236935957973
2017-01-23,1.0648941634384832,1.0558620334487916,0.9497812101406412,1.273442385685349,1.5328663790447,1.274128952556136,1.0672083243902832,1.462786079909277
2017-01-24,1.0551625178309127,1.0462129288966227,0.9411015361794532,1.2618049005486724,1.5083624994260576,1.2537611612738195,1.0501482957626282,1.4394024800730922
2017-01-25,1.0637695371055067,1.0547469458771097,0.9487781536903725,1.2720975132185435,1.5205576044235574,1.2638978154331078,1.058638740688595,1.451040043579764
2017-01-26,1.0572213095857659,1.0482542585642656,0.9429377766167546,1.2642668848227376,1.5517066654043796,1.2897891266283708,1.0803252605510707,1.4807650172812474
2017-01-27,1.080584514697701,1.0714193036028412,0.9637754654555473,1.2922055257473268,1.571730593567401,1.3064331518122945,1.0942662687920417,1.4998734821692474
2017-01-30,1.0872234378894825,1.0780019173327828,0.9696967341784042,1.300144611600165,1.5674730486972805,1.3028942515793804,1.0913020917515814,1.4958105857186887
2017-01-31,1.068812216469727,1.0597468546664899,0.9532757293869426,1.278127747828041,1.542103055294658,1.2818065406331827,1.0736390595922625,1.471600469491941
2017-02-01,1.071406112689463,1.0623187501948512,0.9555892305546128,1.2812296310984077,1.5426800283047368,1.2822861245206205,1.0740407582711053,1.4721510641811877
2017-02-02,1.0501379776010733,1.0412310053906344,0.9366201388127063,1.2557963574305484,1.5178996418888075,1.2616884989090906,1.0567882207856338,1.448503599014273
2017-02-03,1.0541376567371332,1.0451967603837002,0.9401874605433045,1.260579331284545,1.5340028172152356,1.2750735676874119,1.0679995324775182,1.4638705618701726
2017-02-06,1.0578471097226896,1.0488747508420813,0.9434959289963623,1.2650152412760711,1.5438912910481128,1.2832929343453945,1.0748840605317762,1.4733069498502485
2017-02-07,1.0517614301302403,1.0428406882563184,0.9380680993337587,1.2577377459109902,1.542280896197961,1.2819543632007233,1.0737628755327886,1.4717701797819873
2017-02-08,1.0332685826056685,1.024504691814658,0.9215742920580003,1.2356232704275618,1.5361277050557387,1.2768397889024707,1.0694789164752243,1.465898303098598
2017-02-09,1.026094554949004,1.0173915122239978,0.9151757626047746,1.2270442855784225,1.5229657983320797,1.2658995225774252,1.0603153673150612,1.4533381385574256
2017-02-10,1.0603503102703848,1.051356719953345,0.9457285385147933,1.268008667089405,1.5629661610190473,1.2991480959096773,1.0881643178966287,1.4915097460306639
2017-02-13,1.0951321004894927,1.0858435009017484,0.9767504859902999,1.3096021018510435,1.5908643425233264,1.3223372539890792,1.1075875187337902,1.518132465477792
2017-02-14,1.0838858371591769,1.0746926251843854,0.9667199214871217,1.296153377182331,1.5798901965147898,1.3132154692397986,1.099947126763889,1.5076600405882958
2017-02-15,1.089808264541994,1.0805648202194138,0.972002146181132,1.3032356491248034,1.5935616147265226,1.3245792449766816,1.1094654067139489,1.5207064225339968
2017-02-16,1.0940891002612636,1.084809347105366,0.9758202320242666,1.3083548410954604,1.5955818626600793,1.32625848878989,1.1108719385822827,1.5226343078314837
2017-02-17,1.0808203234449938,1.071653112287281,0.9639857837435565,1.2924875151355946,1.584262260054922,1.316849558169565,1.1029910337009698,1.511832220090967
2017-02-20,1.068866633872938,1.0598008105167347,0.9533242643764739,1.2781928223022443,1.5802364235912831,1.3135032555389499,1.1001881760968342,1.5079904386940313
2017-02-21,1.0735556001162883,1.0644500062795235,0.9575063626410919,1.2838000728294232,1.5867440986223775,1.3189124792549214,1.1047189330242182,1.5142005928067406
2017-02-22,1.0762220528736157,1.067093842941522,0.9598845771281165,1.2869887220653662,1.5944718975108276,1.3253358782138325,1.1100991614744682,1.521575088585954
2017-02-23,1.08622578549724,1.0770127267449152,0.9688069260369601,1.2989515795730573,1.5895729707562494,1.321263856999335,1.106688443172771,1.5169001332466907
2017-02-24,1.0864253159757022,1.0772105648625026,0.9689848876652613,1.2991901859784953,1.578069442237921,1.3117020459099091,1.0986794858608675,1.505922528403575
2017-02-27,1.0647218416616953,1.0556911732563952,0.9496275160071672,1.2732363165170948,1.5492645321410852,1.2877592088616938,1.078625004753509,1.4784345346040446
2017-02-28,1.0789882708702083,1.0698365986623481,0.962351772429322,1.290296674504069,1.5587183493220746,1.2956172859564359,1.0852069172611756,1.4874561377675095
2017-03-01,1.089100838300254,1.079863394166231,0.9713711913172278,1.3023896809601658,1.571780414051748,1.3064745629374934,1.0943009546827018,1.4999210249374844
2017-03-02,1.0943430481429366,1.0850611410731985,0.9760467286420991,1.3086585219751017,1.5858507444769734,1.3181699172174821,1.1040969642775371,1.5133480814422857
2017-03-03,1.0729660782481254,1.063865484568492,0.9569805669211304,1.2830950993588366,1.5726206764876405,1.307172994785143,1.094885960054674,1.5007228718639334
2017-03-06,1.0888468904185808,1.079611600198399,0.9711446946993955,1.302086000080525,1.5830516267154997,1.3158432715096349,1.1021481696423159,1.5106769350504767
2017-03-07,1.1084552947090422,1.0990536915701474,0.988633469260603,1.3255345022851954,1.5873133234116636,1.3193856227685745,1.1051152372565245,1.5147437935119619
2017-03-08,1.1035758675543854,1.0942156503314335,0.9842814985325649,1.3196994910982243,1.5763070120223543,1.3102371019361803,1.097452451187185,1.5042406737935543
2017-03-09,1.0960571963440757,1.086760750355912,0.9775755808123293,1.310708367912494,1.5741916830961973,1.3084788261556939,1.095979722272467,1.502222054460576
2017-03-10,1.1036665632264266,1.0943055767485312,0.984362390181804,1.3198079485552567,1.5794836549209792,1.3128775491039186,1.0996640854113897,1.5072720854524406
2017-03-13,1.0989957361174572,1.0896743662691348,0.9801964702470094,1.3142223895194516,1.5769939355709912,1.3108080774585584,1.0979306993498084,1.5048961922514215
2017-03-14,1.110287347283759,1.1008702051950126,0.9902674805747764,1.3277253429166391,1.5796418617763217,1.3130090517173496,1.0997742317850758,1.5074230593330769
2017-03-15,1.0914498562055421,1.0821924883684908,0.9734662850320083,1.30519872909662,1.5616342973816462,1.2980410418021122,1.0872370511888332,1.4902387731554274
2017-03-16,1.1012268496491675,1.0918865561292426,0.9821864048178465,1.3168904429618538,1.572782451338623,1.3073074631408004,1.0949985905291928,1.5008772506169228
2017-03-17,1.091114282219053,1.0818597606252913,0.9731669859298793,1.3047974365056747,1.563108777199037,1.299266639447791,1.0882636097700487,1.4916458420177052
2017-03-21,1.0839221154280076,1.074728595751239,0.9667522781468302,1.2961967601651618,1.5575966234987553,1.2946848998281606,1.0844259521668298,1.486385695527887
2017-03-22,1.0648306764681172,1.055799084956885,0.9497245859862296,1.2733664654655015,1.5230806886384207,1.26599502018092,1.0603953559513801,1.4534477762552245
2017-03-23,1.078017827179571,1.0688743859996028,0.9614862317826431,1.2891361797140632,1.531522665211449,1.2730120484852394,1.0662728073693297,1.4615037986109642
2017-03-24,1.074417209000436,1.0653043072417117,0.9582748333086475,1.284830418670943,1.5387669159217754,1.2790335189120057,1.0713163811391768,1.468416853292901
2017-03-27,1.0573664226609494,1.0483981408315401,0.9430672032554637,1.2644404167538918,1.514650610902605,1.2589878822709637,1.054526188711554,1.4454031087401151
2017-03-28,1.062953276057277,1.053937608123369,0.9480501288473449,1.2711213961054186,1.5322517349074205,1.2736180561717327,1.0667803984152537,1.4621995363589704
2017-03-29,1.0912140474583183,1.081958679684119,0.9732559667440603,1.304916739708435,1.5544348033075694,1.2920567733955899,1.0822246377702274,1.4833684289049964
2017-03-30,1.111040121361554,1.1016165944567786,0.990938881263331,1.3286255398098348,1.5598116923318486,1.2965260800971858,1.0859681217453991,1.4884994948122767
2017-03-31,1.0962023094193278,1.0869046326232543,0.9777050074510993,1.3108818998437297,1.5440014838336864,1.2833845273377003,1.0749607786721562,1.4734121047907225
2017-04-03,1.0892006035394513,1.0799623132249907,0.9714601721313477,1.3025089841628446,1.5371927899533853,1.2777250947083605,1.0702204471686294,1.466914693948771
2017-04-04,1.092973543495443,1.0837032521753467,0.974825264738879,1.3070208143743014,1.5274543782148289,1.2696304606830908,1.0634403949632933,1.4576215074542878
2017-04-05,1.0770836617578319,1.067948143903778,0.960653047795733,1.2880190679069674,1.521967301938519,1.2650695655887074,1.0596201967002903,1.452385291887091
2017-04-06,1.0667443551477183,1.0576965323571852,0.9514313997847604,1.275654917808331,1.4972998661978916,1.24456582534617,1.0424462974461581,1.4288456134638916
2017-04-07,1.0964743964353811,1.0871744118744784,0.9779476823987546,1.3112072722147436,1.51559235133158,1.25977066331617,1.0551818448332853,1.44630179424149
2017-04-10,1.1017982323828799,1.092453092556813,0.9826960222079225,1.3175737249409838,1.5249552774230108,1.2675531911195195,1.0617004773781866,1.455236661716566
2017-04-11,1.0891824644050703,1.0799443279415981,0.9714439938015241,1.3024872926714703,1.5134796489035198,1.2580145706987529,1.0537109445323793,1.444285681327145
2017-04-12,1.0708982169261168,1.061815162259187,0.9551362373189479,1.2806222693391258,1.4903975002612002,1.2388285318669061,1.037640749822225,1.4222588131082567
2017-04-13,1.0427190716299604,1.0338750244738724,0.9300032019065904,1.246924537447496,1.4706071145536845,1.2223786287592957,1.0238623379145169,1.4033732134729964
2017-04-14,1.0276454509405106,1.0189292539559767,0.9165590098064111,1.228898908093206,1.4554695361430643,1.209796170700179,1.013323291646836,1.3889277019233266
2017-04-17,1.0255594504840522,1.0168609463632112,0.9146985018743442,1.2264043865820393,1.4560084226519676,1.2102440968289805,1.0136984738388817,1.3894419513677994
2017-04-18,1.0251422503927468,1.0164472848446444,0.9143264002879186,1.2259054822797895,1.4608485132416253,1.2142672130233096,1.0170682293757634,1.394060760441336
2017-04-19,1.0171973095239755,1.008569730708894,0.9072402918163762,1.2164046090461635,1.4620947862018212,1.2153031235782552,1.017935906360376,1.3952500557138163
2017-04-20,0.9975798356663583,0.9891186466954839,0.8897434280902878,1.1929452610958475,1.4550922539699196,1.2094825711936215,1.013060621213634,1.3885676685123138
2017-04-21,1.0100958384049021,1.001528492251871,0.9009064756825047,1.2079123901626005,1.4693449745439675,1.221329529404946,1.0229836140131185,1.4021687765681556
2017-04-24,1.0079010031420221,0.9993522729586158,0.8989488977713755,1.2052877197030278,1.4778091679582013,1.2283650244986744,1.0288765331836396,1.410246000045206
2017-04-25,1.0129255433718618,1.004334196464604,0.9034302951381225,1.211296262821152,1.4924441869051166,1.2405297517158589,1.0390656887821146,1.4242119283788275
2017-04-26,1.035572252674901,1.0267888228083344,0.9236289399481299,1.238378089835458,1.5172046725339037,1.2611108356578584,1.0563043709922728,1.4478404025920566
2017-04-27,1.035254817822861,1.0264740803485954,0.9233458191758855,1.2379984887359685,1.5207754868096823,1.2640789207533158,1.0587904342082575,1.4512479647174688
2017-04-28,1.0366606007391161,1.0278679398132315,0.924599639738752,1.2396795793195163,1.518433882836636,1.262132563615952,1.057160168656985,1.4490134152855951
2017-05-01,1.023295668371336,1.0146163650077273,0.9126794301315074,1.2236972667636898,1.5231241626774021,1.2660311560975972,1.060425623336019,1.453489262727841
2017-05-02,1.0310518996138407,1.0223068100986898,0.9195972281142196,1.232972473593155,1.533017703554483,1.2742547345171606,1.0673136791548805,1.4629304860946335
2017-05-08,1.0554338622083463,1.0464819718080762,0.9413435487662541,1.2621293848431732,1.5724134684324607,1.307000762041365,1.0947416981905005,1.5005251370431387
2017-05-09,1.059557080234477,1.0505702178694176,0.9450210550771977,1.2670600913679815,1.5736382067863819,1.3080187728852126,1.0955943824064067,1.501693882238505
2017-05-10,1.057321379793645,1.048353480005049,0.9430270294330445,1.264386552718978,1.5718357648587458,1.3065205709044676,1.0943394908805046,1.4999738451905047
2017-05-11,1.0570281731784583,1.0480627602851362,0.9427655178731597,1.264035924699442,1.5733020020708146,1.307739317240581,1.0953603108160463,1.50137304828673
2017-05-12,1.0551635623599451,1.0462139645662556,0.9411024677969619,1.2618061496376318,1.573869020008057,1.3082106264038162,1.0957550785994463,1.5019141430337972
2017-05-15,1.061998941576621,1.0529913680368586,0.947198956036903,1.2699801653432317,1.5757964586426867,1.3098127264969681,1.0970969950141767,1.5037534621311166
2017-05-16,1.0636299033735956,1.0546084964788724,0.9486536140887623,1.2719305337019,1.57733299105558,1.3110899026817757,1.0981667556953112,1.5052197466394313
2017-05-17,1.0613987842861348,1.052396301110136,0.94666367456274,1.2692624736157123,1.5738331327003783,1.3081807966297616,1.0957300932295417,1.5018798964387676
2017-05-18,1.0509624613266826,1.0420484960793388,0.9373554974779479,1.2567823075451663,1.5602652804577755,1.2969031056303169,1.0862839177146042,1.4889323455849783
2017-05-19,1.0531935804141435,1.044260691448075,0.93934543700397,1.2594503676313538,1.5639989736209732,1.3000065767640212,1.088883380054542,1.4924953400249645
2017-05-22,1.058769087456128,1.0497889086221173,0.9443182427599758,1.2661177785654363,1.5710172730820475,1.3058402349767069,1.0937696426214008,1.4991927736021118
2017-05-23,1.0575412847550347,1.0485715197949832,0.9432231631029582,1.2646495237336297,1.5688216034286724,1.3040151794377124,1.092240979090302,1.4970974865967057
2017-05-24,1.0604733509069348,1.0514787169941444,0.945838278701838,1.268155803929031,1.5743046026456227,1.308572685652646,1.0960583388334268,1.5023298115014418
2017-05-25,1.0650776110361142,1.056043925095976,0.9499448274157253,1.2736617595484008,1.573567803356224,1.3079602530755607,1.095545366309663,1.5016266975451613
2017-05-26,1.0568540817506737,1.0478901454514205,0.9426102453844625,1.2638277393128212,1.5624111279126727,1.2986867486193148,1.087777894161635,1.490980088186384
2017-05-29,1.057023591825087,1.0480582177895035,0.9427614317550286,1.2640304461366259,1.5672042668651778,1.3026708382937306,1.0911149611493398,1.4955540921795858
2017-05-30,1.0610872522574988,1.0520874114077288,0.9463858185303625,1.2688899313449553,1.5719493311743185,1.3066149679978374,1.0944185577313446,1.500082219428362
2017-05-31,1.0599877274505143,1.0509972124580214,0.9454051501807629,1.2675750762716533,1.5709229857174136,1.305761862678389,1.093703998112657,1.499102796911134
2017-06-01,1.0685560493900177,1.0594928603232288,0.9530472534619931,1.2778214131439765,1.5855595526821213,1.3179278766184839,1.1038942314681348,1.5130702024895493
2017-06-02,1.0718053006884884,1.062714552394591,0.9559452671203156,1.2817069958312317,1.5876944310591625,1.3197024020354151,1.1053805710517317,1.5151074775025097
2017-06-05,1.0816267815178036,1.0724527302116562,0.9647050652934219,1.293451909464584,1.5982913301550938,1.3285106165869383,1.112758317137434,1.5252199026294748
2017-06-06,1.0734694229094184,1.0643645600032579,0.9574295010198736,1.2836970187310197,1.5860520789212877,1.3183372677759875,1.1042371368313186,1.5135402111846916
2017-06-07,1.0736590064535974,1.0645525355536345,0.9575985909578179,1.2839237302006425,1.5861973427576586,1.3184580120640805,1.1043382720493176,1.5136788337813265
2017-06-08,1.0659914053343151,1.0569499688503499,0.950759842357269,1.2747545107635727,1.5731163277124514,1.3075849834519533,1.095231041087399,1.5011958626751705
2017-06-09,1.0718684952032,1.0627772109113687,0.9560016304329506,1.2817825663210884,1.5706668503575512,1.3055489612264193,1.0935256722050937,1.4988583716669626
2017-06-12,1.0666549477388751,1.0576078832766025,0.9513516571400149,1.2755480009071734,1.5754494839160798,1.3095243187459609,1.0968554251541738,1.5034223505566833
2017-06-13,1.0657491596945288,1.056709777869311,0.9505437829921161,1.2744648238857186,1.574383150468553,1.3086379751369246,1.0961130251985525,1.5024047682384152
2017-06-14,1.0641587644074582,1.0551328718635804,0.9491253062906583,1.272562966557465,1.5766735767251066,1.3105417930085048,1.0977076599304587,1.5045904797204774
2017-06-15,1.0706520007948694,1.0615710344632685,0.9549166366646096,1.280327834391189,1.581020160683326,1.3141547031366108,1.1007338275379472,1.5087383445286304
2017-06-16,1.0807262596830312,1.0715598463474445,0.9639018880882559,1.2923750299839682,1.5828213092478718,1.3156518300651645,1.101987818601894,1.5104571473441164
2017-06-19,1.0909427062293378,1.0816896398944136,0.9730139569653701,1.3045922591789776,1.5926477996786264,1.3238196756980258,1.1088291927298715,1.5198343857081202
2017-06-20,1.0993475766869956,1.0900232226268434,0.9805102775467258,1.31464313433113,1.5958586546891234,1.3264885602056786,1.1110646460234248,1.522898445353612
2017-06-21,1.0966618098114436,1.0873602356634882,0.9781148367594641,1.3114313885118514,1.5891473294480531,1.3209100610510442,1.10639210426579,1.5164939516060882
2017-06-22,1.0979941608300938,1.088681286059029,0.9793031632676493,1.3130246663398393,1.5812260432619318,1.3143258341352513,1.100877166582197,1.5089348144716062
2017-06-23,1.0978941028484526,1.0885820767407832,0.9792139213559642,1.3129050130642153,1.5765025574168805,1.3103996405971559,1.0975885933034746,1.5044272791526465
2017-06-26,1.1011538865660708,1.0918142118983034,0.9821213288997516,1.316803190833148,1.5813961807209427,1.314467253547539,1.1009956192503678,1.5090971735070149
2017-06-27,1.1005640710953704,1.0912293990749873,0.9815952713151059,1.3160978662610816,1.582081892277898,1.3150372216541941,1.1014730236032308,1.5097515353836009
2017-06-28,1.0882990690302459,1.0790684252755622,0.9706560917198519,1.3014308936862524,1.5747819470475402,1.3089694575638435,1.0963906743365672,1.502785332449642
2017-06-29,1.0950766807339032,1.0857885512007932,0.9767010570006996,1.309535828724384,1.5803097535134334,1.3135642078686358,1.1002392296683738,1.5080604160846425
2017-06-30,1.079083202300353,1.0699307249110512,0.962436441959589,1.2904101972474828,1.5578818778315406,1.294922005168334,1.084624551211519,1.486657908470212
2017-07-03,1.0756927428586995,1.0665690223838906,0.9594124844791306,1.2863557523005715,1.5551251248862294,1.292630573383618,1.0827052517006528,1.4840271900401665
2017-07-04,1.0712039901325185,1.0621183419840556,0.9554089570463872,1.2809879249834206,1.5429072533718453,1.2824749955407606,1.074198956328314,1.4723679008668342
2017-07-05,1.0795472638563992,1.0703908504287178,0.9628503393790828,1.2909651403350926,1.5524675820394829,1.2904216057071216,1.0808550239918038,1.481491145975187
2017-07-06,1.0885783663562374,1.0793453536809225,0.9709051975571988,1.3017648884298967,1.5544491353930763,1.2920686863224728,1.0822346160182768,1.4833821057495415
2017-07-07,1.077666900774078,1.0685264360522593,0.9611732398276457,1.2887165280957562,1.5457989649116095,1.2848786058264468,1.0762122163679109,1.4751274077914471
2017-07-10,1.0867337346388999,1.0775163676061534,0.9692599668808475,1.2995590051642283,1.5542063469036975,1.2918668788799625,1.0820655824348715,1.4831504171774124
2017-07-11,1.0969216400801178,1.087617862125585,0.9783465798898946,1.3117421037815689,1.5687570339480232,1.303961508846544,1.092196024691019,1.4970358691336494
2017-07-12,1.0892215309259476,1.0799830631113359,0.9714788373087463,1.3025340099559233,1.5617104240179018,1.298104318779571,1.0872900518815405,1.490311419398666
2017-07-13,1.0915306703880758,1.08227261710807,0.9735383633612152,1.3052953698792773,1.5680131039248664,1.303343149155094,1.0916780876259684,1.496325950449818
2017-07-14,1.0962204120423,1.0869225817049177,0.9777211532163249,1.3109035476733217,1.5738774348774618,1.3082176209004588,1.09576093717838,1.5019221731882826
2017-07-15,1.096207012780405,1.0869092960917583,0.9777092023881446,1.3108875243081652,1.5738592273488414,1.3082024866789201,1.0957482607792002,1.501904798079937
2017-07-18,1.0910895586904645,1.081835246794654,0.9731449349658415,1.3047678711363544,1.5716752767349804,1.3063871720852194,1.0942277562479297,1.4998206943375376
2017-07-19,1.0932514777979983,1.083978829118048,0.9750731548929275,1.3073531791608317,1.581076582473504,1.314201601312084,1.1007731093729316,1.5087921868011234
2017-07-20,1.1014749802259352,1.092132582132898,0.9824077129699299,1.3171871672791506,1.5939467657915298,1.3248993851596373,1.1097335556069903,1.521073965083208
2017-07-21,1.0966403088040688,1.0873389170215542,0.9780956599684695,1.3114056767603306,1.5889382931045122,1.3207363086215553,1.1062465695153534,1.5162944720834717
2017-07-24,1.092745205601915,1.0834768509790103,0.9746216097201152,1.3067477589272332,1.5835108692111208,1.3162249969932878,1.1024679022823807,1.5111151816837647
2017-07-25,1.087271992671515,1.0780500602869378,0.969740040284513,1.3002026753210398,1.5738307684980197,1.3081788314886937,1.0957284472306,1.5018776403241134
2017-07-26,1.0888181753243362,1.0795831286574316,0.9711190836500556,1.3020516614397692,1.571227125073839,1.3060146653785671,1.0939157452403838,1.499393031482792
2017-07-27,1.0880154374278932,1.078787199355943,0.9704031201328479,1.3010917158442128,1.575546024466382,1.3096045639075213,1.0969226383701023,1.5035144774211375
2017-07-28,1.0888455413890108,1.0796102626109143,0.9711434914972539,1.3020843868578271,1.567794753434885,1.3031616547437788,1.0915260682042316,1.4961175826092465
2017-07-31,1.0885627587209366,1.0793298784251537,0.9708912770764113,1.3017462242048363,1.5661660169067957,1.3018078378717446,1.0903921134089682,1.4945633094164235
2017-08-01,1.0980709428099564,1.0887574167959355,0.9793716452673211,1.313116485255719,1.5746355311097384,1.3088477556412113,1.096288737005446,1.5026456104238861
2017-08-02,1.106786056403135,1.0973986112696832,0.9871446723147368,1.3235383613694736,1.5862743309125034,1.3185220051416466,1.1043918725463033,1.513752302155846
2017-08-03,1.1105957901691443,1.1011760319554051,0.9905425813941802,1.328094191068218,1.5874367565051462,1.319488221194804,1.1052011735303369,1.5148615834337797
2017-08-04,1.1117136828508647,1.102284442988749,0.991539632087578,1.32943101116962,1.5860818075479364,1.3183619784125122,1.1042578344200098,1.513568580664139
2017-08-07,1.1192886571418028,1.1097951684981524,0.9982957666367622,1.3384894637968838,1.598275913753279,1.328497802368971,1.112747583969446,1.5252051910418987
2017-08-08,1.1224532389124005,1.1129329091845406,1.0011182633757452,1.342273795327666,1.5945978414661706,1.3254405636855056,1.1101868458541269,1.5216952745768801
2017-08-09,1.132019285740895,1.1224178195194672,1.0096502394584128,1.3537132509215641,1.5850404864301932,1.3174964252219912,1.1035328484848943,1.5125748671503103
2017-08-10,1.1368134324654222,1.1271713036524502,1.013926148402181,1.3594462804110812,1.5850442482380012,1.3174995520622088,1.1035354675211406,1.5125784569740366
2017-08-14,1.101335634372956,1.0919944181718857,0.9822834301281088,1.317020532019473,1.5547071775347068,1.2922831727044077,1.0824142694605834,1.483628350600343
2017-08-15,1.1047449289693978,1.095374796099399,0.9853241867203687,1.3210975007863772,1.5672663188574918,1.3027224163314859,1.0911581628293083,1.4956133072500104
2017-08-16,1.1060018630294206,1.096621069201546,0.9864452486940212,1.3226005920446446,1.5652464047978851,1.3010434500365737,1.089751863409845,1.4936857405622688
2017-08-17,1.1147002916571795,1.105245720227014,0.9942033943877854,1.3330025156195473,1.570537727473761,1.3054416334078156,1.0934357745999705,1.4987351520833194
2017-08-18,1.0950620873830816,1.0857740816266308,0.9766880411622446,1.3095183774206547,1.5478065371565262,1.286547313521106,1.0776099232005998,1.4770431969133313
2017-08-21,1.0981209977061377,1.0888070471406972,0.9794162893282059,1.3131763428721812,1.5515312548123408,1.2896433241520706,1.0802031366356586,1.4805976261923617
2017-08-22,1.1125145611899598,1.1030785285051272,0.99225393706191,1.3303887330332536,1.5595180046880193,1.2962819649315547,1.0857636512823814,1.4882192341169485
2017-08-23,1.1034212550477736,1.0940623492042105,0.9841435993321795,1.3195145993727946,1.5590820228904536,1.29591957389822,1.0854601131462427,1.4878031847382869
2017-08-24,1.087453743161343,1.0782302692207069,0.9699021439057922,1.3004200197157336,1.546607788845073,1.2855509057772023,1.076775333705833,1.4758992535355653
2017-08-25,1.0979819563278346,1.0886691850718937,0.9792922780479508,1.3130100717153148,1.552284486034797,1.2902694150635947,1.0807275493579838,1.48131642083893
2017-08-28,1.1001621251399143,1.0908308623110208,0.9812367749226091,1.3156172034553246,1.5551029493338087,1.2926121409137274,1.0826898126940536,1.4840060283199805
2017-08-29,1.0998117408665282,1.0904834498975735,0.9809242664963103,1.3151982001399465,1.5565816062654825,1.2938412106051884,1.0837192794551311,1.4854170833252849
2017-08-30,1.106040794615322,1.0966596705807878,0.9864799718524717,1.322647147968539,1.5664419086011636,1.302037160923231,1.0905841940213974,1.494826587765796
2017-08-31,1.114461140486475,1.105008597468649,0.9939900949857258,1.3327165292297094,1.5758339274231297,1.3098438708019335,1.0971230814330184,1.5037892178964012
2017-09-01,1.1155247180441619,1.1060631540634225,0.994938701912593,1.3339883971663773,1.5789289595288039,1.3124164825238944,1.0992778967989143,1.5067427498825838
2017-09-04,1.103388604323358,1.0940299754139708,0.9841144780865083,1.3194755543504613,1.5624034473015256,1.2986803644431275,1.0877725467861128,1.490972758720994
2017-09-05,1.0905344877162557,1.0812848837748739,0.9726498660663224,1.3041040954017413,1.5520710194485479,1.2900919801862551,1.0805789301952577,1.4811127136175049
2017-09-06,1.096614200467672,1.0873130301286553,0.9780723738916094,1.3113744553832873,1.5588882332988871,1.2957584946725975,1.0853251934506138,1.4876182549095356
2017-09-07,1.1030995382262765,1.093743361093464,0.9838566594629088,1.3191298777255656,1.5646690140711177,1.3005635189401852,1.0893498739093532,1.4931347472536993
2017-09-08,1.1001016430582014,1.090770893221155,0.9811828308343291,1.3155448765996873,1.5576173127526909,1.2947020968766487,1.0844403563864826,1.4864054389008727
2017-09-11,1.1149465858499983,1.1054899254224082,0.9944230646653937,1.3332970439165854,1.5745787113554726,1.3088005266752836,1.0962491781009174,1.5025913883816122
2017-09-12,1.1227840069658965,1.1132608717573065,1.001413276056734,1.3426693407946373,1.5877213172046885,1.3197247499823115,1.1053992896554579,1.5151331344547099
2017-09-13,1.1290548763299113,1.1194785533875644,1.0070062768427994,1.350168293382984,1.597343348441682,1.3277226477436894,1.112098315724555,1.5243152611856112
2017-09-14,1.1276794811905886,1.1181148239593632,1.005779559198269,1.348523541700034,1.5933765432691511,1.324425412323456,1.1093365567354918,1.5205298122597195
2017-09-15,1.130341686697562,1.1207544493949795,1.008153985554304,1.351707111906709,1.5957682525400192,1.3264134173249156,1.1110017064695363,1.5228121762520697
2017-09-19,1.1473173263661887,1.1375861065070205,1.0232945921431496,1.3720072504747984,1.6212862581054843,1.347624156986849,1.128767787279707,1.5471635377526542
2017-09-20,1.1387619023639917,1.129103247182477,1.0156639925577078,1.3617763374639424,1.6169820341737007,1.3440464568006212,1.1257711114618827,1.5430560963355169
2017-09-21,1.1341694813055987,1.124549777735794,1.011568003134466,1.3562845394717473,1.6075120230687152,1.33617491920619,1.1191779244617168,1.5340190396094167
2017-09-22,1.1191613560396378,1.109668947127798,0.9981822265320102,1.33833723212466,1.5912674720579465,1.3226723379981695,1.1078681845511325,1.5185171645485664
2017-09-25,1.1243925199254692,1.1148557417665845,1.002847911946123,1.3445928639493048,1.5998546014316226,1.3298100182969341,1.1138466938820728,1.526711703541601
2017-09-26,1.1239822325618753,1.1144489343439354,1.002481975835213,1.3441022261591375,1.6025006424623187,1.3320094255857564,1.11568891382586,1.529236771635914
2017-09-27,1.1306820387150693,1.1210919146432943,1.0084575461917462,1.3521141182553473,1.6085497414613745,1.3370374777871352,1.1199004021167551,1.5350093151092248
2017-09-28,1.1427855159410705,1.1330927336114274,1.0192526614635797,1.3665879330652617,1.6198451530585356,1.3464263006771973,1.127764464796124,1.5457883178175171
2017-09-29,1.1426036840412834,1.1329124439581955,1.019090485232597,1.3663704913173318,1.6215996466759415,1.347884647696593,1.1289859738716588,1.547462598678469
2017-10-02,1.1380898703118503,1.1284369151154234,1.0150646058414963,1.3609726950653658,1.6164442944786697,1.3435994839113052,1.125396727701669,1.5425429412743457
2017-10-03,1.1368161776634917,1.1271740255665295,1.013928596849768,1.3594495632270633,1.6207136167110128,1.3471481735677449,1.128369104347245,1.546617076644195
2017-10-04,1.1195485444739117,1.1100528515396881,0.9985275606621831,1.3388002473053044,1.6138198169410487,1.3414180003444858,1.1235695206380827,1.540038450823287
2017-10-05,1.125334748219247,1.1157899783474563,1.0036882872245485,1.3457196176563724,1.6145258483533775,1.3420048584530333,1.1240610720288753,1.5407122035626335
2017-10-06,1.1332407404435656,1.1236289141900992,1.0107396573230847,1.355173914566816,1.6191125702156393,1.3458173728391025,1.127254427836,1.5450892275382742
2017-10-10,1.1232968399819134,1.1137693550692656,1.0018706728378188,1.3432826067151362,1.6253672600698645,1.351016313556619,1.1316090520681974,1.5510579625682723
2017-10-11,1.1262991155100919,1.1167461661487068,1.0045484083182366,1.3468728460481636,1.6274484519201722,1.3527462143676432,1.1330580141549553,1.5530440055201362
2017-10-12,1.1123794744247075,1.102944587507469,0.9921334529088547,1.330227190958441,1.6257606407328664,1.351343294237361,1.1318829305509857,1.5514333584708844
2017-10-13,1.112888951484091,1.1034497433270662,0.9925878565055817,1.3308364436938098,1.6301864777535564,1.3550220800496446,1.1349642755236757,1.5556568530130814
2017-10-16,1.1271907003639294,1.1176301888329192,1.0053436146124344,1.3479390383349592,1.6402511172690055,1.3633878768203105,1.1419714532005512,1.5652613526509944
2017-10-17,1.1258260296692786,1.1162770928876946,1.004126462121314,1.3463071113653724,1.6440589423372962,1.3665529668973737,1.144622527466551,1.5688950897991054
2017-10-18,1.1326493831425324,1.1230425726138176,1.0102122245769167,1.354466746213307,1.6449800850484644,1.3673186269795439,1.1452638430976776,1.5697741192787307
2017-10-19,1.1261717462452958,1.1166198771938571,1.0044348074190994,1.3467205328643814,1.6419682141798357,1.3648151394430295,1.1431669260363273,1.5668999465254212
2017-10-20,1.1256986604044827,1.116150803932845,1.0040128612221768,1.3461547981815902,1.6416653243412975,1.3645633753506126,1.1429560488447599,1.5666109043456093
2017-10-23,1.1345690199196459,1.1249459275767384,1.0119243524144006,1.356762323483825,1.6575645706203828,1.3777789369187565,1.1540253815749524,1.5817832614773442
2017-10-24,1.142247567028234,1.132559347428555,1.0187728637644564,1.3659446325660576,1.6705724179282002,1.3885911480102728,1.1630816718811903,1.5941964099628103
2017-10-25,1.138117163725778,1.1284639770343623,1.01508894889135,1.3610053336047991,1.6696956518817343,1.387862374113414,1.1624712520584826,1.5933597283148595
2017-10-26,1.1520640982250232,1.1422926175944725,1.0275282473505254,1.3776836272338748,1.6810092785569495,1.3972663375001553,1.170347996393079,1.6041561133357827
2017-10-27,1.1624355955043424,1.152576146778153,1.0367786062830178,1.3900862722027036,1.6962816775868026,1.4099608593743014,1.180980907128734,1.6187302817128149
2017-10-30,1.16897691703401,1.1590619866755714,1.0426128238904333,1.3979086421435603,1.7050480100047256,1.417247494461417,1.1870841807464974,1.6270958308618455
2017-10-31,1.1571406732091052,1.1473261345106893,1.032056054617477,1.3837543955607157,1.6991078542579836,1.4123099966318062,1.1829485406491207,1.6214272499224929
2017-11-01,1.1865504366108959,1.1764864526482168,1.0582866807517297,1.4189237490557978,1.726882455105778,1.4353964336296086,1.2022857024765308,1.6479320386311538
2017-11-02,1.1927460583935257,1.1826295249257137,1.0638125680711599,1.426332717622402,1.7356334466714458,1.442670317296064,1.2083782955252282,1.6562829482881585
2017-11-06,1.2007033944726955,1.1905193691392069,1.0709097318553675,1.4358484135368568,1.740426369415662,1.446654227256681,1.2117152119849492,1.660856745957783
2017-11-07,1.2210706825875675,1.210713907698201,1.089075356400218,1.460204418910382,1.764220185043344,1.4664318085236834,1.228280881670193,1.6835627448392982
2017-11-08,1.2160193955780616,1.2057054642711387,1.0845701035277964,1.4541638909396057,1.7655785267661526,1.4675608713958,1.2292265828831397,1.6848589852624996
2017-11-09,1.2118349343640256,1.2015564944692256,1.080837974296455,1.4491599473983963,1.7639414061147856,1.466200085583514,1.2280867909149324,1.6832967112556523
2017-11-10,1.2006846860023035,1.1905008193487496,1.0708930457336296,1.4358260412110553,1.7497922433931865,1.4544392053629873,1.2182358968995952,1.6697944265461233
2017-11-13,1.1913678677403123,1.1812630236943769,1.062583357102262,1.4246846229538292,1.7302066476223492,1.4381595250426213,1.2046000633197584,1.6511042541658238
2017-11-14,1.1939652270482934,1.183838352938052,1.064899947005186,1.4277906475215267,1.7312235033568792,1.439004742440334,1.2053080160281158,1.6520746208162254
2017-11-15,1.16673504837298,1.1568391329080971,1.0406132967984878,1.3952277272938842,1.6949743485218112,1.4088741985700757,1.1800707218184234,1.6174827217269783
2017-11-16,1.1766006484335245,1.1666210557495973,1.049412445001171,1.4070254004417502,1.7121073304826966,1.4231152496221515,1.191999002861211,1.6338324100379313
2017-11-17,1.1812871202701207,1.1712677782624819,1.0535923184994724,1.4126296680590804,1.7190356475319362,1.428874113842545,1.196822618102594,1.6404439750610627
2017-11-20,1.1732923672501414,1.1633408344680494,1.046461782471767,1.4030692274929926,1.7142807161134899,1.4249217825301204,1.1935121518668919,1.6359064318120802
2017-11-21,1.1892694009764884,1.1791823555299263,1.0607117304460045,1.4221751937412803,1.7290740132216804,1.437218071630712,1.2038115034834878,1.6500234020722728
2017-11-22,1.2055301798373455,1.1953052150806327,1.0752147512668022,1.4416204735978337,1.7426454845142056,1.4484987708090495,1.2132601986441403,1.6629744065185745
2017-11-24,1.2030170086461915,1.1928133598940773,1.0729732489117536,1.4386151244963183,1.7411503060162639,1.447255968279416,1.2122192292802956,1.6615475852876647
2017-11-27,1.1950846171942193,1.1849482487345353,1.0658983332898702,1.429129258349609,1.7320398132684123,1.4396832647869402,1.2058763452346137,1.652853610290981
2017-11-28,1.1832172108002899,1.1731814983126927,1.0553137700599786,1.4149377463392645,1.7228464302739357,1.4320416623580972,1.1994757515526466,1.6440805346625784
2017-11-29,1.1871927607614845,1.1771233287877048,1.0588595709318005,1.419691865575535,1.7287436127483695,1.436943440511693,1.2035814729078809,1.6497081070017037
2017-11-30,1.1777325108930616,1.1677433180730685,1.0504219553670284,1.40837892615372,1.7188428184454647,1.428713832995286,1.1966883671273751,1.6402599618245879
2017-12-01,1.193324705147029,1.1832032637617216,1.0643286642548517,1.42702468620252,1.7263322862758592,1.434939129558898,1.2019026653356975,1.6474070226760738
2017-12-04,1.2072406333853876,1.197001161047248,1.0767403081686293,1.443665901323524,1.7230123634271317,1.4321795871228165,1.1995912771097363,1.644238881606584
2017-12-05,1.2032453060566684,1.1930397209507282,1.0731768678236038,1.4388881315321582,1.7175547255624684,1.4276431614362748,1.1957915743826752,1.6390307585720174
2017-12-06,1.1833533161781855,1.173316449283411,1.0554351627156648,1.415100506511198,1.686716386476424,1.4020101243918066,1.174321384526005,1.6096023010369904
2017-12-07,1.1881104643959066,1.1780332487204195,1.0596780726180504,1.4207892917289446,1.7051708597702235,1.4173496080214611,1.1871697108971886,1.6272130641245408
2017-12-08,1.203973268239451,1.193761508764932,1.073826138733933,1.439758657383984,1.7260790124583216,1.4347286066403573,1.2017263316838402,1.647165328148903
2017-12-11,1.2287663058369007,1.2183442588557842,1.0959390979939716,1.4694071483143285,1.7455495994976649,1.450912690921436,1.2152820941777,1.6657457498204664
2017-12-12,1.2625572946006323,1.251848642045485,1.1260773476921724,1.509815743669015,1.760106015664795,1.463012082973831,1.2254165251491276,1.6796366689728026
2017-12-13,1.257046790170464,1.2463848761495588,1.1211625178941846,1.503226065418526,1.744700235305861,1.450206693632412,1.2146907520044201,1.6649352172564222
2017-12-14,1.2669166030207741,1.2561709760491377,1.1299654234923904,1.515028776386331,1.7490540275939797,1.4538255953733223,1.2177219381769828,1.6690899608406904
2017-12-15,1.2546004986492267,1.243959333378546,1.1189806656489858,1.500300693660616,1.7388938828251106,1.445380413986902,1.2106482680759365,1.65939432230302
2017-12-18,1.2578509344421158,1.2471821998977808,1.1218797357602222,1.5041876928129527,1.7637058249974986,1.4660042689576727,1.2279227752297597,1.683071900545621
2017-12-19,1.2549390857109848,1.244295048640965,1.1192826521189052,1.5007055894056496,1.7615967877702492,1.4642512228800806,1.2264544267056225,1.681059285264729
2017-12-20,1.2759399482167204,1.2651177877926998,1.1380133629158256,1.525819247991589,1.7786450708316497,1.4784218716312392,1.2383237388964394,1.697328146979937
2017-12-21,1.2899151291909001,1.278974435249163,1.150477854461851,1.5425313198679902,1.790147122474391,1.4879824551316392,1.246331667981785,1.7083043424679516
2017-12-22,1.3085882056470417,1.2974891319717592,1.1671324082780692,1.564861320206815,1.8063655585179688,1.5014633294014375,1.2576232261964577,1.7237812964978452
2017-12-25,1.3176538742257,1.306477908123116,1.1752180960102374,1.5757024037801932,1.815283484972578,1.5088759704821724,1.263832042228153,1.7322915090367796
2017-12-26,1.3095277847434466,1.2984207418249982,1.1679704207321189,1.5659849058993147,1.805571409444918,1.5008032272943965,1.2570703257524578,1.7230234547020356
2017-12-27,1.3447069804603673,1.3333015575905987,1.1993468149569724,1.6080535738086164,1.822108265811617,1.5145487747009518,1.2685835737530997,1.738804271366396
2017-12-28,1.3328056452395094,1.3215011661165057,1.1887319905392508,1.5938214883706103,1.8092516454874308,1.5038622645060604,1.259632570312051,1.726535435998881
2017-12-29,1.3311042452541646,1.3198141969228394,1.1872145085278967,1.591786887251804,1.8074138725034348,1.5023346951111376,1.2583530806881202,1.7247816831762128
2018-01-04,1.3785995453426947,1.3669066553590932,1.22957566059621,1.6485836378868948,1.8680325399113475,1.552721343462005,1.3005568548432345,1.7826289581110355
2018-01-05,1.3715823284876938,1.3599489565453928,1.223316991007073,1.6401921735709952,1.8749594319418974,1.5584790231971783,1.3053794779617367,1.7892391632651454
2018-01-09,1.3653353971981879,1.3537550099536915,1.2177453406369982,1.6327218470750418,1.879547188497855,1.5622923976276801,1.3085735541406698,1.7936171746298735
2018-01-10,1.3986185053693134,1.3867558202497945,1.2474306106303479,1.672523098812215,1.8969383650735616,1.5767480617984433,1.3206815947802604,1.8102132532939785
2018-01-11,1.416165779845031,1.4041542637247693,1.263081059434014,1.693506820798709,1.910683996692543,1.588173524223831,1.3302515433996054,1.8233304557238066
2018-01-12,1.4115779251581575,1.3996053219189393,1.2589891427665605,1.6880204834534416,1.9087956759925535,1.5866039392238214,1.3289368615736505,1.8215284661491702
2018-01-15,1.3945216019219986,1.3826936655744815,1.2437765743442857,1.6676238602972575,1.9026586597238149,1.5815028095903427,1.3246641637452865,1.8156720248488643
2018-01-16,1.404763860540224,1.3928490522627028,1.2529116650593861,1.6798719565845772,1.9123281465650226,1.5895401527724806,1.3313962292342238,1.8248994375865613
2018-01-17,1.3722341085815455,1.3605952084255175,1.2238983149616387,1.6409715978801462,1.896330642336988,1.5762429185293492,1.3202584876051935,1.8096333147085564
2018-01-18,1.371751622018542,1.360116814176572,1.223467984242005,1.6403946214434753,1.882542840838658,1.5647824042136347,1.3106591795799052,1.7964758703415669
2018-01-19,1.3905601332993744,1.3787657970041236,1.24024333264618,1.6628865800802985,1.904542114171378,1.5830683497282616,1.3259754576013774,1.8174693706486695
2018-01-22,1.391008761156221,1.3792106197268457,1.2406434647188382,1.6634230669424885,1.8999378902476265,1.5792412875097273,1.3227699165536007,1.813075644778939
2018-01-23,1.3862516129384375,1.3744938202897754,1.2364005548163972,1.6577342817246674,1.9074340576290945,1.5854721527857258,1.3279888791062997,1.8202290988883016
2018-01-24,1.387749860686777,1.3759793603260395,1.2377368449458441,1.6595259453965132,1.9006818050075314,1.5798596345142581,1.3232878429921087,1.8137855488973305
2018-01-25,1.3986354347223608,1.3867726060128753,1.2474457099538077,1.6725433435994184,1.896224545187782,1.576154729857828,1.3201846209183286,1.8095320681582383
2018-01-26,1.352401371438884,1.3409306869291373,1.206209457485948,1.6172548296145832,1.8706632460890655,1.5549080043168069,1.3023883983947575,1.7851393924383219
2018-01-29,1.3724457254951674,1.3608050304645525,1.224087056505359,1.64122465772082,1.8841316383186082,1.5661030234774054,1.311765328112845,1.7979920304382573
2018-01-30,1.334676338755702,1.3233559929413512,1.1904004657855372,1.596058537361897,1.8531138220369523,1.5403208037681084,1.290170183100387,1.768392301129649
2018-01-31,1.313091413568429,1.301954144961939,1.1711488283280018,1.5702464336157689,1.8283756858792195,1.5197582968583498,1.2729470609820155,1.7447851546039461
2018-02-01,1.3560750410590168,1.344573197526442,1.209486010684625,1.6216479484482675,1.872540601638331,1.556468475009009,1.3036954460914163,1.7869309181721025
2018-02-02,1.3449439914035914,1.3335365582742862,1.1995582054859104,1.608337000830133,1.8592412749410658,1.5454139842679122,1.2944362227474007,1.7742396162876881
2018-02-05,1.289491895363718,1.278554791171155,1.150100371374466,1.5420252001867176,1.7958874233718305,1.492753832252175,1.2503281656452476,1.7137822056150953
2018-02-06,1.2275219983848948,1.21711050526635,1.094829297716978,1.467919156451277,1.7084620819971277,1.4200852943056168,1.1894611172493585,1.6303538167206042
2018-02-07,1.2483451026832277,1.237756993905335,1.1134014656172089,1.4928202447710983,1.7229783951720197,1.432151352478299,1.1995676278177199,1.6442064663279816
2018-02-08,1.258756654832363,1.2480802382247966,1.1226875495672965,1.5052707889309718,1.7376581299212421,1.444353247774277,1.209787915338133,1.6582150661260315
2018-02-09,1.195136145927462,1.1849993404156913,1.0659442918689452,1.4291908784384835,1.6773337259897896,1.3942111932250374,1.1677890125507617,1.6006486013929826
2018-02-13,1.1832686694127614,1.1732325204678218,1.0553596660981992,1.4149992825749587,1.6610607088559843,1.3806849507820758,1.1564594540285338,1.5851195616365688
2018-02-14,1.1906498673591226,1.1805511131885933,1.0619429711424733,1.423826009816734,1.6558261600688822,1.3763339582530525,1.15281506981058,1.5801243283891993
2018-02-15,1.1950853578681955,1.1849489831263254,1.0658989938984549,1.429130144076725,1.672138301616544,1.3898927211747252,1.164171867432527,1.5956907038512929
2018-02-16,1.2141308800922521,1.203832966637564,1.0828857328315677,1.4519055297350643,1.689117633280162,1.4040060570554111,1.1759931744568806,1.6118937665208402
2018-02-19,1.2294942680196834,1.2190660466699885,1.0965883689043014,1.4702776741661552,1.7290151977888855,1.4371691838432277,1.2037705551527398,1.6499672755908315
2018-02-20,1.2128611786106442,1.2025740344034774,1.0817532835693564,1.45038717069117,1.7080130846431205,1.4197120846533062,1.1891485174556802,1.6299253468367734
2018-02-21,1.211058202506766,1.2007863506310792,1.0801452056170209,1.448231100848846,1.7087259844632012,1.420304651829059,1.1896448507518156,1.6306056539708065
2018-02-22,1.1939764852409427,1.1838495156419075,1.0649099882094732,1.4278041105117454,1.686230701602685,1.4016064198237448,1.1739832422408254,1.6091388209305435
2018-02-23,1.2303068769678902,1.2198717632997818,1.0973131364320967,1.4712494239542204,1.7179702686027356,1.4279885636356293,1.1960808826992892,1.639427303622007
2018-02-26,1.2346323266818746,1.2241605257772108,1.1011710135853392,1.476421967097055,1.7275770567695015,1.4359737912534327,1.2027692962768746,1.6485948841724658
2018-02-27,1.254414275765269,1.2437746899842248,1.118814573090539,1.5000780010008592,1.7441279444704727,1.4497310016004004,1.214292313137309,1.6643890906800223
2018-02-28,1.2115406890697695,1.2012647448800247,1.0805755363366547,1.4488080772855167,1.7041504324630403,1.416501421908285,1.1864592715976197,1.626239289188308
2018-03-01,1.188556908366186,1.1784759060796808,1.0600762568779616,1.421323167013557,1.6701565349946652,1.3882454632893255,1.1627921269249517,1.5937995405589513
2018-03-02,1.1643143543626375,1.1544389705371585,1.0384542750238743,1.3923329660477612,1.6430744348976916,1.3657346376222625,1.1439370962056576,1.5679555925292141
2018-03-05,1.1675871797645885,1.1576840367631471,1.0413733144717072,1.396246739576517,1.6403355168083769,1.3634580302910675,1.142030213632787,1.5653418935729109
2018-03-06,1.1825594155113854,1.1725292822566924,1.0547270811410514,1.4141511288229383,1.659472030897482,1.379364430865345,1.1553533887085117,1.5836035155969885
2018-03-07,1.1752183982715605,1.1652505294411108,1.048179613348392,1.4053724512527141,1.6529462458040762,1.3739401539424931,1.1508100232396932,1.5773760793862326
2018-03-08,1.1933559774695148,1.1832342708412456,1.0643565561011166,1.4270620828775327,1.6575769423858933,1.3777892204143358,1.154033995014011,1.5817950676247163
2018-03-09,1.1911633456731499,1.181060236325328,1.0624009434661295,1.424440047410011,1.655043433858091,1.3756833509067585,1.1522701221626348,1.5793773872199115
2018-03-12,1.206312926638775,1.1960813228459004,1.0759128846868369,1.442556513054546,1.6793834477871825,1.3959149359141891,1.169216064637471,1.6026046130544698
2018-03-13,1.2179370996181027,1.2076069028899141,1.0862805075532642,1.4564571569670048,1.6890477661811112,1.4039479830478208,1.1759445317632138,1.6118270936383678
2018-03-14,1.2137184330491093,1.2034240178531541,1.082517870498197,1.4514123093150246,1.6798580708528619,1.3963094458322094,1.1695465054988305,1.6030575370817501
2018-03-15,1.2115849163256458,1.2013085970128714,1.0806149827136275,1.4488609659801583,1.6828080800265495,1.398761513507439,1.171600353368564,1.6058726763619033
2018-03-16,1.2122083116403068,1.2019267048654445,1.081170990227504,1.4496064466523069,1.6803891036374836,1.3967508438920095,1.1699162197909696,1.6035642918621662
2018-03-19,1.2104402335495914,1.2001736231111684,1.0795940378821172,1.4474921092287185,1.669822013336133,1.3879674066131407,1.1625592271082719,1.5934803127174262
2018-03-20,1.195253033901207,1.1851152369788245,1.0660485444838679,1.4293306576815803,1.6605303072719815,1.3802440773805202,1.156090179189281,1.5846134091992474
2018-03-22,1.2139978861211647,1.203701100683584,1.0827671152457663,1.451746490305947,1.676516933614365,1.3935322698511659,1.1672203474444824,1.5998691515118444
2018-03-23,1.1708761274591561,1.1609450885370431,1.044306733424206,1.400179792777824,1.622226261596174,1.3484054942771488,1.1294222341146927,1.5480605657258983
2018-03-26,1.1795499208889137,1.1695453133132658,1.052042906936158,1.4105522566126025,1.6250681472021997,1.350767688908064,1.1314008044696675,1.5507725246820205
2018-03-27,1.200627131441305,1.1904437529491985,1.0708417127068648,1.435757215200001,1.6656129746410058,1.3844688250425585,1.1596288209133627,1.589463704813958
2018-03-28,1.206345171224009,1.1961132939417156,1.0759416436961686,1.4425950723996483,1.6682383847017899,1.3866510837289692,1.1614566772158494,1.5919690851546515
2018-03-29,1.1985957225711514,1.1884295739124004,1.0690298951185748,1.433327976458042,1.6720342406001463,1.3898062249506333,1.1640994183368574,1.5955914003449148
2018-03-30,1.1991707510079617,1.18899972512125,1.0695427641184532,1.4340156181125365,1.6831761677219368,1.3990674705015933,1.1718566224458908,1.6062239356525756
2018-04-02,1.1869700555927096,1.176902512540949,1.0586609397513833,1.4194255459625953,1.6723577803850358,1.3900751534188072,1.1643246723814538,1.5937585164730086
2018-04-03,1.1940302182643256,1.1839027929170396,1.0649579127992825,1.4194255459625953,1.6799121221207414,1.3963543736134363,1.169584136934821,1.5937585164730086
2018-04-04,1.2088986041536047,1.1986450693780772,1.078219055575349,1.4194255459625953,1.6956988772943573,1.409476431810156,1.1805751513942118,1.5937585164730086
2018-04-05,1.2195407209725846,1.209196922783307,1.0877107806104,1.4194255459625953,1.7089965558885007,1.4205295526367367,1.1898332273000716,1.5937585164730086
2018-04-06,1.2293637933981711,1.218936678697176,1.0964719983313682,1.4194255459625953,1.711355837991069,1.4224906039555105,1.1914758006736326,1.5937585164730086
2018-04-09,1.2336282845400974,1.22316499963585,1.1002755064136498,1.4194255459625953,1.7242743598485561,1.4332285671256022,1.2004699010424593,1.5937585164730086
2018-04-10,1.2225056616769152,1.2121367157022775,1.0903552170876003,1.4194255459625953,1.708827694405189,1.4203891938241224,1.1897156629884504,1.5937585164730086
2018-04-11,1.1996761642832372,1.1895008516246026,1.0699935432180987,1.4194255459625953,1.6869586628000934,1.4022115061186993,1.174490061530705,1.5937585164730086
2018-04-12,1.204754239522695,1.1945358560714547,1.0745226885657864,1.4194255459625953,1.6887042307787246,1.4036624340864814,1.1757053564207562,1.5937585164730086
2018-04-13,1.1962580190145613,1.1861116980937445,1.0669448926937715,1.4194255459625953,1.6779067369919811,1.3946874838645915,1.1681879528105692,1.5937585164730086
2018-04-16,1.2090624130322927,1.1988074888763582,1.0783651570381736,1.4194255459625953,1.7015718846926677,1.4143581154761697,1.1846640416395497,1.5937585164730086
2018-04-17,1.2117215771630607,1.2014440987318586,1.0807368707847569,1.4194255459625953,1.6991472454786591,1.4123427388821599,1.1829759655044036,1.5937585164730086
2018-04-18,1.227370785374061,1.2169605748013461,1.0946944305335997,1.4194255459625953,1.7143186192351747,1.4249532878624787,1.193538540681687,1.5937585164730086
2018-04-19,1.2189783104890841,1.2086392825058687,1.0872091655880296,1.4194255459625953,1.7171813328872327,1.427332794906816,1.1955316118857968,1.5937585164730086
2018-04-20,1.2230571515685098,1.2126835280131694,1.090847092012454,1.4194255459625953,1.7163860108859754,1.426671717853878,1.1949778948287098,1.5937585164730086
2018-04-23,1.2241437504638388,1.2137609106851344,1.0918162317158877,1.4194255459625953,1.7153602749516523,1.425819119173742,1.194263759570281,1.5937585164730086
2018-04-24,1.2298716009220942,1.219440179141838,1.096924912866116,1.4194255459625953,1.7299342255423744,1.4379330859582011,1.2044103983134207,1.5937585164730086
2018-04-25,1.2303848687420158,1.2199490935698187,1.0973826974496632,1.4194255459625953,1.737969157715758,1.444611776191014,1.2100044583166745,1.5937585164730086
2018-04-26,1.2349442158655988,1.2244697696054172,1.101449188165046,1.4194255459625953,1.7431596814404549,1.4489261747889448,1.2136181915178643,1.5937585164730086
2018-04-27,1.2455208091331398,1.2349566552113704,1.1108824726149993,1.4194255459625953,1.7532506686376002,1.4573138719317114,1.2206437129105512,1.5937585164730086
2018-05-01,1.2491835210577082,1.2385883010531737,1.1141492526233339,1.41658669487067,1.7622728439488955,1.4648131653706624,1.2269251088156028,1.5905709994400625
2018-05-02,1.255891959576284,1.2452398405006417,1.1201325222036211,1.4241941317192812,1.746652736986167,1.4518296262994752,1.2160501177489456,1.5764727914194503
2018-05-07,1.2810289657350558,1.2701636417091255,1.142552267703682,1.4526997498875767,1.7691313885141866,1.4705140342281815,1.2317001472360045,1.5967613019924611
2018-05-08,1.2982635255825843,1.2872520229126136,1.1579238057120904,1.4722439143441244,1.7667047946998136,1.4684970329570641,1.2300107102739735,1.5945711361723298
2018-05-09,1.2776668911613065,1.2668300832974775,1.1395536267430368,1.4488871234575518,1.7555962447893827,1.4592635307710382,1.2222767439619817,1.58454491498074
2018-05-10,1.2535667865066407,1.2429343888888997,1.118058695744904,1.4215573620387625,1.7578280763793936,1.461118644357543,1.2238305840644577,1.5865592946580385
2018-05-11,1.263197401991127,1.2524833202268078,1.1266482607395316,1.432478576999385,1.7558786753246305,1.4594982889515062,1.2224733770295464,1.5847998277317727
2018-05-14,1.2825686073622917,1.2716902245331563,1.1439254771155707,1.4544457190003974,1.7728505980911238,1.4736054665065468,1.2342895258504232,1.6001181413798629
2018-05-15,1.288397250665323,1.2774694309383399,1.149124055603367,1.4610554592131326,1.7801992131108335,1.4797136852565962,1.2394057598738097,1.606750765820814
2018-05-16,1.2773212573266046,1.2664873810308424,1.1392453552423942,1.4484951712077165,1.7684323555144097,1.4699329932477128,1.231213468262166,1.5961303772063735
2018-05-17,1.275813036957081,1.264991952958336,1.137900170512393,1.446784834117622,1.7707416804082845,1.471852519795081,1.2328212605551907,1.5982146998565776
2018-05-18,1.279426481592395,1.2685747493820463,1.1411230089280184,1.4508825167293038,1.792560112253856,1.4899881486364808,1.248011633577298,1.6179073173000043
2018-05-21,1.2742576847010554,1.2634497927586092,1.13651294875962,1.4450210489935136,1.7887834090625212,1.4868489272750667,1.245382226905168,1.614498586018548
2018-05-22,1.2652712049993382,1.2545395338266196,1.1284978897433873,1.4348302904983974,1.7794787107023364,1.47911479875768,1.2389041335229396,1.6061004634343719
2018-05-23,1.2623961599199294,1.2516888740634,1.1259336313518185,1.4315699604203993,1.7577996042499147,1.4610949781300062,1.223810761271024,1.5865335966263192
2018-05-24,1.2521214086525414,1.2415012703194421,1.1167695603786776,1.4199182889941198,1.7420065204156452,1.447967659507538,1.2128153406876396,1.5722792652242499
2018-05-25,1.245444391391545,1.2348808856233666,1.110814315480159,1.4123464841680837,1.7300006490014062,1.4379882975888028,1.204456643484808,1.5614431503967046
2018-05-28,1.257337337430383,1.2466729590701,1.121421657569848,1.4258332047639235,1.7149241464252047,1.4254566061783636,1.1939601192789338,1.5478355822763479
2018-05-29,1.255247823793515,1.244601168094724,1.1195580162252265,1.4234636752537746,1.7116505420700296,1.4227355639889316,1.1916809787965257,1.5448809318833279
2018-05-30,1.2464341610091487,1.235862260296052,1.111697092959315,1.4134688928835764,1.6935268413460502,1.4076710207674437,1.1790629420610321,1.5285230603578852
2018-05-31,1.2407783346233354,1.2302544050240543,1.1066526502217213,1.4070551287956081,1.7052473482645643,1.4174131857778212,1.1872229635218117,1.5391016143356855
2018-06-01,1.2269686918649803,1.2165618917352625,1.0943358025377325,1.391394854814537,1.703444568045894,1.4159147026072694,1.185967836471788,1.5374744826778228
2018-06-04,1.2392229823673098,1.2287122448243273,1.1052654284689483,1.4052913436714998,1.7219924633520787,1.4313318392485714,1.198881204878378,1.5542152186404563
2018-06-05,1.2366464392361012,1.2261575552005226,1.1029674045552504,1.4023695178093236,1.7234930697000743,1.4325791534440606,1.1999259532061557,1.5555696178453768
2018-06-06,1.2322788844159585,1.2218270447404929,1.099071973774565,1.3974166666525187,1.7270803778229395,1.4355609483373186,1.2024234997263294,1.5588074072069262
2018-06-07,1.2440147241663682,1.2334633444297367,1.1095391924549354,1.4107252271348794,1.7344755709155024,1.4417078830980963,1.207572162216908,1.565482071523907
2018-06-08,1.2490735466557814,1.2384792594229048,1.1140511662367873,1.416461982791204,1.7402700620891471,1.4465243035445234,1.2116063880963832,1.5707119935810716
2018-06-11,1.2480994876671003,1.2375134621260475,1.1131824010986344,1.41535739008715,1.7478378624707511,1.4528147106570966,1.2168752227939028,1.5775424477061877
2018-06-12,1.253016914496875,1.2423891807374225,1.1175682638120525,1.4209338016412831,1.7656613197277116,1.4676296894681609,1.2292842247878646,1.5936293290991708
2018-06-13,1.267769194986332,1.257016336571679,1.1307258519524255,1.4376630363038332,1.778933107132078,1.4786612893618265,1.2385242747955534,1.605608019134941
2018-06-14,1.2612964159003985,1.2505984577604452,1.1249527674861155,1.4303228396254408,1.767933821035498,1.469518608000497,1.2308663798576163,1.5956804159605305
2018-06-15,1.258091447615211,1.2474206731064188,1.1220942499349074,1.4266883733090463,1.7723458278521202,1.4731858980531607,1.2339380960008721,1.5996625519367769
2018-06-18,1.2322160419005337,1.221764735237444,1.0990159244107898,1.3973454026070664,1.7526891325873108,1.4568471193501695,1.2202527617125167,1.5819210486613946
2018-06-19,1.2220355544062826,1.2116705957480591,1.0899359274833111,1.3858006272489651,1.7268370116560225,1.4353586607253122,1.2022540639537407,1.5585877527029868
2018-06-20,1.2427892951161217,1.2322483091208167,1.1084462298618016,1.4093355782491679,1.7420904283119842,1.448037404321264,1.2128737588294158,1.5723549978027769
2018-06-21,1.223418089744957,1.2130414048144682,1.0911690134857628,1.3873684362481558,1.7289240848791931,1.4370934501734334,1.2037071207549264,1.5604714781169495
2018-06-22,1.2161754898455388,1.2058602345913512,1.0847093243136274,1.379155255013504,1.7263909280206455,1.4349878729757306,1.2019434927418224,1.5581851319078064
2018-06-25,1.2115094330773293,1.2012337539920388,1.08054765905519,1.3738638996410284,1.7051918325305495,1.417367040722389,1.18718431249894,1.5390515076130855
2018-06-26,1.2398356968923658,1.2293197624787209,1.1058119097654555,1.4059861681142798,1.7183292890710662,1.4282869838890284,1.1963308390148994,1.550908954915585
2018-06-27,1.2423651081372054,1.2318277199754368,1.1080678966565,1.408854545942593,1.725010546804615,1.4338404907270539,1.2009824472490653,1.5569392440545553
2018-06-28,1.2359237503089846,1.2254409959157275,1.1023228368720779,1.401549981286927,1.7134913014101758,1.4242656156633835,1.1929625475737256,1.5465423422792477
2018-06-29,1.2401970413559904,1.2296780421211844,1.1061341936071012,1.4063959363755538,1.7102762306507366,1.4215932269965572,1.1907241592021862,1.5436405224341136
2018-07-02,1.2166625193398795,1.20634313323978,1.0851437068827041,1.3797075513655312,1.6599092931259825,1.3797278862015758,1.1556578183030128,1.498180938560615
2018-07-03,1.2140231336932463,1.2037261341129268,1.0827896336052314,1.3767144614579032,1.6675343866796306,1.3860659157881514,1.1609665415067794,1.5050631036669406
2018-07-04,1.2284926228632929,1.218072897183465,1.095694999608618,1.3931230079159191,1.6871565008341034,1.4023759504371967,1.1746277998226153,1.5227733951402354
2018-07-05,1.2248791782279784,1.2144901007597544,1.0924721611929924,1.389025325304237,1.6729257545107303,1.3905472573723834,1.164720105879941,1.5099291795126342
2018-07-06,1.2415010235504504,1.230970964308849,1.1072972179048937,1.4078746653180048,1.6873232292820444,1.4025145362563134,1.1747438790777858,1.5229238788947725
2018-07-09,1.2566774910188234,1.2460187092884856,1.1208331392505684,1.4250849322871297,1.710362899565267,1.4216652667873697,1.1907844996130121,1.5437187470191875
2018-07-10,1.233158679631502,1.2226993777827773,1.0998566648670556,1.3984143632883947,1.7209132442521977,1.4304347849977193,1.1981298337067094,1.5532411500629328
2018-07-11,1.2240150936412233,1.213633345093166,1.0917014824413858,1.3880454446796484,1.7170629137168458,1.4272343640875418,1.195449166392744,1.5497659651000493
2018-07-12,1.23443124056825,1.2239611452189174,1.1009916644829607,1.3998574602081197,1.7171126990741823,1.4272757460149315,1.1954838278273665,1.5498108997682807
2018-07-13,1.2300636857482405,1.2196306347590198,1.097096233702394,1.3949046090514656,1.7206463677255792,1.4302129554149383,1.1979440296113981,1.5530002758616828
2018-07-15,1.2300322644905282,1.2195994800074954,1.0970682090205066,1.3948689770287395,1.7206082830221086,1.4301812991505667,1.1979175143761946,1.5529659018287
2018-07-17,1.2532374029687612,1.242607799088684,1.1177649179161324,1.4211838377892008,1.731401994846997,1.4391531057800582,1.2054322849185362,1.5627079602528149
2018-07-18,1.265327743898846,1.2545955931792332,1.1285483168996617,1.4348944061799096,1.7462408657521777,1.4514872761304554,1.215763365807942,1.576101049641475
2018-07-19,1.2466165019831816,1.2360430547057075,1.1118597232346252,1.4136756693847004,1.7528304512877038,1.4569645844144243,1.2203511502579982,1.582048598392014
2018-07-20,1.2520539568988494,1.2414343906723777,1.1167094000261786,1.4198417980260485,1.7608229840670289,1.4636080319827234,1.2259156910631621,1.589262402369372
2018-07-23,1.2490473641808133,1.2384532990202577,1.11402781403559,1.416432291600877,1.754361747280017,1.458237408050856,1.22141726525174,1.58343069708649
2018-07-24,1.2562120106579595,1.245557176999901,1.1204179763962525,1.424557072869512,1.7590915138628147,1.4621688221808538,1.2247102112896917,1.58769963284553
2018-07-25,1.2678225761542852,1.257069264975721,1.1307734627216826,1.4377235710859577,1.7761772111951795,1.476370569928328,1.2366055719489009,1.6031206357710328
2018-07-26,1.2861340052084171,1.2752253816869061,1.1471054625049104,1.4584889160692056,1.7913416282358992,1.488975336439195,1.2471633037392398,1.6168075526699708
2018-07-27,1.2878771892843144,1.2769537805703308,1.1486602118292542,1.4604657043689229,1.795878263530753,1.4927462185300162,1.2503217884040336,1.6209021743171284
2018-07-30,1.2696937003457982,1.2589245188230205,1.1324423220881386,1.439845444765418,1.773989543945424,1.4745521660416114,1.2350824798308586,1.6011461174120662
2018-07-31,1.2412590096398732,1.2307310030915581,1.1070813652194813,1.4076002191058048,1.7627375059297632,1.4651993955672857,1.2272486145958779,1.5909903884545664
2018-08-01,1.2479721874338394,1.2373872416172282,1.1130688617688609,1.4152130303404435,1.7797859725247582,1.4793701968728157,1.2391180545659863,1.606377788109525
2018-08-02,1.224570478153064,1.2141840189912416,1.0921968309857395,1.3886752563100042,1.7555507375450887,1.4592257048402864,1.2222450610243205,1.5845038416002548
2018-08-03,1.2334081926327467,1.2229467744855782,1.1000792060062645,1.3986973135449443,1.7568638784620456,1.460317196495367,1.2231592926473973,1.585689040514181
2018-08-06,1.2368299942881944,1.2263395533907733,1.1031311176691836,1.4025776710871967,1.7595123972876832,1.4625186633441851,1.2250032376752649,1.5880795087382107
2018-08-07,1.2661209268262688,1.2553820485542366,1.1292557583211063,1.435793883608682,1.7858459371777542,1.4844072806795994,1.24333710771478,1.611847318022435
2018-08-08,1.2433865076642638,1.2328404562816648,1.108978884914446,1.4100128232939895,1.7758650765663937,1.4761111215034244,1.236388258373025,1.6028389130569982
2018-08-09,1.2239109472217065,1.2135300820140145,1.0916085940438753,1.3879273415909354,1.7649729122621511,1.4670574805039507,1.2288049434963828,1.5930079945797873
2018-08-10,1.2252144907094853,1.2148225692159829,1.0927712270583112,1.389405573035591,1.7537776223735138,1.4577518794585018,1.2210105872977934,1.5829034846633265
2018-08-13,1.1925405524530823,1.1824257620283183,1.0636292769165028,1.3523529979553055,1.7234283213994817,1.4325253342165392,1.1998808743093081,1.5555111781040287
2018-08-14,1.212559256015585,1.2022746726301592,1.0814839982097881,1.375054409427008,1.7521604514915239,1.4564076760301128,1.219884684707186,1.581443878045166
2018-08-15,1.199562617074803,1.1893882674913574,1.0698922702383635,1.3603160899637792,1.739370973850444,1.445776975289762,1.2109804271738775,1.569900505346813
2018-08-16,1.172909808261993,1.1629615202366375,1.0461205773537494,1.3300915363183792,1.7174714164209266,1.4275739143116073,1.1957335731044385,1.5501346665508695
2018-08-17,1.1860616309513066,1.1760017928994697,1.0578507140173568,1.3450058357154802,1.727046653201533,1.4355329162027926,1.2024000200563505,1.558776968444302
2018-08-20,1.1910042333424777,1.1809024735402762,1.0622590308637678,1.3506107966098095,1.7246231263824303,1.433518464238989,1.2007127183899513,1.5565895707958244
2018-08-21,1.1872255090653792,1.177155799329783,1.0588887792088033,1.346325685219619,1.7194226827577914,1.4291958201528048,1.1970920787813015,1.55189581702099
2018-08-22,1.2107436061575674,1.2004744225988064,1.0798646165110743,1.3729954442004784,1.7316137897666088,1.4393291511567274,1.2055797402377755,1.5628991195605926
2018-08-23,1.2220021871146254,1.2116375114682985,1.0899061671299013,1.3857627884041457,1.7436719246205505,1.4493519548017575,1.2139748241594197,1.5737824056941063
2018-08-24,1.2254705438946043,1.2150764506306748,1.0929996014004502,1.3896959399265278,1.763956641377255,1.4662127492372288,1.228097397970547,1.5920907410440241
2018-08-27,1.2435416914127955,1.2329943238056955,1.109117293606629,1.410188803227862,1.7773879196041116,1.477376918986545,1.2374484882722576,1.6042133823855191
2018-08-28,1.2448141981509235,1.234256037502913,1.1102522448826777,1.411631838685806,1.7754191494535052,1.4757404638563991,1.2360777961347944,1.6024364335340002
2018-08-29,1.2540864271265513,1.243449622064591,1.1185221642413647,1.4221466397356524,1.7838079895006607,1.4827133247192645,1.2419182529761026,1.6100079317522034
2018-08-30,1.2623111657994635,1.2516046008389372,1.1258578249277051,1.431473576231717,1.7894942045113018,1.4874397452830923,1.2458770951012792,1.6151401272141954
2018-08-31,1.2436658384116765,1.2331174178249753,1.1092280205604248,1.410329587175023,1.7883297248854695,1.4864718219035873,1.2450663640634927,1.6140891052180002
2018-09-03,1.2288613088003455,1.2184384560310637,1.0938053752838117,1.3935411014820056,1.7784698459195445,1.4782762234933635,1.235711611526512,1.60518989440905
2018-09-04,1.2190847326419476,1.2087448020162443,1.0938053752838117,1.382454365647026,1.7744418864116323,1.4749281561739191,1.235711611526512,1.6015543872273994
2018-09-05,1.2159732984835638,1.2056597581591109,1.0938053752838117,1.378925967972519,1.7601217283773591,1.4630251434873092,1.235711611526512,1.58862947145461
2018-09-06,1.2065303673845236,1.1962969193209718,1.0938053752838117,1.3682175889953816,1.746018885746659,1.4513027648411572,1.235711611526512,1.5759006976015248
2018-09-07,1.1840830381573444,1.1740399819678984,1.0938053752838117,1.3427620915584004,1.7354196822509456,1.4424926348568732,1.235711611526512,1.566334196162583
2018-09-10,1.188172129931507,1.1780943912264532,1.0938053752838117,1.3473991628163364,1.7439528741351007,1.4495854819477558,1.235711611526512,1.5740359817233143
2018-09-11,1.2157560412356194,1.205444343625468,1.0938053752838117,1.378679596065098,1.77688675045978,1.4769603437875258,1.235711611526512,1.6037610431750924
2018-09-12,1.220520182315965,1.2101680766136254,1.0938053752838117,1.384082180035458,1.7793390481382718,1.4789987102851978,1.235711611526512,1.6059744084793337
2018-09-13,1.2550408071800918,1.2443959073374486,1.0938053752838117,1.4232289163290475,1.8093090494424118,1.5039099790635944,1.235711611526512,1.633024371310701
2018-09-14,1.2695039325445971,1.2587363605784374,1.0938053752838117,1.4396302461674821,1.8173361427087686,1.5105821535436086,1.235711611526512,1.6402693684762126
2018-09-18,1.3079196694972355,1.2968262661557908,1.0938053752838117,1.4831940788016824,1.8550108979297542,1.5418976661438908,1.235711611526512,1.6742733953051254
2018-09-19,1.3501839634137982,1.3387320863294376,1.0938053752838117,1.5311222137963005,1.889600126639274,1.5706484681367239,1.235711611526512,1.705492524776065
2018-09-20,1.3450396221494523,1.3336313779073086,1.0938053752838117,1.5252884789878425,1.8891468204332886,1.5702716769373637,1.235711611526512,1.7050833851200906
2018-09-21,1.3931310658239564,1.3813149236088749,1.0938053752838117,1.5798246605000206,1.9149265735050083,1.5916999829054914,1.235711611526512,1.728351364167376
2018-09-25,1.3708001244081345,1.3591733868987832,1.0938053752838117,1.5545011480133966,1.920400852772447,1.5962502410391248,1.235711611526512,1.7332922732187308
2018-09-26,1.4105969967228456,1.398632713440148,1.0938053752838117,1.59963120205922,1.957038229807109,1.6267034778402805,1.235711611526512,1.7663599957379654
2018-09-27,1.3814224519961285,1.3697056189196664,1.0938053752838117,1.5665469744880918,1.9337912345415051,1.607380417374762,1.235711611526512,1.7453780027278851
2018-09-28,1.38708665881807,1.3753217835473122,1.0938053752838117,1.5729702420750384,1.9525776942578486,1.622995850375217,1.235711611526512,1.7623340592826733
2018-10-01,1.4013790820591623,1.3894929825118394,1.091617764533244,1.5891779939861816,1.958527834933486,1.6279416477455895,1.2332401883034592,1.7677044655927714
2018-10-02,1.4395387658266812,1.4273290066745006,1.1213426185879987,1.6324514597294448,1.9817228102859783,1.6472214689057707,1.2478455338396246,1.7886395070961807
2018-10-03,1.4095107104830107,1.3975556407718221,1.0979519749947084,1.5983993425219856,1.9611799005996373,1.630146062752349,1.2349101334036412,1.7700981350813951
2018-10-04,1.428466405367917,1.416350558833901,1.112717696518845,1.619895291446488,1.9524647654365777,1.6229019831714435,1.2294224120969146,1.7622321333472364
2018-10-05,1.4086339223037083,1.3966862892609522,1.0972689923781471,1.5974050558954955,1.9365745444983289,1.6096939235279448,1.219416703363786,1.7478901291077347
2018-10-09,1.3827725506084942,1.3710442663788716,1.0771240272369442,1.5680779999129402,1.9008386281597598,1.579989986984258,1.1969146140860656,1.715636036126777
2018-10-10,1.404994863400316,1.393078095822114,1.094434312314785,1.5932783264458217,1.9115200027526194,1.5888684181429749,1.2036404313960276,1.725276702564948
2018-10-11,1.3276745606871498,1.3164136019666965,1.034204916085495,1.5055963243857067,1.8342288053669065,1.5246234495578845,1.1549719319659986,1.655516144490277
2018-10-12,1.3240898160957577,1.3128592621612831,1.0314125446798021,1.501531187912904,1.8317719017438574,1.5225812545677917,1.153424875941219,1.6532986220080692
2018-10-15,1.3260218537651325,1.3147749128356176,1.0329175240737702,1.5037221380897907,1.8152630229986764,1.5088589623503952,1.1430296125350812,1.6383982370560333
2018-10-16,1.349927910228678,1.3384782049147457,1.0515393775391408,1.530831846905363,1.8382861274170852,1.5279959232220266,1.1575267348745515,1.6591781533616965
2018-10-17,1.3596036169505439,1.3480718450389584,1.0590763626969917,1.5418041957833406,1.861598957723307,1.547373706220762,1.1722062909798687,1.680219566969849
2018-10-18,1.3129631413249934,1.3018269606872588,1.0227453139529794,1.4889134266530757,1.8400046929687426,1.5294244065889833,1.1586088763007467,1.6607292755596519
2018-10-19,1.2993923225146158,1.2883712457095156,1.0121741936313442,1.4735239814344867,1.8301038828895062,1.5211947859591821,1.1523745626143707,1.6517931216394057
2018-10-22,1.2764406461046107,1.2656142389032456,0.9942957637220254,1.4474965492123093,1.8143139875896281,1.5080701176681712,1.1424320266413883,1.6375416681063062
2018-10-23,1.2580048167773001,1.247334777046684,0.9799349964926303,1.426590133066296,1.7748541081429052,1.4752707976786639,1.1175850429573595,1.601926445352991
2018-10-24,1.23994918763399,1.2294322906240942,0.9658703898669196,1.4061148677583808,1.7696467704704826,1.4709424232131054,1.1143061015110582,1.5972264692315365
2018-10-25,1.2166173110400402,1.2062983083839076,0.9476957993539595,1.3796562846981684,1.714462673817021,1.425073027009993,1.0795579378473121,1.5474190718874288
2018-10-26,1.2140955751261888,1.2037979611182013,0.945731468819657,1.3767966107725031,1.7053727793937887,1.4175174449849397,1.0738342392047824,1.5392148244536619
2018-10-29,1.224748939463889,1.2143609666438906,0.9540300098154241,1.3888776332339727,1.6968609767425396,1.4104423767698226,1.0684745517307543,1.5315323441291642
2018-10-30,1.2268284016943831,1.2164227914660681,0.9556498269944758,1.3912357643480542,1.7091777259244472,1.4206801424019588,1.0762301270202412,1.5426490472681746
2018-10-31,1.2426261072963736,1.2320865054138315,0.9679556022802461,1.4091505216179188,1.7407459073915295,1.4469198293939993,1.0961078889608493,1.5711414763032203
2018-11-01,1.2116103229115962,1.2013337881073738,0.9437955576150964,1.3739783097292675,1.6846669658835738,1.4003066320659203,1.0607962619563351,1.5205264206674676
2018-11-02,1.1865632772601993,1.1764991843867794,0.9437955576150964,1.3739783097292675,1.6875240303210086,1.4026814434446675,1.0607962619563351,1.5205264206674676
2018-11-05,1.176856196721352,1.1668744365493944,0.9437955576150964,1.3739783097292675,1.6714735475029956,1.3893401730374713,1.0607962619563351,1.5205264206674676
2018-11-06,1.1922578920756521,1.1821454990959679,0.9437955576150964,1.3739783097292675,1.6957105015272675,1.4094860939515579,1.0607962619563351,1.5205264206674676
2018-11-07,1.1860694353250418,1.1760095310787229,0.9437955576150964,1.3739783097292675,1.6865599626577406,1.4018801038505677,1.0607962619563351,1.5205264206674676
2018-11-08,1.2261169297583354,1.2157173540330075,0.9437955576150964,1.3739783097292675,1.7264575970193454,1.4350432887005742,1.0607962619563351,1.5205264206674676
2018-11-09,1.233817777435421,1.2233528853062303,0.9437955576150964,1.3739783097292675,1.7281006878223828,1.4364090369435054,1.0607962619563351,1.5205264206674676
2018-11-12,1.2411945413426761,1.2306670815961567,0.9437955576150964,1.3739783097292675,1.7326982267314344,1.4402305425323856,1.0607962619563351,1.5205264206674676
2018-11-13,1.2233699339936455,1.21299365750657,0.9437955576150964,1.3739783097292675,1.7019472936834097,1.414670157980784,1.0607962619563351,1.5205264206674676
2018-11-14,1.2509016218815232,1.2402918294335414,0.9437955576150964,1.3739783097292675,1.708133834333771,1.4198124526168654,1.0607962619563351,1.5205264206674676
2018-11-15,1.2679237360857467,1.2571695668973615,0.9437955576150964,1.3739783097292675,1.7092298147195972,1.4207234389625147,1.0607962619563351,1.5205264206674676
2018-11-16,1.2561332598826938,1.2454790941663556,0.9437955576150964,1.3739783097292675,1.7050142487868496,1.4172194319076594,1.0607962619563351,1.5205264206674676
2018-11-19,1.2590808789334569,1.248401712349107,0.9437955576150964,1.3739783097292675,1.7054917282041224,1.4176163160445376,1.0607962619563351,1.5205264206674676
2018-11-20,1.273741811384957,1.2629382949335324,0.9437955576150964,1.3739783097292675,1.7086431085977032,1.420235764846384,1.0607962619563351,1.5205264206674676
2018-11-21,1.2604389442553001,1.2497482589464208,0.9437955576150964,1.3739783097292675,1.6905771597137453,1.4052192253468385,1.0607962619563351,1.5205264206674676
2018-11-22,1.2726460995911941,1.261851876656151,0.9437955576150964,1.3739783097292675,1.7071258404639549,1.4189746012613333,1.0607962619563351,1.5205264206674676
2018-11-26,1.2759178024119164,1.2650958298223265,0.9437955576150964,1.3739783097292675,1.7110337623800842,1.4222228925186393,1.0607962619563351,1.5205264206674676
2018-11-27,1.2766122676332758,1.2657844047868247,0.9437955576150964,1.3739783097292675,1.7212910987491055,1.4307488602236795,1.0607962619563351,1.5205264206674676
2018-11-28,1.2730627787240354,1.2622650216348754,0.9437955576150964,1.3739783097292675,1.7199308886525988,1.4296182443466463,1.0607962619563351,1.5205264206674676
2018-11-29,1.2685410385047897,1.2577816335325274,0.9437955576150964,1.3739783097292675,1.7139882165871372,1.4246786549358132,1.0607962619563351,1.5205264206674676
2018-11-30,1.2619822003027792,1.2512784255342082,0.9437955576150964,1.3739783097292675,1.7155953432906716,1.4260145095748036,1.0607962619563351,1.5205264206674676
2018-12-03,1.2766739978751542,1.2658456114503156,0.9437955576150964,1.3739783097292675,1.7290343794754894,1.437185127791505,1.0607962619563351,1.5205264206674676
2018-12-04,1.254667166637531,1.2440254359079004,0.9437955576150964,1.3739783097292675,1.6924183794212933,1.4067496596818037,1.0607962619563351,1.5205264206674676
2018-12-05,1.263510023789821,1.252793290456155,0.9437955576150964,1.3739783097292675,1.6990914309847718,1.4122963454954927,1.0607962619563351,1.5205264206674676
2018-12-06,1.2564110459712121,1.2457545241521295,0.9437955576150964,1.3739783097292675,1.675245134596407,1.3924751418635195,1.0607962619563351,1.5205264206674676
2018-12-07,1.2759949652142328,1.2651723381516586,0.9437955576150964,1.3739783097292675,1.6969311577376127,1.4105007116899204,1.0607962619563351,1.5205264206674676
2018-12-10,1.2585716044377337,1.2478967573750823,0.9437955576150964,1.3739783097292675,1.6698998408204544,1.3880320973470732,1.0607962619563351,1.5205264206674676
2018-12-11,1.2589111207682588,1.2482333940244745,0.9437955576150964,1.3739783097292675,1.6583342611915197,1.3784187089527744,1.0607962619563351,1.5205264206674676
2018-12-12,1.2973536289120662,1.2863498437273533,0.9437955576150964,1.3739783097292675,1.6966347210551365,1.4102543115046817,1.0607962619563351,1.5205264206674676
2018-12-13,1.285285366620367,1.2743839410104463,0.9437955576150964,1.3739783097292675,1.7007424298295175,1.4136686669564398,1.0607962619563351,1.5205264206674676
2018-12-14,1.2862576179303724,1.2753479459608452,0.9437955576150964,1.3739783097292675,1.6899058014772435,1.4046611878176984,1.0607962619563351,1.5205264206674676
2018-12-17,1.3100237610622425,1.2989125114134579,0.9437955576150964,1.3739783097292675,1.7058303134778352,1.4178977504252797,1.0607962619563351,1.5205264206674676
2018-12-18,1.2789271517045584,1.268079654668569,0.9437955576150964,1.3739783097292675,1.6604333706758994,1.3801635030230182,1.0607962619563351,1.5205264206674676
2018-12-19,1.233817777435421,1.22335288530623,0.9437955576150964,1.3739783097292675,1.6336960172580874,1.3579392331387827,1.0607962619563351,1.5205264206674676
2018-12-20,1.2433550998091982,1.2328093148191097,0.9437955576150964,1.3739783097292675,1.6141771350993936,1.3417150056262566,1.0607962619563351,1.5205264206674676
2018-12-21,1.2087707317841525,1.198518281585763,0.9437955576150964,1.3739783097292675,1.5754998702900955,1.3095662002425028,1.0607962619563351,1.5205264206674676
2018-12-25,1.1667941672914142,1.1568977503966487,0.9437955576150964,1.3739783097292675,1.5065675317874545,1.2522691719729213,1.0607962619563351,1.5205264206674676
2018-12-26,1.1748962615409035,1.164931124982755,0.9437955576150964,1.3739783097292675,1.5244773200054178,1.2671559096655292,1.0607962619563351,1.5205264206674676
2018-12-27,1.224527376029287,1.2141412824474422,0.9437955576150964,1.3739783097292675,1.5957386957563193,1.3263888495254215,1.0607962619563351,1.5205264206674676
2018-12-28,1.2072274757365453,1.1969881149978483,0.9437955576150964,1.3739783097292675,1.5761388314716482,1.310097309119379,1.0607962619563351,1.5205264206674676
2019-01-04,1.240114262109351,1.2272019887546204,0.9437955576150964,1.3739783097292675,1.5885361915899154,1.3186552826975393,1.0607962619563351,1.5205264206674676
2019-01-07,1.2510250823652804,1.2272019887546204,0.9437955576150964,1.3739783097292675,1.612522442552593,1.3186552826975393,1.0607962619563351,1.5205264206674676
2019-01-08,1.2517041150262018,1.2272019887546204,0.9437955576150964,1.3739783097292675,1.5992790571683737,1.3186552826975393,1.0607962619563351,1.5205264206674676
2019-01-09,1.2719824994907103,1.2272019887546204,0.9437955576150964,1.3739783097292675,1.62316611903926,1.3186552826975393,1.0607962619563351,1.5205264206674676
2019-01-10,1.2819827986786412,1.2272019887546204,0.9437955576150964,1.3739783097292675,1.6273705381901074,1.3186552826975393,1.0607962619563351,1.5205264206674676
2019-01-11,1.3001777874789437,1.2272019887546204,0.9437955576150964,1.3739783097292675,1.6304472110417456,1.3186552826975393,1.0607962619563351,1.5205264206674676
2019-01-15,1.2691429083632668,1.2272019887546204,0.9437955576150964,1.3739783097292675,1.6137807756538152,1.3186552826975393,1.0607962619563351,1.5205264206674676
2019-01-16,1.277152407249874,1.2272019887546204,0.9437955576150964,1.3739783097292675,1.6201887218964608,1.3186552826975393,1.0607962619563351,1.5205264206674676
2019-01-17,1.2916898792176166,1.2272019887546204,0.9437955576150964,1.3739783097292675,1.625743024071579,1.3186552826975393,1.0607962619563351,1.5205264206674676
2019-01-18,1.2999154339508632,1.2272019887546204,0.9437955576150964,1.3739783097292675,1.6416754570151684,1.3186552826975393,1.0607962619563351,1.5205264206674676
2019-01-21,1.2989740477619895,1.2272019887546204,0.9437955576150964,1.3739783097292675,1.6407075091147763,1.3186552826975393,1.0607962619563351,1.5205264206674676
2019-01-22,1.2961807543158588,1.2272019887546204,0.9437955576150964,1.3739783097292675,1.6427729894326792,1.3186552826975393,1.0607962619563351,1.5205264206674676
2019-01-23,1.2878008739778513,1.2272019887546204,0.9437955576150964,1.3739783097292675,1.6317519300713519,1.3186552826975393,1.0607962619563351,1.5205264206674676
2019-01-24,1.2836649477704434,1.2272019887546204,0.9437955576150964,1.3739783097292675,1.6255389471420745,1.3186552826975393,1.0607962619563351,1.5205264206674676
2019-01-25,1.2838964361776488,1.2272019887546204,0.9437955576150964,1.3739783097292675,1.6251046855706723,1.3186552826975393,1.0607962619563351,1.5205264206674676
2019-01-28,1.2617661444561399,1.2272019887546204,0.9437955576150964,1.3739783097292675,1.6043027722131482,1.3186552826975393,1.0607962619563351,1.5205264206674676
2019-01-29,1.2889428834530552,1.2272019887546204,0.9437955576150964,1.3739783097292675,1.6276672823700236,1.3186552826975393,1.0607962619563351,1.5205264206674676
2019-01-30,1.2646366007044585,1.2272019887546204,0.9437955576150964,1.3739783097292675,1.6145745388902744,1.3186552826975393,1.0607962619563351,1.5205264206674676
2019-01-31,1.246117528134197,1.2272019887546204,0.9437955576150964,1.3739783097292675,1.6129689232421807,1.3186552826975393,1.0607962619563351,1.5205264206674676
2019-02-01,1.2235783970206255,1.2272019887546204,0.9437955576150964,1.371230353109809,1.6038954057332662,1.3186552826975393,1.0607962619563351,1.5174853678261326
2019-02-04,1.2325499288235302,1.2272019887546204,0.9437955576150964,1.3812844998256941,1.6168744450701011,1.3186552826975393,1.0607962619563351,1.5297651600193665
2019-02-05,1.2336730516204335,1.2272019887546204,0.9437955576150964,1.3825431523755702,1.6261752531097464,1.3186552826975393,1.0607962619563351,1.5385648860231136
2019-02-06,1.231097267002356,1.2272019887546204,0.9437955576150964,1.3796565420365994,1.6273721823397271,1.3186552826975393,1.0607962619563351,1.5396973305617827
2019-02-07,1.218460454215508,1.2272019887546204,0.9437955576150964,1.3654948166399388,1.60725583184859,1.3186552826975393,1.0607962619563351,1.5206647506221909
2019-02-08,1.207357006684288,1.2272019887546204,0.9437955576150964,1.3530514911317046,1.589880903584693,1.3186552826975393,1.0607962619563351,1.5042258984917813
2019-02-12,1.2275664917425617,1.2272019887546204,0.9437955576150964,1.3756997001881095,1.6027629133821255,1.3186552826975393,1.0607962619563351,1.5164138886225091
2019-02-13,1.2267930838285284,1.2272019887546204,0.9437955576150964,1.3748329634022687,1.6002033660773902,1.3186552826975393,1.0607962619563351,1.513992237204773
2019-02-14,1.2293957695914828,1.2272019887546204,0.9437955576150964,1.3777497211077496,1.6041270273441015,1.3186552826975393,1.0607962619563351,1.5177045107977125
2019-02-15,1.2328189402718872,1.2272019887546204,0.9437955576150964,1.3815859734903315,1.6056097530496027,1.3186552826975393,1.0607962619563351,1.5191073544959703
2019-02-18,1.2458390943726425,1.2272019887546204,0.9437955576150964,1.3961772988590988,1.6187122270314267,1.3186552826975393,1.0607962619563351,1.5315039312793863
2019-02-19,1.2627868156195377,1.2272019887546204,0.9437955576150964,1.4151701397317176,1.639057849787869,1.3186552826975393,1.0607962619563351,1.5507534314162712
2019-02-20,1.2717785232810412,1.2272019887546204,0.9437955576150964,1.4252468969724192,1.6510471666487023,1.3186552826975393,1.0607962619563351,1.5620968225386045
2019-02-21,1.2727402392089775,1.2272019887546204,0.9437955576150964,1.4263246653235657,1.65097126245496,1.3186552826975393,1.0607962619563351,1.5620250076914834
2019-02-22,1.2632643109403372,1.2272019887546204,0.9437955576150964,1.4157052554864111,1.6400700780230713,1.3186552826975393,1.0607962619563351,1.5517111257461689
2019-02-25,1.2674272631037968,1.2272019887546204,0.9437955576150964,1.4203705604468286,1.6472707817872836,1.3186552826975393,1.0607962619563351,1.5585238908187438
2019-02-26,1.2700972017287668,1.2272019887546204,0.9437955576150964,1.4233626865683864,1.653024993302082,1.3186552826975393,1.0607962619563351,1.5639680935677946
2019-02-27,1.27700407066549,1.2272019887546204,0.9437955576150964,1.4311030229081316,1.6639807429575297,1.3186552826975393,1.0607962619563351,1.574333601029366
2019-02-28,1.2735472735540483,1.2272019887546204,0.9437955576150964,1.4272290863174784,1.6482840165109844,1.3186552826975393,1.0607962619563351,1.5594825374124637
2019-03-01,1.2771318511034786,1.2247475847771112,0.9437955576150964,1.4312462228988558,1.652270939933232,1.316017972132144,1.0607962619563351,1.5632546649054895
2019-03-04,1.2716507428430528,1.2194912957744855,0.9437955576150964,1.4251036969816955,1.64812050028814,1.3127121867229958,1.0607962619563351,1.5593278306437546
2019-03-05,1.2694919259699786,1.2174210273452788,0.9437955576150964,1.4226843708229688,1.643149034394861,1.3087524617739739,1.0607962619563351,1.554624203011472
2019-03-06,1.2657997438411583,1.2138802878821429,0.9437955576150964,1.4185466447756834,1.6437924494591565,1.3092649357076906,1.0607962619563351,1.5552329540198093
2019-03-07,1.2706890269151756,1.2185690266611657,0.9437955576150964,1.4240259286306152,1.63889570286126,1.3053647239615052,1.0607962619563351,1.5506000201728152
2019-03-08,1.2565457500175172,1.205005866204182,0.9437955576150964,1.408175950711972,1.6141842535942201,1.2856822913974062,1.0607962619563351,1.5272199028992908
2019-03-11,1.2676626481211166,1.2156667811996327,0.9437955576150964,1.420634349903395,1.6352979037210853,1.3024991114193014,1.0607962619563351,1.5471960528492126
2019-03-12,1.277609346424337,1.2252054946166147,0.9437955576150964,1.4317813386536153,1.6533504515942647,1.3168777928266255,1.0607962619563351,1.5642760177593973
2019-03-13,1.266088931148173,1.214157613559604,0.9437955576150964,1.4188707289652034,1.6441288483553507,1.3095328742052441,1.0607962619563351,1.5555512293892026
2019-03-14,1.267924934283254,1.2159183091396184,0.9437955576150964,1.4209282867264046,1.6442315240761776,1.3096146544330773,1.0607962619563351,1.5556483734445001
2019-03-15,1.276909916658597,1.2245347534432809,0.9437955576150964,1.4309975071255447,1.6575618411891835,1.320232124286808,1.0607962619563351,1.568260518285841
2019-03-18,1.2790418323868533,1.226579224135069,0.9437955576150964,1.4333866859178275,1.6669574446054456,1.3277156323822337,1.0607962619563351,1.577149932555069
2019-03-19,1.269296892669915,1.217233993748867,0.9437955576150964,1.4224658024161014,1.6530961786635974,1.3166752668737096,1.0607962619563351,1.564035443810284
2019-03-20,1.275107539954553,1.2228063050350533,0.9437955576150964,1.4289776335724145,1.6548288080608815,1.3180552895871531,1.0607962619563351,1.5656747276119867
2019-03-22,1.2765131247722514,1.2241542368160891,0.9437955576150964,1.430552833470183,1.6625780775498398,1.3242275084841195,1.0607962619563351,1.5730065043717434
2019-03-25,1.2510579164708715,1.199743127767187,0.9437955576150964,1.4020258879531835,1.6346697361601934,1.3019987819759489,1.0607962619563351,1.5466017278833892
2019-03-26,1.2971059511444318,1.2439024048233869,0.9437955576150964,1.4536306424986942,1.6756797884098862,1.334662895647799,1.0607962619563351,1.5854023591466495
2019-03-27,1.3012689033078324,1.2478946046916013,0.9437955576150964,1.4582959474590456,1.6770361859866745,1.335743253321149,1.0607962619563351,1.586685680657749
2019-03-28,1.2773134338311025,1.2249217195047846,0.9437955576150964,1.4314497176224674,1.6507506486728685,1.3148070747102025,1.0607962619563351,1.5618162795006876
2019-03-29,1.2870180218308434,1.2342282532848872,0.9437955576150964,1.4423253800745608,1.6551509669748772,1.3183118860753285,1.0607962619563351,1.5659795301797572
2019-04-01,1.300766255416572,1.247412573967614,0.9437955576150964,1.4577326439166645,1.6734626985287722,1.3328970048009285,1.0607962619563351,1.583304715221915
2019-04-02,1.2718735303356583,1.2197049451664819,0.9437955576150964,1.425353368741918,1.6444726941796513,1.3098067441096803,1.0607962619563351,1.5558765504826473
2019-04-03,1.270036320462483,1.2179430923452903,0.9437955576150964,1.4232944586228236,1.6459384875957281,1.3109742345208282,1.0607962619563351,1.5572633741203992
2019-04-04,1.2620418576888792,1.210276539385154,0.9437955576150964,1.414335286052709,1.6348338114280168,1.3021294663546543,1.0607962619563351,1.5467569635784688
2019-04-05,1.258055458907485,1.206453651188252,0.9437955576150964,1.4098678395679083,1.634406925308405,1.301789455650668,1.0607962619563351,1.5463530759945756
2019-04-08,1.266153914692757,1.2142199316665487,0.9437955576150964,1.4189435542202122,1.6358807701056581,1.3029633589097769,1.0607962619563351,1.5477475172444748
2019-04-09,1.248769749572079,1.1975488148773774,0.9437955576150964,1.3994616028103226,1.6220573835735148,1.2919531639881345,1.0607962619563351,1.5346688671521127
2019-04-10,1.2413862457421794,1.1904681610865815,0.9437955576150964,1.3911871149732427,1.6127488808411397,1.2845390307528541,1.0607962619563351,1.5258618610080361
2019-04-11,1.2247690290827078,1.174532534743991,0.9437955576150964,1.3725646614196716,1.6095176750636977,1.2819654063114883,1.0607962619563351,1.5228047367902247
2019-04-12,1.2238244258931836,1.1736266764538366,0.9437955576150964,1.3715060708395552,1.6137357692563346,1.285325077919512,1.0607962619563351,1.5267955807034612
2019-04-15,1.2302849917443746,1.1798222485208107,0.9437955576150964,1.3787462476970325,1.6295379854499472,1.29791139170601,1.0607962619563351,1.5417464507959342
2019-04-16,1.226866221485092,1.176543706360621,0.9437955576150964,1.3749149267442826,1.628493505684117,1.297079473580393,1.0607962619563351,1.540758242490098
2019-04-17,1.2218832230083398,1.1717650961144845,0.9437955576150964,1.3693306186382714,1.6221204054829417,1.2920033603351377,1.0607962619563351,1.5347284937493741
2019-04-18,1.205023355988258,1.1555967722294704,0.9437955576150964,1.3504362335595346,1.6044679485988156,1.2779433475670523,1.0607962619563351,1.518027064883072
2019-04-19,1.1985801223056656,1.1494178214155109,0.9437955576150964,1.343215480382408,1.6006433337667423,1.2748970784995257,1.0607962619563351,1.5144085015874258
2019-04-22,1.2101103474767168,1.1604751099938044,0.9437955576150964,1.3561370837477782,1.6089901781287403,1.2815452600570996,1.0607962619563351,1.5223056588095099
2019-04-23,1.2167918984777024,1.1668826030368695,0.9437955576150964,1.3636249125299076,1.618361475211387,1.2890094083906962,1.0607962619563351,1.531172076251467
2019-04-24,1.2028481688270838,1.1535108049741836,0.9437955576150964,1.3479985616732382,1.611931075054878,1.283887656280047,1.0607962619563351,1.5250881145966804
2019-04-25,1.218551113592127,1.168569660219441,0.9437955576150964,1.3655964160873604,1.6305773548045093,1.2987392394380186,1.0607962619563351,1.54272982401446
2019-04-26,1.2136114455368903,1.1638326031058592,0.9437955576150964,1.360060667182247,1.6250542952492257,1.294340175422402,1.0607962619563351,1.5375043198881835
2019-05-07,1.2173024781668689,1.1673722402192817,0.9437955576150964,1.364197105018081,1.6181842143156786,1.2888682217857208,1.0607962619563351,1.5299793624257003
2019-05-08,1.1949472635149208,1.1459339720181632,0.9437955576150964,1.364197105018081,1.5915939922216253,1.267689364666698,1.0607962619563351,1.5299793624257003
2019-05-09,1.1840387588902477,1.13547290280197,0.9437955576150964,1.364197105018081,1.5741436684956798,1.253790349022329,1.0607962619563351,1.5299793624257003
2019-05-10,1.1831264350979758,1.1345979999012599,0.9437955576150964,1.364197105018081,1.5765675780547843,1.2557209697610399,1.0607962619563351,1.5299793624257003
2019-05-13,1.1692774912002288,1.1213170997531474,0.9437955576150964,1.364197105018081,1.5628451327566768,1.244791173565121,1.0607962619563351,1.5299793624257003
2019-05-14,1.1613094258486865,1.1136758614689282,0.9437955576150964,1.364197105018081,1.5515628619667796,1.2358049529840303,1.0607962619563351,1.5299793624257003
2019-05-15,1.180967050006805,1.1325271865606248,0.9437955576150964,1.364197105018081,1.570240339571554,1.2506813849346956,1.0607962619563351,1.5299793624257003
2019-05-16,1.165483799459532,1.1176790143097433,0.9437955576150964,1.364197105018081,1.560288205550664,1.2427546055451795,1.0607962619563351,1.5299793624257003
2019-05-17,1.1824832140069768,1.133981161884889,0.9437955576150964,1.364197105018081,1.581513668563473,1.259660483459374,1.0607962619563351,1.5299793624257003
2019-05-20,1.1705442429406776,1.122531892989481,0.9437955576150964,1.364197105018081,1.5727393598572914,1.2526718306474829,1.0607962619563351,1.5299793624257003
2019-05-21,1.1599179679784046,1.1123414771886564,0.9437955576150964,1.364197105018081,1.56735260472445,1.2483813317983166,1.0607962619563351,1.5299793624257003
2019-05-22,1.1538730024192676,1.1065444586880082,0.9437955576150964,1.364197105018081,1.5666295312253937,1.2478054106845742,1.0607962619563351,1.5299793624257003
2019-05-23,1.1386654180538593,1.0919606455870077,0.9437955576150964,1.364197105018081,1.551906706372867,1.236078821758873,1.0607962619563351,1.5299793624257003
2019-05-24,1.1330011343648705,1.0865286944837702,0.9437955576150964,1.364197105018081,1.5521053529798492,1.236237041877967,1.0607962619563351,1.5299793624257003
2019-05-27,1.1394989800799324,1.092760017302084,0.9437955576150964,1.364197105018081,1.5564907724461239,1.2397299864631866,1.0607962619563351,1.5299793624257003
2019-05-28,1.1503877942629992,1.1032022037218143,0.9437955576150964,1.364197105018081,1.5669799267388023,1.2480844973536278,1.0607962619563351,1.5299793624257003
2019-05-29,1.1368473339497376,1.0902171340509665,0.9437955576150964,1.364197105018081,1.5543857149690807,1.2380533283527002,1.0607962619563351,1.5299793624257003
2019-05-30,1.1396105592487515,1.0928670198151014,0.9437955576150964,1.364197105018081,1.552863975008591,1.2368412770549893,1.0607962619563351,1.5299793624257003
2019-05-31,1.124678641065208,1.0785475658639818,0.9437955576150964,1.364197105018081,1.5352693849976058,1.2228273546968988,1.0607962619563351,1.5299793624257003
2019-06-03,1.1026010091314344,1.0573754947382603,0.9437955576150964,1.364197105018081,1.510700120805338,1.20244295294602,1.0607962619563351,1.5299793624257003
2019-06-04,1.0825087662937216,1.0573754947382603,0.9437955576150964,1.364197105018081,1.4941625620550012,1.20244295294602,1.0607962619563351,1.5299793624257003
2019-06-05,1.1049671816648976,1.0573754947382603,0.9437955576150964,1.364197105018081,1.5211310131869022,1.20244295294602,1.0607962619563351,1.5299793624257003
2019-06-06,1.109279885021868,1.0573754947382603,0.9437955576150964,1.364197105018081,1.5257326970970098,1.20244295294602,1.0607962619563351,1.5299793624257003
2019-06-07,1.1124853409753668,1.0573754947382603,0.9437955576150964,1.364197105018081,1.5275369486681325,1.20244295294602,1.0607962619563351,1.5299793624257003
2019-06-10,1.1244426017481441,1.0573754947382603,0.9437955576150964,1.364197105018081,1.544675086746944,1.20244295294602,1.0607962619563351,1.5299793624257003
2019-06-11,1.1285530681364335,1.0573754947382603,0.9437955576150964,1.364197105018081,1.544053008973083,1.20244295294602,1.0607962619563351,1.5299793624257003
2019-06-12,1.1203422472083198,1.0573754947382603,0.9437955576150964,1.364197105018081,1.5317053923278314,1.20244295294602,1.0607962619563351,1.5299793624257003
2019-06-13,1.1169598339072404,1.0573754947382603,0.9437955576150964,1.364197105018081,1.5253449178915668,1.20244295294602,1.0607962619563351,1.5299793624257003
2019-06-14,1.1237903875241946,1.0573754947382603,0.9437955576150964,1.364197105018081,1.5323243095308483,1.20244295294602,1.0607962619563351,1.5299793624257003
2019-06-17,1.1209843495838454,1.0573754947382603,0.9437955576150964,1.364197105018081,1.5274316775249923,1.20244295294602,1.0607962619563351,1.5299793624257003
2019-06-18,1.112662298322947,1.0573754947382603,0.9437955576150964,1.364197105018081,1.516021364224717,1.20244295294602,1.0607962619563351,1.5299793624257003
2019-06-19,1.1270008994018645,1.0573754947382603,0.9437955576150964,1.364197105018081,1.5354348945526628,1.20244295294602,1.0607962619563351,1.5299793624257003
2019-06-20,1.138386840738206,1.0573754947382603,0.9437955576150964,1.364197105018081,1.547277500503282,1.20244295294602,1.0607962619563351,1.5299793624257003
2019-06-21,1.1235932064797258,1.0573754947382603,0.9437955576150964,1.364197105018081,1.524044280375534,1.20244295294602,1.0607962619563351,1.5299793624257003
2019-06-24,1.1258987079226055,1.0573754947382603,0.9437955576150964,1.364197105018081,1.5189826100997936,1.20244295294602,1.0607962619563351,1.5299793624257003
2019-06-25,1.1242707003247758,1.0573754947382603,0.9437955576150964,1.364197105018081,1.5201598379548205,1.20244295294602,1.0607962619563351,1.5299793624257003
2019-06-26,1.114027397861471,1.0573754947382603,0.9437955576150964,1.364197105018081,1.50777117917968,1.20244295294602,1.0607962619563351,1.5299793624257003
2019-06-27,1.1262374548451304,1.0573754947382603,0.9437955576150964,1.364197105018081,1.5170207686613693,1.20244295294602,1.0607962619563351,1.5299793624257003
2019-06-28,1.124311147718512,1.0573754947382603,0.9437955576150964,1.364197105018081,1.5100777368420304,1.20244295294602,1.0607962619563351,1.5299793624257003
2019-07-01,1.140744165404275,1.0552607437487838,0.9437955576150964,1.364197105018081,1.5331329314451085,1.200038067040128,1.0607962619563351,1.5299793624257003
2019-07-02,1.145259130620398,1.0594373730899276,0.9437955576150964,1.364197105018081,1.5403817132527904,1.2057119482349483,1.0607962619563351,1.5299793624257003
2019-07-03,1.130998786637799,1.0462456499555315,0.9437955576150964,1.364197105018081,1.5264005890501742,1.1947684214741339,1.0607962619563351,1.5299793624257003
2019-07-04,1.1341627353392483,1.0491725032861299,0.9437955576150964,1.364197105018081,1.5339420776259367,1.2006714147419995,1.0607962619563351,1.5299793624257003
2019-07-05,1.1357568653655532,1.0506471747227308,0.9437955576150964,1.364197105018081,1.536202001467015,1.2024403380899242,1.0607962619563351,1.5299793624257003
2019-07-08,1.122385622225499,1.0382779262893465,0.9437955576150964,1.364197105018081,1.5206781828138485,1.1902892891185426,1.0607962619563351,1.5299793624257003
2019-07-09,1.1112822808440177,1.028006630901948,0.9437955576150964,1.364197105018081,1.512915324450808,1.1842130217880191,1.0607962619563351,1.5299793624257003
2019-07-10,1.1023461227662745,1.0197401175982976,0.9437955576150964,1.364197105018081,1.5081711458665201,1.1804995832588399,1.0607962619563351,1.5299793624257003
2019-07-11,1.101352830418729,1.0188212591432475,0.9437955576150964,1.364197105018081,1.5162059658172167,1.186788724666533,1.0607962619563351,1.5299793624257003
2019-07-12,1.0927153546552686,1.0108310459344594,0.9437955576150964,1.364197105018081,1.507076000995996,1.1796423741371795,1.0607962619563351,1.5299793624257003
2019-07-15,1.0926806241536111,1.0107989180164552,0.9437955576150964,1.364197105018081,1.5070281684764626,1.1796049339106307,1.0607962619563351,1.5299793624257003
2019-07-16,1.0909363494534305,1.0091853532284536,0.9437955576150964,1.364197105018081,1.499358705559561,1.173601770541516,1.0607962619563351,1.5299793624257003
2019-07-17,1.0974518321213935,1.0152125881638523,0.9437955576150964,1.364197105018081,1.500384205878568,1.174404466377819,1.0607962619563351,1.5299793624257003
2019-07-18,1.0702728608839802,0.9900703150125754,0.9437955576150964,1.364197105018081,1.465428075391003,1.147043050807703,1.0607962619563351,1.5299793624257003
2019-07-19,1.0933748102464012,1.011441084204803,0.9437955576150964,1.364197105018081,1.4947553665762618,1.169998572213344,1.0607962619563351,1.5299793624257003
2019-07-22,1.0923599595117488,1.0105022828736,0.9437955576150964,1.364197105018081,1.4914668579209072,1.1674245386841726,1.0607962619563351,1.5299793624257003
2019-07-23,1.1008417154781216,1.0183484453882234,0.9437955576150964,1.364197105018081,1.5074826571725444,1.1799606784942551,1.0607962619563351,1.5299793624257003
2019-07-24,1.108749094118941,1.0256632724271653,0.9437955576150964,1.364197105018081,1.5196245133325201,1.1894645442697835,1.0607962619563351,1.5299793624257003
2019-07-25,1.1152293389141659,1.0316579100941128,0.9437955576150964,1.364197105018081,1.5262689373109848,1.1946653729416954,1.0607962619563351,1.5299793624257003
2019-07-26,1.100232100279858,1.0177845126441167,0.9437955576150964,1.364197105018081,1.5180061624728551,1.188197803077554,1.0607962619563351,1.5299793624257003
2019-07-29,1.0922507221062863,1.0104012313414252,0.9437955576150964,1.364197105018081,1.5111631587931207,1.1828415389597149,1.0607962619563351,1.5299793624257003
2019-07-30,1.0976104025486728,1.015359275871843,0.9437955576150964,1.364197105018081,1.5174127454423392,1.1877333143097224,1.0607962619563351,1.5299793624257003
2019-07-31,1.0871835160075773,1.0057137441391069,0.9437955576150964,1.364197105018081,1.5083748881107395,1.1806590596120725,1.0607962619563351,1.5299793624257003
2019-08-01,1.0814888854897402,1.0004458495332225,0.9437955576150964,1.3614687108080448,1.5103517709127405,1.1822064365992997,1.0607962619563351,1.5269194037008489
2019-08-02,1.0651521229011476,0.9853333074203502,0.9437955576150964,1.3409026269594844,1.487821661163379,1.1645713125997512,1.0607962619563351,1.5041421524628675
2019-08-05,1.0462772847150972,0.9678728843154986,0.9437955576150964,1.3171414011561922,1.4530106253706716,1.1373234678450441,1.0607962619563351,1.4689492609534363
2019-08-06,1.0388069941569695,0.960962391490321,0.9437955576150964,1.3077371742686177,1.4433998064846223,1.1298007356134585,1.0607962619563351,1.4592330172775045
2019-08-07,1.0398001541733661,0.9618811275306608,0.9437955576150964,1.3089874472074257,1.4493186770025972,1.1344336476002594,1.0607962619563351,1.4652168141756452
2019-08-08,1.0390468878807502,0.9611843084082898,0.9437955576150964,1.3080391725630325,1.449395960574639,1.1344941402206348,1.0607962619563351,1.4652949455010824
2019-08-09,1.0427412512267642,0.9646018289448174,0.9437955576150964,1.3126899462967603,1.4566778425616287,1.140193930111551,1.0607962619563351,1.4726567052682624
2019-08-13,1.0294415431810668,0.9522987550132752,0.9437955576150964,1.2959471608552813,1.4399772584721366,1.127121784677753,1.0607962619563351,1.4557729260120083
2019-08-14,1.0404334736041299,0.9624669881940827,0.9437955576150964,1.3097847227046593,1.4528772910765793,1.1372191023166078,1.0607962619563351,1.4688144640638976
2019-08-15,1.031130394996412,0.9538610501157102,0.9437955576150964,1.298073228847873,1.4368320946603939,1.1246599522927354,1.0607962619563351,1.4525932616818464
2019-08-16,1.0325073849708342,0.9551348532247785,0.9437955576150964,1.2998066990577155,1.446417270431299,1.1321626127394813,1.0607962619563351,1.462283580953385
2019-08-19,1.0367295145091582,0.9590405909808305,0.9437955576150964,1.3051218690391466,1.4575519031013138,1.1408780886075336,1.0607962619563351,1.4735403537160987
2019-08-20,1.0456247737864568,0.967269270298663,0.9437955576150964,1.3163199657954372,1.476550663258317,1.155749098777199,1.0607962619563351,1.4927475186220964
2019-08-21,1.040457462976485,0.9624891798858581,0.9437955576150964,1.3098149225340714,1.4711353548738824,1.1515103429114844,1.0607962619563351,1.4872728076253197
2019-08-22,1.040774122691886,0.9627821102175869,0.9437955576150964,1.3102135602827125,1.4690917655858042,1.1499107523679706,1.0607962619563351,1.4852068014158681
2019-08-23,1.0409900270432733,0.9629818354437446,0.9437955576150964,1.3104853587476666,1.4729160079445476,1.1529041238584348,1.0607962619563351,1.489072993368284
2019-08-26,1.0234202107145036,0.9467286403725638,0.9437955576150964,1.2883670036658832,1.4503109995019126,1.1352103739685566,1.0607962619563351,1.4662200218442913
2019-08-27,1.033116715029205,0.9556985221963896,0.9437955576150964,1.3005737747254889,1.4597066618011991,1.1425646954321038,1.0607962619563351,1.4757187487976364
2019-08-28,1.037199706207724,0.9594755481400083,0.9437955576150964,1.305713785696144,1.4678020308311774,1.1489012307732074,1.0607962619563351,1.4839029190618411
2019-08-29,1.0309864587621285,0.9537278999649149,0.9437955576150964,1.2978920298712049,1.4633349765841537,1.1454047073902618,1.0607962619563351,1.4793868639688987
2019-08-30,1.0437823899879095,0.965564948368744,0.9437955576150964,1.3140006188944415,1.4798504104033576,1.1583319290748455,1.0607962619563351,1.4960834619699326
2019-09-02,1.0367434187493874,0.9590534532853947,0.9437955576150964,1.3051393728602894,1.4735408647086545,1.1533932216320173,1.0607962619563351,1.4877099264786413
2019-09-03,1.0380326128102575,0.9602460396029661,0.9437955576150964,1.3051393728602894,1.4773247807538563,1.1563550282722581,1.0607962619563351,1.4877099264786413
2019-09-04,1.0387267942276737,0.9608882014662965,0.9437955576150964,1.3051393728602894,1.4785164068530057,1.1572877567078217,1.0607962619563351,1.4877099264786413
2019-09-05,1.0538775791311177,0.9749036389591722,0.9437955576150964,1.3051393728602894,1.4973735630103926,1.172047928354291,1.0607962619563351,1.4877099264786413
2019-09-06,1.0477327880660334,0.9692193172802411,0.9437955576150964,1.3051393728602894,1.4903011511510829,1.1665120982361825,1.0607962619563351,1.4877099264786413
2019-09-09,1.056635940212923,0.9774552980033209,0.9437955576150964,1.3051393728602894,1.5047019824959529,1.1777841448124564,1.0607962619563351,1.4877099264786413
2019-09-10,1.041532903237658,0.9634840303740577,0.9437955576150964,1.3051393728602894,1.4962469179039966,1.171166062869577,1.0607962619563351,1.4877099264786413
2019-09-11,1.0353844392550338,0.9577963110133216,0.9437955576150964,1.3051393728602894,1.5014862463183993,1.175267072908597,1.0607962619563351,1.4877099264786413
2019-09-12,1.043079201527188,0.9649144544187764,0.9437955576150964,1.3051393728602894,1.5094568950789802,1.1815059852269747,1.0607962619563351,1.4877099264786413
2019-09-13,1.0707987102947958,0.9905567590875803,0.9437955576150964,1.3051393728602894,1.5331433148268643,1.2000461944849934,1.0607962619563351,1.4877099264786413
2019-09-17,1.0872864371872895,1.0058089527616403,0.9437955576150964,1.3051393728602894,1.546715567193567,1.2106696826127754,1.0607962619563351,1.4877099264786413
2019-09-18,1.0819607067363952,1.0008823141277934,0.9437955576150964,1.3051393728602894,1.5399946033977203,1.205408943483904,1.0607962619563351,1.4877099264786413
2019-09-19,1.096736854049486,1.0145511880753781,0.9437955576150964,1.3051393728602894,1.5551271546446068,1.2172537334399727,1.0607962619563351,1.4877099264786413
2019-09-20,1.097956262676873,1.0156792184384476,0.9437955576150964,1.3051393728602894,1.556568898127632,1.2183822377118796,1.0607962619563351,1.4877099264786413
2019-09-24,1.0955394829274339,1.013443543803227,0.9437955576150964,1.3051393728602894,1.565267491938404,1.2251909386983013,1.0607962619563351,1.4877099264786413
2019-09-25,1.1038623141010613,1.0211426907993155,0.9437955576150964,1.3051393728602894,1.562489292089792,1.2230163421530187,1.0607962619563351,1.4877099264786413
2019-09-26,1.1012214863809178,1.018699757573281,0.9437955576150964,1.3051393728602894,1.5596903049303301,1.2208254746348677,1.0607962619563351,1.4877099264786413
2019-09-27,1.0983859940304856,1.0160767472109613,0.9437955576150964,1.3051393728602894,1.5529987224702835,1.215587733330058,1.0607962619563351,1.4877099264786413
2019-09-30,1.0964613852330622,1.0142963619391463,0.9437955576150964,1.3051393728602894,1.5452772224052453,1.209543838620964,1.0607962619563351,1.4877099264786413
2019-10-01,1.0941288915955987,1.0121386573062352,0.9419079664998662,1.3025290941145689,1.5499743026791744,1.2132204116154173,1.0586746694324225,1.484734506625684
2019-10-02,1.0810664028083046,1.0000550262424681,0.9306627993668379,1.2869785755077678,1.541263326385571,1.2064020184161042,1.052724835340255,1.4763901830667998
2019-10-03,1.0642562916920881,0.9845046067032093,0.9161913986939048,1.2669666199033056,1.5180464667821145,1.1882293507042363,1.036867087812788,1.4541505417197453
2019-10-04,1.068602849096414,0.9885254481314097,0.9199332403337986,1.272141071946261,1.5243267240106169,1.193145133015365,1.0411566745716412,1.4601664573394593
2019-10-07,1.06629267094845,0.9863883867424097,0.917944466233859,1.2693908710572939,1.5227628850087305,1.1919210602070034,1.0400885299349811,1.4586684417111393
2019-10-08,1.078870307531825,0.9980234987492026,0.9287722363335447,1.2843641870083555,1.5298438317212646,1.1974635708604755,1.044925009421901,1.4654513450828304
2019-10-09,1.071420696022613,0.9911321353565486,0.9223590536804269,1.2754956379689013,1.5237924520649202,1.1927269392241826,1.0407917522793686,1.4596546733748306
2019-10-10,1.0705023289069748,0.9902825874957105,0.9215684545937602,1.2744023482327602,1.5185775836734796,1.1886450749213695,1.0372298551170098,1.4546593034290838
2019-10-11,1.0807298583373688,0.9997437012499985,0.930373076720182,1.2865779289585135,1.5292631561406438,1.1970090552819153,1.044528392182958,1.4648951106535162
2019-10-15,1.0987777686094093,1.0164391635581798,0.9459100674664175,1.3080634489899055,1.5575037987479339,1.2191140179184423,1.063817520347956,1.491947079512516
2019-10-16,1.113728328920082,1.0302693805966425,0.9587806277527132,1.3258616626442097,1.5676936539381772,1.227089982608205,1.0707774690106198,1.5017080346408183
2019-10-17,1.1137226247765148,1.0302641039018625,0.958775717199387,1.3258548720247405,1.5594798561003465,1.2206607487967065,1.0651672213466945,1.4938399628545993
2019-10-18,1.1145269090206198,1.0310081178669208,0.9594681052193652,1.3268123493712687,1.5615215249263508,1.2222588361257583,1.0665617367691274,1.4957956960250338
2019-10-21,1.1144584592977194,1.030944797529471,0.9594091785793689,1.3267308619375242,1.571737860252156,1.230255527766226,1.0735397720856885,1.505582016716456
2019-10-23,1.1141561396882342,1.0306651327057266,0.9591489192527114,1.3263709591051427,1.5787590000647362,1.2357512254166347,1.0783354018308229,1.51230763051377
2019-10-24,1.1183886142210269,1.0345804402381473,0.9627925498259168,1.331409598758485,1.5778665504446525,1.2350526731286695,1.0777258344303222,1.511452744891426
2019-10-25,1.1246175390052129,1.0403425909463089,0.9681548740657941,1.3388249552295328,1.580043134175575,1.236756363186873,1.079212500407844,1.513537714278515
2019-10-28,1.133920997176402,1.048948880144979,0.9761639865522233,1.349900455599676,1.5774649931599902,1.2347383598569315,1.0774515598666323,1.5110680895097888
2019-10-29,1.1445364083698826,1.058768809144801,0.9853025263052771,1.362537798449963,1.5930862506563113,1.246965677701413,1.0881213042536524,1.5260318343935475
2019-10-30,1.1406005493029594,1.0551278897412995,0.9819142445053611,1.3578522710094747,1.5918186384840398,1.245973472244359,1.0872554906107241,1.5248175771442907
2019-10-31,1.1435324791006432,1.057840110862173,0.9844382689186361,1.36134264942167,1.5979839865457393,1.2507993110342266,1.0914665912785695,1.5307234202261664
2019-11-01,1.148894670676837,1.0628004783507172,0.9890544444006214,1.3677261848441036,1.6004337170229537,1.25271680283572,1.0931398239242207,1.5330700393702166
2019-11-05,1.1608299181166135,1.073841339634159,0.9993291978890136,1.381934754926824,1.6227831159498827,1.270210478000926,1.1084050721803251,1.5544787322316382
2019-11-06,1.1659896096500562,1.078614381732661,1.0037710461916793,1.3880772198508282,1.6254969556478756,1.272334697550738,1.1102586986180016,1.5570783440046179
2019-11-07,1.1719798856742702,1.0841557671933812,1.00892792373333,1.395208471811406,1.6325157799914176,1.2778285828005833,1.1150527468347105,1.5638017397930437
2019-11-08,1.1768778172469814,1.08868666471712,1.013144429487949,1.4010393190026678,1.6359786682234154,1.280539109471213,1.1174179938249056,1.56711887198146
2019-11-11,1.1726091163490802,1.0847378454980765,1.009469612550728,1.395957552899699,1.6279066912628373,1.2742208839408058,1.1119046136832897,1.559386651705716
2019-11-12,1.1726091163490802,1.0847378454980765,1.009469612550728,1.395957552899699,1.6372945648280932,1.2815691088832104,1.1183167870504167,1.5683793813284468
2019-11-13,1.1678722678291011,1.0803559600203216,1.0053917791333462,1.3903184704670173,1.62950870443588,1.2754748370404494,1.1129988323186992,1.5609212347203982
2019-11-14,1.1660399481040558,1.0786609479970501,1.0038143812970837,1.3881371463379093,1.6160119748781827,1.2649104633207382,1.1037801983850812,1.547992594505996
2019-11-15,1.1771043402899055,1.0888962129068034,1.0133394374622058,1.4013089881944445,1.6273835728803214,1.2738114204430806,1.1115473095784882,1.5588855518408802
2019-11-18,1.1921051995773853,1.1027729596907474,1.026253298868987,1.4191670813393633,1.636757739341855,1.2811489163443706,1.1179501206203968,1.5678651513040676
2019-11-19,1.2117673997038443,1.120961742555862,1.0431799910350428,1.442574367186342,1.6405574572786028,1.2841230916911974,1.1205454314740473,1.5715049357355786
2019-11-20,1.219725909278836,1.1283238689536432,1.0500312711974908,1.4520487447910673,1.6374698770917193,1.2817063320721822,1.1184365301019117,1.5685473145430753
2019-11-21,1.211827805848614,1.1210176220731018,1.0432319931615028,1.442646278970804,1.6325170687389312,1.2778295915494295,1.1150536270843672,1.563802974296029
2019-11-22,1.2102622799296852,1.1195694112510184,1.0418842713838148,1.440782565223129,1.63558843328328,1.280233658604138,1.1171514527309436,1.5667450623768049
2019-11-25,1.2171183773624408,1.125911736459002,1.047786512738208,1.4489445527612017,1.6454538950152973,1.2879557089133629,1.1238898318252863,1.5761952780558666
2019-11-26,1.219449047781912,1.1280677544995703,1.0497929281178293,1.4517191491122095,1.650640273728015,1.2920152733240504,1.1274322697610295,1.5811633574787902
2019-11-27,1.2253285792073567,1.1335066941786616,1.0548544684276153,1.4587185628012442,1.6593047005576869,1.2987972305903974,1.1333503093013424,1.5894630908820542
2019-11-28,1.229854006220604,1.1376930013460427,1.058750294402355,1.4641059539882646,1.6579549880102797,1.2977407622286334,1.1324284188658138,1.5881701889354238
2019-11-29,1.2222478658234985,1.1306568387988842,1.0522023599776438,1.4550510617929748,1.648227797971313,1.2901269421268822,1.1257844831042922,1.5788524249709532
2019-12-02,1.2361966514226672,1.1435603506573513,1.0642105176817105,1.4716566913582334,1.6652042481586298,1.3034150178378305,1.137379861014189,1.5951143212808165
2019-12-03,1.2287918648415233,1.136710453167716,1.057835923678586,1.462841505111224,1.6586866929993074,1.2983134939354979,1.1329281933046815,1.5888710958111067
2019-12-04,1.2154672760717422,1.1243843629874846,1.0463651212813578,1.4469789639855237,1.6484065786362816,1.2902668801578339,1.1259065951683824,1.579023680598829
2019-12-05,1.2294815016611031,1.137348410989651,1.0584296146224441,1.4636624979839792,1.6643021849056223,1.3027089406149857,1.1367637272405298,1.5942502266719032
2019-12-06,1.2294915693519106,1.137357724242536,1.0584382816435316,1.4636744832814044,1.668110394689036,1.3056897628344024,1.1393648382567678,1.5978981455207064
2019-12-09,1.224870499276086,1.1330829411728351,1.0544601189685419,1.4581732317689557,1.6756267789818549,1.311573106080694,1.144498733472174,1.6050981585179007
2019-12-10,1.237072540522016,1.1443706036574994,1.0649645485155403,1.4726994122331531,1.6800966111255107,1.3150718038228466,1.1475517505827955,1.6093798514537379
2019-12-11,1.2298640739113742,1.1377023145988931,1.0587589614234105,1.4641179392856452,1.6717283093307982,1.3085216342294836,1.1418359725076916,1.601363778919509
2019-12-12,1.227467963501711,1.1354857604146258,1.0566962104067694,1.4612654385014405,1.6686139294665467,1.3060838975429445,1.139708766225901,1.5983804860718782
2019-12-13,1.2455948407816257,1.1522542722162765,1.0723011818583668,1.4828449664929746,1.6985505864348123,1.3295163913763255,1.1601563183982226,1.6270570825399424
2019-12-16,1.2363879375478213,1.1437373024619897,1.0643751910822097,1.4718844120090884,1.6930260391330174,1.3251921302967147,1.1563829021045577,1.6217650683444282
2019-12-17,1.2547665070976601,1.1607386455855186,1.0801968380607663,1.4937635724359397,1.7063019871352867,1.3355836903839093,1.1654507362218138,1.6344822198953064
2019-12-18,1.2399619677807199,1.1470435072326384,1.0674519835650123,1.4761391925905667,1.696542486609368,1.3279445797065583,1.1587847315175788,1.6251335054209977
2019-12-19,1.2459723791865116,1.1526035191990938,1.0726261951488056,1.4832944151459504,1.6945123134037374,1.3263554904113821,1.1573980679169975,1.623188784010058
2019-12-20,1.2379937342299423,1.1452227662955774,1.0657575809442148,1.4737960669464192,1.6906931664370668,1.3233661072668261,1.1547894865066701,1.6195303883337624
2019-12-23,1.2447139178368913,1.1514393625897028,1.071542817514009,1.4817962529693638,1.6893606473649678,1.3223230968541095,1.1538793396831206,1.6182539561737823
2019-12-24,1.2439236041093493,1.1507082722390234,1.0708624563593734,1.4808554071224906,1.6856834986002245,1.3194448607890201,1.151367746912686,1.6147315818688837
2019-12-25,1.2442004656062733,1.1509643866930963,1.0711007994390351,1.4811850028013485,1.683081166652643,1.3174079223500104,1.1495902833059688,1.61223878438599
2019-12-26,1.2483181511422123,1.154773507119006,1.074645611060074,1.4860869894431177,1.6907752192957348,1.3234303329786945,1.1548455308442287,1.6196089875146784
2019-12-27,1.247744292766787,1.154242651705125,1.074151590858608,1.4854038274905959,1.694259192921688,1.3261573639425175,1.1572251797328532,1.622946317594077
2019-12-30,1.2407724168898766,1.147793224089087,1.0681496787618223,1.4771040090322896,1.6845432127127449,1.3185523181762968,1.1505889005905894,1.6136392916279207
2020-01-06,1.21651431591463,1.125352941286501,1.0472664914735115,1.4482254349164476,1.6589114942911225,1.2984894539596843,1.1330817387104917,1.5890864350167404
2020-01-07,1.230790301464685,1.1385591338633958,1.0595563273626123,1.465220586647601,1.6852592321895417,1.3191127722708342,1.151077961397336,1.6143251732085242
2020-01-08,1.2202645307364905,1.1288221279824784,1.0504949568251987,1.4526899582026662,1.6673926202301632,1.3051279350525253,1.1388745787494579,1.5972105828267822
2020-01-09,1.2436366749216181,1.1504428445320658,1.0706154462586244,1.4805138261462074,1.7018560905451778,1.332103727856964,1.1624140677462598,1.6302234550442924
2020-01-10,1.2577767466459409,1.163523308195171,1.0827882773631903,1.4973471763623212,1.7147161016849037,1.3421697192616917,1.171197805656439,1.642542176884866
2020-01-14,1.2605856323782976,1.1661217057473354,1.08520637624406,1.5006910743404676,1.7229428764418868,1.3486091105726845,1.1768169169096316,1.6504226793801764
2020-01-15,1.2570116021453988,1.1628155009766867,1.0821295837612572,1.496436293758989,1.7121591161357559,1.3401682750731851,1.1694513148750703,1.6400928171301912
2020-01-16,1.270215378625603,1.1750298321224042,1.0934963819055334,1.512155011315721,1.7158738251073593,1.3430759108577077,1.171988562289916,1.643651170699459
2020-01-17,1.2703915632145646,1.1751928140477326,1.0936480547744176,1.5123647540204606,1.7181726700197204,1.3448752991223996,1.173558735984708,1.6458532551861913
2020-01-20,1.2706583570206813,1.1754396152489208,1.0938777308329921,1.5126823644018934,1.7244266481893784,1.349770511872773,1.1778303734305389,1.6518439978560049
2020-01-21,1.2653426162798918,1.1705222177308598,1.0893015437036166,1.5063541273679995,1.7147364457238354,1.3421856432697505,1.171211701189193,1.642561664625117
2020-01-22,1.2713882646034536,1.1761148260823604,1.0945060898611676,1.5135512984643047,1.726632548660273,1.3514971491935692,1.1793370635400382,1.653957050015423
2020-01-23,1.2612752691979152,1.1667596635693052,1.0858000671879506,1.5015120672132674,1.7159745227615635,1.3431547305189568,1.1720573415307025,1.6437476298998952
2020-01-24,1.267315883676092,1.1723476152943806,1.091000279834974,1.5087032456608822,1.7200507370069011,1.3463453294314762,1.1748415068947728,1.6476522726646112
2020-01-27,1.251831775230342,1.1580238323724155,1.0776704014164171,1.4902698582401348,1.6918111923449983,1.3242412261961354,1.1555531286563818,1.6206013555375012
2020-01-28,1.2474774989606714,1.1539958505039376,1.073921914800034,1.4850862171091639,1.6818605680147058,1.316452516070451,1.148756581187621,1.6110695618296205
2020-01-29,1.251479406052456,1.157697868521793,1.0773670556786805,1.4898503728306995,1.6876476102504698,1.3209822413382657,1.1527092886714476,1.6166130223140214
2020-01-30,1.2358845530079736,1.1432716398182332,1.063941840028291,1.4712851471384536,1.6582150723252118,1.2979443395389614,1.1326060635375084,1.5884193260703714
2020-01-31,1.250603516953107,1.1568876155216445,1.0766130248448507,1.4888076519557798,1.6704977494380575,1.3075584309189463,1.140995466580972,1.6001850143864043
2020-02-03,1.2492393448501395,1.1556256697570844,1.075438643488749,1.487183644156385,1.662409778900633,1.3012276866430015,1.1354711623907112,1.592437473717679
2020-02-04,1.2620555152346502,1.1674814406670997,1.086471761321499,1.502440927762716,1.6750136593308258,1.3110931953659777,1.1440799560493775,1.6045108456179389
2020-02-05,1.2796739741293321,1.1837796331985693,1.1016390482086502,1.5234151982349253,1.695308520322344,1.3269787100891877,1.1579418989307748,1.6239514778717727
2020-02-06,1.3133050952366119,1.2148905544279547,1.1305912321209795,1.5634520842420572,1.7254542814938274,1.3505748772731914,1.1785322749698124,1.6528283771612848
2020-02-07,1.3262722809830843,1.226886024131104,1.1417543552699112,1.5788891473095874,1.732247641203072,1.3558922832769265,1.1831723246997263,1.659335798322269
2020-02-10,1.3078484068246308,1.2098427713696107,1.1258937066964774,1.5569560530443451,1.7129718009975585,1.3408043926274216,1.1700064007729036,1.6408712953638271
2020-02-12,1.2981934913503628,1.2009113618623817,1.1175820334823336,1.5454621528255954,1.7089515695323647,1.3376576134423985,1.1672604731726208,1.63702027901428
2020-02-13,1.2862230069927794,1.1898379041938605,1.1072769454201519,1.5312116342019095,1.7040932712304733,1.333854849322127,1.163942123094256,1.6323664708060852
2020-02-14,1.2735075135161933,1.1780752658125546,1.096330497798147,1.516074203569652,1.6916102188517936,1.3240839170435077,1.1554158582860827,1.6204088411972557
2020-02-17,1.2567397744938607,1.162564043149039,1.0818955741921235,1.4961126907288222,1.6709391423530615,1.3079039249655897,1.1412969499652927,1.6006078286812957
2020-02-18,1.2432490688259252,1.150084284296364,1.0702817659470982,1.480052392195807,1.6526192304385172,1.2935642736337558,1.12878395110032,1.5830590181424042
2020-02-19,1.2558437500129342,1.1617351636431557,1.081124209316151,1.4950459992590963,1.664177894630822,1.302611654164435,1.1366788335972213,1.5941311678852417
2020-02-20,1.252128772108881,1.158298573332258,1.0779260785382536,1.4906234245138434,1.6654676523277772,1.3036211937169806,1.1375597732367442,1.5953666385343648
2020-02-21,1.2577717128005566,1.1635186515687461,1.082783943852663,1.4973411837136317,1.6632199022885759,1.3018617992398887,1.136024498732125,1.5932134982921669
2020-02-25,1.2078208649114446,1.117310947428821,1.0397825187723284,1.4378761306005774,1.6046408179949576,1.2560098514779725,1.0960133884879077,1.537100059722939
2020-02-26,1.191053125889112,1.101799724765305,1.0253475951663047,1.4179146177597475,1.5820705438061378,1.2383432893328445,1.080597276411375,1.5154797884357185
2020-02-27,1.165002975951975,1.0777016829509178,1.0029216781260166,1.3869026607044093,1.5378373629828648,1.2037203941321242,1.050384809014284,1.4731084215087915
2020-02-28,1.122512286943392,1.0383950991914426,0.9663425156647393,1.3363187129741358,1.470182324945744,1.1507643722462297,1.0041745751377729,1.4083010441560468
2020-03-02,1.1310900299762383,1.0463300558338196,0.9737268782926598,1.3465302702668305,1.4907256484590217,1.1660771912377583,1.0175367749727966,1.4270408135604893
2020-03-03,1.1101832010623522,1.0463300558338196,0.9737268782926598,1.3465302702668305,1.469857846161854,1.1660771912377583,1.0175367749727966,1.4270408135604893
2020-03-04,1.1042535152779043,1.0463300558338196,0.9737268782926598,1.3465302702668305,1.4650369456334116,1.1660771912377583,1.0175367749727966,1.4270408135604893
2020-03-05,1.1067497057994775,1.0463300558338196,0.9737268782926598,1.3465302702668305,1.48088400271128,1.1660771912377583,1.0175367749727966,1.4270408135604893
2020-03-06,1.0617097463883642,1.0463300558338196,0.9737268782926598,1.3465302702668305,1.4346332626229892,1.1660771912377583,1.0175367749727966,1.4270408135604893
2020-03-09,0.9866563025242748,1.0463300558338196,0.9737268782926598,1.3465302702668305,1.3549510163319438,1.1660771912377583,1.0175367749727966,1.4270408135604893
2020-03-10,1.0022254275955957,1.0463300558338196,0.9737268782926598,1.3465302702668305,1.3729117980151857,1.1660771912377583,1.0175367749727966,1.4270408135604893
2020-03-11,0.9846830293846418,1.0463300558338196,0.9737268782926598,1.3465302702668305,1.347682411503221,1.1660771912377583,1.0175367749727966,1.4270408135604893
2020-03-12,0.9409848957085705,1.0463300558338196,0.9737268782926598,1.3465302702668305,1.290006232188895,1.1660771912377583,1.0175367749727966,1.4270408135604893
2020-03-13,0.8937052712840432,1.0463300558338196,0.9737268782926598,1.3465302702668305,1.2259639243518916,1.1660771912377583,1.0175367749727966,1.4270408135604893
2020-03-16,0.8781854780412004,1.0463300558338196,0.9737268782926598,1.3465302702668305,1.2036547346461086,1.1660771912377583,1.0175367749727966,1.4270408135604893
2020-03-17,0.881155254116309,1.0463300558338196,0.9737268782926598,1.3465302702668305,1.2261745201248182,1.1660771912377583,1.0175367749727966,1.4270408135604893
2020-03-18,0.8657439908961178,1.0463300558338196,0.9737268782926598,1.3465302702668305,1.2122685996330123,1.1660771912377583,1.0175367749727966,1.4270408135604893
2020-03-19,0.8768535186720015,1.0463300558338196,0.9737268782926598,1.3465302702668305,1.234350642567972,1.1660771912377583,1.0175367749727966,1.4270408135604893
2020-03-23,0.9004341326900548,1.0463300558338196,0.9737268782926598,1.3465302702668305,1.2604481646044692,1.1660771912377583,1.0175367749727966,1.4270408135604893
2020-03-24,0.9342363015711679,1.0463300558338196,0.9737268782926598,1.3465302702668305,1.2934968200632282,1.1660771912377583,1.0175367749727966,1.4270408135604893
2020-03-25,1.00058761088976,1.0463300558338196,0.9737268782926598,1.3465302702668305,1.3799319147603308,1.1660771912377583,1.0175367749727966,1.4270408135604893
2020-03-26,0.9988017986984166,1.0463300558338196,0.9737268782926598,1.3465302702668305,1.3573199165143475,1.1660771912377583,1.0175367749727966,1.4270408135604893
2020-03-27,1.039204566231425,1.0463300558338196,0.9737268782926598,1.3465302702668305,1.4247699412088606,1.1660771912377583,1.0175367749727966,1.4270408135604893
2020-03-30,1.030758957194013,1.0463300558338196,0.9737268782926598,1.3465302702668305,1.4284863196572575,1.1660771912377583,1.0175367749727966,1.4270408135604893
2020-03-31,1.0008342700321498,1.0463300558338196,0.9737268782926598,1.3465302702668305,1.3901528105463343,1.1660771912377583,1.0175367749727966,1.4270408135604893
2020-04-01,0.9672996967215467,1.0463300558338196,0.9737268782926598,1.3465302702668305,1.3357371434130578,1.1660771912377583,1.0175367749727966,1.4270408135604893
2020-04-02,0.9451717297768124,1.0463300558338196,0.9737268782926598,1.3465302702668305,1.3127656938040684,1.1660771912377583,1.0175367749727966,1.4270408135604893
2020-04-03,0.9573533631050442,1.0463300558338196,0.9737268782926598,1.3465302702668305,1.3185566491611407,1.1660771912377583,1.0175367749727966,1.4270408135604893
2020-04-06,0.9747106903966947,1.0463300558338196,0.9737268782926598,1.3465302702668305,1.3544013045510102,1.1660771912377583,1.0175367749727966,1.4270408135604893
2020-04-07,0.9805614748769245,1.0463300558338196,0.9737268782926598,1.3465302702668305,1.3655822899272956,1.1660771912377583,1.0175367749727966,1.4270408135604893
2020-04-08,0.9858571849321931,1.0463300558338196,0.9737268782926598,1.3465302702668305,1.3905321654397365,1.1660771912377583,1.0175367749727966,1.4270408135604893
2020-04-09,0.9805164688425118,1.0463300558338196,0.9737268782926598,1.3465302702668305,1.376126321066256,1.1660771912377583,1.0175367749727966,1.4270408135604893
2020-04-10,1.0021493694080856,1.0463300558338196,0.9737268782926598,1.3465302702668305,1.3939162975276949,1.1660771912377583,1.0175367749727966,1.4270408135604893
2020-04-13,0.9930731524579298,1.0463300558338196,0.9737268782926598,1.3465302702668305,1.3825596737302346,1.1660771912377583,1.0175367749727966,1.4270408135604893
2020-04-14,1.0062749225673828,1.0463300558338196,0.9737268782926598,1.3465302702668305,1.4021622650229875,1.1660771912377583,1.0175367749727966,1.4270408135604893
2020-04-15,1.0144510188282916,1.0463300558338196,0.9737268782926598,1.3465302702668305,1.4154571078287599,1.1660771912377583,1.0175367749727966,1.4270408135604893
2020-04-16,1.0241573202609702,1.0463300558338196,0.9737268782926598,1.3465302702668305,1.412721228110133,1.1660771912377583,1.0175367749727966,1.4270408135604893
2020-04-17,1.025342479168578,1.0463300558338196,0.9737268782926598,1.3465302702668305,1.4167699437189234,1.1660771912377583,1.0175367749727966,1.4270408135604893
2020-04-20,1.013580902161945,1.0463300558338196,0.9737268782926598,1.3465302702668305,1.4044999747404654,1.1660771912377583,1.0175367749727966,1.4270408135604893
2020-04-21,1.0101754455542442,1.0463300558338196,0.9737268782926598,1.3465302702668305,1.4028473985185879,1.1660771912377583,1.0175367749727966,1.4270408135604893
2020-04-22,1.013085835782909,1.0463300558338196,0.9737268782926598,1.3465302702668305,1.4041295280488268,1.1660771912377583,1.0175367749727966,1.4270408135604893
2020-04-23,1.0202567972741088,1.0463300558338196,0.9737268782926598,1.3465302702668305,1.4125291450443889,1.1660771912377583,1.0175367749727966,1.4270408135604893
2020-04-24,1.0032595182582564,1.0463300558338196,0.9737268782926598,1.3465302702668305,1.4097815326918217,1.1660771912377583,1.0175367749727966,1.4270408135604893
2020-04-27,0.9950684199858354,1.0463300558338196,0.9737268782926598,1.3465302702668305,1.412647094753562,1.1660771912377583,1.0175367749727966,1.4270408135604893
2020-04-28,0.9941382952735638,1.0463300558338196,0.9737268782926598,1.3465302702668305,1.4102496567654195,1.1660771912377583,1.0175367749727966,1.4270408135604893
2020-04-30,0.9690999381001648,1.0463300558338196,0.9737268782926598,1.3465302702668305,1.389986988896849,1.1660771912377583,1.0175367749727966,1.4270408135604893
2020-05-01,0.9629011669613051,1.044237395722152,0.9737268782926598,1.3438372097262967,1.3736562445539096,1.1637450368552829,1.0175367749727966,1.4241867319333683
2020-05-07,0.9693023172116788,1.0511792509160456,0.9737268782926598,1.352770737056674,1.3803288409972487,1.169397980249717,1.0175367749727966,1.4311047824717222
2020-05-08,0.9794913986147267,1.062229003678,0.9737268782926598,1.366990749652106,1.4011383971396076,1.1870275857466117,1.0175367749727966,1.4526798263539669
2020-05-11,0.9713879463338182,1.053441053059061,0.9737268782926598,1.3556814677901974,1.4060263208983408,1.1911685759232333,1.0175367749727966,1.4577475543182876
2020-05-12,0.9790421227761389,1.0617417775246365,0.9737268782926598,1.3663637345335862,1.4144813247313142,1.1983315534048453,1.0175367749727966,1.466513578805933
2020-05-13,0.9949027964165006,1.0789422017269221,0.9737268782926598,1.3884990939459187,1.4213427605039406,1.2041444792061535,1.0175367749727966,1.47362741520287
2020-05-14,1.0063242950280689,1.091328473937004,0.9737268782926598,1.4044390837929552,1.4050665710430423,1.1903554873975166,1.0175367749727966,1.45675249968558
2020-05-15,1.000347689836153,1.0848470251081892,0.9737268782926598,1.3960980569873842,1.410064509758209,1.1945896809210723,1.0175367749727966,1.4619342895499488
2020-05-18,1.0070497312444866,1.0921151877259023,0.9737268782926598,1.4054515118742108,1.4151774355331117,1.1989212900976352,1.0175367749727966,1.4672352963184516
2020-05-19,1.0129521440960731,1.0985161771899286,0.9737268782926598,1.4136889948987252,1.4313553277634092,1.212627005675627,1.0175367749727966,1.484008298702698
2020-05-20,1.0257049830366216,1.112346248001212,0.9737268782926598,1.4314870203721373,1.4445211425981532,1.2237809255379173,1.0175367749727966,1.497658423234999
2020-05-21,1.026698336037492,1.113423509496216,0.9737268782926598,1.432873356551556,1.4410954511021146,1.2208787209346055,1.0175367749727966,1.494106716324556
2020-05-22,1.0172965178011106,1.1032275199937893,0.9737268782926598,1.4197520585215575,1.431380518687321,1.2126483471231633,1.0175367749727966,1.484034416284693
2020-05-25,1.037757116540882,1.125416424811882,0.9737268782926598,1.4483071323580075,1.4541627453751083,1.231949175362789,1.0175367749727966,1.5076546961773394
2020-05-26,1.056923471121854,1.146201760711185,0.9737268782926598,1.4750559424586325,1.4779405518405506,1.2520934468070979,1.0175367749727966,1.5323071786428923
2020-05-27,1.0653401799507418,1.1553294286480362,0.9737268782926598,1.4868024091737837,1.4856926247176339,1.2586609096434611,1.0175367749727966,1.5403444145818648
2020-05-28,1.080986520163492,1.1722974146853837,0.9737268782926598,1.508638642107517,1.5106987939967063,1.27984583527872,1.0175367749727966,1.5662704456721979
2020-05-29,1.1192285497983834,1.2137697472603768,0.9737268782926598,1.5620097087986096,1.5212225225709661,1.2887614114616712,1.0175367749727966,1.577181293757627
2020-06-01,1.100647490346578,1.1936191463498564,0.9737268782926598,1.5360777440817406,1.5233236208316674,1.2905414366190062,1.0175367749727966,1.579359681747521
2020-06-02,1.0968760463806264,1.1895291286406189,0.9737268782926598,1.5308142685457855,1.534604679223847,1.3000986135083648,1.0175367749727966,1.5910557183272735
2020-06-03,1.0991760089303468,1.1920233689485393,0.9737268782926598,1.5340241257578657,1.5375330096803559,1.3025794598252984,1.0175367749727966,1.594091768575952
2020-06-04,1.0934261025560614,1.1857877681787552,0.9737268782926598,1.5259994827276868,1.5400974154411593,1.304751993520282,1.0175367749727966,1.596750507015288
2020-06-05,1.0909695117323364,1.1831236692118623,0.9737268782926598,1.5225710330889644,1.5339330325215221,1.2995296025061949,1.0175367749727966,1.5903593648357868
2020-06-08,1.0902646844993757,1.1823593052465515,0.9737268782926598,1.5215873671691587,1.5384444026082045,1.303351580944111,1.0175367749727966,1.5950366874525383
2020-06-09,1.0892507225150787,1.1812596939279933,0.9737268782926598,1.5201722688283328,1.5418565175902998,1.3062422836882188,1.0175367749727966,1.5985743184316115
2020-06-10,1.0936280705935923,1.186006796449534,0.9737268782926598,1.5262813519094076,1.5445605505060622,1.3085331078283104,1.0175367749727966,1.601377820265937
2020-06-11,1.074342183908765,1.1650918315736363,0.9737268782926598,1.4993657212726474,1.522555907308864,1.289891038962801,1.0175367749727966,1.5785637275796296
2020-06-12,1.0676154117203625,1.1577968491677046,0.9737268782926598,1.4899777517921924,1.511035649739961,1.2801312154099596,1.0175367749727966,1.5666196927869844
2020-06-15,1.0511158595939623,1.1399035804354358,0.9737268782926598,1.466950765376497,1.4810897414775201,1.2547614023634237,1.0175367749727966,1.5355722124641966
2020-06-16,1.0938671348012419,1.1862660544026573,0.9737268782926598,1.5266149929815929,1.5307268514969563,1.296813364532254,1.0175367749727966,1.587035243176189
2020-06-17,1.0858790928275157,1.1776032627956157,0.9737268782926598,1.515466779223555,1.5290643918927218,1.2954049487651573,1.0175367749727966,1.5853116293389475
2020-06-18,1.083690418788274,1.1752297115348618,0.9737268782926598,1.5124122376830387,1.529221973530652,1.2955384500321359,1.0175367749727966,1.5854750076796542
2020-06-19,1.0873959140072424,1.1792482098087058,0.9737268782926598,1.5175836743024655,1.534528009897318,1.3000336601777327,1.0175367749727966,1.590976228689293
2020-06-22,1.0987020023116896,1.1915093230069569,0.9737268782926598,1.5333625960457165,1.5417037240980545,1.3061128388806338,1.0175367749727966,1.5984159043704191
2020-06-23,1.0976715531406698,1.1903918318295752,0.9737268782926598,1.5319244879757905,1.543818849423623,1.3079047475984924,1.0175367749727966,1.6006088354163002
2020-06-24,1.0945966928143327,1.187057238156253,0.9737268782926598,1.5276331734951123,1.5405714283269076,1.3051535715317983,1.0175367749727966,1.5972419566522145
2020-06-25,1.0906480115909805,1.1827750119645217,0.9737268782926598,1.5221223433711506,1.5278228189733294,1.2943531031316045,1.0175367749727966,1.5840243846694482
2020-06-26,1.1005320800394263,1.1934939873379924,0.9737268782926598,1.5359166759779121,1.5414573858709337,1.3059041440995804,1.0175367749727966,1.5981605044943406
2020-06-29,1.0814440395954263,1.1727935807681429,0.9737268782926598,1.5092771620905658,1.5186796071108266,1.2866070840907493,1.0175367749727966,1.5745448361481504
2020-06-30,1.0770007427699906,1.1679749588112749,0.9737268782926598,1.503076040093048,1.518596553435033,1.2865367220162633,1.0175367749727966,1.574458727310097
2020-07-01,1.0519567061175317,1.1408154532361978,0.9737268782926598,1.4681242615615802,1.4932316779545816,1.2650479048046372,1.0175367749727966,1.5481607948691227
2020-07-02,1.0523977383627123,1.1412937394601,0.9737268782926598,1.4687397718154864,1.4939884266485264,1.2656890131898073,1.0175367749727966,1.548945380862596
2020-07-03,1.0565978491837948,1.145848633499114,0.9737268782926598,1.4746015003085122,1.5077223831469453,1.2773242558313256,1.0175367749727966,1.5631845463740155
2020-07-06,1.0597304146637077,1.149245806678368,0.9737268782926598,1.4789733488411043,1.5250218467290573,1.2919801531591752,1.0175367749727966,1.5811203775551341
2020-07-07,1.0435770934587936,1.1317280149817246,0.9737268782926598,1.4564295667369367,1.5225574438645388,1.2898923407142746,1.0175367749727966,1.5785653206581114
2020-07-08,1.0400900534640485,1.1279464248374498,0.9737268782926598,1.451563009028288,1.510938826517181,1.280049187940999,1.0175367749727966,1.5665193078837207
2020-07-09,1.0317269279920638,1.1188768664418332,0.9737268782926598,1.4398913239327868,1.5135101390732293,1.282227572989783,1.0175367749727966,1.569185207187492
2020-07-10,1.0221643596850043,1.108506548315736,0.9737268782926598,1.4265456810438815,1.499635907627332,1.2704734911011313,1.0175367749727966,1.55480060665926
2020-07-13,1.035164506426579,1.122604817009571,0.9737268782926598,1.4446888524540502,1.5273623386577186,1.2939629897506286,1.0175367749727966,1.5835469654035947
2020-07-14,1.0272341696064287,1.1140046049084613,0.9737268782926598,1.4336211727479262,1.5157807070400413,1.2841511708423725,1.0175367749727966,1.5715392988935557
2020-07-15,1.0372542573454222,1.1248710891173173,0.9737268782926598,1.4476053356198806,1.5342235040234038,1.2997756864664307,1.0175367749727966,1.5906605214465643
2020-07-16,1.0147864865115852,1.1005054664467706,0.9737268782926598,1.4162490266838392,1.509841379597849,1.2791194441199751,1.0175367749727966,1.5653814909461057
2020-07-17,1.0201119588989087,1.1062807813051774,0.9737268782926598,1.4236813242020152,1.5123762323462797,1.2812669408585813,1.0175367749727966,1.5680095892538395
2020-07-20,1.027679510679487,1.1144875639267848,0.9737268782926598,1.434242696457243,1.5200217104537797,1.287744097889144,1.0175367749727966,1.5759363092925376
2020-07-21,1.0445655714810325,1.1327999897088177,0.9737268782926598,1.4578090993336967,1.5411200247504453,1.3056183358188314,1.0175367749727966,1.5978107334118188
2020-07-22,1.0286275899657762,1.1155157274380794,0.9737268782926598,1.4355658480603373,1.528772880590917,1.295157983898942,1.0175367749727966,1.5850093946787946
2020-07-27,1.035772349632188,1.123264004710044,0.9737268782926598,1.4455371662222785,1.5307083395620296,1.2967976814437967,1.0175367749727966,1.5870160502724253
2020-07-28,1.0516462717362332,1.1404787964732888,0.9737268782926598,1.467691015360328,1.537517979662943,1.30256672657545,1.0175367749727966,1.5940761856734127
2020-07-29,1.0504376841775804,1.139168119564741,0.9737268782926598,1.4660042950734937,1.5243985833465352,1.291452131923194,1.0175367749727966,1.5804741871829744
2020-07-30,1.0462738224473118,1.1346525365760065,0.9737268782926598,1.4601931562761978,1.5234442993142756,1.2906436739769682,1.0175367749727966,1.5794847994357646
2020-07-31,1.018104764013552,1.1041040387362522,0.9737268782926598,1.4208800572946054,1.4858756473034203,1.2588159641752525,1.0175367749727966,1.5405341697257402
2020-08-03,1.037092853252873,1.1246960512265693,0.9737268782926598,1.4473800779996673,1.515162250475191,1.2836272218844667,1.0175367749727966,1.5688440466001197
2020-08-04,1.0518981065787134,1.1407519037963312,0.9737268782926598,1.4473800779996673,1.5394415749746018,1.304196373370808,1.0175367749727966,1.5688440466001197
2020-08-05,1.047035534181304,1.1354785900742124,0.9737268782926598,1.4473800779996673,1.5346852304966572,1.3001668555771626,1.0175367749727966,1.5688440466001197
2020-08-06,1.046178185890174,1.134548821602146,0.9737268782926598,1.4473800779996673,1.5296108369260253,1.2958678904202787,1.0175367749727966,1.5688440466001197
2020-08-07,1.0471976199278699,1.1356543671982673,0.9737268782926598,1.4473800779996673,1.5274400812943294,1.2940288523766434,1.0175367749727966,1.5688440466001197
2020-08-11,1.0501535520957774,1.13885998685567,0.9737268782926598,1.4473800779996673,1.5478091631909525,1.3112852933941646,1.0175367749727966,1.5688440466001197
2020-08-12,1.0571189737843705,1.1464137774769407,0.9737268782926598,1.4473800779996673,1.5611319384393836,1.3225721882297317,1.0175367749727966,1.5688440466001197
2020-08-13,1.0729521919766523,1.1635844270703828,0.9737268782926598,1.4473800779996673,1.5853546371463785,1.3430933670262948,1.0175367749727966,1.5688440466001197
2020-08-14,1.0757204459116905,1.1665865153209811,0.9737268782926598,1.4473800779996673,1.5896279034469991,1.346713626802512,1.0175367749727966,1.5688440466001197
2020-08-17,1.0659910357024653,1.1560352621629277,0.9737268782926598,1.4473800779996673,1.5773240582576777,1.336289957249029,1.0175367749727966,1.5688440466001197
2020-08-18,1.072269725675273,1.1628443128637822,0.9737268782926598,1.4473800779996673,1.583118114407904,1.3411986118813795,1.0175367749727966,1.5688440466001197
2020-08-19,1.0807237769837683,1.1720124775982212,0.9737268782926598,1.4473800779996673,1.5872921469135517,1.3447348019808885,1.0175367749727966,1.5688440466001197
2020-08-20,1.0704867824628816,1.1609107644989969,0.9737268782926598,1.4473800779996673,1.5720428402564728,1.3318157729239333,1.0175367749727966,1.5688440466001197
2020-08-21,1.0768166574082965,1.1677753237653503,0.9737268782926598,1.4473800779996673,1.5777784891803939,1.336674945657156,1.0175367749727966,1.5688440466001197
2020-08-24,1.0834749692612489,1.1749960629936291,0.9737268782926598,1.4473800779996673,1.5852178349190802,1.3429774698258998,1.0175367749727966,1.5688440466001197
2020-08-25,1.0888365951415744,1.18081058522936,0.9737268782926598,1.4473800779996673,1.5917903525709616,1.348545627672774,1.0175367749727966,1.5688440466001197
2020-08-26,1.0952986979328787,1.1878185416232394,0.9737268782926598,1.4473800779996673,1.5929304670147995,1.3495115189070066,1.0175367749727966,1.5688440466001197
2020-08-27,1.093733290854033,1.1861209046617873,0.9737268782926598,1.4473800779996673,1.5896012639698651,1.346691058158121,1.0175367749727966,1.5688440466001197
2020-08-28,1.0741251809321688,1.1648564983630005,0.9737268782926598,1.4473800779996673,1.5654713589922238,1.3262484930921872,1.0175367749727966,1.5688440466001197
2020-08-31,1.0764626280144556,1.1673913895206758,0.9737268782926598,1.4473800779996673,1.577923220111117,1.336797559959662,1.0175367749727966,1.5688440466001197
2020-09-01,1.0770299281274696,1.1680066094549044,0.9717794245360745,1.4444853178436678,1.573074281277953,1.3326895973427542,1.015501701422851,1.5657063585069195
2020-09-02,1.0844517491551176,1.1760553514518475,0.978475963581927,1.454439276620598,1.5820289824562082,1.3402759124008572,1.0212824292565448,1.5746191178979976
2020-09-03,1.0874844587819352,1.1793442339574982,0.9812123079851488,1.4585066701208302,1.5887034413877286,1.3459304336728612,1.0255911414907373,1.5812623151793015
2020-09-04,1.0684692414593882,1.1587228018756892,0.9640553131194072,1.433003941254437,1.5702893910899087,1.3303302718947954,1.013703909190219,1.562934512112214
2020-09-07,1.0528535594006516,1.1417880636855802,0.9499656410235159,1.412060583161151,1.5651840566935609,1.3260050940427734,1.010408148889814,1.5578530899430256
2020-09-08,1.0596824878289823,1.1491938314655454,0.956127226662848,1.4212193693691433,1.5688006013607658,1.3290689871555603,1.0127428175742672,1.5614526955361367
2020-09-09,1.0479440674450082,1.1364638671117422,0.9455359189305426,1.4054760966368738,1.556585398029379,1.3187204139172128,1.0048572651156942,1.5492947054437236
2020-09-10,1.0580658957775295,1.1474406859385944,0.9546686126982374,1.419051236968843,1.5703448507528281,1.3303772566537004,1.0137397113025066,1.5629897120146645
2020-09-11,1.0683284827847193,1.1585701533205677,0.9639283097926695,1.4328151592776244,1.57693872970063,1.335963511533371,1.0179964049438452,1.5695527067305983
2020-09-14,1.0741038538602719,1.1648333697940674,0.9691392947743408,1.440560940992566,1.5902971455702088,1.3472806006741986,1.026619960872082,1.582848554813238
2020-09-15,1.0752939044733125,1.1661239439418387,0.9702130501730605,1.4421570067964353,1.585260018410715,1.343013207172287,1.0233682319094843,1.5778350204136924
2020-09-16,1.0917072190217934,1.1839236906109203,0.9850224077870902,1.4641701294249316,1.591207761312242,1.3480520633705426,1.0272078109478116,1.5837549054378883
2020-09-17,1.088346072487438,1.1802786281433444,0.981989722288168,1.4596622446455008,1.5874345542312498,1.3448554477464076,1.0247720084836995,1.5799993712021667
2020-09-18,1.0895659810011549,1.1816015822876444,0.9830904177864885,1.4612983551111032,1.592219073249164,1.3489088346712022,1.027860665682541,1.5847614806193135
2020-09-23,1.0915024791313663,1.1837016563489255,0.984837675675472,1.463895537458659,1.5949027689144024,1.3511824293374322,1.029593131559446,1.5874326064633821
2020-09-24,1.0751787382849474,1.1659990496694668,0.9701091383602753,1.4420025488154071,1.5767678771157885,1.3358187672799002,1.0178861106667958,1.5693826543804723
2020-09-25,1.079921879079619,1.1711428434054343,0.974388765612559,1.448363929367088,1.5847979640349432,1.342621760266488,1.0230699516500392,1.5773751301957082
2020-09-28,1.0973119735219676,1.1900018785327333,0.9900794493423928,1.4716870845012826,1.6128928586005675,1.366423416788157,1.0412066751171023,1.6053384346540607
2020-09-29,1.113213438344414,1.2072465395468643,1.0044269766774072,1.4930137272141422,1.6263207501887964,1.3777993649216052,1.049875081254472,1.6187034330468586
2020-09-30,1.1073826168818823,1.200923188794087,0.9991659600821831,1.4851935768416837,1.5948572521270592,1.3511438680630419,1.0295637480932358,1.5873873028663361
2020-10-01,1.1073698206387306,1.2009093116527123,0.9991544143252069,1.4851764148437916,1.5937765809012556,1.3502283364076606,1.028866118310877,1.5863116932591907
2020-10-02,1.100566484696737,1.1935312981555328,0.9930159201998572,1.4760519526316283,1.5803341958029904,1.338840109546956,1.0201883558549427,1.5729322692406669
2020-10-05,1.1152181831047572,1.2094206250287989,1.0062358119369204,1.4957024402171077,1.6023495339579166,1.3574912390519263,1.034400407771248,1.5948444925502012
2020-10-06,1.1222945055673093,1.2170946842086259,1.0126206155444173,1.5051930250509529,1.6124128017441601,1.3660167183974445,1.0408967733150938,1.604860626274973
2020-10-07,1.1292130076976683,1.2245975919781775,1.018863021482552,1.5144719452441444,1.6155053693008603,1.368636704408878,1.0428931873770177,1.607938708947397
2020-10-08,1.1401495301774585,1.2364579221391563,1.02873079511101,1.529139732775165,1.6259771996688748,1.3775083130561527,1.049653301430304,1.6183614916395699
2020-10-09,1.1373087641979163,1.2333771967541258,1.0261676370624304,1.5253297692433134,1.6193545591865812,1.3718976917506391,1.0453780407145687,1.6117698701016419
2020-10-12,1.1426618592494626,1.2391824675622611,1.0309976120638893,1.5325092050278177,1.6146293131542306,1.3678945201857955,1.0423276473271723,1.6070667560488519
2020-10-13,1.1438135211330815,1.2404314102859446,1.0320367301917106,1.5340537848380558,1.6175097331737827,1.3703347773571966,1.0441871090611035,1.6099336848350243
2020-10-14,1.1483177987222435,1.245316164049573,1.0361008366470965,1.540094808095737,1.6154534406603684,1.3685927110896745,1.042859664724337,1.6078870235288671
2020-10-15,1.1380168229856318,1.2341450652435115,1.026806502281766,1.5262793997933242,1.6059476931214811,1.36053955618732,1.0367232076517607,1.5984257987531965
2020-10-16,1.1296352837216406,1.2250555376435053,1.0192440314627342,1.515038291174537,1.5897989565362247,1.346858540920885,1.0262983538013533,1.5823526991835763
2020-10-19,1.1413182537186015,1.2377253677179938,1.0297853075814563,1.5307071952492441,1.6079347909943829,1.3622230015882368,1.038005983230029,1.600403589510827
2020-10-20,1.134386955345091,1.2302085828070677,1.0235313558863453,1.5214111130581605,1.5992169223188646,1.3548373281759012,1.0323781431603423,1.5917265533528153
2020-10-21,1.134148092139615,1.2299495428347649,1.0233158350894778,1.521090755764206,1.6038128025077518,1.3587309025552292,1.0353450241315059,1.5963009074823806
2020-10-22,1.1198162998103869,1.2144071444958653,1.0103845872768176,1.501869318126027,1.5873291899869015,1.344766184426776,1.0247039903546904,1.5798945004600162
2020-10-23,1.118664637926768,1.2131582017721818,1.0093454691489963,1.500324738315789,1.592701617286544,1.3493176401716993,1.0281721730899172,1.585241764529983
2020-10-26,1.1063887753304897,1.1998453974807153,0.9982692396237538,1.483860661672144,1.5865879667155354,1.3441382289927482,1.0242254919759648,1.5791567489101603
2020-10-27,1.115674582443812,1.2099155764044711,1.0066476106023818,1.496314551475227,1.5899471749364058,1.3469841097655402,1.0263940365287092,1.582500223362424
2020-10-28,1.11732529781028,1.211705727641694,1.0081370132522116,1.4985284492031643,1.589081078101223,1.3462503629512435,1.025834925735155,1.581638183128172
2020-10-29,1.1125736261868628,1.2065526824781678,1.0038496888286306,1.4921556273195853,1.5898238769671527,1.3468796532100213,1.0263144412425558,1.5823775028928642
2020-10-30,1.0947058053335286,1.1871755674062265,0.9877279635050314,1.4681917575974364,1.5566442438333479,1.3187702673740593,1.004895253159084,1.5493532756273078
2020-11-02,1.10263395664101,1.1957734093844867,0.9948813527600674,1.4788247937482615,1.575161885619831,1.3344581906144783,1.0155094988445774,1.565718380616543
2020-11-04,1.1218282221496942,1.2165890138466149,0.9948813527600674,1.4788247937482615,1.5973039851767667,1.353216710853512,1.0155094988445774,1.565718380616543
2020-11-05,1.1466946584516644,1.2435559171756494,0.9948813527600674,1.4788247937482615,1.625345373317492,1.3769730373760178,1.0155094988445774,1.565718380616543
2020-11-06,1.1449174116453078,1.2416285463921224,0.9948813527600674,1.4788247937482615,1.639692984584196,1.3891281609511872,1.0155094988445774,1.565718380616543
2020-11-09,1.1675710505151229,1.266195737365312,0.9948813527600674,1.4788247937482615,1.674076777315649,1.418257696304833,1.0155094988445774,1.565718380616543
2020-11-10,1.163125430334714,1.2613745957997555,0.9948813527600674,1.4788247937482615,1.6651504841031801,1.4106954481334215,1.0155094988445774,1.565718380616543
2020-11-11,1.1860944679335281,1.2862838272218353,0.9948813527600674,1.4788247937482615,1.685948639795665,1.4283153953064007,1.0155094988445774,1.565718380616543
2020-11-12,1.1919468665719504,1.2926305777738154,0.9948813527600674,1.4788247937482615,1.6974333075513068,1.438045067597812,1.0155094988445774,1.565718380616543
2020-11-13,1.178695113624236,1.278259449706182,0.9948813527600674,1.4788247937482615,1.6770570047618039,1.420782509126755,1.0155094988445774,1.565718380616543
2020-11-16,1.202400081590785,1.3039667755090811,0.9948813527600674,1.4788247937482615,1.700403776786005,1.4405616133804389,1.0155094988445774,1.565718380616543
2020-11-17,1.2028055942423732,1.3044065418005306,0.9948813527600674,1.4788247937482615,1.6957230618941763,1.436596168061862,1.0155094988445774,1.565718380616543
2020-11-18,1.1901896450817342,1.290724923844201,0.9948813527600674,1.4788247937482615,1.6839782416242843,1.4266460976916124,1.0155094988445774,1.565718380616543
2020-11-19,1.1896289362301429,1.2901168519350228,0.9948813527600674,1.4788247937482615,1.6926767844224087,1.4340153984532291,1.0155094988445774,1.565718380616543
2020-11-20,1.1913160691139102,1.2919464968759902,0.9948813527600674,1.4788247937482615,1.6949393878349548,1.435932248831307,1.0155094988445774,1.565718380616543
2020-11-24,1.2222301508865443,1.3254718900825126,0.9948813527600674,1.4788247937482615,1.732755333191628,1.4679694625791402,1.0155094988445774,1.565718380616543
2020-11-25,1.2356771506665003,1.3400547574756538,0.9948813527600674,1.4788247937482615,1.7416142109552735,1.4754745971937306,1.0155094988445774,1.565718380616543
2020-11-26,1.254696194659125,1.3606803394662317,0.9948813527600674,1.4788247937482615,1.7627263946996021,1.4933605851525436,1.0155094988445774,1.565718380616543
2020-11-27,1.2688641058196688,1.3760450135997127,0.9948813527600674,1.4788247937482615,1.7753293130027652,1.504037625848385,1.0155094988445774,1.565718380616543
2020-11-30,1.258005378149246,1.3642690495729974,0.9948813527600674,1.4788247937482615,1.759005009766274,1.4902078726281704,1.0155094988445774,1.565718380616543
2020-12-01,1.2664260235811033,1.373400986637537,0.9928915900545473,1.475867144160765,1.773444807198107,1.5024410952128706,1.0134784798468883,1.5625869438553097
2020-12-02,1.2696801374518807,1.3769299753960897,0.9954428502428356,1.479659422316624,1.772361137765343,1.5015230235126393,1.01285919040246,1.5616321198313428
2020-12-03,1.2686338146842235,1.3757952697799039,0.9946225219669276,1.4784400590326907,1.7660871875968975,1.4962078084441295,1.009273787883282,1.5561041256249144
2020-12-04,1.2696751311228456,1.3769245461826118,0.9954389252271588,1.4796535880425346,1.762939430438794,1.4935410664666573,1.0074749249434412,1.5533306284076818
2020-12-07,1.2530841567107998,1.358932132727344,0.9824314232824741,1.460318803721607,1.7450607549225792,1.4783944677597167,0.9972577178387685,1.5375776797838105
2020-12-08,1.2566136186783794,1.3627597282270532,0.9851985593328829,1.464431966952244,1.748690848811908,1.4814698396104062,0.9993322239196603,1.54077616517981
2020-12-09,1.2729692956259449,1.380496968649034,0.9980215855408933,1.4834925403911583,1.7762650301643998,1.504830354165291,1.0150901653490854,1.5650718498236282
2020-12-10,1.2607338274717188,1.3672279709167634,0.9884288472328484,1.4692335745250078,1.7724254298552338,1.5015774909973656,1.0128959316922166,1.5616887677630116
2020-12-11,1.2580053781492457,1.3642690495729972,0.9862897136903197,1.4660538951481115,1.7706997617816087,1.500115525775788,1.0119097563971755,1.5601682770263787
2020-12-14,1.2612394667039246,1.3677763214776832,0.9888252738159339,1.469822836207661,1.7835904183268725,1.511036334847077,1.0192764378674395,1.5715262688474922
2020-12-15,1.2606837641813682,1.367173678781983,0.9883895970760813,1.4691752317841125,1.7767729942169859,1.5052606951967114,1.0153804538507305,1.5655194183035142
2020-12-16,1.267697631155212,1.3747800068600988,0.9938885440358086,1.4773490497785808,1.781483330046664,1.5092512350173124,1.0180722906515458,1.5696697077507835
2020-12-17,1.28636623211555,1.3950255439073949,1.0085249274853445,1.4991050578452034,1.7987848538972062,1.5239088777797785,1.0279596702981588,1.5849141265045714
2020-12-18,1.2887642637219185,1.3976261371618368,1.0104050099933741,1.501899675132434,1.7926723118084404,1.5187304056936415,1.024466508380191,1.5795283493871195
2020-12-21,1.2904363776185808,1.3994394944623703,1.0117159652285759,1.5038483226771207,1.791719318671726,1.517923041378584,1.0239218971063684,1.578688664595707
2020-12-22,1.266060561561753,1.3730046540538667,0.9926050639103112,1.4754412421524725,1.7617795907172846,1.4925584642145981,1.0068121061215356,1.5523086905393935
2020-12-23,1.2755175171031974,1.3832604383076361,1.000019418519093,1.48646218590088,1.7727779623804873,1.5018761523096271,1.0130973950399005,1.5619993851101148
2020-12-24,1.2819606625674216,1.390247836049663,1.0050709136919704,1.4939708966495802,1.7793232855785264,1.5074212713425226,1.0168378803247713,1.5677664868158216
2020-12-25,1.282961928373805,1.391333678744592,1.0058559168268209,1.4951377514667563,1.777225830269545,1.5056443324500375,1.015639238106268,1.565918413355722
2020-12-28,1.2998783141729617,1.4096789910757512,1.0191185447903606,1.5148517636033085,1.7918165506470105,1.5180054151377464,1.0239774627005747,1.5787743359481439
2020-12-29,1.324609579591069,1.4364993056409692,1.0385081222215078,1.54367307758807,1.8288709503736629,1.5493974565939022,1.0451531071605442,1.6114230662555398
2020-12-30,1.3132452126883987,1.4241749910532888,1.0295983366407844,1.5304292754128654,1.8136784318878343,1.5365265377921193,1.036470970294729,1.598036897746725
2021-01-04,1.311227662088485,1.4219870180229517,1.0280165553240208,1.5280780629561959,1.8086972018417946,1.5323064996519398,1.033624324357772,1.5936479226837914
2021-01-05,1.324018832765267,1.4358586584509223,1.038044970371918,1.5429846332458945,1.8111800316934927,1.5344099232185893,1.0350431982993824,1.5958355506800679
2021-01-06,1.3125293076368458,1.423398613526427,1.0290370593993752,1.5295949742185977,1.8203238974026048,1.542156496190422,1.0402686843597218,1.6038922351144702
2021-01-07,1.3370202692613962,1.449958325844835,1.0482382360781386,1.5581362430472079,1.865099852580069,1.580090146486716,1.0658570008400325,1.6433444484988253
2021-01-08,1.3689356168404139,1.4845695617462864,1.073260211001923,1.5953297403453361,1.9028632948190154,1.6120828802251461,1.0874378450133453,1.676617918052603
2021-01-12,1.377391306575475,1.493739503305127,1.0798895624758544,1.6051838292765677,1.9025515567909805,1.6118187795199201,1.0872596946804558,1.6763432448456708
2021-01-13,1.3840046672267652,1.500911494305271,1.0850745081816413,1.6128909053441653,1.9075279837485146,1.6160347485413282,1.090103595774823,1.6807279878945272
2021-01-14,1.384064743175144,1.5009766448669621,1.085121608369729,1.612960916633191,1.903393671320379,1.6125322088134109,1.0877409416578907,1.6770852342008105
2021-01-15,1.3734563319563067,1.489472141513968,1.0768045001558284,1.6005980898449703,1.8758524104969785,1.589199584134536,1.072001813471282,1.6528185559228707
2021-01-18,1.370452534537115,1.4862146134291363,1.0744494907512447,1.5970975253933934,1.8597045316139584,1.5755192955031125,1.062773712502653,1.6385906168231312
2021-01-19,1.383604160904212,1.5004771572272997,1.0847605069277013,1.612424163417295,1.8773464618464621,1.5904653264551945,1.0728556257153068,1.654134968546865
2021-01-20,1.383679255839696,1.500558595429425,1.0848193821628191,1.6125116775285893,1.8811498994784919,1.5936875530383092,1.0750291933244347,1.657486187576324
2021-01-21,1.392200027852171,1.5097991167634348,1.091499758840515,1.622441612022936,1.89134242577179,1.6023225386352296,1.080853962165057,1.6664668496449522
2021-01-22,1.391068597490918,1.5085721145181221,1.0906127052981032,1.6211230660794806,1.8783397552579268,1.5913068326779602,1.0734232675683868,1.655010162017715
2021-01-25,1.3925204329102052,1.5101465864258028,1.0917509598436606,1.6228150055644224,1.8809791126009985,1.5935428644513132,1.0749315929794578,1.65733570680361
2021-01-26,1.3859120785879497,1.5029800246391365,1.08656993915355,1.6151137637709139,1.850486559168953,1.567709940196591,1.0575058763326655,1.6304686367463224
2021-01-27,1.4020725087032737,1.5205055257356097,1.0992398897502669,1.6339468005204822,1.8582164396260135,1.574258601881822,1.061923305881768,1.637279455008464
2021-01-28,1.3726953699434805,1.4886469010658492,1.0762078977733616,1.5997112801839453,1.8341198526907443,1.553844263460365,1.0481527209740604,1.616047888069533
2021-01-29,1.345380838744833,1.4590251123476377,1.0547930122542448,1.5678794807707865,1.7960551225827783,1.5215962822656472,1.0263996984672292,1.582508952971769
2021-02-01,1.3645901232406643,1.4798570044502453,1.0698532973966361,1.5902655904387382,1.82415477593735,1.5454019703760349,1.0424579337449367,1.6072676323964108
2021-02-02,1.3782824331431704,1.4947059033036292,1.0805882152658821,1.606222330063871,1.8449887540740622,1.5630522658925992,1.0543640209293008,1.6256245060317553
2021-02-03,1.3792536609753852,1.495759170717735,1.0813496683067048,1.6073541792365584,1.8512100323777663,1.5683228579912667,1.057919322821049,1.631106090917849
2021-02-04,1.383974629252555,1.500878919024403,1.085050958087581,1.6128558996996283,1.8535265982192666,1.570285424689655,1.0592431811209972,1.6331472232518338
2021-02-05,1.4043003251224921,1.5229215257318436,1.1009865217253212,1.6365430524887175,1.8698870916210062,1.584145837782278,1.0685927858648498,1.6475624975703955
2021-02-08,1.4176121540186273,1.5373578043612137,1.1114231384033668,1.6520563872833869,1.9149220527838655,1.6222989148319642,1.094329117660486,1.6872429218184413
2021-02-09,1.4271692361406887,1.5477221728844532,1.1189159933256172,1.6631940165134873,1.922066911701467,1.628351953310372,1.0984122223193626,1.693538276043742
2021-02-10,1.424025261508599,1.5443126268223268,1.1164510834821513,1.6595300923875007,1.9201396572061507,1.6267192064986618,1.0973108455253042,1.6918401669739562
2021-02-12,1.4289765209212555,1.5496821189488483,1.1203329239840574,1.6653001894585424,1.9321949395860785,1.6369322966317654,1.1042001319642982,1.7024621083926608
2021-02-15,1.4496927104556758,1.5721482043073045,1.1365746388443843,1.689442415626323,1.971712759615575,1.6704113181183977,1.1267835583037022,1.7372813648911334
2021-02-16,1.4565814192037272,1.5796188020485602,1.1419754604122596,1.6974703767686508,1.9756843249907134,1.6737759805018637,1.129053206630321,1.7407807217229165
2021-02-17,1.4475850459332151,1.5698625054344537,1.1349222072455059,1.6869861862361395,1.992465022442899,1.687992385408386,1.1386429472727044,1.7555662389496967
2021-02-18,1.4274345715793793,1.5480099211986085,1.1191240191563518,1.6635032330400374,1.9627587955203567,1.6628256275081719,1.1216665961727168,1.7293920032746066
2021-02-19,1.4245759577021204,1.5449098403045494,1.1168828352063271,1.6601718625369595,1.940724157768158,1.644158147616685,1.109074362638053,1.7099772252536514
2021-02-22,1.426733685514932,1.547249831312181,1.118574516961973,1.6626864346680386,1.9490075649039154,1.651175750441779,1.1138081185676574,1.717275757346918
2021-02-24,1.3702422687177682,1.4859865864631947,1.0742846400929211,1.5968524858817783,1.9111261305528733,1.619083055206152,1.0921598449113883,1.6838983246288564
2021-02-25,1.3950786670455697,1.5129209145114062,1.0937566428532464,1.6257963196223713,1.9451654440279036,1.64792075187996,1.1116124444711173,1.713890454408139
2021-02-26,1.335563427513074,1.4483784247236762,1.0470960565169039,1.5564384692881759,1.889235964874247,1.6005379703165084,1.0796501734823567,1.6646108413367813
2021-03-01,1.3642118950822704,1.4794468273722008,1.0695567624624207,1.5898248110315112,1.9272411578427922,1.632735512363307,1.1013691720323613,1.6980973181024022
2021-03-02,1.3430806312619148,1.456530606417021,1.0529896249085617,1.5651988657284703,1.9087886006002366,1.6171027279651362,1.0908240061565655,1.6818387207607037
2021-03-03,1.3624040873409735,1.4774863141726005,1.0681394217971576,1.5877180286386519,1.9501052985607243,1.652105737183342,1.1144354453574532,1.7182429733961564
2021-03-04,1.3645734566305658,1.47983893001216,1.0698402305955017,1.5902461675101252,1.9365756259280542,1.6406435613740953,1.1067035824898128,1.706321942798171
2021-03-05,1.3899631120193234,1.5073732487264135,1.0897459928275475,1.6198347557830288,1.9537914948840454,1.6552286383408525,1.116542012548613,1.721490890796196
2021-03-08,1.4309534786570468,1.5518260702372142,1.1218828800598253,1.6676040958165292,1.9948710105874132,1.6900307096055873,1.1400179081383226,1.7576861615130768
2021-03-09,1.4289314122204806,1.5496331999176562,1.1202975582786754,1.665247620695622,2.022836754974534,1.7137229516504986,1.1559996178561596,1.782326853389781
2021-03-10,1.3993369299371154,1.517538872724294,1.097095166647397,1.6307588126348413,1.9967871347863206,1.6916540269641458,1.1411129242518347,1.759374463649047
2021-03-11,1.398787892030538,1.5169434576044576,1.0966647150379771,1.6301189750192775,2.0087513490419084,1.701789965278418,1.1479501675802428,1.7699161647008013
2021-03-12,1.424833714673553,1.5451893699985755,1.1170849194374215,1.6604722472718216,2.034159417449982,1.723315375018449,1.162470230703461,1.792303281459041
2021-03-15,1.4375151511994382,1.558942007035662,1.1270273017336705,1.6752509356127245,2.075737272781707,1.758539633618238,1.1862309146818169,1.828937640549981
2021-03-16,1.4310606080046366,1.5519422487971444,1.1219668706177335,1.667728942180501,2.064298988192034,1.7488492565867608,1.1796942267449009,1.818859337527874
2021-03-17,1.4179774364251099,1.5377539421601247,1.1117095237291879,1.6524820799744948,2.0550275312844755,1.7409945898873112,1.1743958255685576,1.8106902321486338
2021-03-18,1.425516664264708,1.5459300083184224,1.1176203592442973,1.6612681428424554,2.094381098840545,1.7743344586554233,1.1968853858082644,1.8453647653552219
2021-03-19,1.4193969002812141,1.5392933080797835,1.1128223986218932,1.6541362942977476,2.116463680310313,1.793042555887377,1.2095050179548292,1.8648217867134433
2021-03-22,1.434970829193192,1.55618276623625,1.1250325259825775,1.672285834467246,2.1190226236421896,1.7952104618783205,1.2109673888092694,1.8670764784998617
2021-03-23,1.4123933191797449,1.5316981347213312,1.1073315158964654,1.6459744632498545,2.073841720917086,1.756933744893675,1.185147655132701,1.8272674647525524
2021-03-24,1.366662478909376,1.4821044119316746,1.0714780464753442,1.592680671608515,1.9964252218927918,1.6913474187167852,1.140906100262905,1.759055581234468
2021-03-25,1.4029123719143635,1.5214163321635212,1.099898351518708,1.6349255600340709,2.0502695800890955,1.736963710901993,1.1716767778005597,1.806497988675803
2021-03-26,1.4207627994635235,1.5407745847194771,1.1138932782356445,1.6557280854390142,2.075635195397855,1.7584531548872568,1.1861725800601846,1.8288476998951475
2021-03-29,1.4203342820729845,1.5403098704795617,1.113557316003871,1.655228699982918,2.074504048837991,1.7574948611363883,1.1855261586484092,1.8278510436480198
2021-03-30,1.4320783368071899,1.5530459451169683,1.122764780918213,1.6689149826387555,2.093098702210364,1.7732480276654499,1.1961525288385737,1.8442348422682262
2021-03-31,1.4041443594120955,1.5227523856032046,1.1008642429350035,1.636361293220268,2.0533209776805053,1.73954881821436,1.1734205737054553,1.8091865832221319
2021-04-01,1.3882261167768473,1.5054895295549962,1.088384169921111,1.6178104968368285,2.029191402726341,1.7191065327403439,1.1596311369862295,1.7879259504518767
2021-04-02,1.396281078317054,1.5142248934220186,1.0946993461908379,1.6271975852757201,2.026293588420899,1.7166515393392974,1.1579751100124904,1.7853726785479405
2021-04-05,1.4215339969583927,1.541610925240458,1.1144979053458495,1.6566268233227457,2.0618327842405124,1.746759918282629,1.1782848540812378,1.8166863586565323
2021-04-06,1.4050906440974258,1.5237786029236582,1.1016061402810517,1.6374640741566167,2.0223298632206035,1.7132935190575924,1.1557099421458494,1.7818802297150964
2021-04-07,1.4434438433264685,1.5653714955846325,1.1316754599705838,1.682160112899989,2.048940268588238,1.735837534198257,1.1709171101787292,1.8053267287712793
2021-04-08,1.4404692987054495,1.5621456912808382,1.1293433850736228,1.678693639064756,2.0250147293978116,1.7155681053674747,1.1572442746950358,1.784245872455979
2021-04-09,1.4200423374139082,1.5399932652650812,1.1133284282588616,1.6548884736118377,2.009720326962817,1.7026108717102488,1.1485039137505786,1.7707699337281482
2021-04-12,1.414216090722506,1.5336748757141947,1.1087605883426235,1.6480986841527574,2.001622558204764,1.6957505394843748,1.1438762454195694,1.763634968103994
2021-04-13,1.4290712648919803,1.5497848659395508,1.1204072042736186,1.6654106021560822,2.0028198842691385,1.6967648997149185,1.1445604867304229,1.7646899352888399
2021-04-14,1.4259738777202133,1.546425842578933,1.1179788194988853,1.6618009701093326,1.9914432337844752,1.6871267383553685,1.1380590211126898,1.7546659382408425
2021-04-15,1.4477345581338574,1.5700246469255883,1.1350394264149342,1.6871604247155048,2.0261763568642834,1.7165522221755485,1.1579081151675952,1.785269385511116
2021-04-16,1.444505553943448,1.5665228888612484,1.1325078524854577,1.6833974088707204,2.0295018187053535,1.7193695134215499,1.1598085318018185,1.788199458797893
2021-04-19,1.4446371709620902,1.5666656235649703,1.1326110416402009,1.683550792668755,2.021757011523654,1.7128082059948648,1.1553825720102548,1.7813754885589093
2021-04-20,1.4276322521549747,1.5482242998456872,1.1192790028485453,1.6637336059644137,2.0023376102001866,1.6963563229284249,1.144284879399263,1.7642650023219688
2021-04-21,1.3720635468889546,1.4879617079394376,1.075712541719742,1.598974966439805,1.9490656001489355,1.6512249172028381,1.1138412842301357,1.7173268923559026
2021-04-22,1.405248584519752,1.523949884568076,1.1017299672667087,1.6376481347142058,1.9669185047418778,1.666349683093765,1.1240437639093839,1.7330571341506278
2021-04-23,1.3851462785408697,1.502149537488175,1.08596954370032,1.6142213159631151,1.9518939288097057,1.6536210432020586,1.1154576019300104,1.7198189402732178
2021-04-26,1.4037393760394783,1.522313193298902,1.1005467316257784,1.6358893338302614,1.963059447440202,1.663080336195973,1.1218384110775002,1.72965690848208
2021-04-27,1.409653367409938,1.528726739318896,1.1051833643118159,1.6427813791546544,1.9675271511672374,1.666865321019571,1.1243915898194063,1.7335934141373697
2021-04-28,1.4060119632278116,1.524777745849592,1.102328464364167,1.6385377607427292,1.9774786255063745,1.6752960903022633,1.1300786036156791,1.7423616846870547
2021-04-30,1.4265617670701012,1.547063390922173,1.1184397310567007,1.6624860844071643,1.9863500872841575,1.6828118859421681,1.1351484177762745,1.7501783532919133
2021-05-06,1.495502761429005,1.6218278287253005,1.1724902103064823,1.7428285178107077,2.062684708801697,1.747481658516974,1.1787717072416575,1.8174369916568112
2021-05-07,1.5428585647324362,1.673183775120049,1.2096176681798578,1.79801600833877,2.092655982782314,1.7728729610946432,1.1958995259759437,1.8438447610008226
2021-05-10,1.598497465741781,1.7335224922016697,1.2532391635245623,1.8628564525557205,2.1318982289570334,1.8061185197283565,1.2183254688851948,1.8784212086417573
2021-05-11,1.5792726065536995,1.7126737098130882,1.2381666676563452,1.8404521924580208,2.103806876104417,1.7823198637033195,1.2022719771326704,1.8536698428115
2021-05-12,1.5339700287409015,1.6635444247962,1.2026489605968154,1.7876574891790786,2.057248419808551,1.7428760999139639,1.1756650067216194,1.812647062943363
2021-05-13,1.5109896972879522,1.6386229455285108,1.1846321341802362,1.760876678044586,2.0403361165740685,1.7285482001727066,1.1660000567309439,1.79774558751122
2021-05-14,1.4991090677394974,1.6257387596069492,1.1753175931462025,1.7470312338764946,2.052233600472674,1.7386276053317202,1.1727991653621348,1.8082284922676763
2021-05-17,1.467652600286674,1.5916251654203146,1.1506553851647092,1.7103725061493862,2.0396104108306536,1.7279333910015877,1.1655853344059708,1.7971061662475085
2021-05-18,1.5155348716646757,1.6435520506299521,1.1881955996570581,1.766173531869588,2.080345636119662,1.762443783571208,1.1888644768041774,1.832998081763151
2021-05-19,1.4936513487002836,1.6198200272264733,1.171038682863237,1.7406709190518992,2.0625216544849923,1.7473435208624084,1.178678525857971,1.8172933240640066
2021-05-20,1.446304319864747,1.5684735964786236,1.1339181042668325,1.685493654110355,2.0362927936046566,1.7251227456190572,1.1636894007692034,1.7941830048719691
2021-05-21,1.4408290518896876,1.5625358328042895,1.1296254354298807,1.6791128881126574,2.02968185996793,1.7195220422122022,1.1599114207918595,1.7883580936339565
2021-05-24,1.4502352814878419,1.5727366062960677,1.1370000203548811,1.690074716877904,2.0499871366842504,1.7367244282489396,1.1715153685977346,1.8062491270394
2021-05-25,1.4692320045102727,1.5933379818648599,1.1518936550215404,1.7122131117256725,2.0595433511954915,1.7448203381628447,1.1769765014825213,1.8146691331018037
2021-05-26,1.4474362262249945,1.5697011149305498,1.134805530997563,1.6868127547733625,2.0378284148409023,1.726423705447439,1.164566969143372,1.7955360448339261
2021-05-27,1.4274041159893245,1.5479768930258984,1.1191001416469875,1.6634677407144827,2.0123942086481983,1.7048761520908673,1.1500319689428191,1.7731258980040208
2021-05-28,1.4776291702989277,1.6024444559615358,1.1584771230935822,1.7219989980394286,2.0674367442984964,1.7515075257936572,1.1814873743387821,1.8216240227918639
2021-05-31,1.4570091707133697,1.5800826857136445,1.1423108221851914,1.6979688696827169,2.033562582324476,1.7228097434837168,1.1621291546500865,1.791777408440064
2021-06-01,1.4426532462190007,1.564514116766437,1.131055623355961,1.6812387671020863,2.035065534225879,1.724083026244833,1.1629880533325458,1.7931016633640642
2021-06-02,1.4703954081705923,1.5945996581927215,1.152805775973464,1.7135689187019116,2.06317783034196,1.7478994251506013,1.1790535136260327,1.8178714823595508
2021-06-03,1.4906865399992446,1.6166047812354878,1.168714241031997,1.7372157912599002,2.072499102987907,1.755796295144024,1.1843803832264337,1.826084480518588
2021-06-04,1.5065253011748712,1.6337814420278889,1.1811319997287844,1.755673961565984,2.0829101039475453,1.764616369848674,1.1903300047671959,1.8352576411977173
2021-06-07,1.4991776731026136,1.6258131600627497,1.175371380486956,1.7471111851720704,2.055047897817737,1.741011844169156,1.1744074645229174,1.810708177155344
2021-06-08,1.49844777627423,1.625021608874145,1.174799133542393,1.7462605782455067,2.0541150230106857,1.7402215238608418,1.1738743503614275,1.8098862186777902
2021-06-09,1.4989891164219422,1.6256086760056874,1.1752235500262729,1.746891445049368,2.0483669411244674,1.7353518180716059,1.17058946815453,1.804821568415679
2021-06-10,1.4933080861078154,1.6194477692545164,1.1707695613078548,1.7402708878044275,2.0441125276020227,1.7317475301421443,1.1681581793250908,1.8010729933278324
2021-06-11,1.4858083961963173,1.6113145807917577,1.1648897239525806,1.7315309016341534,2.030034111399503,1.71982046538528,1.1601127235016733,1.788668463308669
2021-06-14,1.4931073644800157,1.6192300926776562,1.1706121933981044,1.740036970899629,2.0278762721671657,1.7179923699597177,1.1588795734109194,1.7867671854128453
2021-06-15,1.5110810738786242,1.6387220406966827,1.1847037744077076,1.7609831664658646,2.0381933440618285,1.726732869091065,1.1647755168864842,1.7958575849426097
2021-06-16,1.520782619222356,1.649243075245004,1.1923098900457025,1.7722891501978726,2.041344265080346,1.7294022914529994,1.166576187891865,1.7986338698456814
2021-06-17,1.5204298357553154,1.6488604921705243,1.1920333040225062,1.7718780235167138,2.0383166516794553,1.7268373338205698,1.1648459840452923,1.7959662316129767
2021-06-18,1.4779680877649064,1.6028120017743166,1.1587428380231768,1.722393965564816,1.9873028329396316,1.683619040594098,1.1356928876208792,1.7510178200269457
2021-06-21,1.4373493292661714,1.5587621781293417,1.1268972955588736,1.6750576901024976,1.93697706057985,1.6409836519793692,1.1069329921556832,1.7066756479392384
2021-06-22,1.490832519364921,1.6167630914732087,1.1688286904209095,1.737385912645213,2.0011314001296236,1.6953344362747687,1.1435955611054385,1.7632022074156048
2021-06-23,1.4798536545715295,1.6048568423448415,1.160221142629938,1.724591366791732,1.9850205920905157,1.6816855536161173,1.1343886451787022,1.7490069315351884
2021-06-24,1.4849811797908157,1.6104174894446723,1.1642411774154091,1.730566880450715,1.996184352260884,1.691143356863776,1.140768449411074,1.7588433503601473
2021-06-25,1.4994635493604027,1.6261231842782928,1.175595510540248,1.7474443395516481,2.023138651769268,1.7139787149813228,1.1561721441751949,1.7825928554598356
2021-06-28,1.5041044766940999,1.6311561305857203,1.179234047362677,1.7528527819262552,2.0378453846848466,1.726438082094977,1.1645766669764108,1.7955509970086314
2021-06-29,1.4841478809117958,1.6095138018377375,1.1635878621537399,1.7295957708762815,2.0014671911137025,1.6956189143548501,1.143787457089294,1.7634980737461818
2021-06-30,1.4777552011899784,1.6025811326776587,1.1585759326643597,1.7221458718779221,1.9881885937988735,1.6843694465328984,1.1361990773627246,1.7517982662795792
2021-07-01,1.4767759229452362,1.6015191348329536,1.157808168013742,1.7210046409181228,1.9862881149432445,1.6827593837208557,1.135113002163899,1.7501237492972488
2021-07-02,1.5009720028056834,1.6277590567346933,1.176778154225643,1.74920226053316,2.0126906941883673,1.7051273310719546,1.1502014028678715,1.7733871322032642
2021-07-05,1.4928214882222266,1.6189200684621137,1.1703880633448132,1.739703816520053,2.0053376996921024,1.698897962636454,1.1459993540337887,1.7669083891651562
2021-07-06,1.4973590135052874,1.6238408783512113,1.173945531850136,1.74499175624679,2.0196121519772814,1.7109911068030277,1.1541568394790147,1.7794856470989662
2021-07-07,1.4788743763268335,1.6037948445001864,1.1594533779793565,1.7234501358319867,1.992508849006473,1.688029514745543,1.1386679930360952,1.7556048546516099
2021-07-08,1.466539119927357,1.5904176294129893,1.1497824046164007,1.7090748787733019,1.966110623501139,1.6656652558303908,1.1235820803833803,1.73234530783732
2021-07-09,1.4593253062736478,1.5825944651657733,1.144126697314418,1.7006680469826048,1.9637972148909597,1.663705363900377,1.1222600263606146,1.7303069573482628
2021-07-12,1.486635612601819,1.6122116721388433,1.1655382704897523,1.732494922817593,2.003750255519912,1.6975530990404883,1.1450921701733474,1.7655096878762884
2021-07-13,1.494980766339511,1.6212617407283838,1.1720809605557987,1.74222019534445,2.0231846575081365,1.7140176904895603,1.1561984352816919,1.782633391238906
2021-07-14,1.4830773655635003,1.6083528600944508,1.1627485666350474,1.7283482140506556,2.017214780429384,1.708960082482769,1.1527868027786166,1.7773733166418182
2021-07-15,1.4668493260794482,1.5907540386681767,1.1500256095678623,1.7094363867171245,1.9923433472999539,1.6878893036917828,1.1385734130315441,1.7554590306571198
2021-07-16,1.471385842659484,1.595673754649139,1.153582287239191,1.7147231509218608,1.9839241081611385,1.6807566256285924,1.1337620325762623,1.7480408166241195
2021-07-19,1.448018023688323,1.5703320568057797,1.1352616664509554,1.6874907697104333,1.948720481172347,1.6509325365597767,1.1136440575364495,1.7170228071062779
2021-07-20,1.4272198399827294,1.5477770512313054,1.1189556672807077,1.6632529892023324,1.9163783028116423,1.6235326323278547,1.0951613274131868,1.6885260275971812
2021-07-21,1.4478086460000004,1.5701049929912594,1.1350975120968836,1.6872467652086605,1.9313370612655372,1.6362055124441537,1.1037098763822422,1.7017062295191518
2021-07-26,1.4624714289602228,1.5860063407284741,1.1465932912556474,1.704334474407623,1.9544209116489983,1.655761872648367,1.1169017081780146,1.7220454715844824
2021-07-27,1.4710686037378176,1.5953297185665702,1.1533335685209276,1.7143534471313364,1.9704495735559135,1.6693411620925478,1.1260616796851435,1.736168368288997
2021-07-28,1.469330134446994,1.5934444008339919,1.151970589944772,1.712327470359157,1.9635013641171963,1.6634547226857483,1.1220909551883747,1.7300462824433906
2021-07-29,1.4776291046382448,1.6024443847544971,1.1584770716149022,1.7219989215198035,1.9782115803235976,1.675917040801462,1.1304974686014628,1.7430074931290094
2021-07-30,1.470516608014095,1.5947310957828749,1.152900797951131,1.7137101625357973,1.9613917692338505,1.6616674992919753,1.1208853755127128,1.7281875127719801
2021-08-02,1.5041312441556525,1.631185159093838,1.1792550333397238,1.7528839761818231,2.0023970594140765,1.6964066875868937,1.1443188531088915,1.764317383182693
2021-08-03,1.500857338483872,1.6276347067215258,1.1766882561671017,1.7490686330633998,2.0099212201529464,1.702781066002947,1.1486187190854376,1.7709469412531256
2021-08-04,1.4915685828569765,1.6175613302233554,1.1694057720959539,1.7382437060762645,1.9912421703531145,1.68695639983635,1.137944118489309,1.7544887807158633
2021-08-05,1.4907247273253208,1.6166461942436965,1.168744180305355,1.7372602939934434,1.9987590604423793,1.6933246186455684,1.1422398294750264,1.7611119325975606
2021-08-06,1.4871906857377508,1.6128136322836526,1.1659734537837387,1.7331417937667635,1.9988241962293913,1.693379800900341,1.1422770529161714,1.7611693239130104
2021-08-10,1.4928185042084106,1.6189168323887522,1.1703857238459654,1.7397003390110097,1.996669397249332,1.6915542811399153,1.1410456402520601,1.7592707247915675
2021-08-11,1.5174235549741844,1.645600270954255,1.1896763476355179,1.7683745650056144,2.0175522980807807,1.7092460233746196,1.15297968550881,1.7776707043435682
2021-08-12,1.5176202431056403,1.6458135733254724,1.189830553240859,1.7686037813557658,2.0146047613340654,1.706748905719793,1.1512952434279349,1.7750736218641718
2021-08-13,1.5159959798266167,1.6440521085826192,1.1885571134032786,1.7667108979481752,2.015232271948266,1.7072805251593328,1.1516538497407935,1.7756265231379529
2021-08-16,1.4890052923697745,1.6147815186760477,1.1673961248522777,1.7352564994486686,1.979445409736033,1.6769623262291233,1.131202570644803,1.744094623511072
2021-08-17,1.4776417941951114,1.6024581461978,1.1584870203636328,1.7220137096714243,1.970100460191187,1.669045397451932,1.1258621703005038,1.7358607635733423
2021-08-18,1.4769502133458101,1.601708147537725,1.1579448135577648,1.7212077554080019,1.9780170868922962,1.6757522683074157,1.1303863205655644,1.7428361244485837
2021-08-19,1.4281652119693637,1.548802278757436,1.1196968490611863,1.6643547064981743,1.9260339264172777,1.631712760430028,1.1006792700602293,1.6970336232774685
2021-08-20,1.3665891372706414,1.4820248751272143,1.071420545843688,1.5925952007536104,1.8816733171862707,1.594130986220407,1.0753283131959142,1.6579473723129663
2021-08-23,1.4069799967793595,1.5258275491622517,1.103087413054675,1.6396658873656602,1.923134942338199,1.629256776010836,1.099022574590689,1.694479320682865
2021-08-24,1.4152916565274771,1.5348412945260599,1.1096038434735358,1.649352126677928,1.9442534115645276,1.6471480889543464,1.1110912411775042,1.7130868601751188
2021-08-25,1.4347066785344686,1.5558963027803845,1.1248254290320476,1.6719779986591838,1.9537253506772436,1.6551726017649722,1.116504212821276,1.721432610959383
2021-08-26,1.4375998975002493,1.5590339118536136,1.1270937437427535,1.6753496972289779,1.9533171661470237,1.6548267927439395,1.1162709457720252,1.721072958482454
2021-08-27,1.432980898800512,1.5540247464911092,1.1234723992046227,1.6699668100386256,1.9430545604837701,1.6461324367482786,1.11040612835868,1.7120305492942756
2021-08-30,1.4507906918638023,1.573338932167559,1.1374354680486676,1.6907219808397485,1.9729879817615688,1.6714916709717207,1.127512315238648,1.7384049665209989
2021-08-31,1.4593244188571088,1.5825935027891902,1.1441260015703305,1.7006670128054096,1.9856599215391253,1.6822271858299156,1.1347540056540153,1.7495702464154517
2021-09-01,1.4643113639477336,1.5880016949616822,1.1480358200266378,1.7064786972401425,1.9984280201605433,1.6930441653032478,1.1420506483963482,1.7608202521233858
2021-09-02,1.4729817575841928,1.5974044764531559,1.1548335016628377,1.7165829977335942,1.9969532840408968,1.6917947866128265,1.1412078743135867,1.7595208581998545
2021-09-03,1.5047568632625588,1.6318636242253866,1.1797455254318467,1.7536130599715196,2.0392315744947256,1.7276124454175208,1.165368839101303,1.7967723725427511
2021-09-06,1.526435298001977,1.655373235608517,1.1967416508568833,1.778876667140827,2.0632086890491084,1.7479255682758785,1.1790711485901917,1.8178986720486239
2021-09-07,1.5451435470185129,1.6756617697819662,1.2114091188078646,1.8006788802461822,2.0775486002857555,1.7600741684782626,1.1872660421568078,1.8305336060389468
2021-09-08,1.5567988302675213,1.6883015744098462,1.2205469859253772,1.8142617104177048,2.084370369227179,1.7658534890176114,1.1911645091339356,1.8365442848255662
2021-09-09,1.548050015885901,1.67881374797554,1.21368782158359,1.8040660199819676,2.081780503524985,1.7636593859667213,1.18968446693346,1.8342623472562878
2021-09-10,1.5738406384495016,1.7067829035482318,1.2339079463827154,1.8341218872496317,2.102695369454544,1.781378208647808,1.2016367794285865,1.8526904913413844
2021-09-13,1.5849322725926736,1.7188114476495124,1.2426039065538244,1.8470478522109879,2.121892889135165,1.797642116257029,1.212607672339252,1.869605477071748
2021-09-14,1.603405259373766,1.7388448469945077,1.2570869263880744,1.8685758954895337,2.139673913256783,1.8127059858778136,1.2227690741622776,1.8852723847917088
2021-09-15,1.5915147138892736,1.7259499075381293,1.2477646111537986,1.854718895491154,2.1126879013795805,1.789843761423099,1.2073472565881254,1.8614949378393775
2021-09-16,1.5795065372870802,1.7129274006675461,1.238350071861173,1.8407248105793934,2.111086797078421,1.788487325130286,1.2064322663123472,1.860084200574486
2021-09-17,1.5856968748579554,1.7196406358420877,1.2432033629332726,1.847938904148226,2.0988156445555157,1.7780913524102968,1.1994196155918933,1.849272055397753
2021-09-21,1.5556470255730157,1.687052476812045,1.2196439586870975,1.812919420640443,2.0566256604841824,1.7423485057099841,1.1753091156497302,1.8120983480437105
2021-09-22,1.5363653248574776,1.6661420514941196,1.2045268984514979,1.7904489185821115,2.0269012212310202,1.7171663185424755,1.1583223566672554,1.7859080654355963
2021-09-24,1.5772911512363954,1.7105248810326525,1.2366131854284155,1.8381430447099647,2.0719562076857216,1.755336360778383,1.184070132406482,1.8256061340216292
2021-09-27,1.5691255911469022,1.7016695763606542,1.230211298709429,1.8286270669699656,2.0662477902759218,1.750500258256161,1.18080791743631,1.8205764322353513
2021-09-28,1.5562645889411406,1.6877222057368308,1.2201281349935849,1.8136391164359191,2.0628369581687727,1.747610642348267,1.1788587138721869,1.8175711389797162
2021-09-29,1.5154171833073842,1.6434244211411306,1.1881033307222548,1.7660363802503516,2.036908912298767,1.725644713961013,1.1640414968902555,1.7947258686946135
2021-09-30,1.5177649043655184,1.645970454117043,1.1899439692206835,1.7687723666473751,2.0279282423914324,1.7180363985081972,1.1589092730687134,1.7868129765158902
2021-10-01,1.4767345235281308,1.6014742384084961,1.157775710426554,1.7209563948789888,1.9838025223552582,1.6806536195972772,1.1336925493889582,1.7479336870466702
2021-10-04,1.4840102830170325,1.6093645810534922,1.1634799839279484,1.7294354170867934,1.9775414830010158,1.6753493424151635,1.1301145250708378,1.742417068593029
2021-10-05,1.4800426539390026,1.6050618064824445,1.1603693201618233,1.7248116228126338,1.9842781764826378,1.6810565880489494,1.133964373592335,1.748352787165387
2021-10-06,1.4925305803133597,1.6186045875720976,1.1701599884230913,1.7393647983565916,2.0077322895225738,1.7009266303191914,1.1473678010536195,1.7690182686436704
2021-10-07,1.4952643086593393,1.621569233858306,1.1723032607766881,1.7425506298001714,1.973788247074635,1.6721696461128392,1.1279696464562137,1.7391100824201482
2021-10-08,1.5028166321054959,1.6297595018086022,1.178224363387843,1.7513519540218097,1.9979358965168703,1.692627244075602,1.1417694122844255,1.760386640669991
2021-10-11,1.5284307093707648,1.6575371993076284,1.1983060747789105,1.7812020789875849,2.0401412005161887,1.728383069634511,1.165888667174734,1.7975738464533917
2021-10-12,1.5192828246331846,1.6476165930579936,1.1911340349963988,1.7705413200712552,2.0407771685576073,1.728921854104595,1.1662521066915614,1.7981341995888243
2021-10-13,1.5080713472919374,1.6354580826077798,1.1823441164721933,1.7574756922830166,2.0280779217509415,1.7181632050600102,1.1589948110054586,1.7869448593982806
2021-10-14,1.4919668153236958,1.617993201372968,1.1697179906225237,1.7387077980977688,2.020250175599049,1.7115316327360433,1.1545214537075899,1.7800478114117206
2021-10-15,1.522335665237405,1.6509273070040218,1.1935274947842325,1.7740990384537219,2.063025452512028,1.7477703324871268,1.1789664335822598,1.8177372218476837
2021-10-18,1.5219208193016702,1.650477419046232,1.1932022511197073,1.7736155854331432,2.0814719888432323,1.7633980160416691,1.1895081586607674,1.8339905141483515
2021-10-19,1.515878960544745,1.643925204685995,1.1884653690307834,1.7665745260558325,2.0700074853201165,1.7536854266453543,1.1829564872720402,1.823889109554144
2021-10-20,1.5255906102719892,1.6544571971347597,1.1960794066138627,1.7778922852309855,2.0728672890338453,1.756108217930603,1.1845907921619847,1.8264088902244668
2021-10-21,1.5098477388631215,1.6373845259144482,1.183736826523022,1.7595458629098497,2.050451116628481,1.7371175064731617,1.1717805213031651,1.806657941004247
2021-10-22,1.5053482560212592,1.6325049719102607,1.1802091836997586,1.7543022570707643,2.0497370137149393,1.736512527079858,1.1713724296995625,1.8060287430248454
2021-10-25,1.4952430345088097,1.621546162681006,1.172286581614421,1.7425258373376018,2.053092535711018,1.7393552849273743,1.173290024945761,1.8089853023942772
2021-10-26,1.5155598482864305,1.643579137026095,1.1882151815964888,1.7662026391168597,2.0753262588538615,1.7581914275655939,1.1859960307039816,1.8285754950832678
2021-10-27,1.5179957385246996,1.6462207868297838,1.190124945678116,1.7690413760841224,2.0705320598956525,1.7541298399118905,1.1832562682639394,1.824351313610049
2021-10-28,1.4952855828099427,1.6215923050356857,1.1723199399390127,1.7425754222628267,2.0293207249115888,1.7192160929391465,1.1597050413170473,1.7880398965737971
2021-10-29,1.4962003712836787,1.6225843656606254,1.1730371439172467,1.743641498154434,2.0344609482364726,1.723570828271496,1.1626425478581206,1.7925689610382585
2021-11-01,1.512578084619165,1.6403455038834638,1.1858774468898168,1.7627277523518785,2.068643138306356,1.7525295682767796,1.1821767977480824,1.8226869797658714
2021-11-02,1.4970036105927307,1.6234554545667415,1.1736668921535502,1.7445775769170735,2.043002882072429,1.7308074518053325,1.1675240452037836,1.8000952816957527
2021-11-04,1.495314315790928,1.621623465090596,1.1723424669043836,1.7426089070947874,2.0519199989139794,1.73836192586575,1.1726199500689989,1.8079521770989162
2021-11-05,1.485851518079915,1.6113613451793933,1.1649235319719788,1.7315811550007232,2.0315607464694136,1.7211138122417031,1.1609851565109537,1.7900135855355315
2021-11-08,1.5134158649680405,1.6412540515098601,1.186534275671935,1.7637040845401832,2.048588848384746,1.7355398152316064,1.1707162824945665,1.8050170914938444
2021-11-09,1.509007217558474,1.636473005803839,1.1830778488021707,1.7585663364674058,2.0336878718810403,1.7229158872880355,1.1622007544364537,1.7918878014021091
2021-11-10,1.5103531597582591,1.6379326396953748,1.1841330819275033,1.7601348701469217,2.0192396330713986,1.7106755132696576,1.153943954424507,1.77915741969865
2021-11-11,1.4813879342539602,1.6065207225797635,1.1614240343623496,1.7263793851450262,2.017267871547957,1.7090050606394125,1.15281714299892,1.7774200953678216
2021-11-12,1.487636951610261,1.6132975942192058,1.166323331015802,1.7336618629429597,2.038853858110905,1.7272924486433987,1.1651529838207022,1.7964395656307781
2021-11-15,1.48828245450205,1.613997622718268,1.1668294122086071,1.7344141188913635,2.0289038202075202,1.7188628962917867,1.159466790910829,1.7876725607284611
2021-11-16,1.4907271250282363,1.6166487944804953,1.1687460601301658,1.7372630882276807,2.037331735980035,1.726002925094614,1.1642831298409932,1.7950984197665276
2021-11-17,1.498898916955762,1.6255108573936725,1.1751528326770317,1.7467863284250431,2.029609760433638,1.719460960354552,1.1598702177467386,1.7882945665422292
2021-11-18,1.4311348474260306,1.552022759219932,1.1220250751206244,1.6678154592930639,1.9937619606243753,1.689091135825593,1.139384114368113,1.7567089746362752
2021-11-19,1.4524501769578555,1.5751385939109568,1.1387365221671284,1.6926559110345907,2.011736633953527,1.7043190627242097,1.1496561817746844,1.772546507188851
2021-11-22,1.4277013214061283,1.5482992033741314,1.1193331538824975,1.6638140978656781,2.007098698036283,1.700389859238007,1.1470057196774388,1.7684600094972918
2021-11-24,1.4549497839004304,1.577849342566793,1.1406962408285521,1.6955689021538276,2.01909899453221,1.7105563659920036,1.1538635830860098,1.7790335027071278
2021-11-25,1.4719938070633867,1.5963330737855224,1.1540589378547401,1.7154316602795583,2.0390309470074874,1.7274424762251155,1.1652541856088705,1.7965955991293
2021-11-26,1.446105020873012,1.568257462707848,1.13376185171902,1.6852613951167073,1.9989094919645225,1.6934520624205136,1.1423257972535361,1.761244478212453
2021-11-29,1.4159586624179115,1.5355646423813298,1.1101267832479857,1.6501294417838432,1.955335390088208,1.6565366077752686,1.1174243092844394,1.7228512209733264
2021-11-30,1.4176067549074682,1.5373519491873182,1.1114189054422896,1.6520500952689927,1.9438369903322055,1.6467953018984323,1.1108532670630598,1.7127199503180275
2021-12-01,1.4194136685766428,1.5393114927925544,1.1128355451454164,1.6541558357283752,1.9513650244428304,1.653172961788416,1.1136742088833653,1.7170692946262074
2021-12-02,1.40529601193678,1.5240013181774041,1.1128355451454164,1.6541558357283752,1.9334789262815382,1.638020074705906,1.1136742088833653,1.7170692946262074
2021-12-03,1.4204836668573395,1.54047187379156,1.1128355451454164,1.6541558357283752,1.9597411231759374,1.6602690918191347,1.1136742088833653,1.7170692946262074
2021-12-06,1.412632498038395,1.5319575170100204,1.1128355451454164,1.6541558357283752,1.962055513375818,1.662229815340129,1.1136742088833653,1.7170692946262074
2021-12-07,1.4369535138104224,1.558332928155534,1.1128355451454164,1.6541558357283752,2.0091578244599027,1.7021343263601465,1.1136742088833653,1.7170692946262074
2021-12-08,1.467676460223694,1.591651040805402,1.1128355451454164,1.6541558357283752,2.024957128466145,1.7155193065514631,1.1136742088833653,1.7170692946262074
2021-12-09,1.4520734473207808,1.5747300419342771,1.1128355451454164,1.6541558357283752,2.0092482277120003,1.7022109149072169,1.1136742088833653,1.7170692946262074
2021-12-10,1.44351346107543,1.5654469939424769,1.1128355451454164,1.6541558357283752,1.999745166580842,1.694160035897156,1.1136742088833653,1.7170692946262074
2021-12-13,1.45056100249368,1.57308984094417,1.1128355451454164,1.6541558357283752,2.0008429525715763,1.6950900669753906,1.1136742088833653,1.7170692946262074
2021-12-14,1.4409490770103823,1.5626659964428398,1.1128355451454164,1.6541558357283752,1.9933082648928084,1.6887067702625596,1.1136742088833653,1.7170692946262074
2021-12-15,1.444818226911354,1.5668619733040992,1.1128355451454164,1.6541558357283752,2.005747828681563,1.699245418979953,1.1136742088833653,1.7170692946262074
2021-12-16,1.4759791051104174,1.6006550098227814,1.1128355451454164,1.6541558357283752,2.036391486947793,1.7252063574314764,1.1136742088833653,1.7170692946262074
2021-12-17,1.4458430775852509,1.5679733930794966,1.1128355451454164,1.6541558357283752,2.0248122367234025,1.7153965560109503,1.1136742088833653,1.7170692946262074
2021-12-20,1.4126821604058448,1.5320113743559567,1.1128355451454164,1.6541558357283752,1.9703965964138428,1.6692962804954283,1.1136742088833653,1.7170692946262074
2021-12-21,1.4396939735419088,1.5613048744271538,1.1128355451454164,1.6541558357283752,1.996191134965115,1.691149103089165,1.1136742088833653,1.7170692946262074
2021-12-22,1.4484029468896482,1.5707494944568048,1.1128355451454164,1.6541558357283752,2.004972232638135,1.6985883433471505,1.1136742088833653,1.7170692946262074
2021-12-23,1.4641188288094873,1.5877928963868693,1.1128355451454164,1.6541558357283752,2.033566375288774,1.7228129568374195,1.1136742088833653,1.7170692946262074
2021-12-24,1.468227261026411,1.5922483677331554,1.1128355451454164,1.6541558357283752,2.0307065168956413,1.7203901192284385,1.1136742088833653,1.7170692946262074
2021-12-27,1.4628817843837636,1.586451358860659,1.1128355451454164,1.6541558357283752,2.0227959655076395,1.7136883953050959,1.1136742088833653,1.7170692946262074
2021-12-28,1.4876407319415077,1.6133016938749056,1.1128355451454164,1.6541558357283752,2.044988849793087,1.7324899397548723,1.1136742088833653,1.7170692946262074
2021-12-29,1.4758030294439781,1.600464061050798,1.1128355451454164,1.6541558357283752,2.0472362649010027,1.7343939227840763,1.1136742088833653,1.7170692946262074
2021-12-30,1.4729451859348401,1.5973648155978288,1.1128355451454164,1.6541558357283752,2.0417680614941136,1.729761326673869,1.1136742088833653,1.7170692946262074
2022-01-04,1.5048667922786287,1.6319828389416984,1.1106098740551256,1.6541558357283752,2.068577647511801,1.7524740852638903,1.1114468604655985,1.7170692946262074
2022-01-05,1.5217953059870386,1.6503413036261918,1.1231033216972053,1.6541558357283752,2.0925265363642924,1.7727632956473345,1.124314599493311,1.7170692946262074
2022-01-06,1.498336715706448,1.6249011670239881,1.105790598650411,1.6541558357283752,2.0522513973396808,1.7386426826232448,1.1026747655341826,1.7170692946262074
2022-01-07,1.4937230746480195,1.619897811862571,1.10238567580865,1.6541558357283752,2.0500855453116817,1.736807798853641,1.1015110531448276,1.7170692946262074
2022-01-11,1.490404802040902,1.6162992448814058,1.0999367505342135,1.6541558357283752,2.0483866565988893,1.7353685207842406,1.100598240165153,1.7170692946262074
2022-01-12,1.5137072383239527,1.6415700371632185,1.117134230044217,1.6541558357283752,2.076623038713848,1.7592900438547403,1.1157696495102782,1.7170692946262074
2022-01-13,1.5322931138666587,1.661725860979674,1.1308508307437606,1.6541558357283752,2.0833952769783606,1.765027402600769,1.1194083734259466,1.7170692946262074
2022-01-14,1.5051791002845152,1.6323215275941994,1.110840361136682,1.6541558357283752,2.054577476242408,1.740613308672604,1.1039245678303362,1.7170692946262074
2022-01-15,1.5051613555054362,1.6323022839142363,1.1108272652753344,1.6541558357283752,2.054551493797621,1.7405912966581092,1.103910607461616,1.7170692946262074
2022-01-17,1.5154710687894966,1.6434828583280814,1.1184359582378638,1.6541558357283752,2.0609345492433984,1.7459989444043675,1.107340223431759,1.7170692946262074
2022-01-18,1.5022228210495758,1.6291155315530246,1.1086585913444091,1.6541558357283752,2.0530238322571748,1.7392970801882044,1.1030897948491307,1.7170692946262074
2022-01-19,1.4729865325898486,1.597409654803377,1.0870818572369794,1.6541558357283752,1.9919993143404782,1.6875978431093495,1.0703013187039285,1.7170692946262074
2022-01-20,1.4946564497271526,1.6209100291028324,1.1030745178938106,1.6541558357283752,2.0052232738567644,1.6988010224460042,1.0774065527303038,1.7170692946262074
2022-01-21,1.4879986107845067,1.6136898027315776,1.098160952316106,1.6541558357283752,1.9917053533667854,1.687348802910595,1.0701433734599086,1.7170692946262074
2022-01-24,1.4963386542283852,1.6227343293609602,1.1043160051396155,1.6541558357283752,1.992862389391995,1.6883290299048948,1.07076504896685,1.7170692946262074
2022-01-25,1.4748781254150514,1.5994610304100654,1.0884778755956417,1.6541558357283752,1.953631125445015,1.6550927752823386,1.049686089132581,1.7170692946262074
2022-01-26,1.4700763897718696,1.5942536923207307,1.08493413667783,1.6541558357283752,1.951434604169227,1.6532319088951475,1.0485058981550477,1.7170692946262074
2022-01-27,1.4516537661469806,1.5742749103060272,1.0713380178659966,1.6541558357283752,1.9137101871816062,1.6212722368799266,1.0282365672579357,1.7170692946262074
2022-01-28,1.4853191500189094,1.6107840080064166,1.0961834778986461,1.6541558357283752,1.9478846590848955,1.6502244381473685,1.0465985125059996,1.7170692946262074
2022-01-31,1.4918350307721493,1.6178502849848437,1.1009922766174725,1.6541558357283752,1.961566523773898,1.6618155492349338,1.0539497790016992,1.7170692946262074
2022-02-01,1.4829281553927307,1.6081910461456415,1.0944188949772393,1.6541558357283752,1.9578959896485597,1.6587059169030416,1.0512749676696438,1.7170692946262074
2022-02-02,1.5076833973720725,1.6350373625714045,1.0944188949772393,1.6541558357283752,1.99668390545923,1.69156657232072,1.0512749676696438,1.7170692946262074
2022-02-03,1.5237454585080705,1.6524561854642204,1.0944188949772393,1.6541558357283752,2.00393316322813,1.6977080562493878,1.0512749676696438,1.7170692946262074
2022-02-04,1.5295409124036619,1.658741181152883,1.0944188949772393,1.6541558357283752,2.019852781712606,1.7111949654185408,1.0512749676696438,1.7170692946262074
2022-02-07,1.5483958053943212,1.679188746311953,1.0944188949772393,1.6541558357283752,2.055561196148077,1.7414467043364865,1.0512749676696438,1.7170692946262074
2022-02-08,1.5490776234996746,1.6799281575694316,1.0944188949772393,1.6541558357283752,2.0642785003014086,1.7488318994924201,1.0512749676696438,1.7170692946262074
2022-02-09,1.5164159138754338,1.6445075144462304,1.0944188949772393,1.6541558357283752,2.04698966214217,1.7341850038949393,1.0512749676696438,1.7170692946262074
2022-02-10,1.5224736055038401,1.6510768990800628,1.0944188949772393,1.6541558357283752,2.0474480286973344,1.7345733265235068,1.0512749676696438,1.7170692946262074
2022-02-14,1.590589856606983,1.7249469275927194,1.0944188949772393,1.6541558357283752,2.073400171922981,1.7565596699004205,1.0512749676696438,1.7170692946262074
2022-02-15,1.5585181818816192,1.690166159596197,1.0944188949772393,1.6541558357283752,2.030070762457886,1.719851515720806,1.0512749676696438,1.7170692946262074
2022-02-16,1.5303800731487394,1.6596512257775011,1.0944188949772393,1.6541558357283752,2.042213888809456,1.730139026209382,1.0512749676696438,1.7170692946262074
2022-02-17,1.545956994478952,1.6765439291216686,1.0944188949772393,1.6541558357283752,2.039308675700298,1.7276777646308805,1.0512749676696438,1.7170692946262074
2022-02-18,1.513780424660497,1.641649405547116,1.0944188949772393,1.6541558357283752,2.0123255567846807,1.7048179910584005,1.0512749676696438,1.7170692946262074
2022-02-21,1.5100435369675804,1.6375968630781192,1.0944188949772393,1.6541558357283752,2.01036636015743,1.7031581832569755,1.0512749676696438,1.7170692946262074
2022-02-22,1.5128494807089432,1.640639824791698,1.0944188949772393,1.6541558357283752,1.990738550620448,1.6865297392604781,1.0512749676696438,1.7170692946262074
2022-02-24,1.5666999991460349,1.6990390946861296,1.0944188949772393,1.6541558357283752,2.0009928293653894,1.695217040791169,1.0512749676696438,1.7170692946262074
2022-02-25,1.5152227321910656,1.6432135447456429,1.0944188949772393,1.6541558357283752,1.950484734988585,1.6524271911580735,1.0512749676696438,1.7170692946262074
2022-02-28,1.544370456195361,1.6748233760033266,1.0944188949772393,1.6541558357283752,1.973774222756636,1.6721577648794288,1.0512749676696438,1.7170692946262074
2022-03-01,1.5643529714371418,1.696493813626645,1.0944188949772393,1.6508475240569185,1.97008766366812,1.6690345563916114,1.0512749676696438,1.713635156036955
2022-03-02,1.623776041696941,1.7609363486063545,1.0944188949772393,1.713556151969792,1.9787485203547128,1.676371929933134,1.0512749676696438,1.7211686017679482
2022-03-03,1.6775478888141706,1.8192503018172164,1.0944188949772393,1.7703010952775005,2.0377935348973524,1.7263941555790847,1.0512749676696438,1.7725275410552432
2022-03-04,1.6750697422388703,1.8165628262851472,1.0944188949772393,1.767685929638555,2.0079601959774207,1.7011197099246211,1.0512749676696438,1.746577701696332
2022-03-07,1.7482340696990906,1.8959073419927424,1.0944188949772393,1.8448955818349086,2.013712146372145,1.7059926930677016,1.0512749676696438,1.7515809026167561
2022-03-08,1.6401658999989142,1.7787106576805851,1.0944188949772393,1.7308522210101436,1.9108181704478486,1.6188221551118296,1.0512749676696438,1.6620809591675403
2022-03-09,1.6268442231710314,1.7642636992650083,1.0944188949772393,1.7167939760941047,1.9150393104175023,1.6223982540878519,1.0512749676696438,1.6657526200707324
2022-03-10,1.6366519143789688,1.7748998458150678,1.0944188949772393,1.72714394380789,1.9623788607258692,1.6625037513232346,1.0512749676696438,1.7069298322199393
2022-03-11,1.6707559315337783,1.811884628136796,1.0944188949772393,1.763133604267121,1.9822192788109971,1.6793123147227331,1.0512749676696438,1.724187560679516
2022-03-14,1.6693529596631402,1.8103631472800537,1.0944188949772393,1.7616530607572785,2.0001604931496755,1.6945118955673382,1.0512749676696438,1.7397933107178212
2022-03-15,1.5954019190044755,1.7301654647369495,1.0944188949772393,1.6836131972470407,1.957509281308084,1.6583783022514689,1.0512749676696438,1.7026941412710939
2022-03-16,1.597552268413714,1.73249745408751,1.0944188949772393,1.6858824415051556,1.9732274568177195,1.6716945513569346,1.0512749676696438,1.716366232436783
2022-03-17,1.6237498179236247,1.7609079097118001,1.0944188949772393,1.7135284782592926,2.0081673650227883,1.7012952210463392,1.0512749676696438,1.7467579028954618
2022-03-18,1.6331641525323397,1.771117472844105,1.0944188949772393,1.7234633403161357,2.025276127768296,1.715789558920721,1.0512749676696438,1.7616395641827618
2022-03-22,1.718194737403172,1.8633305883214255,1.0944188949772393,1.8131953464976869,2.0946589516778102,1.7745698522348776,1.0512749676696438,1.8219906076764762
2022-03-23,1.7406553992202534,1.8876885014768132,1.0944188949772393,1.8368978795106452,2.1236567875187204,1.7991364697370331,1.0512749676696438,1.8472137040200423
2022-03-24,1.749755048549521,1.897556797874839,1.0944188949772393,1.8465006570418612,2.131681763832485,1.8059351330802464,1.0512749676696438,1.8541940439263518
2022-03-25,1.7574386141215363,1.9058893939688928,1.0944188949772393,1.8546090542080311,2.1366784457407983,1.810168261852163,1.0512749676696438,1.8585402920347616
2022-03-28,1.784632667016161,1.9353805275848461,1.0944188949772393,1.883306691959773,2.1337916282293845,1.807722584802658,1.0512749676696438,1.8560292606386197
2022-03-29,1.7694753260584872,1.918942846552988,1.0944188949772393,1.8673112873112463,2.1332266639537067,1.8072439538682978,1.0512749676696438,1.8555378395396704
2022-03-30,1.7275041769187094,1.8734263958756063,1.0944188949772393,1.823019513712624,2.1047815968751666,1.783145635408415,1.0512749676696438,1.8307955563100713
2022-03-31,1.7134482344389275,1.8581831484135356,1.0944188949772393,1.808186404903608,2.0817333201279715,1.763619412760677,1.0512749676696438,1.8107475462400402
2022-04-01,1.6820799075367379,1.824165140006843,1.092230057187285,1.7750836935936953,2.0702939606797224,1.7539281251219514,1.0491724177343045,1.800797284191008
2022-04-04,1.6754382939650887,1.81696250956312,1.0879174380669476,1.7680748589376476,2.082117710989784,1.7639450640722192,1.0551643942048445,1.8110818997343587
2022-04-05,1.6563173271886278,1.7962263953746287,1.0755015626129012,1.747896675856948,2.073287155186038,1.7564639234811679,1.05068929271756,1.8034008451540409
2022-04-06,1.6429112372068742,1.78168789342895,1.0667965454720263,1.7337493505040704,2.05653680388583,1.7422732274693502,1.0422006399439372,1.7888309397669062
2022-04-07,1.6191074414017688,1.7558733918033391,1.0513399544165167,1.708629420356903,2.0222026146602494,1.7131857156088446,1.0248009445359854,1.758966139943008
2022-04-08,1.5998320184922548,1.7349697745774988,1.038823785492296,1.6882882411177393,2.029463418234195,1.71933698100458,1.0284805354467703,1.765281781878568
2022-04-11,1.6108089347985233,1.746873910630102,1.0459514599096742,1.6998720814893504,2.038202935990412,1.726740995257512,1.0329095011628813,1.7728836491203424
2022-04-12,1.590459339712334,1.7248053859404269,1.0327377955022115,1.6783973380797899,2.016181219420092,1.7080844620357913,1.0217494543021173,1.7537285686601567
2022-04-13,1.6222351780266213,1.7592653282343103,1.0533708971424376,1.7119300924924865,2.053984483454795,1.7401109323202855,1.0409071887489278,1.786610862914108
2022-04-14,1.64849272006849,1.7877408439576885,1.0704207866973197,1.7396394388223095,2.097966760482156,1.7773721880406403,1.0631962901049044,1.8248678286048179
2022-04-15,1.6435957586896002,1.7824302364179956,1.0672410278862527,1.7344717198257995,2.0940142911216313,1.7740237035709128,1.0611932789800296,1.8214298646125238
2022-04-18,1.6384284990725226,1.776826498557146,1.0638857554989098,1.729018757546337,2.0873763208811824,1.768400095078801,1.0578293241898926,1.815655979836462
2022-04-19,1.6554327148009207,1.7952670598086764,1.0749271545633878,1.7469631524152054,2.1303263894287947,1.8047868761989276,1.0795953284944977,1.8530151028718034
2022-04-20,1.6682631046717626,1.8091812322746927,1.083258350602039,1.760502946654549,2.1340320038857152,1.8079262281655042,1.0814732398214872,1.8562383458397202
2022-04-21,1.6644999916867396,1.8051002492640589,1.080814837013643,1.7565317676000134,2.1242180367317807,1.7996119533150587,1.0764997704292094,1.8477018936577594
2022-04-22,1.6467234953144525,1.785822172848967,1.0692719706121736,1.7377723919613832,2.0832965318743164,1.7649437469371314,1.0557617907006998,1.8121072697966452
2022-04-25,1.6178507301694471,1.754510526216048,1.050523930293646,1.7073032243741473,2.031210025854381,1.7208166859579723,1.0293656718450344,1.7668010280912871
2022-04-26,1.6034757790108276,1.738921323422909,1.0411897995810118,1.6921334685952802,2.003612849169833,1.6974366900345448,1.0153801233506254,1.7427962626962525
2022-04-27,1.5823117788701369,1.7159696009115308,1.0274473150650236,1.6697992909069148,1.9909525027260297,1.6867109969091667,1.0089641811993775,1.7317839533692077
2022-04-28,1.6319273001672852,1.7697761436019221,1.0596643122605494,1.722158101216166,2.05585524336396,1.7416958175985853,1.041855242375213,1.7882381001218575
2022-05-02,1.6308925283481432,1.7686539646424788,1.0589924007311784,1.7210661158862663,2.05834201469138,1.743802580336026,1.0431154749486997,1.7904011606040275
2022-05-06,1.68908954156159,1.8317668775789104,1.096781644146693,1.7824808969012342,2.1187129356627685,1.7949480979496062,1.0737099249733728,1.8429134089099122
2022-05-09,1.6954874708300056,1.8387052397146095,1.100936030998002,1.7892325737188721,2.1120412492447325,1.7892959255176557,1.0703288836804359,1.8371101968971462
2022-05-10,1.617360304367121,1.7539786741629113,1.0502054806173131,1.7067856824662235,2.0884447639840285,1.769305267215592,1.058370784028309,1.8165853403400718
2022-05-11,1.606580397128019,1.7422881885266648,1.0432057306961098,1.6954097439790892,2.073093746489596,1.7563000699614375,1.050591278100548,1.8032326130759364
2022-05-12,1.6169136564748334,1.7534942979383825,1.0499154573843206,1.706314338990313,2.069932765193209,1.7536221246531791,1.0489893730319293,1.80048310665703
2022-05-13,1.6671917232730324,1.808019351325721,1.0825626672631197,1.7593723275668447,2.1007666896386037,1.7797442543216186,1.0646152231155523,1.827303282176446
2022-05-16,1.660914509651103,1.8012119016830532,1.0784866650693257,1.7527480408777492,2.092602266246903,1.7728274530923838,1.0604777006226285,1.8202016474569338
2022-05-17,1.71668513836843,1.8616934735076607,1.1147003768676556,1.8116022803071758,2.11494071308897,1.7917523163881155,1.0717982583438255,1.8396322284131916
2022-05-18,1.717240430342731,1.8622956709761085,1.1150609462925258,1.81218827489896,2.1266543022127387,1.8016759281072723,1.0777344079219733,1.8498210227983556
2022-05-19,1.708705834129939,1.8530401577120517,1.1095191510021825,1.8031817928044684,2.1155708386476695,1.792286151177161,1.0721175899790683,1.8401803285460023
2022-05-20,1.7198237451793947,1.8650971983289946,1.1167383779645526,1.8149144236517238,2.1124341714808677,1.789628804506839,1.0705280066940257,1.8374519712099586
2022-05-23,1.7096353446084922,1.8540481839090537,1.1101227128654432,1.804162696794886,2.129232508424988,1.8038601533786167,1.0790409773737024,1.85206361579881
2022-05-24,1.7042152120773195,1.8481702129676725,1.1066032417404628,1.7984428800191834,2.120147157020077,1.7961631530210167,1.0744367519446112,1.8441609331621316
2022-05-25,1.714222539178333,1.8590228586478932,1.113101329853196,1.8090035216830394,2.133639598682587,1.8075937872004613,1.0812743788270984,1.8558970212561026
2022-05-26,1.7082471146729392,1.8525426902381508,1.109221289303397,1.8026977103156367,2.1289407169367465,1.8036129511418244,1.0788931048555932,1.8518098077263552
2022-05-27,1.733923332699271,1.8803877775262092,1.1258937059689775,1.829793590676304,2.1248753162333864,1.8001687925977052,1.0768328629933204,1.8482736130193218
2022-05-30,1.7428925052397177,1.890114575765509,1.1317176860265723,1.8392586772338688,2.131806529782031,1.806040833291,1.08034542604706,1.8543025686998227
2022-05-31,1.791275336386753,1.942584303010813,1.163134256781523,1.8903166407908847,2.136042113026051,1.8096291684352241,1.0824919121002696,1.8579867927509288
2022-06-01,1.7682186478910629,1.9175800168235848,1.1481627871852447,1.8659851262215774,2.1286207664549575,1.8033418929446243,1.0787309620744665,1.85153150620511
2022-06-02,1.7617362176699787,1.9105500159426247,1.143953531073592,1.8591442763138246,2.129233095695772,1.8038606509073565,1.079041274987626,1.852064126622709
2022-06-03,1.7908528316237307,1.9421261092848556,1.1628599104800128,1.8898707753406487,2.1322892017857313,1.8064497472030228,1.080590031964245,1.854722409770669
2022-06-06,1.8529851749154962,2.0095067694972193,1.2032044937323771,1.955438474549118,2.165382149823316,1.834485694468822,1.0973606978513006,1.8835075446760479
2022-06-07,1.8911071761036726,2.050848934826694,1.227958368593668,1.9956682771721028,2.192196665290488,1.8572026292291153,1.1109496135112924,1.9068315303260508
2022-06-08,1.9353977468317656,2.098880728554918,1.2567176994568754,2.0424077153683107,2.222721605607901,1.8830629912633077,1.12641887828348,1.9333829431532623
2022-06-09,1.9773705771456724,2.1443990024151502,1.283972044894724,2.0867012630947666,2.2278022879528008,1.8873672841940585,1.1289936391052662,1.9378022570972244
2022-06-10,1.943280478553115,2.1074293143561533,1.2618362175963673,2.0507262907682344,2.203927719907788,1.867141037504174,1.11689461415814,1.917035516666519
2022-06-13,1.913210210991385,2.0748190123181756,1.2423105993951,2.0189934097251494,2.193716529388277,1.8584902397994516,1.1117198420490704,1.9081535489338521
2022-06-14,1.8860250473828541,2.0453375188660092,1.2246583745098545,1.9903051527565214,2.171157822158204,1.8393787745540882,1.1002876619553001,1.8885313795770728
2022-06-15,1.8171084847536287,1.9705995765399336,1.1799085735019461,1.917578128318775,2.127930366812871,1.802756994677601,1.0783810850640287,1.8509309780559253
2022-06-16,1.8254378643672662,1.979632538565698,1.1853171148744308,1.9263680471946096,2.1410522749548435,1.8138737173182429,1.0850309349655765,1.862344766143154
2022-06-17,1.7956935290513372,1.9473757002592176,1.166003135248641,1.8949791194988928,2.1238962995392745,1.7993393814380436,1.0763367221884532,1.847422038007551
2022-06-20,1.6721652079118374,1.8134129460424866,1.085792115155056,1.7646208008665527,2.0516325267100703,1.7381183828746554,1.039715276783219,1.7845650677763758
2022-06-21,1.7328127487507488,1.8791833825894002,1.1251725671192891,1.82862160149282,2.099946257810017,1.7790491943512796,1.0641994490943112,1.826589648539464
2022-06-22,1.6863130816904044,1.8287558902370178,1.0949787970225493,1.779550923942651,2.087812500333736,1.7687696210610835,1.0580503688625302,1.8160353804377762
2022-06-23,1.661916449517692,1.8022984753760298,1.0791372577271892,1.7538053789454437,2.0917887775571145,1.7721382752656656,1.0600654452078546,1.8194940531485342
2022-06-24,1.6438332456608868,1.782687783905654,1.0673952360228984,1.7347223376759289,2.078216864205535,1.7606403136277742,1.0531875440910092,1.8076888384452194
2022-06-27,1.681750030249829,1.82380739799675,1.0920158569662788,1.7747355770801727,2.1189984206512396,1.7951899573956986,1.0738546015175112,1.8431617314195077
2022-06-28,1.7382811675406118,1.8851137185280975,1.1287233921073376,1.8343923743200408,2.1704231707818757,1.8387563867504355,1.0999153592894306,1.8878923600810753
2022-06-29,1.7374240864499348,1.8841842398268975,1.1281668610385758,1.833487904406732,2.1686727473781753,1.837273449111177,1.0990282891489584,1.8863697947973834
2022-06-30,1.6955116139593511,1.8387314222132678,1.1009517079295366,1.7892580517446315,2.142170174227105,1.8148207881265008,1.0855974579350376,1.8633171449510535
2022-07-01,1.6647905683469897,1.8054153709248981,1.0810035180393307,1.756838410518128,2.10170790212125,1.7805416382083432,1.0650922057058396,1.8281219740698622
2022-07-04,1.7335633202981255,1.8799973548898066,1.1256599380226813,1.8294136728496286,2.148232732234949,1.8199569143008967,1.0886698084145106,1.8685905207146536
2022-07-05,1.7245720974943837,1.8702466438022227,1.1198216400006236,1.8199253168488947,2.150215372688698,1.8216365834299575,1.0896745602603184,1.8703150746246047
2022-07-06,1.6603202131889432,1.800567405018986,1.078100768741843,1.7521208852031496,2.1301739710718186,1.8046577492014269,1.079518086740847,1.8528825252917513
2022-07-07,1.6760801093393154,1.8176585390601367,1.0883341899939845,1.768752160889822,2.1602416613700375,1.830130734522887,1.0947556288121725,1.8790362097729403
2022-07-08,1.7003008471731247,1.8439252017934082,1.1040615152838278,1.794312086184075,2.157331521133328,1.8276652987412274,1.0932808436241348,1.8765048916440112
2022-07-11,1.7099739885603147,1.8544154331039466,1.110342605571615,1.8045200646905015,2.190494243742544,1.8557603581842956,1.1100868694926254,1.9053507183455725
2022-07-12,1.705730939596684,1.8498139739389468,1.1075874536959938,1.800042413544017,2.181963138790872,1.8485329087508866,1.1057635220945814,1.8979301341580612
2022-07-13,1.7278301529484792,1.8737799070895025,1.1219372030478973,1.8233635132648178,2.1898360461320228,1.8552027410908265,1.1097533116542253,1.9047782003882199
2022-07-14,1.6960830544533185,1.839351132266288,1.1013227631217475,1.789861087722979,2.1775833198083396,1.844822378825038,1.1035439410310146,1.894120449988185
2022-07-15,1.708559638905771,1.8528816133822799,1.1094242216130745,1.8030275143083396,2.1839755318501486,1.8502377839292439,1.1067833518054986,1.8996805676832986
2022-07-19,1.6806000390010976,1.8225602670264263,1.09126912965461,1.7735220017296482,2.156662068560584,1.8270981465792298,1.0929415820566264,1.8759225838182683
2022-07-20,1.6939007102663683,1.836984445540233,1.0999056949400072,1.787558079665688,2.183227843173123,1.8496043510813598,1.1064044421666326,1.8990302079930417
2022-07-21,1.6806769214938606,1.8226436437807332,1.0913190519972353,1.773603135128017,2.1786444812101036,1.845721381992316,1.104081710688194,1.8950434766726452
2022-07-22,1.6360338206377782,1.7742295417166214,1.062330811674894,1.726491675080237,2.15227185377827,1.8233788094569314,1.090716732665663,1.8721038571025652
2022-07-25,1.6456953872410347,1.784707220521622,1.068604386073061,1.7366874388219993,2.1596680721195427,1.8296447966136737,1.0944649483425595,1.8785372864392735
2022-07-26,1.6389041003713694,1.7773422738814997,1.0641945791353558,1.7295206552899889,2.1476605688056605,1.8194721843302477,1.0883798505148856,1.8680928375985617
2022-07-27,1.6222974819129221,1.759332894927764,1.0534113531142333,1.711995841219479,2.1508907354121836,1.8222087426005287,1.090016816942174,1.8709025232581777
2022-07-28,1.6818045313893066,1.8238665028456222,1.0920512463567715,1.7747930916391035,2.1754205587604187,1.8429901136965527,1.102447908641062,1.892239222348332
2022-07-29,1.6726811422361858,1.8139724613216313,1.0861271283574978,1.7651652616867617,2.154491320041789,1.8252591145615584,1.091841501819224,1.8740344084617475
2022-08-01,1.6433238698660848,1.7821353811548233,1.0670644814903734,1.734184798012555,2.1409069591074954,1.813750607481413,1.084957292583484,1.8622183665167116
2022-08-02,1.6038492622542042,1.7393263547831266,1.0414323145902238,1.6925276020797702,2.104841919740818,1.7831967402141398,1.0666804462676127,1.8308480267585687
2022-08-03,1.6117251484022186,1.7478675167656805,1.0465463876727825,1.7008389534081467,2.0964561280890446,1.7760923984593922,1.062430739960679,1.8235538399816593
2022-08-04,1.563874976064969,1.6959754420016735,1.0154756898812187,1.6503430998693667,2.066039475403357,1.7503237764034316,1.0470163526109957,1.7970966186445583
2022-08-05,1.54946757708425,1.680351050520008,1.0061204897256715,1.6351391021976842,2.0643894149795985,1.748925865072796,1.0461801438806981,1.7956613517760407
2022-08-08,1.5955807715097239,1.7303594249072218,1.0360633103721535,1.6838019386761505,2.093936143750407,1.7739574980586044,1.0611536758763336,1.8213618899304054
2022-08-09,1.6156987828031255,1.7521768039290242,1.049126599771802,1.7050322938063933,2.095731515217332,1.7754785151560257,1.062063524554087,1.8229235522465588
2022-08-10,1.6230987845917937,1.7602018836166144,1.0539316654173807,1.7128414486799362,2.109420507520184,1.7870756646722554,1.069000758310985,1.8348306053658143
2022-08-12,1.6612647102153018,1.801591683676976,1.0787140618657252,1.753117604361749,2.138313764734696,1.8115536844208504,1.0836431275125142,1.859962736411708
2022-08-15,1.6466074719459436,1.7856963489904736,1.0691966328057747,1.737649953551297,2.1396991254191327,1.8127273453182977,1.0843451931352373,1.8611677603385222
2022-08-16,1.6221708100909593,1.7591955231413166,1.053329100915199,1.7118621655928952,2.133727048955949,1.807667874019489,1.081318696405413,1.8559730878523255
2022-08-17,1.6299753135850226,1.7676592727795726,1.0583968228821787,1.7200981874529948,2.1607297449625182,1.8305442330677906,1.0950029771851602,1.879460757989034
2022-08-18,1.6324380151449358,1.7703299986563312,1.0599959363687421,1.7226970541070714,2.1568133499406987,1.827226310343618,1.09301824761927,1.8760541724253124
2022-08-19,1.659016156617167,1.79915319483303,1.0772540017258498,1.7507447261124238,2.169495198320301,1.8379702196502046,1.0994450864056804,1.8870851847135444
2022-08-22,1.6922209877940624,1.8351628369679307,1.098814995643401,1.7857854837521445,2.190432702158713,1.8557082208951978,1.1100556817803853,1.9052971878232725
2022-08-23,1.7069615058263008,1.8511484860560459,1.1083865010048195,1.8013410189421866,2.1872335919492367,1.8529979732306958,1.1084344539466469,1.9025145158518193
2022-08-24,1.7199293546198258,1.86521172859526,1.1168069536633913,1.8150258723378163,2.2039664516434576,1.8671738505644526,1.1169142424184397,1.9170692065703339
2022-08-25,1.7251045970282917,1.8708241235536147,1.1201674095409213,1.8204872587847392,2.1993802266347537,1.8632884559375646,1.1145900600211363,1.9130799848959144
2022-08-26,1.7117322465292961,1.856322211063653,1.1114843005608996,1.8063755384024731,2.19312165797244,1.8579862718959155,1.1114183763183831,1.9076361138012428
2022-08-29,1.7218209949484327,1.867263155717964,1.11803525822552,1.817022103245997,2.1837096731995174,1.8500125516803432,1.1066486213910955,1.8994493166894153
2022-08-30,1.7720148977557777,1.921696935785009,1.1506278176444142,1.8699912743251652,2.2203444838165196,1.88104912229304,1.125214213311027,1.9313152587821456
2022-08-31,1.7201078112546655,1.8654052594559638,1.1169228314523139,1.8152141960084687,2.1910031157846652,1.856191468453521,1.1103447529241042,1.9057933489134309
2022-09-01,1.6760885080104964,1.8176676471667867,1.088339643528661,1.7687610239314613,2.1510577847296606,1.8223502647716647,1.0901014732951493,1.8710478272405833
2022-09-02,1.6626685690755587,1.8031141264473205,1.0796256338049364,1.754599083903704,2.1457327302835525,1.817838942738069,1.0874028708966976,1.8664159518804424
2022-09-05,1.678765357532111,1.8205706100762744,1.0900778103618625,1.7715858789902088,2.1409725044896053,1.8138061367402225,1.0849905093190417,1.862275379650274
2022-09-06,1.6775161610886857,1.8192158940518413,1.0892666658396983,1.7702676132961213,2.13216785092505,1.8063469402144503,1.0805285344289615,1.8546168555332019
2022-09-07,1.640420975273763,1.7789872791552088,1.0651795361245953,1.7311213996377435,2.1105240626081185,1.7880105832602,1.0695600120120052,1.835790507216976
2022-09-08,1.6369232252322021,1.7751940742868286,1.0629083314625554,1.7274302556943302,2.137994630646646,1.8112833178625993,1.083481398459007,1.8596851450116603
2022-09-09,1.6529605281438837,1.7925860476289637,1.0733218820898898,1.7443542762240307,2.1461491949235803,1.81819176656847,1.0876139246028749,1.866778204008385
2022-09-12,1.642633837544961,1.781387061827048,1.066616420706706,1.7334566131529707,2.1676663125182336,1.836420809611434,1.0985182535137528,1.8854943707286649
2022-09-13,1.6541026506064205,1.7938246451369912,1.07406349993871,1.745559547715743,2.187844555856855,1.8535155744995773,1.108744074943605,1.9030459486659372
2022-09-14,1.6462267644584063,1.7852834831544375,1.0689494268561515,1.7372481963873667,2.16817410603427,1.836851006166342,1.0987755903755938,1.8859360631655726
2022-09-15,1.6556492747744282,1.795501912595767,1.0750677741089805,1.747191686194092,2.182560984005454,1.8490393960209268,1.1060664948709726,1.8984501559806768
2022-09-16,1.6380653476947389,1.7764326717948564,1.0636499493113756,1.7286355271860423,2.1728992353211063,1.840854078825791,1.1011701659344915,1.8900461075113486
2022-09-20,1.6366733859435625,1.7749231310819915,1.062746102558152,1.7271666025555605,2.1725128594885907,1.8405267458709609,1.100974360472053,1.8897100274362069
2022-09-21,1.639457309445991,1.7779422125078035,1.0645537960646485,1.730104451816604,2.1588217264087453,1.828927782714229,1.0940360418237256,1.8778011122116323
2022-09-22,1.6427052201989123,1.7814644741713463,1.066662771822285,1.7335319426212477,2.1607545869562115,1.8305652789058455,1.0950155664768637,1.8794823662222726
2022-09-26,1.5226633905412372,1.6512827152531018,0.9887156458359381,1.606852886876188,2.0948952200309567,1.7747700159399016,1.061639711385863,1.8221961202349641
2022-09-27,1.5148826812651073,1.6428447697295572,0.9836633742407853,1.5986419748387943,2.099093761027762,1.7783269693381314,1.0637674253686293,1.8258481239446833
2022-09-28,1.501974318016529,1.6288460374772444,0.9752815475118546,1.5850198960000488,2.067813446921219,1.7518266637215791,1.0479153563378742,1.798639666710325
2022-09-29,1.5402592147299308,1.670364858111409,1.000141195819481,1.6254216007956301,2.1075935120465834,1.7855278560970098,1.0680748833895322,1.8332414356393993
2022-09-30,1.519486862442267,1.6478378659338568,0.9866530211938805,1.603500725539821,2.0826714504244146,1.7644141854563473,1.0554450152917334,1.8115635571651232
2022-10-03,1.553281338134661,1.6844869598363874,1.0085968907762546,1.6391637296969568,2.082278460920614,1.7640812494788076,1.0552458581885986,1.8100140153029793
2022-10-04,1.595245392165959,1.7299957160817179,1.0358455374838509,1.6391637296969568,2.143934676624242,1.8163156533195426,1.08649166295194,1.8100140153029793
2022-10-05,1.5981398950752133,1.733134717553082,1.0377250338525659,1.6391637296969568,2.143097782532296,1.8156066467178273,1.086067546273579,1.8100140153029793
2022-10-06,1.602076169505693,1.7374034889505696,1.0402809868884735,1.6391637296969568,2.1413304960693194,1.8141094228977162,1.0851719303627922,1.8100140153029793
2022-10-07,1.5948648648438342,1.72958304562966,1.0355984485215826,1.6391637296969568,2.1273425078592285,1.8022589676476328,1.0780831730711458,1.8100140153029793
2022-10-11,1.573979529196944,1.7069335263923777,1.0220369100680473,1.6391637296969568,2.0996761132971176,1.7788203311714506,1.0640625467137221,1.8100140153029793
2022-10-12,1.5789700514542553,1.7123455978947042,1.0252774210485749,1.6391637296969568,2.1157238996953986,1.7924158226545313,1.0721951574320765,1.8100140153029793
2022-10-13,1.5669117020499632,1.6992686801271388,1.017447536391834,1.6391637296969568,2.0984077544792825,1.777745792847136,1.0634197746664977,1.8100140153029793
2022-10-14,1.6204662440239277,1.7573469724366888,1.0522222698517452,1.6391637296969568,2.1501482158433487,1.8215796889588873,1.0896405268761031,1.8100140153029793
2022-10-17,1.5912217835959785,1.725632233432942,1.0332328755057856,1.6391637296969568,2.12495012658514,1.8002321710272815,1.076870774980271,1.8100140153029793
2022-10-18,1.6190127544164974,1.755770706611649,1.051278471028674,1.6391637296969568,2.1444350139412007,1.816739533072335,1.08674522120139,1.8100140153029793
2022-10-19,1.6112524923063365,1.747354935425486,1.0462394764539267,1.6391637296969568,2.1433397029485675,1.8158115987827022,1.086190145398563,1.8100140153029793
2022-10-20,1.6042782374517242,1.7397915655009633,1.0417108623586266,1.6391637296969568,2.134505272470194,1.8083271756139427,1.0817130803245492,1.8100140153029793
2022-10-21,1.58867661724477,1.7228720769667774,1.0315802149057298,1.6391637296969568,2.1146909467507498,1.7915407173526,1.0716716831047945,1.8100140153029793
2022-10-24,1.5783774269361814,1.7117029144037836,1.0248926103696256,1.6391637296969568,2.094842697407966,1.7747255194058735,1.0616130942539994,1.8100140153029793
2022-10-25,1.5955073945844604,1.7302798498355823,1.0360156643103242,1.6391637296969568,2.109693185481713,1.78730667415927,1.0691389445790191,1.8100140153029793
2022-10-26,1.629018751542418,1.766621909973826,1.0577756955446393,1.6391637296969568,2.1345603762830287,1.808373858900939,1.0817410055378942,1.8100140153029793
2022-10-27,1.633753509534052,1.7717566128116693,1.0608501303374214,1.6391637296969568,2.1247194322656715,1.8000367295764994,1.0767538649561341,1.8100140153029793
2022-10-28,1.6360429116196267,1.7742394006133975,1.0623367147497598,1.6391637296969568,2.12430666343048,1.7996870367874724,1.0765446841900168,1.8100140153029793
2022-10-31,1.6650128933233816,1.8056564756844709,1.081147880991763,1.6391637296969568,2.1484038334788247,1.8201018692153088,1.0887565181809133,1.8100140153029793
2022-11-01,1.6662542857349065,1.8070027284706949,1.0819539580981814,1.6358854022375628,2.1618238601086652,1.831471154250674,1.0955574469633487,1.8063939872723733
2022-11-02,1.6565664344028654,1.7964965446667651,1.0756633161572091,1.6263741201308561,2.150713557226343,1.8220586393740277,1.0899270275358681,1.7971103519615883
2022-11-04,1.6266420153173855,1.7640444109208564,1.056232402190171,1.5969950987104942,2.1244307199436947,1.7997921359723053,1.0766075528813124,1.775148729596366
2022-11-07,1.625955818506987,1.7633002510892666,1.0557868319303365,1.5963214084131587,2.1327717315408763,1.8068585406037818,1.0808345657934748,1.7821183784539563
2022-11-08,1.6419629186473645,1.7806594704330347,1.066180770900412,1.6120367657124495,2.1437729841193307,1.8161786693755366,1.0864097212955721,1.7913108926438892
2022-11-09,1.6175405503505502,1.7541741455184192,1.0503225202893924,1.5880595155851036,2.120803770425623,1.796719427995098,1.0747695069481509,1.772118094250683
2022-11-10,1.6222940228006582,1.7593291436244056,1.053409106998357,1.5927263520083572,2.119065816972628,1.7952470547479868,1.0738887562621036,1.7706658812718274
2022-11-11,1.628351269190493,1.7658980454103794,1.0573422772009873,1.5986731999965178,2.124586045553714,1.7999237259595908,1.0766862679569946,1.7752785178058426
2022-11-14,1.596592833175458,1.7314569753873732,1.0367204754486097,1.5674935881451506,2.103090166239031,1.7817126757317907,1.065792702067199,1.7573168198795257
2022-11-15,1.6186821323169254,1.7554121568745928,1.0510637871761979,1.5891802912615647,2.120569506384371,1.7965209623189862,1.0746507878796434,1.7719223460385551
2022-11-16,1.6223813569401584,1.7594238548756935,1.0534658159405146,1.5928120944098312,2.119302138683924,1.7954472636573937,1.0740085181055483,1.7708633488482681
2022-11-17,1.6392306077114622,1.7776963612854846,1.0644065911385574,1.6093542534376526,2.1484680980355404,1.82015631337426,1.0887890858266795,1.7952340732990295
2022-11-18,1.6596418437439453,1.7998317337300864,1.0776602810489668,1.629393477554299,2.152111049638558,1.8232425781252293,1.0906352412102231,1.7982780797942137
2022-11-21,1.6583443079570428,1.79842459513948,1.0768177481940286,1.628119590446643,2.154493115955077,1.82526063603768,1.0918424119424825,1.8002685057261525
2022-11-22,1.6888551134077712,1.8315126472869276,1.0966294222012882,1.658074310848363,2.1818578482837556,1.8484437079005496,1.1057101635387367,1.823134146564883
2022-11-24,1.6947439296714295,1.8378988916597065,1.1004532251583308,1.6638557984908262,2.1939902061764824,1.8587220954804045,1.111858534497106,1.8332717987359328
2022-11-25,1.6860105157211132,1.828427766530612,1.0947823309423936,1.6552815583431293,2.1951061000503582,1.8596674673392874,1.1124240411815791,1.834204226220613
2022-11-28,1.6821179083603621,1.824206350758745,1.0922547323775509,1.651459897020118,2.190733706131804,1.8559632278382714,1.1102082229519252,1.8305507065096844
2022-11-29,1.6637964535231544,1.8043372832557707,1.0803580064402545,1.6334723660816912,2.184918732462198,1.851036852135269,1.1072613419292907,1.8256917845286886
2022-11-30,1.6677763950234061,1.808653410278926,1.082942313947255,1.6373797698061772,2.180387699180839,1.8471982152754918,1.1049651292981737,1.8219057076763558
2022-12-01,1.6740850264956286,1.8154949316366307,1.08703871678924,1.6435734211725133,2.1772977531349094,1.8445804501764302,1.1033992230910126,1.8193237859660076
2022-12-02,1.6375370943077165,1.775859796862234,1.0633069369345374,1.6076916057377197,2.133769812463326,1.8077041027482301,1.081340367865252,1.7829523628549941
2022-12-05,1.6422543236194729,1.7809754903732076,1.0663699897763552,1.6123228595842514,2.1304967260604357,1.8049311833430561,1.0796816507748317,1.7802174112675384
2022-12-06,1.656696152145239,1.7966372196624172,1.0757475461729986,1.6265014736584527,2.143821067527518,1.8162194050602136,1.0864340887460784,1.7913510705608038
2022-12-07,1.6564223116086072,1.7963402478249875,1.075569732465311,1.6262326240955425,2.154927634406581,1.8256287548398653,1.092062614861958,1.8006315841122496
2022-12-08,1.66008003882965,1.800306943139749,1.077944815595378,1.6298236861666187,2.1545142443493464,1.8252785357590005,1.0918531192762813,1.8002861603579994
2022-12-09,1.6773939330321719,1.8190833413955596,1.0891872991243847,1.646822020108967,2.168603300876269,1.83721461487063,1.0989930954249307,1.8120588063474343
2022-12-12,1.6652308490041339,1.8058928420741496,1.0812894068161816,1.6348806185005802,2.161669623241754,1.831340486633444,1.0954792836350313,1.8062651088035266
2022-12-13,1.6743849470871,1.8158201865102435,1.0872334651381776,1.6438678754593643,2.1782716320426503,1.845405508665317,1.1038927601961877,1.8201375474549688
2022-12-14,1.6837118255039913,1.8259349060291816,1.0932897154393766,1.6530247636854059,2.1863916279041096,1.852284671425668,1.108007767944731,1.8269225182250108
2022-12-15,1.695715169215729,1.838952171775217,1.1010838830826422,1.6648093363788896,2.193645572973163,1.858430126378609,1.1116838831393636,1.8329838273809214
2022-12-16,1.6678844942509958,1.808770640644587,1.083012506347154,1.6374858988345744,2.1763343696856556,1.8437642833136492,1.1029110048177357,1.8185187943557835
2022-12-19,1.6595225777260265,1.7997023933156988,1.077582837683174,1.629276385259704,2.1714900848488807,1.8396602635064658,1.100456044251303,1.8144709682755655
2022-12-20,1.6410546412535887,1.7796744708787582,1.065590996380604,1.6111450424368485,2.1873057651079617,1.8530591174620803,1.108471029471124,1.8276863602655449
2022-12-21,1.6316625626995993,1.7694890437693631,1.0594924094762792,1.6019241424009556,2.1986668483132434,1.8626840904099082,1.1142285379993584,1.8371795445945818
2022-12-22,1.6445754482063153,1.7834926802748046,1.067877172656827,1.6146016797264695,2.218337892135267,1.8793491619723188,1.1241973235912046,1.8536164319558346
2022-12-23,1.626899693301669,1.764323854955692,1.0563997210186333,1.5972480802971445,2.2233491990245113,1.8835946808520518,1.1267369266933993,1.8578038196520055
2022-12-26,1.6414262819860728,1.7800775040912509,1.0658323149866198,1.6115099097049195,2.217565716873301,1.8786949843843974,1.1238060047727672,1.8529712116045958
2022-12-27,1.6477930745607157,1.7869820994177155,1.0699664837539558,1.6177606621387468,2.2357917263382503,1.8941358402321429,1.133042483639619,1.8682006456565443
2022-12-28,1.6492502974387528,1.7885624138626033,1.0709127067129731,1.6191913259062138,2.2362227601358557,1.8945010068774875,1.1332609206249689,1.8685608123078026
2022-12-29,1.6347139287337844,1.7727981585884758,1.0614737622545176,1.604919894726961,2.2169009079831077,1.8781317662943646,1.1234690965056793,1.852415705300826
2022-12-30,1.631251801894651,1.7690435860132183,1.0592256889147476,1.6015208680565898,2.2175215355617537,1.8786575545090276,1.1237836148057696,1.852934294232648
2023-01-04,1.5918619069382571,1.7263264279721307,1.033648528740576,1.5628488870111426,2.1913091491566523,1.8564507362428055,1.1104998428673165,1.831031539772414
2023-01-05,1.562084667955361,1.6940339066270556,1.01431318367674,1.5336143632124088,2.1664768481046823,1.835413109676844,1.0979154631476136,1.810281968015832
2023-01-06,1.5594072311665927,1.6911303068439778,1.0125746355115735,1.5309857249573373,2.1562470236018574,1.8267465254857391,1.092731247808888,1.8017340498372316
2023-01-10,1.5478395208413525,1.6785854724217526,1.0050633390187895,1.5196288458660845,2.151916884231476,1.8230780835293534,1.090536843111471,1.798115837517975
2023-01-11,1.5653833884189239,1.6976112698957666,1.0164551518581677,1.5368529617256155,2.1752525118931367,1.8428477464132287,1.1023627467551709,1.8176148070108606
2023-01-12,1.6319347039599437,1.7697841727926955,1.059669119787732,1.6021913236583156,2.215250350591692,1.8767334339387114,1.12263263592479,1.8510365194187015
2023-01-13,1.6805131703384317,1.8224660605707868,1.0912127229619395,1.649884406696123,2.2406218018742083,1.8982278220906996,1.1354902432931495,1.8722365986160916
2023-01-15,1.680483585401572,1.8224339765953186,1.0911935124849976,1.6498553609695796,2.240577618144677,1.8981903901668424,1.135467852100779,1.8721996792237057
2023-01-16,1.6310175709163046,1.768789569552113,1.0590735950018915,1.601290906134506,2.2067816036971157,1.869558813500723,1.1183408900069083,1.8439601364846518
2023-01-17,1.6204705409138773,1.7573516322847873,1.0522250599643517,1.590936104610126,2.214456723461982,1.876061082586635,1.1222304458444092,1.8503733741450747
2023-01-18,1.6174380848823808,1.754063024795646,1.0502559860756149,1.5879589176361315,2.2295729022559962,1.8888673273203487,1.1298909414809868,1.8630042711334487
2023-01-19,1.5908708115523864,1.7252516147927885,1.0330049777623274,1.561875855170894,2.1956811193812404,1.860154616795393,1.112715446379625,1.8346847054497661
2023-01-20,1.6078081879236756,1.7436196907689927,1.0440029758239693,1.5785045336356427,2.214865806705303,1.87640765298659,1.122437758846138,1.8507151991774768
2023-01-23,1.6113731728193057,1.747485809817274,1.046317838298088,1.5820045436880619,2.2260210273534367,1.8858582216537947,1.1280909414569396,1.8600363672325246
2023-01-24,1.6443307925181618,1.78322735852901,1.0677183096354774,1.6143614830936681,2.2658312169169146,1.919584935090613,1.1482657348090206,1.8933012822825532
2023-01-25,1.6433840745375805,1.7822006713128697,1.0671035743726416,1.6134320198432341,2.264984956036242,1.9188679930582286,1.147836871279941,1.8925941568803781
2023-01-26,1.6363872369623538,1.774612811106092,1.0625602965707497,1.606562705508002,2.2613865902275374,1.91581950085556,1.1460133108449913,1.8895874057380702
2023-01-27,1.6774363369015637,1.8191293271183542,1.0892148333577367,1.646863651132233,2.2899218420799423,1.939994222770384,1.160474252018203,1.9134311185967563
2023-01-30,1.6802616983748777,1.8221933467790403,1.0910494339077734,1.6496375180202634,2.281108566282628,1.9325277215927972,1.1560079075994656,1.9060668514600057
2023-01-31,1.6419935825036096,1.7806927244641726,1.0662006819553564,1.612066870694167,2.25579988623897,1.9110865124788456,1.1431821111012954,1.8849192231539853
2023-02-01,1.6389463340036008,1.7773880749872077,1.064222002828095,1.60907516085682,2.2582703566291977,1.913179465258498,1.1444340827736688,1.8869835184654533
2023-02-02,1.6159736305061787,1.7524748680081894,1.049305067465922,1.586521154170626,2.2310810757773836,1.8901450337750674,1.1306552455314496,1.8642644827682024
2023-02-03,1.6171570279818848,1.7537582270283423,1.0500734865444534,1.5876829832336483,2.2264668504730745,1.8862359176347585,1.1283168732952173,1.8604088916631967
2023-02-06,1.5946872684115716,1.7293904476328172,1.0354831292906133,1.5656227538991738,2.2446277873093416,1.9016216447347083,1.1375203750059457,1.8755839518101494
2023-02-07,1.6347008955594562,1.7727840245023563,1.0614652993838318,1.6049070990931793,2.251893843128702,1.9077773597695422,1.1412026276213607,1.8816553805631921
2023-02-08,1.6490052125472663,1.7882966266586846,1.0707535649957196,1.618950707892671,2.253866741847226,1.9094487758177734,1.142202442603084,1.8833039109769787
2023-02-09,1.6461798510740349,1.785232606998088,1.0689189644457366,1.6161768410047217,2.2670766634100934,1.9206400623692548,1.1488968954718175,1.894341962375997
2023-02-10,1.6661792684137622,1.8069213744389903,1.0819052468731103,1.6358117521700886,2.287142941384638,1.9376399715485841,1.159065975697782,1.9111091026361344
2023-02-13,1.676726298416107,1.8183593117062267,1.0887537819105968,1.6461665536943877,2.290761442081304,1.9407055217859872,1.160899739982757,1.9141326782483814
2023-02-14,1.689166764379697,1.8318506234058325,1.0968317874738085,1.6583802817196358,2.3125158720533276,1.959135613018732,1.1719243327814945,1.9323104179907977
2023-02-15,1.7053645173286696,1.8494165999944407,1.107349523611368,1.6742828170199953,2.3231453558459956,1.9681407837498333,1.1773110853015858,1.9411922866597464
2023-02-16,1.6970807349985628,1.8404330868531928,1.1019705900615409,1.6661500135786778,2.3281395303374763,1.972371788268389,1.1798420061395587,1.945365358730635
2023-02-17,1.699684209445182,1.8432564766976005,1.103661112034353,1.6687060375173914,2.3402680656155543,1.982646937375123,1.185988439893874,1.9554998167709121
2023-02-20,1.7223018936999581,1.8677846759706445,1.1183475216730094,1.6909114954847435,2.3552888199776096,1.9953723396786236,1.1936005768510125,1.9680509782529343
2023-02-21,1.7110892026174462,1.855624849254483,1.1110667509037957,1.6799031651124137,2.363069506762385,2.0019640438731825,1.1975436313740213,1.9745524264440748
2023-02-22,1.7028645901611417,1.8467055040642608,1.105726238307906,1.6718284531242635,2.3451065065300107,1.9867460062816567,1.188440438908844,1.9595427597400068
2023-02-24,1.6829983050374475,1.825161114513143,1.0928264030268777,1.6523242477285025,2.3332732887658687,1.9767210466182437,1.18244366457294,1.9496550654584957
2023-02-27,1.6968440555034383,1.8401764150491802,1.1018169062458454,1.6659176477660895,2.3518002674454177,1.9924168799620878,1.1918326669966115,1.9651359857622333
2023-02-28,1.7008528144524582,1.844523793730019,1.1044199258744134,1.6698533437171421,2.334400596326712,1.9776760880153488,1.1830149554241927,1.9505970300825752
2023-03-01,1.6960156772704607,1.8392780637350912,1.101279012890884,1.6651043674219903,2.3628620546065258,2.001788292903664,1.197438499888319,1.9743790819205427
2023-03-02,1.6838562682073674,1.8260915498027894,1.0933835068588342,1.6531665737992263,2.3593807130721816,1.998838942257712,1.1956742443845512,1.9714701148528166
2023-03-03,1.7000983985616298,1.8437056523546,1.1039300587118066,1.6691126776894007,2.376533857589805,2.013370879835245,1.2043670225344678,1.9858030758730043
2023-03-06,1.715349433530021,1.8602449417270681,1.11383305958653,1.684085749739326,2.386800526418127,2.022068678095447,1.209569909641935,1.9943817807263517
2023-03-07,1.7392688550081072,1.8861848359223161,1.1293647302115928,1.7075692196760353,2.4161019983020933,2.046892532398671,1.2244191516740093,2.018865737817457
2023-03-08,1.7398753462144725,1.886842557420216,1.129758544989383,1.7081646570708988,2.410686616389186,2.042304686022398,1.2216747736086575,2.0143407098969273
2023-03-09,1.7688242069643085,1.9182367274511127,1.1485559966982042,1.7365859005254523,2.447697368140251,2.0736597494389897,1.2404308829507724,2.045266448418563
2023-03-10,1.6737678047268425,1.8151509141558446,1.086832734214268,1.643261981036832,2.3664220271230025,2.004804258771265,1.1992426035775137,1.9773537520901538
2023-03-13,1.6067283377270611,1.7424486256630671,1.0433017934147881,1.577444364615603,2.296344625328636,1.945435527433104,1.1637291555041809,1.9187979189434834
2023-03-14,1.4877968914167985,1.613471044135753,0.9660756760212019,1.4606805437800883,2.172708560464314,1.8406925413821087,1.1010735367580067,1.8154891118283183
2023-03-15,1.5374552079919013,1.6673239970197693,0.9983204616045909,1.5094337958379356,2.2291652443093124,1.8885219644145508,1.1296843507834076,1.862663637061755
2023-03-16,1.4873679098318386,1.6130058264909297,0.9657971241052236,1.4602593807447264,2.146173180192104,1.8182120865992741,1.087626079728014,1.7933164675818545
2023-03-17,1.4972492787541816,1.6237218743094197,0.9722134234110896,1.4699606534211564,2.149861506298145,1.8213367920830708,1.089495229757702,1.7963983884654169
2023-03-20,1.4692027585795544,1.5933062655313712,0.9540018912496377,1.442425304627141,2.1139008941640673,1.7908713943103542,1.0712713045120676,1.7663501339631438
2023-03-22,1.501864528909484,1.6287269744880688,0.9752102578173942,1.4744917867669916,2.159405797403071,1.8294226006306575,1.0943320341749974,1.8043734831911498
2023-03-23,1.486273267166794,1.6118187193972706,0.9650863364575712,1.4591846888614144,2.1514735888948047,1.822702529055695,1.0903121922894237,1.797745425272313
2023-03-24,1.4747943116522981,1.5993701369016287,0.9576326713957203,1.4479149469499535,2.1353843482491843,1.809071918033218,1.0821585736109764,1.7843014495172458
2023-03-27,1.4668063786912002,1.5907074635155083,0.9524458426155795,1.4400726007744724,2.13520844889062,1.808922898213793,1.0820694322818667,1.7841544701312102
2023-03-28,1.4954741825405398,1.621796835779101,0.9710607947932388,1.468217909826542,2.1595267213685028,1.8295250459587125,1.094393315370607,1.804474525800635
2023-03-29,1.5081809129361963,1.635576903258277,0.9793116946491414,1.4806930493910022,2.182571350066773,1.8490481780233101,1.106071748127671,1.8237303400635916
2023-03-30,1.5171007714094458,1.6452502218728036,0.9851036534536471,1.489450335953646,2.1987215626113747,1.8627304437047372,1.1142562658165402,1.8372252632032928
2023-03-31,1.534822148608423,1.6644685231998946,0.9966107291548374,1.506848726172679,2.232349088460027,1.8912192788578148,1.131297842166147,1.865324018897847
2023-04-03,1.560390723223686,1.6921968744416194,1.0132132493972452,1.53195129204586,2.2582374189373855,1.9131515608424385,1.144417390787695,1.8869559961267734
2023-04-04,1.549485549353887,1.6803705409066496,1.0061321597141217,1.5212448741268216,2.2533159344848883,1.9089821384500014,1.1419233074159922,1.8828436629772085
2023-04-05,1.5084277183060615,1.6358445562693245,0.9794719535298487,1.480935356525761,2.1988851049253415,1.8628689947847104,1.1143391449091742,1.837361917191652
2023-04-06,1.4802584953400117,1.6052958799992432,0.9611807463920227,1.4532795413017292,2.1636920997074807,1.8330539043523815,1.0965042233603346,1.8079550657859162
2023-04-07,1.490524810250107,1.6164293901799534,0.9678470038457347,1.463358744002049,2.1759268780712335,1.8434190613225416,1.1027044984131236,1.8181782992693243
2023-04-10,1.5000334087196971,1.6267411796382494,0.9740212509808903,1.4726940402802402,2.1860917722416513,1.8520306373175421,1.1078558087078652,1.8266719624439827
2023-04-11,1.520216894689813,1.6486295639804769,0.9871270552513077,1.4925096652706458,2.2218815557161755,1.8823513111060044,1.1259931623259116,1.8565774745752583
2023-04-12,1.5373620863052169,1.6672230093473845,0.9982599946168358,1.5093423713721845,2.247592269433891,1.9041331183096801,1.1390226992830854,1.878061037378487
2023-04-13,1.5249414795543625,1.6537532343675372,0.9901948842965699,1.4971481406088443,2.241349941347324,1.8988446930883296,1.135859245891798,1.8728450231923963
2023-04-14,1.530104351379656,1.65935221379998,0.9935473075457416,1.5022169147599014,2.2639139785750846,1.9179606738435815,1.147294127093076,1.8916992610093328
2023-04-17,1.5315454983351993,1.6609150943897488,0.9944830918771611,1.5036317956020608,2.2639690069030514,1.9180072931807057,1.1473220140526061,1.8917452420175929
2023-04-18,1.5298889221955845,1.6591185873200713,0.9934074222590892,1.5020054119536037,2.2715909732062256,1.9244645312936355,1.1511846330652054,1.8981140652854398
2023-04-19,1.5427626730922488,1.6730797835162836,1.0017667740443856,1.5146445279301952,2.27547330954572,1.9277535999120776,1.15315210255559,1.9013580987840242
2023-04-20,1.542383814871951,1.6726689231550276,1.001520768885078,1.5142725747190866,2.2738211383336515,1.9263539003469914,1.1523148241313665,1.899977564412794
2023-04-21,1.5345095067643533,1.6641294725099105,0.9964077204762979,1.5065417824887406,2.26879413464799,1.9220950833302624,1.1497672662912648,1.89577706066254
2023-04-24,1.5211751831293232,1.6496687990118175,0.9877493035953956,1.4934504880986792,2.2608744418708087,1.915385614932034,1.1457537670604503,1.8891594607378979
2023-04-25,1.490896239877849,1.616832194455694,0.9680881853744671,1.4637234040129392,2.249349039716119,1.9056214329480348,1.1399129858604578,1.879528973473278
2023-04-26,1.4854065099801932,1.6108787472606545,0.9645235223800437,1.4583337290523486,2.22936717452199,1.8886930372602693,1.1297866838884993,1.8628323675160532
2023-04-27,1.4990305487248523,1.6256536080938144,0.973370060853351,1.4717094582508947,2.245757359050514,1.9025786043181367,1.1380928132863055,1.876527808356049
2023-04-28,1.5080265743081414,1.63540952765157,0.9792114774788446,1.4805415237140407,2.2627382078818106,1.91696457506399,1.1466982763567106,1.8907168011753315
2023-05-01,1.5158711234739897,1.6439167056181423,0.9843052024235591,1.488243099384339,2.284235531794601,1.9351768491379193,1.1575925743321511,1.9086797061904324
2023-05-02,1.5048740402440681,1.6319906991425321,0.97716443295637,1.4774464472304416,2.269146492774699,1.922393596894175,1.1499458324440568,1.89607148687052
2023-05-08,1.5092942574774095,1.636784291974948,0.9800346260428702,1.4817861022930858,2.2756333897954937,1.9278892179729352,1.1532332271619867,1.901491859913229
2023-05-09,1.5491127217431964,1.6799662205603891,1.0058900704288738,1.5208788416123964,2.3099883075408787,1.9569942907859277,1.1706434272575106,1.9301984155182639
2023-05-10,1.5483382058062043,1.679126281288592,1.0053871516422197,1.5201184418787104,2.297552604067576,1.9464589124813216,1.1643413284603774,1.9198072914326287
2023-05-11,1.5414614430660805,1.6716686386341466,1.0009218423978403,1.5133670139138857,2.2793520415110358,1.9310396149480975,1.1551177454406498,1.9045991205109438
2023-05-12,1.544264825674562,1.6747088228760367,1.0027421713447948,1.5161193025203505,2.296710353829695,1.9457453682172379,1.1639144974232405,1.9191035172752788
2023-05-15,1.5567926861995287,1.688294911352641,1.0108769250840848,1.52841883226771,2.325160838029706,1.9698482759972298,1.1783324805023376,1.9428763993043006
2023-05-16,1.5587563579260881,1.6904244543630278,1.0121520020127057,1.530346714428174,2.339475591306234,1.9819755626786058,1.1855868340335987,1.9548376347801215
2023-05-17,1.5603992705242191,1.6922061437323381,1.0132187994418707,1.531959683564664,2.3399170215833722,1.9823495370962767,1.1858105396908252,1.9552064886044946
2023-05-18,1.5896222524221066,1.723897589915321,1.032194247068645,1.5606500520791684,2.349552247573622,1.990512384584204,1.1906934275993075,1.963257567425469
2023-05-19,1.5889572639900895,1.723176429933112,1.0317624481095844,1.5599971836197102,2.3474638125160183,1.9887430875401169,1.1896350617342262,1.961512496237905
2023-05-22,1.599831780724483,1.7349695167254935,1.0388236311018266,1.5706735031553785,2.36920519081748,2.0071621215546536,1.2006530402776845,1.9796793301615532
2023-05-23,1.5898230528531179,1.7241153519518972,1.0323246334226248,1.5608471927537142,2.3549811089255654,1.9951116505789879,1.1934446367021405,1.967793858602953
2023-05-24,1.5863416428220662,1.7203398673341572,1.0300640388692563,1.5574292343437894,2.344413242653916,1.986158681470056,1.1880891103773286,1.9589634767926392
2023-05-25,1.5820413842861423,1.7156763661062417,1.0272717389282324,1.5532073516305738,2.340413756193668,1.9827703646793475,1.186062272180005,1.955621554063742
2023-05-26,1.593061937691224,1.7276278252819082,1.03442774835557,1.5640270461959813,2.340415441722763,1.9827717926393096,1.1860631263633574,1.9556229624715586
2023-05-29,1.6353917112241163,1.7735331933426701,1.0619138688183374,1.6055853240622788,2.363519157457888,2.0023449825303503,1.1977715029305718,1.974928149151052
2023-05-30,1.6379134516758285,1.7762679451244061,1.0635513182078962,1.608061103676774,2.3544786588013706,1.9946859808813346,1.1931900077356248,1.9673740173291114
2023-05-31,1.5657869807312321,1.698048953636943,1.0167172176805923,1.537249198229139,2.305931570821668,1.9535574722648992,1.1685875760824398,1.9268086551623207
2023-06-01,1.5880501415349064,1.7221926828750513,1.031173423529562,1.559106594232976,2.3239120047124793,1.9687902794420191,1.1776996034830998,1.9418328892214625
2023-06-02,1.609085937228113,1.745005371513635,1.0448326606621292,1.5797589948860917,2.355648005226068,1.995676637097911,1.1937826028157776,1.9683511091216435
2023-06-05,1.6453850543865163,1.784370673861459,1.0684028766977218,1.6153965301542172,2.385923846571346,2.0213259654811027,1.209125630553122,1.9936492376023667
2023-06-06,1.6486686176486924,1.7879315996004987,1.0705350028075193,1.6186202477187597,2.416274185754626,2.047038407535983,1.2245064119033817,2.019009615579506
2023-06-07,1.6172823508505552,1.7538941359154592,1.0501548628235478,1.5878060219878047,2.3856755907471685,2.0211156461349034,1.2089998208042574,1.9934417980248995
2023-06-08,1.5954469050478153,1.730214250749839,1.0359763864557028,1.5663685455198615,2.3874703074971815,2.0226361085640367,1.2099093376881018,1.994941441731264
2023-06-09,1.620635883497282,1.7575309413505782,1.0523324223664103,1.5910984336861118,2.442662348534902,2.069394141431582,1.2378792628460848,2.041059246662336
2023-06-12,1.6394826370157045,1.777969679496469,1.0645702420924459,1.6096016892961993,2.459375880605677,2.0835536446353857,1.2463492565690137,2.055024872815252
2023-06-13,1.6623676235871583,1.8027877601037716,1.0794302199565613,1.632069577771056,2.483180918342614,2.1037209860851456,1.2584130453212732,2.074916075714934
2023-06-14,1.6765714086572592,1.8181913384147275,1.088653206872867,1.6460144869314544,2.5105317052497975,2.126892243554774,1.2722737297319664,2.097770063927378
2023-06-15,1.6789853524253509,1.820809187930651,1.0902206603143212,1.6483844345474041,2.5117033034200182,2.1278848074230554,1.272867465939582,2.0987490372513564
2023-06-16,1.6780457635466746,1.8197902320114108,1.0896105542128864,1.6474619704650066,2.5229353652767523,2.1374004750373143,1.2785595897240236,2.108134412895076
2023-06-19,1.6656711781020577,1.8063703657559707,1.0815753270472308,1.6353129222309541,2.520180737279398,2.1350667873530678,1.2771636141906775,2.1058326789085973
2023-06-20,1.666215939739179,1.806961143390016,1.0819290587762649,1.635847755129807,2.5278185930735533,2.1415374868515085,1.2810342855938965,2.112214779243785
2023-06-21,1.6682550475183973,1.8091724945338592,1.0832531188261636,1.6378496984575273,2.5309222220283623,2.1441668439462833,1.28260712595189,2.1148081342280385
2023-06-22,1.647059321803284,1.786186366589868,1.0694900338465407,1.617040282641446,2.5455930523353723,2.1565957948020875,1.2900419302819581,2.127066903383054
2023-06-23,1.6236795517265779,1.760831708131485,1.054308776705611,1.5940866285061857,2.5152622256304897,2.1308998834840507,1.2746710373603587,2.1017228297979162
2023-06-26,1.6177121627844064,1.7543602540487164,1.0504339539124945,1.5882280002382518,2.4894067207631587,2.108995410961149,1.2615681239245815,2.08011828125348
2023-06-27,1.6049577435377662,1.7405284694429395,1.0421520881100852,1.575706040992161,2.4809818271289172,2.101857942477492,1.2572986017256713,2.073078541575735
2023-06-28,1.640976983157843,1.7795902530063117,1.0655405704133372,1.6110687997251067,2.529081495468432,2.1426074025599697,1.2816742924644968,2.113270045278506
2023-06-29,1.6495682240218814,1.7889071956933755,1.0711191469471835,1.619503458010405,2.5208178094192135,2.1356065072020254,1.277486466176867,2.106365008717727
2023-06-30,1.6451451593536763,1.78411051490337,1.0682471049271518,1.6151610074097886,2.5095575173938354,2.1260669233286738,1.2717800360596765,2.0969560442850037
2023-07-03,1.6777941436440715,1.8195173577842094,1.0894471690970084,1.6472149365464117,2.552429863146033,2.162387858632008,1.2935066524248258,2.1327796601753097
2023-07-04,1.6594806422997024,1.7996569156053428,1.0775556076253827,1.6292352141417379,2.531358923614454,2.1445368122738153,1.2828284352285482,2.115173036815111
2023-07-05,1.6583887677257283,1.7984728104233125,1.0768466173907159,1.6281632398987125,2.5351366311925077,2.1477372406648927,1.284742881518996,2.1183296437804566
2023-07-06,1.63540551098724,1.7735481587713149,1.0619228294604561,1.6055988723131323,2.4991486205376936,2.117248631195181,1.2665050713986583,2.0882584954041583
2023-07-07,1.614491192536874,1.7508672085541346,1.0483424715150784,1.5850657348781025,2.4648257428941127,2.088170702370798,1.2491111084132804,2.0595787121224007
2023-07-10,1.6102361620290724,1.746252755764336,1.045579539626976,1.5808882558742192,2.445257793622382,2.071592971270534,1.2391945685221126,2.0432279693260247
2023-07-11,1.610971888671948,1.747050629211664,1.046057271243424,1.5816105732812449,2.434113764643109,2.0621518840504836,1.2335470575649508,2.033916152894719
2023-07-12,1.578613974963643,1.7119594436350656,1.0250462088190242,1.549842409720944,2.4024290438214044,2.035308969932346,1.2174900454782083,2.0074407816876247
2023-07-13,1.5997157396876063,1.734843673706186,1.0387482818227727,1.5705595770638372,2.422088631239405,2.0519643357671593,1.2274530252553557,2.023868096215621
2023-07-14,1.5967915777533184,1.7316725079129542,1.0368495268692168,1.567688710436196,2.4202365665936094,2.0503952888909667,1.2265144459139024,2.022320533298059
2023-07-15,1.5967751762019147,1.7316547209230624,1.0368388768000094,1.5676726078168388,2.4202109485623224,2.050373585603203,1.226501463346048,2.022299127179579
2023-07-18,1.611237266810517,1.7473384238325549,1.046229590036465,1.5818711146804025,2.442459226201814,2.0692220586358028,1.2377763256046355,2.0408895200865773
2023-07-19,1.6359385934752242,1.7741262707188932,1.0622689775320948,1.6061222389251475,2.4857579927454543,2.1059042525011833,1.2597190412007286,2.077069448055737
2023-07-20,1.6335140107030395,1.7714968835225635,1.060694615833787,1.6037418462098878,2.4696100140870025,2.092223879341215,1.2515356555886452,2.0635763915244043
2023-07-21,1.635800994843422,1.7739770491353515,1.0621796301944273,1.6059871481439503,2.47128402503779,2.0936420812700773,1.2523840018379744,2.0649751749183385
2023-07-24,1.6496059333660225,1.788948090344531,1.0711436328701904,1.6195404800700846,2.5003729082845467,2.1182858330386063,1.2671255093460052,2.089281495503943
2023-07-25,1.6576625704540973,1.797685271292893,1.0763750735098516,1.6274502781821383,2.5208336171624666,2.1356198993318456,1.277494477139814,2.10637821747765
2023-07-26,1.6505952200746863,1.7900209420677642,1.0717860094145728,1.6205117361977872,2.5071527111937497,2.1240296004605668,1.2705613413317562,2.0949466171801645
2023-07-27,1.6583244673129804,1.7984030785568907,1.0768048650083355,1.6281001114149791,2.5122745387544674,2.128368751122929,1.273156953504306,2.0992263546186534
2023-07-28,1.6494280041013678,1.7887551314009542,1.0710280975201523,1.619365793715684,2.4994769134376025,2.117526756988602,1.2666714419054872,2.0885328129983907
2023-07-31,1.6913457663830835,1.8342136856341928,1.0982466854653397,1.6605195695818202,2.5456574660204887,2.1566503653008264,1.2900745735022126,2.1271207266827408
2023-08-01,1.7025529376417259,1.8463675262671506,1.1055238720305487,1.6715224807337055,2.579447186731242,2.1852766099888745,1.3071983460900571,2.1553550104510997
2023-08-02,1.6700772883189106,1.811148659952696,1.0844363599818512,1.6396387273893303,2.5546225446476547,2.164245472008742,1.2946178477410812,2.1346118384362773
2023-08-03,1.6502037756924461,1.7895964323918954,1.0715318316444888,1.6201274262181058,2.516148751819887,2.1316509378013477,1.275120306325627,2.102463600407232
2023-08-04,1.6650169800433963,1.8056609076095869,1.0811505346340862,1.6346706474812356,2.541598524482341,2.153211678883731,1.288017604980881,2.123729124006641
2023-08-07,1.6571525065597403,1.7971321223187608,1.0760438721715517,1.626949510630552,2.532972943276079,2.1459041903045635,1.2836463794156154,2.1165216922101675
2023-08-08,1.66932761302092,1.8103356596078306,1.083949571042796,1.6389027155531415,2.5379568088949243,2.1501264612703017,1.286172075978663,2.1206861503112093
2023-08-09,1.6731590231770967,1.8144907088493383,1.0864374322408512,1.6426642950420187,2.5095159804646205,2.126031733742188,1.2717589861985088,2.0969213365270916
2023-08-10,1.6922164335796306,1.835157898059163,1.098812038441506,1.6613743681376179,2.5459466431274023,2.1568953526652246,1.29022112111824,2.127362359591334
2023-08-14,1.6708744114231548,1.8120131160183928,1.0849539583491068,1.640421322255662,2.5177728465630214,2.1330268513198853,1.275943356308212,2.1038206744190853
2023-08-15,1.6802548422430763,1.8221859115100199,1.0910449819948786,1.6496307868472209,2.529315747907339,2.1428058584067147,1.281793005653231,2.113465783795853
2023-08-16,1.6387475034632866,1.7771724492379293,1.0640928955892264,1.608879954170059,2.4745084550483893,2.0963737795653374,1.254018061104092,2.06766946981026
2023-08-17,1.616269106399462,1.7527953027401102,1.0494969297254801,1.5868112447676452,2.475143306109073,2.0969116177427867,1.2543397875037672,2.0681999437124094
2023-08-18,1.617993834073392,1.754665718101884,1.0506168523864003,1.5885045378314782,2.464365917180855,2.087781143561056,1.2488780804160604,2.0591944872931016
2023-08-21,1.6145277719993272,1.7509068778825345,1.0483662237685754,1.5851016476491366,2.4610104278680884,2.084938413402448,1.247177603622996,2.0563906808263557
2023-08-22,1.6416584262231808,1.7803292575441574,1.0659830539094473,1.6117378229183765,2.5148144132923163,2.1305205022610862,1.2744440974366305,2.1013486432001867
2023-08-23,1.6342447068813435,1.7722893015821493,1.0611690810033898,1.6044592248367826,2.516995828761166,2.132368571190455,1.2755495834135033,2.103171407699823
2023-08-24,1.636078564493467,1.7742780650842773,1.0623598653386574,1.6062596588540503,2.5207561481605762,2.1355542685258717,1.2774552178164733,2.1063134853124628
2023-08-25,1.6209877904924717,1.7579125739176598,1.0525609272048295,1.59144392688082,2.5071104443246512,2.1239937924777963,1.270539921555587,2.0949112994932744
2023-08-28,1.6485691988511038,1.7878237829004657,1.0704704468976072,1.6185226409122375,2.549781934914456,2.160144565705074,1.2921647496238355,2.1305670832283554
2023-08-29,1.6431815007258086,1.7819809860981213,1.066972036503944,1.613233138109281,2.544619316888727,2.1557708578517145,1.2895484658792244,2.1262532617684555
2023-08-30,1.6473782589781776,1.7865322443770568,1.0696971302913723,1.6173534069185178,2.56479010753849,2.172859308911559,1.2997705104755755,2.143107731561582
2023-08-31,1.669692961110072,1.8107318686376237,1.0841868036275981,1.6392614048665892,2.5898311885083927,2.194073811311087,1.31246069455709,2.1640317573036976
2023-09-01,1.693156839561925,1.8361777401027362,1.0994226751153164,1.6622976344312343,2.6152373946003884,2.2155976433193523,1.3253359147805233,2.1852608772014106
2023-09-04,1.721344911402848,1.8667468574115091,1.1177261214503345,1.689971954993568,2.6567840653281443,2.2507954826980012,1.3463907127001091,2.21997677500357
2023-09-05,1.727082661017353,1.8729692745404285,1.1214518318410818,1.695605129303408,2.660083383854646,2.2535906256425653,1.348062723564783,2.222733645837658
2023-09-06,1.7547199890035026,1.9029411266797827,1.139397661995501,1.7227387437801762,2.6880311078093264,2.27726760099401,1.362225920515846,2.2460864274593506
2023-09-07,1.7780915554961216,1.9282868885976103,1.1545735922782496,1.7456843438485579,2.697801941800571,2.2855453339481815,1.3671775311163565,2.254250818693118
2023-09-08,1.7593161968098971,1.9079255760029603,1.142382131575531,1.727251181839902,2.6800666465298484,2.270520205259476,1.35818973374467,2.2394314195132408
2023-09-11,1.773875861625764,1.92371509520968,1.1518362029684588,1.7415454845388705,2.6934140792992656,2.281827989650041,1.3649538738016878,2.250584373620698
2023-09-12,1.7862325510224737,1.9371155537386562,1.1598598096389516,1.7536769628955162,2.7258475423989204,2.3093052292140848,1.3813903294654957,2.2776853848597414
2023-09-13,1.807190858078636,1.9598442082776653,1.1734687308393856,1.7742532872070642,2.7491988248146577,2.3290881546171907,1.3932241665411118,2.2971974352766367
2023-09-14,1.8506195144104356,2.006941281729912,1.2016683922088098,1.8168904198105362,2.802737083393573,2.374445122890808,1.4203559967359325,2.341933359498106
2023-09-15,1.887208933418183,2.046621407714402,1.2254271108262895,1.8528129659330375,2.872992341917977,2.4339645323099464,1.4559595780845431,2.4006378075868464
2023-09-19,1.9153269105866515,2.0771145094561265,1.2436850423746673,1.8804184693571797,2.9074476885157994,2.4631546872379473,1.4734206729727501,2.4294282803317273
2023-09-20,1.8483464443188244,2.004476205485121,1.2001924126997348,1.8146587783300225,2.8293469955875596,2.396988720220694,1.433841224651632,2.364168281720977
2023-09-21,1.827057690949798,1.9813891918444606,1.1863689217909417,1.7937580303671352,2.8246305051842984,2.392992966319431,1.4314510270596026,2.3602272391306474
2023-09-22,1.8487169447302514,2.0048780020536756,1.2004329908576141,1.8150225260603452,2.816568258733646,2.386162728164835,1.4273652852462884,2.353490523072922
2023-09-25,1.8450019270915572,2.0008491770016357,1.1980207071665825,1.8113752177375855,2.80594409161768,2.377162061658244,1.4219812270829677,2.3446130969550083
2023-09-26,1.8421680996205008,1.9977759762206664,1.1961806093645087,1.8085930391517304,2.7978654192929016,2.370317907700793,1.417887161053674,2.3378626556346456
2023-09-27,1.8519513131866265,2.0083855775033443,1.2025331731546873,1.8181979454357307,2.796289081403609,2.368982453214022,1.4170883130321437,2.336545486674828
2023-09-28,1.873780796885817,2.0320589969467315,1.2167077781317193,1.839629568464468,2.8089631000191813,2.3797197292387624,1.423511183892929,2.3471357440238227
2023-09-29,1.818836587226382,1.9724736517696746,1.1810306875312395,1.7856867631622708,2.738583323968766,2.3200948300702984,1.3878445002234419,2.288327250589646
2023-10-02,1.7847705764261084,1.9355300861979547,1.1589105012322347,1.7522416340137772,2.7108663220089237,2.2966133196158762,1.3737982273216909,2.265167257488747
2023-10-03,1.681991759596498,1.8240695462130971,1.0921728198174205,1.6513360474234016,2.620348192110262,2.219927449455399,1.3279259372033414,2.189531398062224
2023-10-04,1.6204085831057016,1.7572844409026669,1.0521848287125164,1.5908752760350295,2.5106806672772715,2.1270184423915226,1.2723492199055773,2.0978945348039013
2023-10-05,1.6123276687271317,1.748520931961909,1.046937624026054,1.5829416431064856,2.5661007907568556,2.173969703958581,1.300434731454439,2.144202922677084
2023-10-06,1.5943634055361533,1.7290392280713494,1.0352728344256936,1.5653047936966047,2.5525187106780054,2.162463129191714,1.2935516780983303,2.1328539001032216
2023-10-10,1.697672939171256,1.841075314492174,1.1023551277963464,1.6667314243330538,2.6466230298955353,2.2421871757792284,1.3412413579157225,2.2114863361437607
2023-10-11,1.69351732644868,1.8365686773045313,1.0996567511607953,1.6626515511417803,2.646557729482759,2.2421318540554895,1.341208265324403,2.211431771905118
2023-10-12,1.705573610106417,1.8496433548320004,1.107485294460049,1.674488098906294,2.6808759118496974,2.2712058050980146,1.3585998488627844,2.2401076318702486
2023-10-13,1.6990147514720566,1.842530469632299,1.1032264108545837,1.6680487809779638,2.6431199079289995,2.2392193730132757,1.339466064641891,2.20855916960915
2023-10-16,1.7310279897226288,1.8772478650269957,1.124013664116753,1.6994785510801702,2.6453918616546366,2.2411441448640628,1.3406174331086784,2.210457586785999
2023-10-17,1.7215852359940391,1.8670074822127287,1.1178821721473338,1.6902078994672856,2.6510108842890414,2.2459045132085387,1.3434650111215645,2.215152774441401
2023-10-18,1.7667161915134573,1.9159506480069637,1.147187192620515,1.7345163054262753,2.686055481604501,2.2755938742522126,1.3612247233133123,2.24443561799085
2023-10-19,1.7509448902169635,1.8988471454273872,1.136946365630189,1.7190324493389404,2.654920212425366,2.249216448952378,1.345446159369303,2.218419361960412
2023-10-20,1.7733050907217087,1.923096111306809,1.1514655825631002,1.7409851164138126,2.653270588109364,2.2478189070869843,1.3446101716473444,2.217040955744868
2023-10-23,1.7268122958522711,1.8726760716390654,1.1212762748069622,1.6953396917704826,2.6191792685657926,2.2189371514978613,1.327333556428152,2.188554659623318
2023-10-24,1.7262815790467791,1.8721005252030984,1.1209316628511237,1.6948186477244092,2.6091961772015124,2.210479596652015,1.3222743791798712,2.1802129086844046
2023-10-25,1.7453273028980856,1.8927550406991116,1.1332986805879617,1.71351724726599,2.641955900574649,2.2382332399928355,1.3388761752670395,2.2075865390795126
2023-10-26,1.721665344191103,1.8670943571464687,1.1179341890463335,1.6902865476251916,2.608403368013979,2.209807938250706,1.3218726036118194,2.179550446873412
2023-10-27,1.7636320259265377,1.9126059630580148,1.145184542009041,1.7314883513469255,2.662085967420571,2.2552871903362233,1.349077582073518,2.2244069805524993
2023-10-30,1.7422030832126654,1.8893669182833268,1.1312700215270082,1.710449969107718,2.60866852034696,2.2100325721157947,1.3220069760823694,2.1797720049701867
2023-10-31,1.760567887388962,1.9092829968425857,1.1431948956223679,1.7284800593071288,2.6382183754157036,2.2350668536635854,1.3369820924064266,2.2044635080597423
2023-11-01,1.7855051886201891,1.9363267510590367,1.1593875092002606,1.752962857283773,2.7152561659734054,2.3003323425857696,1.3760228887915913,2.2688353582479373
2023-11-02,1.7860841618485543,1.9369546301362726,1.1597634556457854,1.7535312782388923,2.697547432957042,2.2853297171192497,1.3670485524960396,2.25403815416797
2023-11-06,1.7498742111889856,1.8976860261784012,1.136251138363804,1.7179812843352877,2.692258176770803,2.2808487229405423,1.364368091746828,2.2496185153859813
2023-11-07,1.7345917303476461,1.8811126347011684,1.126327718644854,1.7029773395398533,2.6579275081388314,2.2517641936845676,1.3469701804863345,2.2209322220481345
2023-11-08,1.6536560977940333,1.793340372023761,1.0737735384442377,1.6235168268505056,2.5428312792002954,2.154256053843163,1.2886423337742192,2.124759199005524
2023-11-09,1.6689506405776249,1.8099268443150969,1.0837047903807993,1.638532613749166,2.5888976304203224,2.1932829121353175,1.311987591019642,2.1632516874061523
2023-11-10,1.6947752589527836,1.8379328673243907,1.1004735682957827,1.6638865567697207,2.6163860007563184,2.2165707286298613,1.3259179992190282,2.1862206386750884
2023-11-13,1.7034477954365363,1.8473379726693957,1.1061049327613863,1.6724010289938007,2.6279547860524763,2.2263716642891462,1.3317807658936862,2.195887376370348
2023-11-14,1.7332649166991883,1.8796737451490386,1.1254661747071144,1.701674708184253,2.665305606385656,2.2580148297153895,1.3507092133594052,2.227097272104478
2023-11-15,1.7057154405811203,1.8497971657220693,1.1075773896731254,1.674627344401502,2.676129365480619,2.2671845881442687,1.3561944196703524,2.2361414748767814
2023-11-16,1.7130008537051544,1.8576979774444287,1.1123080491129314,1.68177997475385,2.6794979082974,2.2700383770743633,1.357901511647843,2.238956188694306
2023-11-17,1.731371191764683,1.8776200573338475,1.124236516541504,1.699815497976824,2.701434727287721,2.288622986088148,1.3690185345704806,2.2572863305042894
2023-11-20,1.744470461057203,1.8918258214571286,1.132742304871996,1.7126760220871409,2.715568478293135,2.3005969298240063,1.3761811607461065,2.2690963226617917
2023-11-21,1.7283195203733162,1.8743106113640424,1.122254965484759,1.696819445859028,2.7019357892341027,2.2890474797382665,1.3692724600437247,2.257705011833466
2023-11-22,1.7373177292980078,1.8840688986899745,1.1280977998259594,1.705653654870346,2.7100327732314144,2.295907147124286,1.3733758059637535,2.2644707541669087
2023-11-24,1.738125879429361,1.8849453132353842,1.1286225584062317,1.7064470757869583,2.7188560787665974,2.3033821453750756,1.3778472331990033,2.2718434020318554
2023-11-27,1.7649878248387287,1.9140762862581182,1.1460649070361495,1.7328194396854888,2.7287321215593225,2.311749009959553,1.3828521609490165,2.280095704473335
2023-11-28,1.7590774731320944,1.907666687344229,1.142227120404486,1.727016809101581,2.7234164175837727,2.3072456095320706,1.3801582971316502,2.2756539662370523
2023-11-29,1.7152202510807297,1.8601048472406896,1.1137491771542238,1.6839589217486461,2.6785096138541684,2.269201105917316,1.3574006691152694,2.238130381757464
2023-11-30,1.7205998773279414,1.865938890333684,1.1172423462107657,1.6892404997902752,2.6942318011699053,2.2825207537766246,1.365368274485044,2.2512676521697212
2023-12-01,1.7352274670763137,1.8818020720896431,1.1267405235065002,1.7036014894328182,2.7087794974644823,2.294845386979155,1.3727406776237918,2.263423532026588
2023-12-04,1.7071760839354728,1.8513811895707903,1.1085258336604211,1.6760613663042314,2.670946970451145,2.2627941254513755,1.353568113442351,2.2318111279906843
2023-12-05,1.6968368458107381,1.840168596353985,1.1018122247541777,1.665910569476092,2.6603271005420654,2.2537970994867362,1.3481862329943808,2.2229372925671025
2023-12-06,1.7170098058049508,1.8620455655914836,1.11491119416068,1.685715860335344,2.711437802457663,2.2970974709736236,1.3740878391041138,2.2656447796705916
2023-12-07,1.681556901644914,1.8235979558251618,1.0918904521824475,1.6509091151231317,2.6830119995984405,2.2730154729284795,1.3596823639019076,2.241892521072748
2023-12-08,1.652008045823599,1.7915531091595442,1.0727034038508398,1.621898812011088,2.6172300628101817,2.217285807842638,1.326345748438506,2.186925926764057
2023-12-11,1.693612987428692,1.8366724187642656,1.0997188669956024,1.6627454686201057,2.6583610020155897,2.2521314444793603,1.3471898641773417,2.221294444311911
2023-12-12,1.6804791028367023,1.8224291153883483,1.0911906018075308,1.6498509601032183,2.6442643202549356,2.240188905361492,1.3400460237538296,2.2095154267689843
2023-12-13,1.6623568219908615,1.8027760460970046,1.0794232061232183,1.6320589730429211,2.6258605116923426,2.224597420258239,1.330719440818334,2.1941374259319
2023-12-14,1.6246434017463514,1.7618769745295846,1.0549346363675096,1.5950329115500115,2.5514960502294626,2.161596743568601,1.2930334197467646,2.131999377346137
2023-12-15,1.650682257909113,1.7901153319850995,1.0718425259560567,1.6205971876945964,2.569858058725929,2.177152816158943,1.3023388194699856,2.1473424505512746
2023-12-18,1.6318255477868577,1.7696657962013895,1.059598241078202,1.6020841569481414,2.5502849024955085,2.160570673785949,1.2924196408243505,2.1309873568829136
2023-12-19,1.6442154650599048,1.783102289364285,1.0676434237065966,1.6142482575751769,2.5731453581636035,2.179937776676116,1.3040047393655878,2.1500892783794585
2023-12-20,1.648478970079929,1.787725932508065,1.0704118583754696,1.6184340566361817,2.5947991491538716,2.1982826077748236,1.3149783308834389,2.168182925400501
2023-12-21,1.6274189721285497,1.7648869972473853,1.056736905917067,1.5977578948313709,2.5483039243820635,2.158892412971586,1.2914157314104047,2.1293320754240144
2023-12-22,1.6323501401271707,1.7702347008388126,1.0599388762164574,1.6025991881525565,2.551932811505812,2.161966762465001,1.2932547592729302,2.13236432980967
2023-12-25,1.6315870967231114,1.7694072031844144,1.059443406924471,1.6018500518552574,2.553214136978559,2.163052285983288,1.2939041024916607,2.1334349899464273
2023-12-26,1.640533780635423,1.7791096131819264,1.0652527843728292,1.6106336749408112,2.5554078621487606,2.164910783543481,1.2950158267126548,2.135268040284294
2023-12-27,1.6689094572230043,1.8098821822039148,1.0836780486680127,1.638492180995765,2.5844923643664126,2.1895508237568833,1.3097551140263628,2.1595707001347297
2023-12-28,1.6623377459057451,1.8027553586556282,1.079410819390909,1.632040244635474,2.583135953480097,2.1884016887799596,1.3090677194263372,2.158437299530488
2023-12-29,1.646390138761384,1.7854606576792227,1.0690555111887001,1.6163832960223914,2.5883310294669633,2.1928028946273255,1.3117004520415954,2.162778242471892
2024-01-04,1.7108746888474118,1.8553922155136047,1.1109274600257206,1.6796925610359625,2.6416909952345273,2.2380088153771247,1.3387419279661998,2.207365187366997
2024-01-05,1.7037580629754663,1.8476744484967662,1.1063063997251559,1.6727056416463046,2.6372426391494668,2.2342402216429367,1.3364876140391218,2.203648194584386
2024-01-09,1.706961726781604,1.8511487256754384,1.1083866444783976,1.6758509159894857,2.667396429583984,2.259786149963555,1.351768789473575,2.2288443387936767
2024-01-10,1.7172347299089936,1.86228948902693,1.1150572448125669,1.6859366850087236,2.7046192996105365,2.2913209174300526,1.3706323949723545,2.259947320792222
2024-01-11,1.730800059124969,1.877000681139519,1.123865661249231,1.699254774709044,2.738333179545304,2.319882910725516,1.3877177333804087,2.288118232921356
2024-01-12,1.7439279877474712,1.891237525445409,1.1323900590295386,1.7121434358089889,2.7622976547259217,2.3401853256585494,1.3998623209812573,2.3081426598292123
2024-01-15,1.765916233796917,1.9150831178893675,1.146667753645845,1.7337309276108366,2.789960328076075,2.36362080956875,1.4138810615229365,2.3312572565980187
2024-01-16,1.7507904484096917,1.8986796579259182,1.1368460814622179,1.7188808223632892,2.7632442800448964,2.3409872952350614,1.4003420466595715,2.3089336485475576
2024-01-17,1.7263787666397548,1.872205922228741,1.1209947699661653,1.694914063991895,2.7437151130999857,2.3244424200552896,1.3904451606670134,2.2926153117965
2024-01-18,1.711903171323887,1.8565075738698207,1.1115952876771085,1.6807022985556956,2.7328957519073027,2.3152763874762887,1.3849621831012862,2.2835747838583873
2024-01-19,1.7239435092816005,1.8695649587645287,1.1194134769065167,1.6925231912439584,2.7622882401455655,2.3401773497393865,1.3998575499109542,2.308134793119226
2024-01-22,1.7420069716275761,1.889154241159328,1.131142679795598,1.71025743182094,2.799926905173893,2.372064373726817,1.4189318697602458,2.339585208414722
2024-01-23,1.7378280227144234,1.8846222965738855,1.1284291502005148,1.706154647760758,2.79619063375021,2.3688990495469913,1.4170384222608337,2.336463225001041
2024-01-24,1.733276692214963,1.8796865153422295,1.1254738209385515,1.7016862690813648,2.780301371546206,2.3554378578532815,1.4089861475794567,2.323186348823875
2024-01-25,1.7419005768886127,1.88903885926039,1.1310735941764773,1.7101529762154333,2.7823370931592035,2.357162496701565,1.4100177996091237,2.324887373291842
2024-01-26,1.7264142315527424,1.8722443828617203,1.1210177985058722,1.6949488825270642,2.747793933268181,2.327897947408499,1.3925122031733654,2.296023524816511
2024-01-29,1.7383245314961677,1.8851607454355044,1.1287515497563556,1.7066421072530409,2.768440669942885,2.345389614212116,1.4029754451316285,2.3132756893772752
2024-01-30,1.7437624848202373,1.8910580424915515,1.1322825925109345,1.7119809493115754,2.774317133558746,2.3503680834574836,1.4059534876978912,2.3181859916169696
2024-01-31,1.7551230786124155,1.9033782652542248,1.139659401396003,1.7231344867424954,2.7902935102851023,2.363903077526007,1.4140499098074943,2.331535659640079
2024-02-01,1.7415703512622,1.8886807394865672,1.1308591677671223,1.7098287692283496,2.7655523823419803,2.3429426917204883,1.4015117343046124,2.310862271035447
2024-02-02,1.7204126150523076,1.8657358100200083,1.1171207506283518,1.6890566505268572,2.76419894028386,2.3417960718990787,1.4008258442313424,2.309731351148298
2024-02-05,1.746553385171396,1.8940846901002681,1.1340948163158155,1.7147209831603385,2.8053408673857296,2.376651017349431,1.4216755283571392,2.3441090500501316
2024-02-06,1.7368695280112803,1.8835828378558301,1.1278067679226356,1.70521362242842,2.816216268044029,2.385864525889203,1.4271869053012864,2.3531964038909496
2024-02-07,1.7393691081275224,1.8862935574193143,1.1294298278742319,1.7076676455981672,2.8295736601363393,2.397180747698251,1.4339560924902945,2.364357679888697
2024-02-08,1.7624378136521441,1.9113108757134982,1.1444091005244188,1.7303159045940029,2.8660307249253107,2.4280667341848154,1.4524316073372698,2.3948207642516786
2024-02-09,1.7555357472666016,1.9038257920155677,1.139927360787077,1.7235396341639444,2.85095583507117,2.415295468944003,1.4447920358871582,2.3822243678043082
2024-02-13,1.8445611152137993,2.0003711297595856,1.197734473450637,1.8109424400264456,2.9391269369691466,2.489992965231478,1.4894749118021446,2.4558990788937116
2024-02-14,1.8130744689105802,1.9662248075160906,1.1772891537376378,1.780029664291177,2.8885235796402315,2.447122409971953,1.463830415048254,2.4136155228179854
2024-02-15,1.8705486852612427,2.0285538689633693,1.214609061270097,1.8364563647882288,2.9473494459462373,2.4969589758695285,1.4936418705950418,2.4627697083888282
2024-02-16,1.911477293874603,2.0729397157515934,1.2411853590583697,1.8766390151421992,2.9854010907259916,2.5291958713316824,1.5129254780974442,2.4945652045919817
2024-02-19,1.9462940259456067,2.1106974159942,1.2637930134810869,1.9108211830358894,3.003619313005347,2.5446301299695206,1.5221580106163415,2.5097881317654127
2024-02-20,1.913218936794345,2.074828475189417,1.2423162653472481,1.8783489151572859,2.997662288979096,2.539583410914107,1.5191391420793963,2.5048105142168136
2024-02-21,1.8952219599572493,2.0553112943321667,1.2306302336956572,1.8606799483349574,2.9778993172928896,2.5228404591716185,1.5091237697798876,2.488296813039141
2024-02-22,1.9043494589624288,2.0652097928672797,1.2365570203576555,1.8696410910064827,3.0265106143753244,2.5640233649670585,1.5337587409761684,2.5289158275590413
2024-02-26,1.9094856929432704,2.070779884357458,1.2398921467743529,1.8746837128101705,3.0417825134122576,2.576961534016301,1.541498151678363,2.5416768425073917
2024-02-27,1.9121949152628022,2.0737179545939997,1.2416513343347872,1.8773435572780175,3.058856001818967,2.5914259878954202,1.550150562133613,2.5559432438404284
2024-02-28,1.9225560780028144,2.0849543243975877,1.2483791796180845,1.8875158791269109,3.061561049702317,2.5937176719038355,1.551521411723943,2.5582035492806323
2024-02-29,1.929321070640054,2.092290755732367,1.2527719128419563,1.894157574092829,3.074613127296223,2.6047752349446465,1.5581358732766195,2.5691097081597647
2024-03-01,1.9569006958319661,2.1222000309244207,1.2706802746656696,1.921234537457237,3.115480755489905,2.639397797661485,1.5788465496797688,2.6032582061967138
2024-03-04,1.9461623718441685,2.110554641075299,1.263707526123382,1.910691928440998,3.102929221812303,2.628764289401946,1.5724857510758448,2.5927702957870618
2024-03-05,1.9679831968706785,2.1342186704482193,1.277876508738174,1.932115050608635,3.1389385735886086,2.6592709788129203,1.5907343763347368,2.622859276547513
2024-03-06,1.9923032767898035,2.160593066689368,1.293668340126116,1.9559918766498656,3.1692590862317607,2.6849581521820007,1.6061000423517091,2.6481947318268584
2024-03-07,1.937181998331684,2.1008156957182353,1.2578762729045811,1.9018752297765231,3.170324825537479,2.6858610336944087,1.6066401319743866,2.649085250758291
2024-03-08,1.9178974934186381,2.079902229332334,1.2453542067354122,1.8829422011585555,3.1882818589967856,2.7010740163076083,1.6157403006304603,2.6640899316986286
2024-03-11,1.864274708889782,2.021749930021606,1.2105351611299853,1.8302967369043426,3.0904072131836364,2.618155794408497,1.5661399150171265,2.5823070561527928
2024-03-12,1.8596945065971282,2.01678283819737,1.2075610844588238,1.8258000126444303,3.0605416642677286,2.592854060833127,1.5510048130663012,2.5573517630857743
2024-03-13,1.8500787292983956,2.006354816517886,1.2013172425688894,1.816359490961255,3.0583748640544575,2.591018373772373,1.549906733729897,2.555541210917719
2024-03-14,1.8585878450027589,2.0155826969358355,1.2068424925232748,1.824713520886873,3.063895090420244,2.5956950431072023,1.5527042443021308,2.5601538456006567
2024-03-15,1.8819230490531915,2.0408890248772242,1.2219948114709551,1.8476234212491105,3.0738951337370595,2.6041669594432,1.5577720123695729,2.5685097613869923
2024-03-18,1.9284293111759303,2.091323669376697,1.2521928639595978,1.8932820676937419,3.1368411012787707,2.657494025517514,1.5896714306196649,2.6211066539407977
2024-03-19,1.9777472350528786,2.1448074766029452,1.284216621318046,1.9417011309961836,3.1789313039400118,2.6931523386081806,1.6110016767237123,2.656276720481982
2024-03-21,2.0278700037257678,2.1991641138376212,1.3167629909932803,1.9909103701223385,3.26059052719657,2.7623330496885847,1.6523844978696811,2.724510184187283
2024-03-22,2.0635796965136346,2.237890203158415,1.3399504743114474,2.0259692237740152,3.3037220512951295,2.7988735577674477,1.6742424592406324,2.7605503663830775
2024-03-25,2.037125718878962,2.209201658934403,1.3227730326362408,1.9999973920949192,3.2611219296978016,2.7627832474915888,1.6526537991658237,2.7249542177187656
2024-03-26,2.042261899484601,2.214771692540776,1.3261081243946555,2.005039961496212,3.264277718715131,2.765456793963524,1.6542530729192395,2.7275911570232085
2024-03-27,2.052253624023532,2.2256074177110268,1.3325960812483448,2.014849578465453,3.2899295912146704,2.7871887515953833,1.6672527906409287,2.7490255528130287
2024-03-28,2.042224834263716,2.214731496421946,1.3260840567221595,2.0050035718201014,3.2631489064226478,2.7645004777758855,1.6536810195081946,2.7266479350634887
2024-03-29,2.045534228983837,2.2183204356013033,1.3282329560510304,2.0082526500425772,3.2836275051147386,2.7818497001043663,1.6640590534056308,2.7437596055505082
2024-04-01,1.9767961203053752,2.143776021225131,1.2835990310891852,1.9407673511135968,3.1761843328322885,2.69082513774867,1.6096095815076346,2.653981384500283
2024-04-02,1.9774712413788917,2.1445081697527213,1.2840374095071374,1.941430167538655,3.203593094689645,2.71404551089829,1.6234996461511817,2.6768838158830235
2024-04-03,1.960745810400105,2.126369942189102,1.2731770345911835,1.9250095715836615,3.2100078913697425,2.719480049436222,1.6267505022469615,2.6822439427491966
2024-04-04,1.9674091629133657,2.1335961478620935,1.2775037695245288,1.9315514789022064,3.2477456944769583,2.7514510620108465,1.6458750627576724,2.713777196629703
2024-04-05,1.9704472077441704,2.1368908162362303,1.2794764724053014,1.9345341528149487,3.244490172096481,2.7486930226340576,1.6442252466678877,2.7110569213278897
2024-04-08,1.9958752268075992,2.1644667392034473,1.2959877252841732,1.959498724879251,3.2799463995156115,2.7787311117471205,1.6621935625455293,2.7406837180355827
2024-04-09,2.0320543177609034,2.2037018767367176,1.3194800043393216,1.9950184215206503,3.3168088167539804,2.809960507949932,1.680874499722592,2.771485510024486
2024-04-10,2.0126145301372187,2.182620010914902,1.306857107975843,1.975932940349835,3.290800953304674,2.7879269590701905,1.6676943748256166,2.7497536524834802
2024-04-11,1.9687501568265098,2.135050415485385,1.2783745211766226,1.9328680320752623,3.3022342303140872,2.7976130937399435,1.673488469340897,2.7593071610859736
2024-04-12,2.0677155076167186,2.2423753660844423,1.3426359931012486,2.0300296562469398,3.3603320406693573,2.8468328593990453,1.7029309646160582,2.807852991870807
2024-04-15,2.054781852530267,2.2283492055935725,1.3342377435463848,2.017331727884721,3.362475460480606,2.848648738864616,1.7040171953583094,2.809644007656453
2024-04-16,1.9931007566424648,2.161457909638008,1.2941861701419046,1.9567748217625756,3.2453708526085903,2.749439124563915,1.6446715531923188,2.7117928073596516
2024-04-17,1.9757695663442874,2.142662754285931,1.2829324556865533,1.9397595069604383,3.1891396798960567,2.7018007518486113,1.6161750224834748,2.6648067165131524
2024-04-18,1.9702761154173105,2.1367052717463504,1.279365376504855,1.9343661787894106,3.196765015088529,2.708260844044006,1.6200393487636395,2.6711783547843324
2024-04-19,1.9372737928030626,2.100915244065483,1.257935878087589,1.9019653512165824,3.1672090803465562,2.683221411870231,1.605061151415543,2.646481771593031
2024-04-22,1.9610186332996635,2.126665810429689,1.273354187513498,1.9252774220567883,3.1976520273242754,2.7090123101339185,1.620488864044857,2.6719195315281254
2024-04-23,1.9632104647301285,2.129042785786395,1.2747774160758956,1.9274293055189704,3.2099192756689905,2.7194049752811362,1.6267055940596353,2.6821698965366587
2024-04-24,1.9630162518185472,2.1288321677167907,1.2746513072159225,1.9272386323007815,3.2367460385502933,2.7421322859032693,1.6403007163981658,2.704586016582781
2024-04-25,1.915378599083243,2.0771705640782634,1.2437186054232088,1.8804692157875178,3.1612822060712484,2.6782002353209298,1.602057562006921,2.6415293468132908
2024-04-26,1.9582950284208773,2.1237121427396026,1.2715856608821627,1.922603457163906,3.2144656951504724,2.7232566471444666,1.6290096040263429,2.6859688299125506
2024-04-30,1.9986543210896786,2.167480583484831,1.297792283018347,1.962227167834457,3.267346415022941,2.7680565565402158,1.6558082102986196,2.73015532270825
2024-05-01,1.9702462991112704,2.1366729368579547,1.27934601579226,1.9343369059105842,3.2149060685613646,2.7236297261977747,1.629232774090588,2.6863368006322146
2024-05-02,1.9868798072108926,2.154711476819939,1.290146702145788,1.9506672543580728,3.2488527952603374,2.752388984469295,1.646436113327125,2.7147022767138416
2024-05-07,1.9847045427595464,2.152352467854513,1.2887342310702785,1.9485316359279037,3.255015271469647,2.757609760141342,1.6495590998143332,2.719851567632782
2024-05-08,1.93722776423404,2.100865327464803,1.2579059902170127,1.9019201615568797,3.1965441073453564,2.7080736936628678,1.619927398327903,2.6709937669340587
2024-05-09,1.9519429123053926,2.1168234635923007,1.267461022024645,1.9163671136984446,3.2156519604760407,2.7242616368502226,1.6296107731759126,2.6869600589349325
2024-05-10,1.9811942176551764,2.1485456257081967,1.286454861004497,1.9450852894461517,3.2506547168322597,2.753915550736832,1.6473492814317943,2.7162079406826414
2024-05-13,1.9675108988047914,2.1337064773808003,1.2775698300000222,1.9316513605715835,3.2234987699113202,2.7309093593584266,1.633587336979446,2.6935167584166604
2024-05-14,1.9571462796298826,2.122466359177378,1.2708397403393514,1.9214756452842219,3.199117321425629,2.710253689660088,1.6212314378938888,2.673143913635805
2024-05-15,1.9560175848123038,2.1212423235470204,1.2701068415040302,1.920367521877449,3.1807899587773036,2.694726968615288,1.6119435958069015,2.6578297900842074
2024-05-16,1.9616926454963781,2.1273967564136917,1.2737918459011073,1.925939149815255,3.198609401811625,2.7098233862764998,1.6209740371287993,2.6727195021221357
2024-05-17,1.9639942563761856,2.1298927842860857,1.2752863578869003,1.9281988119041344,3.222943457383014,2.7304389052682696,1.6333059186886203,2.6930527459544518
2024-05-20,1.9909165757911402,2.159089231104601,1.2927679093533058,1.9546304494413043,3.270561745013391,2.7707805454079355,1.6574376579055607,2.732842013732908
2024-05-21,2.00219720661145,2.171322736425897,1.300092795638892,1.9657054812926624,3.299242493127694,2.795078530004625,1.671972332890379,2.7568073015161345
2024-05-22,1.97631092796487,2.1432498447041564,1.2832839796725182,1.9402910018109087,3.267706587877865,2.768361690647814,1.6559907367572677,2.7304562788090307
2024-05-23,1.9738092685613544,2.140536870216074,1.2816595695709991,1.9378349372506447,3.2875079109459384,2.7851371332194175,1.6660255445634249,2.7470020259396075
2024-05-24,1.9660242224263655,2.13209422149935,1.2766044819101063,1.9301917801185042,3.278574781317134,2.777569093318371,1.6614984612657906,2.739537610384408
2024-05-27,1.9850688416446287,2.1527475390540043,1.288970782372214,1.9488892951599066,3.3439059978388133,2.8329169136193024,1.6946066631411751,2.794127588265408
2024-05-28,1.9874799527695184,2.1553623166534512,1.2905363964848515,1.9512564617599553,3.393038624725689,2.8745414837502614,1.719505831046595,2.835182219692636
2024-05-29,1.9651798070868847,2.131178478424918,1.2760561751320525,1.9293627549576338,3.3495293404307422,2.837680941779797,1.6974564303988573,2.798826385625301
2024-05-30,1.9374109665681194,2.1010640048937996,1.2580249495452425,1.902100024874587,3.3116199276851375,2.805564543585049,1.6782449024803123,2.7671497367972857
2024-05-31,1.9651292685117507,2.1311236708580648,1.2760233587655045,1.9293131374904686,3.3874295208428933,2.8697895184527655,1.7166632796052028,2.830495320026648
2024-06-03,1.9849373992374801,2.1526049937112033,1.2888854324746064,1.9487602484009994,3.418206535329487,2.895863434689086,1.7322602891665608,2.8562122227496953
2024-06-04,1.9543089642926967,2.1193893759103464,1.268997377750567,1.918690042401526,3.3605611797460715,2.8470269832668866,1.7030470864826537,2.808044457724276
2024-06-05,1.903432500635533,2.0642153791017575,1.2359616090211691,1.8687408450150564,3.3046253663069907,2.799638835373064,1.6747002363548835,2.7613051655302923
2024-06-06,1.9240200753461851,2.0865419855466643,1.249329801461261,1.8889531938893922,3.333043043916736,2.8237139498046475,1.6891015938869423,2.7850506347675075
2024-06-07,1.9236389522869188,2.086128669035569,1.2490823256671846,1.8885790171179069,3.3132776666691974,2.8069689600995518,1.679085002510024,2.768534923531751
2024-06-10,1.9544891315570698,2.1195847618974013,1.2691143663077622,1.918866925966221,3.3561033115151986,2.8432503309572557,1.7007879520415763,2.804319516707159
2024-06-11,1.9473655951038655,2.1118595005627405,1.2644888187384717,1.9118732219464505,3.3358523638548294,2.8260939718428078,1.6905252859073117,2.7873980686811297
2024-06-12,1.9273323812067258,2.0901340817703726,1.251480591089786,1.8922051301943086,3.3107066660716815,2.8047908393382817,1.6777820846809024,2.766386626389544
2024-06-13,1.8916661923694431,2.0514551711773863,1.2283213563240338,1.8571889875971865,3.241830185476724,2.746439513985794,1.6428772329819117,2.708834268536967
2024-06-14,1.8932530501980245,2.053176070832673,1.2293517555393705,1.8587469236093708,3.255292069088246,2.7578442597522432,1.6496993738199797,2.7200828563899995
2024-06-17,1.8488695375687365,2.0050434844040272,1.2005320744290657,1.815172337766217,3.200949589389821,2.7118059650259023,1.6221599847797128,2.6746749346845875
2024-06-18,1.8641144599394388,2.021576144847888,1.2104311061921595,1.8301394086256793,3.205933446240037,2.716028228562963,1.6246856768990414,2.6788393854586685
2024-06-19,1.8880143405106313,2.047494847516503,1.2259500882607761,1.8536036938049314,3.2319587654032746,2.738076565713447,1.6378746479086639,2.700585828784053
2024-06-20,1.8847366822009122,2.0439403255210533,1.223821796431699,1.8503857735701292,3.2157987895262043,2.724386028654265,1.6296851824107752,2.6870827475212997
2024-06-21,1.8991777813920874,2.059601263868804,1.2331988792472965,1.8645636716024747,3.2204690905599134,2.728342651477586,1.632051972402992,2.6909851948305916
2024-06-24,1.904970851892946,2.065883674837462,1.2369605113172668,1.8702511585290622,3.2332435977659144,2.739165060226642,1.6385257683301577,2.701659419235779
2024-06-25,1.9713971363682163,2.137920985298778,1.2800932924450141,1.9354667681921738,3.318186232341139,2.811127437856594,1.681572538971729,2.7726364619038373
2024-06-26,1.9814587851329146,2.148832541191764,1.2866266534086785,1.945345034959453,3.3331417212850214,2.8237975480833626,1.6891516010719247,2.785133088388286
2024-06-27,1.977980171028302,2.145060088672274,1.2843678743427198,1.9419298215178602,3.3337115994569815,2.824280342011509,1.6894404008611552,2.7856092717269485
2024-06-28,2.0192800516325913,2.189848568783849,1.311185251300934,1.982476977118971,3.3785674495563294,2.862281678323996,1.7121722068713554,2.8230902799666207
2024-07-01,2.0580922380863886,2.231939219304812,1.336387286257807,2.0205817788843783,3.403699165485995,2.8835729655705395,1.7249083224493975,2.8440900391897905
2024-07-02,2.109633934719702,2.287834641296377,1.36985501273685,2.071184084817417,3.4722807597894794,2.941674466806186,1.7596637332625729,2.901395993607899
2024-07-03,2.1103546037772403,2.2886161852446474,1.37032296696566,2.0718916190762413,3.4903511149990285,2.956983454242234,1.7688213305046068,2.9164953648382475
2024-07-04,2.1208528116825467,2.300001176413972,1.3771398002025355,2.082198488327216,3.5324711232060135,2.992667018232511,1.7901666813025205,2.9516903365345706
2024-07-05,2.107527363628477,2.2855501282168604,1.3684871465295856,2.0691159077531993,3.5062700467853114,2.9704697816489434,1.7768886409770182,2.9297970325611185
2024-07-08,2.0846184030114046,2.260706048477123,1.3536116015255861,2.0466244821798365,3.480513075953037,2.9486487859745707,1.763835662088582,2.9082748178699402
2024-07-09,2.1018798128411698,2.279425529006999,1.3648200052173625,2.0635712883211923,3.4847935422405385,2.9522751454930134,1.7660048937287176,2.9118515239592493
2024-07-10,2.151848510666249,2.333615081034601,1.3972663316008602,2.112629264670111,3.507843187310848,2.9718025273676245,1.777685868655773,2.9311115298422803
2024-07-11,2.1344623696534533,2.3147603332829143,1.3859769358310237,2.0955600006762705,3.508512095366339,2.9723692182211594,1.7780248542757624,2.9316704613592153
2024-07-12,2.0755199561601794,2.250839056130419,1.3477036793869868,2.0376918621623643,3.4371631078548863,2.9119232147684784,1.7418669988445907,2.872052106498343
2024-07-15,2.075457590568664,2.2507714225195135,1.3476631833479564,2.037630633236122,3.4370574735716772,2.9118337226751736,1.7418134660717504,2.871963839763222
2024-07-16,2.1070352694101753,2.2850164668167086,1.3681676134956382,2.0686327823652335,3.4853574355089307,2.9527528690828917,1.7662906605207673,2.912322706384554
2024-07-17,2.1113628162757556,2.2897095614185563,1.3709776326506706,2.0728814560553834,3.4961860758914773,2.96192676287986,1.7717783405443335,2.9213709879019873
2024-07-18,2.09580341449468,2.272835857499244,1.3608743990165257,2.057605637436868,3.4462847575085283,2.9196509665655124,1.7464896193045831,2.8796740471163527
2024-07-19,2.087960177027042,2.2643301020299855,1.3557815258007955,2.0499053495579784,3.429322642826663,2.9052808671655703,1.737893650225479,2.86550070832676
2024-07-22,2.0692098271493085,2.2439959107370275,1.343606304143681,2.031496740551279,3.3835751562836975,2.8665241471899194,1.7147099855029135,2.827274659410877
2024-07-23,2.083710285977943,2.259721222828791,1.3530219311330283,2.045732916341848,3.4084714976920543,2.8876160279750125,1.7273268192493485,2.8480777425181545
2024-07-24,2.0354366065864333,2.207369867384082,1.3216762362191392,1.9983390652922544,3.3448383743703514,2.8337068117945985,1.6950791678957713,2.7949066708685395
2024-07-25,1.9540603705019437,2.1191197834105586,1.2688359575890902,1.918445979441351,3.2113917416406754,2.7206524307295283,1.627451802430469,2.6834002713728315
2024-07-26,1.9310036526176322,2.094115465352253,1.2538644689098088,1.895809489601015,3.2086990128470783,2.7183711833056767,1.6260871958420626,2.6811502596156918
2024-07-29,2.0050943611894207,2.174464613552343,1.301974013823711,1.9685498327957325,3.289206275658433,2.7865759673620722,1.6668862326808835,2.748421159043584
2024-07-30,2.007833493626386,2.1774351204129183,1.3037526230115772,1.9712390422440074,3.2656061880739493,2.766582257214661,1.6549263074625225,2.7287012100235146
2024-07-31,2.049012255236588,2.2220922506131027,1.330491353405353,2.0116672863464005,3.356425252089025,2.843523075136476,1.700951103350822,2.804588526374205
2024-08-01,1.9487057336878768,2.1133128406072745,1.2653590149970995,1.9131889353794638,3.253208858674018,2.7560793889631388,1.6486436556715158,2.7183421508515315
2024-08-02,1.9021719585427102,2.062848359061307,1.235143097394008,1.8675032773603406,3.005672312245782,2.546369406215812,1.5231984185089416,2.5115035932108283
2024-08-05,1.7559540501087827,1.9042794288845712,1.1401989786425595,1.7239503130855796,2.590634774373092,2.1947545995835798,1.3128679314715272,2.164703223976366
2024-08-06,1.8403204309326533,1.9957722350217169,1.1949808570414773,1.8067790457771888,2.7716407976114676,2.3481007238557248,1.4045971885878104,2.315949677524829
2024-08-07,1.899520047909262,2.0599724416270195,1.233421124204834,1.864899700024974,2.9058260618657563,2.461780864658168,1.472598873757083,2.428073268628739
2024-08-08,1.8793998304166404,2.038152670048424,1.2203564022471427,1.8451461903909343,2.855202966814484,2.418893587837828,1.4469443744266115,2.3857732199498707
2024-08-09,1.8776846643353173,2.0362926239466588,1.2192426882442018,1.843462284651654,2.8915731965021965,2.449706008671766,1.4653758834488766,2.4161637459478102
2024-08-13,1.9262106708518847,2.0889176205800806,1.2507522274968745,1.891103863952574,2.991306586930748,2.5341989366369195,1.5159182336426664,2.4994997661133787
2024-08-14,1.9494247840835215,2.114092629165336,1.265825918175264,1.9138948804778668,3.0365390543201682,2.572519338584534,1.538840899733749,2.5372954712258364
2024-08-15,1.9663917347034863,2.132492777525994,1.2768431197736567,1.930552594175776,3.079959612951476,2.609304713240679,1.5608453364677608,2.5735771671969685
2024-08-16,2.013031058530589,2.1830717234474633,1.3071275736230883,1.9763418771634784,3.175632768691355,2.6903578592471775,1.6093300628043643,2.6535205041454297
2024-08-19,1.981293889233238,2.148653716541059,1.2865195810531211,1.945183144426008,3.129837399137074,2.651560573360667,1.586122132187339,2.6152544447618444
2024-08-20,2.0131366072125254,2.183186187822966,1.3071961098694291,1.9764455021320584,3.159119969233306,2.6763684142968276,1.6009617952732766,2.6397226077467124
2024-08-21,2.0102735992152043,2.1800813416376728,1.305337064187574,1.9736346748595324,3.1398862910164334,2.6600738736109037,1.5912146554660898,2.6236511778188625
2024-08-22,2.0415753801995953,2.214027182995158,1.3256623447414042,2.0043659546016386,3.135105881133251,2.656023967895596,1.588792065104452,2.6196567248807567
2024-08-23,2.0601255610485176,2.234144296988262,1.3377075900348478,2.0225780428281572,3.1641864899332366,2.6806607096524124,1.6035293793329344,2.6439561314382702
2024-08-26,2.0252021409154737,2.1962708967466504,1.3150306595286452,1.9882911313519425,3.103042447321175,2.6288602126902614,1.572543130889122,2.592864905658941
2024-08-27,2.0462920869232564,2.2191423097750373,1.3287250582495063,2.0089966953846816,3.1260349201822653,2.6483391589573553,1.5841951323920587,2.612077139132351
2024-08-28,2.0656734636423675,2.2401608307251606,1.3413100264828424,2.0280248302387065,3.1467150276273035,2.665859097075944,1.5946752858094952,2.6293571879069937
2024-08-29,2.0827063821885807,2.258632519320549,1.3523700632352227,2.0447473095420157,3.159036501591313,2.67629770151516,1.600919495991428,2.639652863190086
2024-08-30,2.0758721050337168,2.2512209510073027,1.3479323412850082,2.038037592826985,3.165577456757281,2.68183912000386,1.6042342860048797,2.6451184065679954
2024-09-02,2.0414962186881325,2.2139413347135193,1.3256109425566416,2.004288235875194,3.163373739213282,2.6799721570248556,1.603117497902536,2.6432770067229003
2024-09-03,2.060732465969575,2.23480246714732,1.3381016734512559,2.023173886397416,3.1974569710011167,2.708847060764664,1.6203900144524566,2.6717565448131406
2024-09-04,2.022378713673884,2.193208974702177,1.3131973149391711,1.98551916344264,3.1337275300714076,2.65485624546604,1.5880935517804957,2.618504991330023
2024-09-05,1.9873299544810374,2.1551996480146522,1.2904389976404371,1.9511091973162336,3.1066732036058697,2.631936145714332,1.57438310599496,2.595898721892977
2024-09-06,1.9744464184931592,2.1412278401809046,1.2820732920721318,1.938460474589932,3.095799880990918,2.6227243976678727,1.5688727821504234,2.586813104440159
2024-09-09,1.9823955536008961,2.149848438460313,1.2872349281242665,1.946264730035508,3.1056226554131694,2.631046133930031,1.5738507148426817,2.595020896472668
2024-09-10,1.934575403894715,2.0979889223379975,1.2561837250189551,1.899316142711903,3.089296030823371,2.617214414087235,1.5655767960081335,2.581378565552154
2024-09-11,1.9128983433436528,2.074480801220867,1.2421080934278192,1.8780341647914307,3.0401994427499375,2.5756203756052556,1.5406958916583968,2.5403540477234996
2024-09-12,1.9245218919410336,2.087086190572178,1.249655647555511,1.8894458644554273,3.09748059257597,2.624148276293435,1.5697245241110793,2.588217486803403
2024-09-13,1.8968747340684202,2.057103678216185,1.231703434531047,1.86230259925013,3.0623050853531217,2.5943480099518723,1.5518984701018652,2.558825256511609
2024-09-17,1.890726523346077,2.0504361283436356,1.227711198182003,1.8562664448308028,3.0663100601069324,2.5977409763588293,1.553928089627027,2.5621717651925233
2024-09-18,1.875745207304862,2.0341893410469307,1.2179833347177758,1.8415581758541248,3.0581566320467677,2.59083349024213,1.549796139288971,2.5553588588797957
2024-09-19,1.8964855233037994,2.0566815908315395,1.2314507071226786,1.8619204821785111,3.0938761958919727,2.6210946748058066,1.5678979073816453,2.5852056963343175
2024-09-20,1.8998037099919465,2.060280064636162,1.2336053153668616,1.8651781921280133,3.1070296989085597,2.632238164243941,1.574563768763503,2.596196605075392
2024-09-24,1.886959754759756,2.0463511809431862,1.225265310890909,1.8525683287648915,3.097725094084868,2.6243554150289166,1.5698484312682761,2.5884217893202277
2024-09-25,1.8733703619614916,2.0316138925983327,1.2164412691752424,1.8392266140612754,3.0797454247604383,2.609123255583233,1.5607367913304473,2.5733981941235484
2024-09-26,1.9081552494495189,2.0693370583471236,1.239028245858139,1.8733775177662535,3.1472998494340514,2.666354551071619,1.5949716586534406,2.62984585796695
2024-09-27,1.9201086376778793,2.082300148871803,1.2467899757555985,1.8851130454569918,3.1735194486207643,2.6885674799196084,1.6082590858464931,2.65175463934065
2024-09-30,1.8642074170115956,2.0216769540007604,1.2104914662902624,1.83023067147714,3.0801782889818203,2.60948997294157,1.5609561559280956,2.573759890254874
2024-10-01,1.8827431772718262,2.0417784292985375,1.2225273478190353,1.8484286019423046,3.1088492903718317,2.633779700230752,1.575485891520497,2.597717033792642
2024-10-02,1.8478880280648489,2.003979066825791,1.1998947478806898,1.8142087170972026,3.067230047670754,2.5985203787497917,1.5543943159673208,2.562940495723404
2024-10-03,1.8670291926398124,2.0247370849201363,1.2123237384326069,1.833001017875111,3.103145165352778,2.628947234170307,1.572595185779688,2.592950735609334
2024-10-04,1.8908979210367702,2.0506220039914207,1.227822492365275,1.8564347186546621,3.103878991808272,2.629568923110957,1.5729670703966219,2.5935639121596377
2024-10-07,1.9108837274770505,2.0722960108206636,1.2407999367859555,1.8760562669906533,3.1227906076503853,2.6455906164293754,1.5825509971689427,2.609366230645049
2024-10-08,1.889640073078976,2.049257905659495,1.2270057301289992,1.8551997960321032,3.0948896180184846,2.6219532338336884,1.5684114839861527,2.586052499660749
2024-10-09,1.919706892862066,2.0818644686850885,1.2465291095736866,1.8847186227777886,3.106726769148585,2.6319815257973986,1.5744102516520624,2.5959434806154937
2024-10-10,1.9018661121661933,2.062516677851788,1.234944501237062,1.8672030052908528,3.098058611918282,2.624637967323115,1.570017449638752,2.5887004728059844
2024-10-11,1.9214447890742885,2.083749164931136,1.2476575830015875,1.8864248443722462,3.0944382494006732,2.6215708397734185,1.568182741830192,2.585675341478576
2024-10-15,1.9335432203976624,2.0968695503361223,1.2555134941726307,1.8983027716257999,3.1146426727788805,2.638687784075992,1.578421830639436,2.602557914374623
2024-10-16,1.9144506683041942,2.0761642510179277,1.243116069311027,1.879558197326092,3.0933772968606474,2.620672013551291,1.567645078018839,2.584788822310919
2024-10-17,1.8996117083384907,2.060071844609582,1.2334806423498461,1.8649896898659144,3.093073500689396,2.6204146410915428,1.5674911218321603,2.5845349738881906
2024-10-18,1.9010883124628275,2.0616731774339843,1.2344394501924112,1.8664393816401932,3.0874300160955856,2.615633548869486,1.5646311471192986,2.579819346114052
2024-10-21,1.899405105292299,2.059847789811119,1.2333464881661202,1.8647868523337225,3.090115258441287,2.6179084538647883,1.5659919597659804,2.582063102285473
2024-10-22,1.876247334436709,2.034733882840495,1.2183093824539597,1.8420511512973627,3.0574675202961177,2.590249683061231,1.5494469149492156,2.5547830453984557
2024-10-23,1.8513030548874478,2.0076825608477233,1.202112237623615,1.8175615021883904,3.0298070056527964,2.566816027981476,1.5354292683853525,2.5316702524190853
2024-10-24,1.8516251125771332,2.0080318227394818,1.2023213603217975,1.817877690106252,3.0245103415467924,2.562328757902306,1.5327450534904794,2.5272444236685385
2024-10-25,1.8398791217442971,1.9952936484612591,1.1946943004053292,1.806345779819355,3.0029374098615205,2.5440524298335565,1.5218124394155086,2.509218341709135
2024-10-28,1.8593362674487475,2.0163943386003313,1.207328467944132,1.8254483027053388,3.039357988958673,2.5749075060811593,1.5402694642401848,2.5396509390673523
2024-10-29,1.863510864294117,2.0209215634989732,1.2100391715978183,1.8295468140178273,3.0514433203120426,2.585146053342889,1.5463940033423382,2.549749296428356
2024-10-30,1.861876269605037,2.0191488946522083,1.2089777752618105,1.8279420111895115,3.0578772517432316,2.5905968026116373,1.5496545564441697,2.555125412062142
2024-10-31,1.8532354010254657,2.009778132198172,1.2033669738126487,1.8194586296954682,3.0713702932478557,2.6020279449701014,1.5564924873114114,2.5664000350754823
2024-11-01,1.8252105363729745,1.9793860081834762,1.1851695032971834,1.7919445417335138,3.032933378941926,2.569464653802533,1.5370136349945365,2.534282612295236
2024-11-05,1.8131676553152085,1.966325865373141,1.1773496627488913,1.7801211522953324,3.0349859846424834,2.5712035966465776,1.5380538434511182,2.5359977449034687
2024-11-06,1.8525316218602121,2.0090149048308117,1.2029099867489141,1.818767677496459,3.0686042130582307,2.5996845551264034,1.5550907080977763,2.564088731775037
2024-11-07,1.8712736476202205,2.029340068868104,1.215079803281374,1.8371681140994685,3.068502582600123,2.599598455025534,1.5550392043618464,2.5640038105879612
2024-11-08,1.892435674489716,2.052289651426136,1.2288210064871814,1.8579444452596898,3.0863493478545587,2.614718019742772,1.5640834918912296,2.578916352744034
2024-11-11,1.8945700531506637,2.054604320979842,1.2302069290681843,1.860039923077322,3.091053521508488,2.6187033390422476,1.566467447667401,2.5828471036069263
2024-11-12,1.9068050802192724,2.0678728403680084,1.2381515363695128,1.872051956503955,3.09183360239101,2.6193642141767506,1.5668627728536249,2.583498929799511
2024-11-13,1.8756722333278404,2.034110202960558,1.2179359503035523,1.8414865318891112,3.0684460575771686,2.599550567706431,1.5550105589152956,2.563956578959391
2024-11-14,1.8682875947490656,2.026101784212677,1.2131408604977332,1.834236484549254,3.0476236913337273,2.5819101096460835,1.5444583123505575,2.5465576604457225
2024-11-15,1.8612249305668573,2.0184425370276693,1.2085548393051226,1.8273025433522267,3.054436459275298,2.587681804646694,1.5479108501777816,2.5522503273060635
2024-11-18,1.8512696899511907,2.007646377576438,1.2020905726681792,1.8175287453561133,3.0100257538831965,2.5500575895723583,1.5254046322036834,2.515141276623838
2024-11-19,1.8462167691796167,2.0021666367594753,1.198809544270794,1.8125679183084966,3.0184022347546384,2.5571540433460744,1.5296496200435312,2.522140563179919
2024-11-20,1.849711749322732,2.0059568377561825,1.20107895034626,1.8159991995037978,3.021174818480021,2.5595029429069887,1.531054695083974,2.5244573007565356
2024-11-21,1.8421765098165526,1.9977850968256914,1.196186070382664,1.8086012960648963,3.000099886998853,2.541648514617152,1.5203744548689944,2.5068473417713273
2024-11-22,1.854884112209132,2.0115661099593405,1.2044375364549778,1.8210772917334033,3.0111431561488518,2.5510042393226016,1.5259709033028153,2.516074964502527
2024-11-25,1.8736105585628704,2.031874378598446,1.2165972367642282,1.8394624328779041,3.042294305868042,2.57739511842483,1.5417575151013425,2.542104490121019
2024-11-26,1.8698715010546156,2.0278194830298832,1.214169343191652,1.8357915228323927,3.0362839542490017,2.5723032208746646,1.5387116214942764,2.5370823126779958
2024-11-27,1.8775885003007782,2.0361883369394,1.2191802457594696,1.843367873287394,3.048156867798248,2.5823618103294335,1.5447285126462573,2.5470031762795684
2024-11-28,1.8925083783857324,2.0523684966177718,1.2288682155288848,1.8580158240661526,3.0716443082220053,2.602260087158116,1.5566313511434984,2.5666289986885045
2024-11-29,1.8937806965656132,2.053748287470951,1.2296943737584345,1.8592649531788503,3.0730913930284087,2.6034860399887734,1.557364696984155,2.567838165328579
2024-12-02,1.9057750737384647,2.0667558292748662,1.237482719131761,1.871040722756148,3.0907805059251525,2.618472043526102,1.5642526040385625,2.5826189750728354
2024-12-03,1.9233882128206872,2.0858567496151688,1.237482719131761,1.8883328475889911,3.1227739384244972,2.645576494461837,1.5642526040385625,2.6093523020406098
2024-12-04,1.8795271326812608,2.0382907255310005,1.237482719131761,1.845271172464889,3.1139901002646946,2.638134932496434,1.5642526040385625,2.602012632639309
2024-12-05,1.890158152317115,2.0498197470332267,1.237482719131761,1.855708432841101,3.124586595587383,2.647112155792822,1.5642526040385625,2.6108669365399524
2024-12-06,1.8836588390025932,2.0427714369445016,1.237482719131761,1.8493275749691558,3.1153114792871115,2.639254388899911,1.5642526040385625,2.603116761039891
2024-12-09,1.890585250049197,2.0502829216961835,1.237482719131761,1.8561277463583856,3.132993103072573,2.6542340477523014,1.5642526040385625,2.6178913129729353
2024-12-10,1.8834824290697791,2.042580125670674,1.237482719131761,1.8491543802554973,3.1236976006354387,2.646359009969611,1.5642526040385625,2.610124103062378
2024-12-11,1.9042988011427164,2.0651548559832613,1.237482719131761,1.8695913564680713,3.1432488370455336,2.662922582134655,1.5642526040385625,2.6264608807928083
2024-12-12,1.9090061609290874,2.0702598462903765,1.237482719131761,1.874212920669605,3.162295059868426,2.67905831286704,1.5642526040385625,2.642375675250574
2024-12-13,1.896174659499639,2.056344468372436,1.237482719131761,1.861615284128213,3.142858450565596,2.6625918514076017,1.5642526040385625,2.6261346785507644
2024-12-16,1.894085594505675,2.05407894012962,1.237482719131761,1.8595642940979344,3.134977624288665,2.6559153102405824,1.5642526040385625,2.619549555005745
2024-12-17,1.8628610363962939,2.020216844660766,1.237482719131761,1.8289088297790979,3.1266424903395746,2.6488538850818246,1.5642526040385625,2.612584817440128
2024-12-18,1.8543097970210851,2.01094328238693,1.237482719131761,1.8205134439219066,3.0990110313152512,2.625444845572767,1.5642526040385625,2.5894963029861375
2024-12-19,1.8775773386869339,2.036176232504415,1.237482719131761,1.8433569151033347,3.1060426408544464,2.6314019405408753,1.5642526040385625,2.595371831250411
2024-12-20,1.8275790498319338,1.9819545898936035,1.237482719131761,1.7942698870458629,3.063719541862033,2.5955463204816143,1.5642526040385625,2.5600071593391727
2024-12-23,1.8510879945637817,2.0074493343858464,1.237482719131761,1.8173503615197082,3.088626984329147,2.616647605950073,1.5642526040385625,2.580819518357482
2024-12-24,1.8682276122473764,2.026036734991115,1.237482719131761,1.8341775952790254,3.0871943562809894,2.615433900710998,1.5642526040385625,2.5796224316105256
2024-12-25,1.8574666063452543,2.0143667472871387,1.237482719131761,1.8236127177453962,3.0828641340094527,2.6117653885217513,1.5642526040385625,2.576004150020062
2024-12-26,1.868366883246964,2.026187770207292,1.237482719131761,1.8343143279477008,3.1099811699520172,2.634738614987616,1.5642526040385625,2.598662818741035
2024-12-27,1.8850608337318884,2.044291858120805,1.237482719131761,1.8507040171672664,3.1479252300675267,2.666884366017127,1.5642526040385625,2.6303684184941587
2024-12-30,1.8865185368609987,2.045872693383558,1.237482719131761,1.8521351524328276,3.1325590011483686,2.6538662818270318,1.5642526040385625,2.617528582632035
2025-01-06,1.8938906151062727,2.053867490826995,1.2350077536934976,1.8593728683618087,3.0951304874490657,2.622157295516138,1.5611240988304853,2.5862537672566677
2025-01-07,1.9337685446572734,2.0971139077282657,1.2610121870033724,1.8985239891615777,3.130565568386497,2.652177469584427,1.5789968699526569,2.6158628942188744
2025-01-08,1.9453187528904254,2.1096397616572804,1.268544088059821,1.909863685151067,3.1276088302961704,2.6496725566620416,1.577505548308721,2.613392279472289
2025-01-09,1.9259507992132792,2.088635797593019,1.2559142282497233,1.890848728692796,3.0887125790887886,2.61672012080021,1.5578870296839848,2.580891040308004
2025-01-10,1.89830086342683,2.058650272672904,1.2378836805438433,1.8637027362034753,3.051778614916744,2.585430110896338,1.539258250778498,2.550029464562808
2025-01-14,1.870975893306052,2.029017163257165,1.2200650432374274,1.8368757866076981,3.015148762000104,2.5543977403877163,1.5207828597225583,2.5194220005208656
2025-01-15,1.9128407557846063,2.0744183492426718,1.247365157275653,1.8779776268140047,3.043093528639011,2.5780722103368325,1.5348776608345294,2.5427723110451073
2025-01-16,1.9149112513119322,2.0766637394566354,1.2487153292495987,1.8800103858217672,3.0310651205762826,2.567881887801797,1.5288107638899782,2.5327215181003577
2025-01-17,1.8988208084919542,2.059214137479961,1.2382227371830186,1.8642132048331939,3.010920573837496,2.550815670267456,1.518650243194175,2.515888977403243
2025-01-20,1.933749975190635,2.097093769699413,1.2610000778376704,1.8985057581390614,3.054045304671822,2.587350423174625,1.540401525356282,2.5519234832292406
2025-01-21,1.9263871816786806,2.0891090412704028,1.256198793643336,1.8912771577213385,3.0568504838003534,2.5897269371687637,1.5418164035841448,2.5542674571322515
2025-01-22,1.916090412441867,2.077942504287034,1.2494842612706498,1.881168055749977,3.062639341433855,2.594631187680315,1.5447361916812876,2.559104556867938
2025-01-23,1.917427414037978,2.079392442362408,1.2503561212000074,1.8824806893693298,3.0681562399549875,2.5993050377052076,1.5475188088494707,2.563714410843953
2025-01-24,1.9178916507032868,2.079895893083016,1.2506588503421405,1.8829364649315978,3.0618098405677836,2.593928444530575,1.5443178074492576,2.5584114359321593
2025-01-27,1.938494473910233,2.102239036064179,1.2640939696703637,1.9031637843855786,3.094162238808966,2.6213370069222295,1.5606357328983058,2.585444710351554
2025-01-28,1.9813620875858577,2.1487276756062026,1.2920479786555992,1.9452500998063875,3.1154540670829087,2.6393751875643034,1.571374920264202,2.60323590568518
2025-01-29,1.991352460623539,2.1595619351139392,1.2985627097944588,1.955058389906624,3.1362061543138524,2.6569561060911515,1.5818418726620502,2.620576099902226
2025-01-30,1.9964683486753536,2.1651099620551584,1.301898784940839,1.9600810366029258,3.1541077365288004,2.6721221110775506,1.5908710853289396,2.6355344464504586
2025-01-31,2.004304663585986,2.1736082102192573,1.3070088528601904,1.9677745280942238,3.1595877104948715,2.6767646790638246,1.593635078463991,2.6401134467128675
2025-02-03,1.953823568599089,2.11886297885904,1.2740900859438353,1.9182134934520174,3.0636103012858085,2.5954537731802727,1.5452259250964144,2.5599158792290315
2025-02-04,1.9661722638965895,2.1322547680275195,1.2821426811247645,1.9303371234086246,3.074629700977062,2.6047892759675695,1.5507838976867199,2.5691235569279125
2025-02-05,1.9580759764534204,2.1234745874599197,1.2768630848858422,1.9223883976024922,3.077869009586871,2.6075335792329994,1.5524177424486219,2.5718302841981835
2025-02-06,1.9480391797491934,2.1125899828801065,1.2703180808327597,1.9125345299460144,3.0824362284873366,2.6114028721137483,1.5547213595397473,2.5756465973181353
2025-02-07,1.9398964686394782,2.1037594572404292,1.2650082116796142,1.9045402265836402,3.0647705255237505,2.596436701190026,1.5458111198160696,2.5608853486321497
2025-02-10,1.9280305794739243,2.09089125682141,1.25727045480652,1.8928906032118167,3.0613801540837384,2.5935644193130623,1.544101081877297,2.558052395079889
2025-02-12,1.9368417913816702,2.1004467514987475,1.2630162539243281,1.901541223383843,3.0729413552099487,2.603358929754852,1.5499323286575994,2.56771279553406
2025-02-13,1.969663323619799,2.1360407174465856,1.2844192042736626,1.933764555636965,3.0972407889139975,2.623945117517325,1.5621884941721556,2.588017109750904
2025-02-14,1.979783682923798,2.147015943156126,1.29101869957234,1.9437004628946675,3.0967051316973246,2.6234913151706096,1.5619183190073116,2.5875695210304297
2025-02-17,2.0065422843128067,2.176034842692623,1.3084680073252932,1.969971366304387,3.1074192619922965,2.6325681973996446,1.5673223196041572,2.596522119297486
2025-02-18,2.0379339676217825,2.210078180420987,1.3289385519168564,2.000790909825722,3.122382908992934,2.645245219033905,1.5748696944349807,2.6090255625559293
2025-02-19,2.041081492212632,2.213491576306769,1.330991055500556,2.0038810681379537,3.1150534416637417,2.6390357825311717,1.571172852532647,2.602901147908801
2025-02-20,2.009624815770522,2.179377755477529,1.3104781288290999,1.9729977160379097,3.07224712294562,2.6027707845363954,1.5495821712983464,2.567132703413146
2025-02-21,1.9930051431521008,2.1613542196793714,1.2996404255404936,1.9566809509083598,3.0626935725915287,2.594677131664362,1.544763544830855,2.5591498717703005
2025-02-25,1.9920209614216184,2.160286904151653,1.2989986397591533,1.9557147067163247,3.046898800210256,2.5812959906111765,1.5367969663941994,2.545951950151269
2025-02-26,1.958781616184677,2.12423983255523,1.2773232331818762,1.9230811764571274,3.0298012593334906,2.5668111597689247,1.5281732966647024,2.531665450863866
2025-02-27,1.9832376037137802,2.1507616165175403,1.293271004389866,1.947091433078024,3.032243481149639,2.568880180696621,1.5294051062272842,2.5337061420069706
2025-02-28,1.9461822330879084,2.110576179997621,1.2691071642641942,1.9107114276968942,2.9826942379403953,2.5269026582318075,1.5044134239811133,2.492303390997194
2025-03-03,1.9799415233899735,2.1471871164011005,1.2885834131521177,1.940034003730416,3.0373540701739534,2.573209810206211,1.5299769041595086,2.5346534174717674
2025-03-04,1.9629876003725124,2.128801096084086,1.2885834131521177,1.940034003730416,3.024075130397411,2.5619600522548174,1.5299769041595086,2.5346534174717674
2025-03-05,1.9583916573858215,2.1238169339499233,1.2885834131521177,1.940034003730416,3.020533231735215,2.5589593983390237,1.5299769041595086,2.5346534174717674
2025-03-06,1.995363465411921,2.1639117493401145,1.2885834131521177,1.940034003730416,3.0486000627678864,2.582737279773352,1.5299769041595086,2.5346534174717674
2025-03-07,1.9606107086460542,2.1262234283944896,1.2885834131521177,1.940034003730416,3.0031008288113012,2.5441908764008776,1.5299769041595086,2.5346534174717674
2025-03-10,1.9421062351663911,2.1061558826705684,1.2885834131521177,1.940034003730416,2.993120596404801,2.5357357436296515,1.5299769041595086,2.5346534174717674
2025-03-11,1.908346944864326,2.0695449462670887,1.2885834131521177,1.940034003730416,2.961457997284429,2.508911570750623,1.5299769041595086,2.5346534174717674
2025-03-12,1.9524030044032048,2.117322419653937,1.2885834131521177,1.940034003730416,2.9869370015371803,2.5304970764844708,1.5299769041595086,2.5346534174717674
2025-03-13,1.9842310701775323,2.1518390010596304,1.2885834131521177,1.940034003730416,3.012404314665193,2.552072677638156,1.5299769041595086,2.5346534174717674
2025-03-14,2.0174147070146087,2.18782565856955,1.2885834131521177,1.940034003730416,3.0219407428954206,2.560151824852937,1.5299769041595086,2.5346534174717674
2025-03-17,2.0396145043502028,2.211900672029589,1.2885834131521177,1.940034003730416,3.0388091555854873,2.5744425410532386,1.5299769041595086,2.5346534174717674
2025-03-18,2.0959728355200866,2.2730195895128937,1.2885834131521177,1.940034003730416,3.076755684612026,2.6065903837144573,1.5299769041595086,2.5346534174717674
2025-03-19,2.0993060547770703,2.27663436568693,1.2885834131521177,1.940034003730416,3.087207077948452,2.615444678354553,1.5299769041595086,2.5346534174717674
2025-03-21,2.1860997417253056,2.3707595124140513,1.2885834131521177,1.940034003730416,3.131916474054582,2.653321940606728,1.5299769041595086,2.5346534174717674
2025-03-24,2.1461289648412634,2.3274124053686807,1.2885834131521177,1.940034003730416,3.108824433808359,2.633758642049357,1.5299769041595086,2.5346534174717674
2025-03-25,2.1254982874344095,2.305039055344293,1.2885834131521177,1.940034003730416,3.104727885201866,2.6302880953766046,1.5299769041595086,2.5346534174717674
2025-03-26,2.1311805442179437,2.3112012921647005,1.2885834131521177,1.940034003730416,3.117782785591269,2.6413480498557846,1.5299769041595086,2.5346534174717674
2025-03-27,2.1580877013399093,2.340381295931855,1.2885834131521177,1.940034003730416,3.1337641658413666,2.6548872828493986,1.5299769041595086,2.5346534174717674
2025-03-28,2.1216915467787985,2.300910759435223,1.2885834131521177,1.940034003730416,3.1017412689593487,2.6277578700433004,1.5299769041595086,2.5346534174717674
2025-03-31,2.036012027827314,2.207993894437571,1.2885834131521177,1.940034003730416,2.994843325318779,2.5371952188305524,1.5299769041595086,2.5346534174717674
2025-04-01,2.018463881878226,2.1889634571981444,1.2885834131521177,1.9361539357229551,2.988372439127495,2.531713161933845,1.5299769041595086,2.529584110636824
2025-04-02,1.9937107828833593,2.162119464774682,1.2885834131521177,1.912410231180838,2.968994804223369,2.5152966628751643,1.5299769041595086,2.5131814170791533
2025-04-03,1.852545697692843,2.009030169648545,1.2885834131521177,1.777001647588073,2.8472168868102954,2.4121278769799273,1.5299769041595086,2.410099391264294
2025-04-04,1.6991340492711864,1.842659844512455,1.2885834131521177,1.6298458973445042,2.7191236811826784,2.303608854921077,1.5299769041595086,2.3016716285819565
2025-04-07,1.5332808582189876,1.6627970400637857,1.2885834131521177,1.470755952019786,2.4774674815127873,2.0988806311706925,1.5299769041595086,2.0971155716065706
2025-04-08,1.69830770800693,1.8417637022297657,1.2885834131521177,1.629053253044349,2.679797821639939,2.2702924600483603,1.5299769041595086,2.268383251225119
2025-04-09,1.6172798404420015,1.7538914134527799,1.2885834131521177,1.5513295810492413,2.5711897205317222,2.178280984012731,1.5299769041595086,2.1764491524987917
2025-04-10,1.7518527649849545,1.8998317083460916,1.2885834131521177,1.6804148224721076,2.77564847808713,2.351495982517669,1.5299769041595086,2.3495184853640456
2025-04-11,1.6780298504657545,1.8197729747530869,1.2885834131521177,1.6096022962851706,2.6876570528383015,2.2769507061247376,1.5299769041595086,2.275035898030751
2025-04-14,1.695215891815895,1.8384107204304323,1.2885834131521177,1.6260875165055142,2.707566597776645,2.2938178329622594,1.5299769041595086,2.291888840410566
2025-04-15,1.7352609465663913,1.8818383795911047,1.2885834131521177,1.6644995936585956,2.7299750142698063,2.312801973704233,1.5299769041595086,2.3108570163860422
2025-04-16,1.6977413392752607,1.841149492350632,1.2885834131521177,1.6285099799847034,2.7182926550470445,2.3029048195813218,1.5299769041595086,2.300968185302699
2025-04-17,1.7396154864871336,1.8865607473505643,1.2885834131521177,1.6686765619370485,2.775681819450299,2.351524228919244,1.5299769041595086,2.34954670801173
2025-04-18,1.755093136908896,1.9033457943760277,1.2885834131521177,1.683523056862662,2.797077444679717,2.3696503450926807,1.5299769041595086,2.3676575809768403
2025-04-21,1.7214824023397375,1.866895962203151,1.2885834131521177,1.6512829179120152,2.763874009290336,2.341520794272282,1.5299769041595086,2.3395516857812413
2025-04-22,1.7107306811708847,1.8552360435135469,1.2885834131521177,1.6409696358940582,2.7690988061374853,2.3459471792747553,1.5299769041595086,2.3439743484028095
2025-04-23,1.7513606741196885,1.8992980505822052,1.2885834131521177,1.679942798338274,2.8249774599301176,2.393286902204089,1.5299769041595086,2.3912742608591326
2025-04-24,1.7794562771048577,1.9297668881941297,1.2885834131521177,1.7068927045439906,2.836731593646321,2.4032448628139553,1.5299769041595086,2.401223847294045
2025-04-25,1.7944882603279497,1.9460686225278376,1.2885834131521177,1.7213117059144927,2.8486539891383917,2.413345372775113,1.5299769041595086,2.411315863202971
2025-04-28,1.8248214840399402,1.9789640926131276,1.2885834131521177,1.7504079860116553,2.876606925974941,2.4370267644173342,1.5299769041595086,2.4349773399123515
2025-04-30,1.854987582552435,2.0116783204390156,1.2885834131521177,1.7793439560256565,2.900559831564067,2.457319377731709,1.5299769041595086,2.4552528880965423
2025-05-01,1.8196538057457248,1.9733599007094969,1.2860062463258135,1.745451037929639,2.893577119144075,2.451403707814457,1.5269169503511897,2.4493421929785284
2025-05-02,1.824958627071615,1.9791128201120147,1.289755329442171,1.7505395365550749,2.907629732483619,2.463308912696375,1.534332399334014,2.4612373861449504
2025-05-07,1.8448506190983336,2.0006850880273794,1.3038136222434986,1.7696203628198792,2.932820850460173,2.48465052464207,1.5476255460008894,2.482561050802115
2025-05-08,1.846190967718847,2.0021386558501932,1.3047608885272235,1.7709060540230497,2.9386913959755683,2.4896239801439544,1.5507233847956325,2.4875303238626207
2025-05-09,1.8479447355566923,2.0040405643975387,1.3060003310997352,1.7725883058245675,2.9615276441007827,2.5089705746951583,1.5627738859259186,2.5068606488407776
2025-05-12,1.8491849932087563,2.005385586571209,1.3068768599661447,1.7737779876196758,2.9727207960810653,2.518453278330412,1.568680420565509,2.5163353779697655
2025-05-13,1.8371523180930238,1.9923365117984828,1.298372992191967,1.7622359870459907,2.9458609346554776,2.4956979270199398,1.5545066916458714,2.4935991628359147
2025-05-14,1.8151932299795086,1.9685225402603095,1.2828538179466074,1.7411723577893168,2.9251870080174767,2.47818322520668,1.5435972298571985,2.476099190060357
2025-05-15,1.8041397056417139,1.9565353250983675,1.2750419466459053,1.7305695796854468,2.924278867925938,2.4774138598516378,1.543118011767627,2.4753304717052713
2025-05-16,1.798538963191849,1.9504614881246167,1.271083726817581,1.7251972271580456,2.933709403527133,2.4854032961056416,1.5480944281779885,2.483313189220409
2025-05-19,1.8119337458342377,1.9649877276003598,1.2805502385748706,1.7380457905453093,2.942274100753539,2.492659204509884,1.5526139487683,2.4905629957480913
2025-05-20,1.7907623301243014,1.9420279631268544,1.2655877370481692,1.7177377135865695,2.9094596156726653,2.4648591677093887,1.5352980137080126,2.4627863374666545
2025-05-21,1.7883993129134954,1.9394653419327752,1.2639177188921462,1.7154710566927014,2.9029666221907013,2.4593583817821036,1.53187171421852,2.457290177440751
2025-05-22,1.7810622097507267,1.9315084739158708,1.258732358650839,1.708433149652135,2.8932091387795826,2.451091959278725,1.5267227701262283,2.4490307066086032
2025-05-23,1.795288182609049,1.946936114216763,1.2687862985256089,1.7220790085582147,2.910616741358009,2.465839470662675,1.5359086194564988,2.463765816031418
2025-05-26,1.802520843022167,1.9547797172085128,1.2738978458097427,1.7290167318686638,2.9208424903300356,2.474502602113141,1.5413046634506684,2.4724216621971493
2025-05-27,1.8138224188903815,1.9670359368051964,1.2818850228837315,1.739857446331562,2.9288736329891596,2.4813064895099237,1.5455426316650882,2.4792198278457085
2025-05-28,1.813674458328377,1.9668754780195614,1.281780454527736,1.739715519380563,2.9268274788899977,2.479573012384929,1.5444628929028585,2.4774878084931724
2025-05-29,1.8147232376060818,1.968012847647115,1.2825216596393274,1.7407215310037896,2.938273097903723,2.489269603052185,1.5505026523285512,2.4871762447852617
2025-05-30,1.8286968071527487,1.9831667641372175,1.2923972182009282,1.7541252792287527,2.9448519246582707,2.4948431058949008,1.5539742453331,2.492745060575102
2025-06-02,1.8341694505702104,1.9891016815576632,1.2962649064373097,1.7593747564112063,2.943912401285069,2.4940471530013673,1.5534784665427916,2.4919497770403907
2025-06-03,1.8509202912559743,2.0072674651853424,1.3081032493600575,1.7754425228010766,2.9367884085571228,2.4880117921076867,1.5497191939184294,2.485919491600412
2025-06-04,1.8690635641692575,2.02694329974335,1.3209256676802907,1.7928459401093224,2.9575256859599577,2.505580163926415,1.5606620853869275,2.503473089247496
2025-06-05,1.8431429027031179,1.998833120886453,1.3026067256655534,1.7679822845518551,2.921015731471506,2.474649369923039,1.5413960813823557,2.4725683065822452
2025-06-06,1.8646125414932484,2.022116299333574,1.3177799907686656,1.7885764234984391,2.9385008566023876,2.489462557480356,1.5506228387287269,2.4873690369478645
2025-06-09,1.8696407689815129,2.0275692610264273,1.3213335963706967,1.793399607370352,2.950136261333942,2.499319932323468,1.5567627465235683,2.4972181222039054
2025-06-10,1.8652611530864147,2.0228196991259124,1.3182383848640793,1.7891985856783716,2.9352210692903964,2.486683961145645,1.5488921218222746,2.484592777281548
2025-06-11,1.8537497849490787,2.0103359661142837,1.3101029410331562,1.778156633962139,2.9288663417593943,2.4813003124678255,1.5455387841428487,2.479213655998211
2025-06-12,1.873931126400499,2.032222024790394,1.3243657261210726,1.797515010413729,2.9425862556624076,2.4929236583915344,1.552778670357482,2.490827227236507
2025-06-13,1.8725595211507289,2.0307345600919158,1.3233963698000362,1.7961993371800176,2.920823307510063,2.474486350658948,1.5412945408336565,2.4724054244096623
2025-06-16,1.8941570970899855,2.0541564825347898,1.3386600520871168,1.8169161961896303,2.9578529833604557,2.5058574463447165,1.560834797544941,2.503750138484369
2025-06-17,1.9075131404005385,2.068640710368657,1.3480991855471929,1.829727599977223,2.96596840708693,2.5127327356473392,1.5651172401884266,2.5106196459931347
2025-06-18,1.9016667102144633,2.0623004324239904,1.3439673305128672,1.824119578493001,2.9725829786674565,2.518336521076394,1.568607695444931,2.516218718903088
2025-06-19,1.891830426145699,2.0516332777751245,1.3370157209742155,1.814684403415751,2.9567297755850843,2.5049058782365177,1.5602420899997946,2.5027993706000444
2025-06-20,1.8770492224997302,2.0356035063608733,1.3265693821393734,1.8005059552053053,2.9405459790516875,2.491195160604005,1.551702033097773,2.489100183034049
2025-06-23,1.8808397324524249,2.0397142005601046,1.3292482540547528,1.8041418938164426,2.9334316452335014,2.4851679826224173,1.5479478574009946,2.4830780736247196
2025-06-24,1.8956358125110897,2.055760104997125,1.3397051065156427,1.8183346118016654,2.95357350634257,2.5022319249235854,1.5585765525671196,2.500127665955664
2025-06-25,1.9028865760548108,2.063623340290303,1.3448294478482707,1.825289700024056,2.944152843977976,2.494250853156794,1.5536053461828607,2.4921533058936
2025-06-26,1.9304019889610111,2.0934629791870587,1.3642754505746553,1.851683075436753,2.977307278883727,2.5223388913572387,1.5711006699818963,2.520217723379399
2025-06-27,1.974108889435943,2.1408618000557267,1.3951644838846307,1.8936076737080123,3.0128450383826966,2.552446053467009,1.5898536546517958,2.5502995667865993
2025-06-30,1.9845342794471106,2.152167822405876,1.4025324330145201,1.9036079318661054,3.023652728090135,2.5616021981041905,1.5955567840065459,2.5594480115382217
2025-07-01,1.981312048459071,2.148673409676079,1.4002551816139301,1.900517098651148,3.0116498890062875,2.5514335373003107,1.589222984112909,2.549287902098216
2025-07-02,1.9555669286626503,2.12075360048776,1.3820603003864897,1.8758218264359643,2.9950560365541503,2.537375425228935,1.5804665440605044,2.535241612235687
2025-07-03,1.959056935079069,2.1245384076272464,1.3845267970558341,1.879169515596773,2.9801242247557735,2.524725373994857,1.572587149250685,2.522602199097738
2025-07-04,1.9473908522497838,2.1118868911789117,1.3762820115140775,1.8679791582229406,2.9782248863811036,2.5231162773845557,1.5715848839439999,2.5209944556617523
2025-07-07,1.939970497601418,2.1038397394262587,1.3710378148445685,1.8608613945681733,2.98549241229278,2.529273237863906,1.5754198978540277,2.5271462384278878
2025-07-08,1.9484887315060795,2.1130775082585744,1.3770579171159285,1.869032267600874,2.98454764231089,2.5284728401066405,1.574921350471279,2.5263465137673653
2025-07-09,1.9417348401461023,2.1057531159255696,1.3722847308930815,1.8625537898557596,2.9802470430248627,2.524829424154171,1.5726519594455282,2.522706161755778
2025-07-10,1.9355135243603347,2.0990062858073792,1.3678879324825268,1.8565861700473831,2.9592631852304363,2.507052152395565,1.561578949523627,2.5049438398438073
2025-07-11,1.9465488472916759,2.1109737620906848,1.375686940280118,1.8671714889710036,2.957092000045597,2.505212750439677,1.5604332328813613,2.5031059847381623
2025-07-14,1.9664564627496643,2.1325629731480262,1.3897562746488792,1.886267301566856,2.95652222394952,2.50473004298899,1.5601325667013415,2.502623683221662
2025-07-15,1.9698691118200977,2.1362638885691476,1.3921681004627993,1.8895407878988546,2.9566937899665238,2.5048753916536013,1.5602231006835652,2.5027689096549057
2025-07-16,1.9648222133529145,2.1307906787604223,1.388601299496112,1.8846996944226917,2.9608175802849166,2.5083690171767903,1.5623991910649788,2.506259597203895
2025-07-17,1.9671032622906663,2.133264407824216,1.3902133881103644,1.8868877255874086,2.971550607197156,2.517461908392532,1.5680629214741137,2.5153448417272197
2025-07-18,1.948248870049058,2.112817385712452,1.3768883995236214,1.868802187336268,2.9598518905670907,2.507550896471033,1.5618896045088877,2.505442164499044
2025-07-22,1.9869334711078368,2.1547696737044273,1.4042280167855017,1.905909288069788,2.977658609544175,2.522636534464102,1.5712860642943773,2.5205151161824557
2025-07-23,2.035248822382034,2.2071662210543344,1.4383739863846914,1.9522544113911564,3.031018363333896,2.567842275628824,1.5994435694076994,2.5656828414521278
2025-07-24,2.0870541163770695,2.2633475064677837,1.474986407637567,2.0019471627751635,3.089588650472325,2.617462317931817,1.6303506303002246,2.615261155641126
2025-07-25,2.071813974700295,2.2468200305429034,1.4642157229450516,1.9873284913422093,3.0696113781743612,2.600537813290402,1.6198087873019067,2.598350883709443
2025-07-28,2.060688422660583,2.2347547035015176,1.4563529474150496,1.9766566227186624,3.048846708793116,2.5829462353172583,1.6088514413107133,2.580774099423224
2025-07-29,2.0309602017633748,2.202515340798158,1.435343084085417,1.9481406743239793,3.0339827009357423,2.5703536267659,1.6010078260853169,2.5681920806614094
2025-07-30,2.0406344597241706,2.213006782999237,1.4421801847069018,1.9574204304762493,3.0374396425492716,2.573282306092619,1.6028320258659794,2.5711182971070197
2025-07-31,2.066173506277923,2.240703111945102,1.4602294275296992,1.981918032808201,3.0630846494813575,2.595008447298366,1.6163646860178051,2.5928261676532744
2025-08-01,2.063355714715861,2.237647301625813,1.458238006118542,1.979215146582733,3.0861678028846447,2.614564217029365,1.6285454770414298,2.612365491904771
2025-08-04,2.050834390298648,2.224068301361762,1.4493887946026138,1.9672044230971624,3.0307382167503043,2.567604938815091,1.5992957383496504,2.565445704227456
2025-08-05,2.0951129915250273,2.2720871145248704,1.4806818667111061,2.009677409016032,3.0788805197473157,2.608390518466243,1.6247000374052165,2.6061969851308024
2025-08-06,2.132256877052685,2.312368542797313,1.5069326121279263,2.045306622299501,3.126721438724149,2.648920769203002,1.6499452985813596,2.6466931518393246
2025-08-07,2.156594862608178,2.3387623571633234,1.5241330275852636,2.068652141109076,3.1543292963886995,2.67230981392413,1.664513738990978,2.670062527477577
2025-08-08,2.137297929740117,2.317835413033471,1.510495281699262,2.050142108378091,3.164537824796408,2.680958356319775,1.6699006958343756,2.678703796857194
2025-08-12,2.1678830262873063,2.351004031643766,1.5321107258458173,2.0794799903119525,3.2209182062552997,2.7287231368890943,1.6996521614328843,2.726428409500086
2025-08-13,2.196611606118942,2.382159313634808,1.5524141115749572,2.1070370615125498,3.2586148968848265,2.7606593194674565,1.719544396380953,2.758337735255976
2025-08-14,2.1711353183437194,2.354531044699357,1.5344092223434567,2.082599658749757,3.2270898869882623,2.7339517105227933,1.70290890681595,2.731652586150097
2025-08-15,2.2233346058491787,2.4111396042416295,1.5713000911305925,2.1326703371765543,3.314776327675799,2.808238607666238,1.749180323504982,2.805877011518661
2025-08-18,2.2374075446015995,2.4264012836509097,1.581245877017242,2.14616940247929,3.3023150344516083,2.7976815500326815,1.7426046011157543,2.7953288318723843
2025-08-19,2.2233142790238225,2.411117560410028,1.5712857255274797,2.1326508392488144,3.2678746284234435,2.7685040525754676,1.724430680886202,2.7661758713136386
2025-08-20,2.1876203737046667,2.372408592124889,1.5460597264658698,2.098412478143884,3.233101746456311,2.7390448855044904,1.7060813158262926,2.7367414780119828
2025-08-21,2.2179073434800127,2.4052539012050826,1.5674644751001379,2.127464390470942,3.2423986307624237,2.7469210939899478,1.710987205542706,2.744611062977784
2025-08-22,2.233450589266292,2.4221100844332684,1.5784493729451106,2.142373805879956,3.2671935317493257,2.7679270356709367,1.7240712717487519,2.7655993396530945
2025-08-25,2.2709061527826844,2.462729518123533,1.604920390942951,2.1783019873887097,3.299439579197639,2.7952454989509268,1.741087246925257,2.792894829394631
2025-08-26,2.260295549948629,2.451222638029658,1.5974215461193966,2.168124069110364,3.2729977004240682,2.7728442575123418,1.7271340840282405,2.7705124263429757
2025-08-27,2.283515560109711,2.4764040416577884,1.613831853405657,2.1903972018944255,3.2732162562558766,2.7730294153824793,1.7272494141509382,2.770697428504082
2025-08-28,2.322001016110624,2.5181403628156462,1.6410307286277428,2.227313278408474,3.306727022066408,2.8014193328366015,1.7449327708504425,2.799063471377353
2025-08-29,2.349360923035221,2.547811360145832,1.660366830414151,2.253557489141529,3.3097410091881767,2.803972746449367,1.7465232271731448,2.8016147376897664
2025-09-01,2.3288782586882535,2.525598525839455,1.6458910910133804,2.2339100772925877,3.2725910708637693,2.77249976584311,1.7269195089391485,2.7701682243749817
2025-09-02,2.3500113814464734,2.5485167627569174,1.6608265297136573,2.2541814228290606,3.313627436974096,2.8072652812919756,1.7485740632899271,2.8049045036659477
2025-09-03,2.3571664239705896,2.5562761914792262,1.6658832220084696,2.261044693392239,3.28515491261498,2.7831437013544686,1.7335493453463178,2.780803208838865
2025-09-04,2.4014043715462945,2.604250916979173,1.697147562910763,2.3034786834556655,3.316626723649754,2.8098062408637325,1.7501567623075982,2.8074433264106133
2025-09-05,2.4328770728005478,2.638382116235891,1.7193903050598,2.333667974900679,3.3323489169840372,2.8231258938218806,1.7584532349815032,2.8207517781691815
2025-09-08,2.4733748845113626,2.6823007767218914,1.7480113749897974,2.3725143462606155,3.369758909054955,2.8548191888321357,1.77819418144796,2.8524184206139473
2025-09-09,2.402251322602646,2.605169409962393,1.6977461297070189,2.3042910971113377,3.315452698325507,2.8088116207397738,1.749537238758053,2.8064495427152423
2025-09-10,2.436393613586556,2.642195699102262,1.721875554397881,2.3370411163990665,3.353713636511319,2.8412258270564537,1.7697272225209661,2.838836490214044
2025-09-11,2.4590038189870604,2.6667157877824685,1.7378548935908338,2.3587293113510395,3.3930520989306947,2.8745528989345663,1.790485806998115,2.8721355355974203
2025-09-12,2.4598575456518765,2.6676416287095694,1.7384582489214695,2.3595482243159704,3.3854308431999574,2.868096262810053,1.7864641327592525,2.865684329199197
2025-09-16,2.472006211604286,2.680816492060994,1.7470440910470388,2.3712014857930366,3.4141840197873865,2.8924556079374146,1.8016369485854897,2.8900231892668304
2025-09-17,2.4105514429549566,2.6141706411980237,1.7036120843103744,2.3122527509369917,3.3456757514204716,2.834416227552668,1.7654856963805396,2.8320326172620947
2025-09-18,2.426894210538447,2.631893881802386,1.7151620292110235,2.3279290848369754,3.326509725164162,2.818179000793464,1.7553719412751319,2.8158090452443565
2025-09-19,2.423946820862304,2.6286975262207357,1.7130790167600243,2.3251018853151963,3.3225111231146984,2.814791433264927,1.7532619117180688,2.812424326500251
2025-09-22,2.425884644879245,2.6307990381663537,1.7144485375898644,2.326960687759384,3.337921541805749,2.8278469544978946,1.7613938634658535,2.8254688686559546
2025-09-24,2.459058023854665,2.6667745713333924,1.7378932018657927,2.3587813058250005,3.368990544568086,2.8541682396870103,1.7777887218003545,2.851768018886334
2025-09-25,2.4998404111204313,2.7110018454617735,1.7667153902393444,2.39790064817326,3.4199148120279474,2.897310666146951,1.8046610407215384,2.8948741646015237
2025-09-26,2.4676630465872837,2.6761064600430053,1.7439746405158156,2.3670354285667172,3.4137976044094493,2.8921282414801794,1.801433040354897,2.8896960981093374
2025-09-29,2.508885848402311,2.720811350522616,1.773108083623391,2.4065772260158864,3.420369602106812,2.8976959588278435,1.8049010297218921,2.895259133269454
2025-09-30,2.489460178973685,2.6997447954593143,1.7593793555843587,2.387943706409239,3.3880109137887313,2.8702820675587493,1.7878256148808238,2.8678682957892487
2025-10-01,2.452140127626361,2.6592723206464215,1.733004108273956,2.352145511085443,3.347676896905997,2.8361115739219205,1.7665416844659276,2.8337265379250542
2025-10-02,2.4809364635424926,2.690501082076108,1.753355379346788,2.3797675753784824,3.3669727296211165,2.8524587711506584,1.7767239373766681,2.850059987932351
2025-10-03,2.4951313632470518,2.7058950244749975,1.7633873588521152,2.393383628247658,3.364461814779791,2.850331554318832,1.7753989481767112,2.847934559989496
2025-10-06,2.5418898371664542,2.756603185093003,1.7964330345400634,2.438235361350362,3.4279144553995735,2.904087867726495,1.808882387019892,2.9016456668743573
2025-10-07,2.583519175488571,2.8017489522046035,1.8258537897098706,2.478167117354293,3.4541060233065917,2.9262770488117154,1.822703462922417,2.923816187905398
2025-10-08,2.6334825122052465,2.8559326902711573,1.8611644421548792,2.5260930237300996,3.4993983265964896,2.964648143014021,1.8466038404711065,2.9621550138282204
2025-10-09,2.6847399901359994,2.911519885616041,1.8973897046645474,2.575260298171747,3.547902848546326,3.005740590202285,1.8721992795018778,3.0032129042075617
2025-10-10,2.6097272289765097,2.8301707990775875,1.8443758406533564,2.503306445515614,3.4520587511266445,2.924542624462137,1.821623134158113,2.922083222124849
2025-10-14,2.5494988454567995,2.7648549260543445,1.8018105586376865,2.445534085633004,3.387313367021809,2.8696911143335893,1.7874575251641096,2.8672778395278633
2025-10-15,2.6027212498383143,2.8225730251203287,1.8394244961146875,2.496586159755837,3.441878162923654,2.9159177526716364,1.8162509211319438,2.9134656034445148
2025-10-16,2.634864736329214,2.857431670819775,1.8621413031663707,2.527418882816159,3.451169495808292,2.9237892580596374,1.821153881408705,2.921330489267943
2025-10-17,2.6025586352355012,2.8223966744675577,1.839309571289811,2.4964301763339543,3.4196109454287216,2.89705323402147,1.8045006928054816,2.8946169489643117
2025-10-20,2.6456853830252216,2.8691663371734637,1.8697885925553805,2.5377982796810894,3.480968247579536,2.949034401898029,1.8368784386972554,2.9465544031316906
2025-10-21,2.622106265616227,2.8435954925204268,1.853124492947494,2.515180683507004,3.4696198800573157,2.9394202015238426,1.8308899980872404,2.936948287846323
2025-10-22,2.6218013632359574,2.843264835046486,1.852909008900854,2.5148882145909783,3.4942520060763536,2.9602882422112407,1.8438881692757039,2.9577987794962706
2025-10-23,2.63288625866156,2.855286071210954,1.860743051130305,2.5255210845164915,3.522299606080128,2.984049831349355,1.858688658116693,2.981540386259235
2025-10-24,2.6889882966346845,2.916127046419903,1.9003921157145867,2.579335365068625,3.562679707308568,3.018259367089187,1.8799969068634343,3.0157211533938666
2025-10-27,2.784808951346806,3.0200416685703173,1.9681115687763284,2.6712485964175015,3.6498945620546133,3.0921467422990787,1.9260194715129453,3.08954639280797
2025-10-28,2.744365344503596,2.976181791635241,1.93952880712129,2.632454219531526,3.582203031631009,3.0347992924695255,1.8902992052324363,3.032247169477483
2025-10-29,2.8063892642627906,3.043444869782932,1.9833630507450364,2.6919488963641798,3.5851925082875002,3.0373319411111193,1.891876727583327,3.0347776882810855
2025-10-30,2.884789829647724,3.1284679282543078,2.038771181941278,2.767152403643039,3.6532609385150767,3.094998695918176,1.9277958808039704,3.0923959480686576
2025-10-31,2.9294478649473716,3.176898226273924,2.0703324119745097,2.8099893508796723,3.6769912814871932,3.115102756862217,1.9403181884632494,3.1124831024461606
2025-11-04,2.946061656868884,3.1949153846329055,2.0820738982499534,2.8259256571494613,3.682021084349789,3.1193639453079536,1.942972374244928,3.1167407074335003
2025-11-05,2.8516028994554117,3.092477699199548,2.015316940596617,2.735318786958941,3.576677072343818,3.030117766272685,1.8873832017685102,3.0275695802232514
2025-11-06,2.9534267432549526,3.202902599615028,2.087279035110221,2.832990406299224,3.6759170542272295,3.114192684457135,1.9397513275349834,3.1115737953690243
2025-11-07,2.8789492551630795,3.1221340006419727,2.0346434653142653,2.7615499990734786,3.602118959487718,3.051671826838661,1.9008086772714525,3.049105514841433
2025-11-10,2.907501669175011,3.1530982360925233,2.054822349149796,2.7889380882337123,3.63018585208389,3.075449760428846,1.9156193466554634,3.072863452311555
2025-11-11,2.8444817349735434,3.0847550101965617,2.01028419097365,2.7284880129419844,3.6011321380151378,3.0508358035646213,1.9002879396614252,3.0482701946235147
2025-11-12,2.9339875226094354,3.181821348664007,2.0735407300024558,2.8143438880740965,3.66407929012927,3.104163873194433,1.9335046363596056,3.1015534178633324
2025-11-13,3.00888509842529,3.2630455201567736,2.1264731889293764,2.8861872524730856,3.7168893416976463,3.1489039132535295,1.96137206811222,3.1462558336600326
2025-11-14,2.9474506566013163,3.1964217131254045,2.0830555477958246,2.82725801554478,3.6398947760648,3.083675043967421,1.920742666334086,3.0810818187748277
2025-11-17,2.999439900244785,3.2528024864078215,2.119797972017478,2.877127215384956,3.6619408364680304,3.1023522009913775,1.932376191874306,3.0997432691911064
2025-11-18,2.81004131721779,3.047405411526591,1.985944070770501,2.695452024047452,3.4849189296652776,2.952381372210074,1.8389631812818783,2.9498985587996476
2025-11-19,2.815346618634817,3.053158851573528,1.9896934931822778,2.7005409831866243,3.4595572077047136,2.93089522662254,1.825580008289712,2.9284304820466165
2025-11-20,2.9350377419193117,3.1829602799632,2.074282952829814,2.815351281007131,3.58277425231865,3.035283223760799,1.8906006337115953,3.0327306938053775
2025-11-21,2.7771389625804295,3.0117237961142127,1.962690947869394,2.6638913783516767,3.4666851639629814,2.936933945371403,1.829341372436568,2.9344641225179804
2025-11-25,2.819229042277164,3.0573692234086445,1.9924373233763377,2.7042650873842575,3.48713637013016,2.9542599610824785,1.8401333064566394,2.951775567867462
2025-11-26,2.8567523618780526,3.098062136537554,2.01895622671787,2.740258261985453,3.545837681437209,3.0039910054841004,1.8711095077299922,3.0014647908075625
2025-11-27,2.8868157365745164,3.130664963470171,2.0402029537179227,2.769095697107408,3.5737088353666775,3.0276031116317936,1.8858168874224819,3.025057040288247
2025-11-28,2.902792621301668,3.1479914151057877,2.051494317762593,2.784421068308146,3.5932495889014873,3.04415780283107,1.8961283830441233,3.041597809773444
2025-12-01,2.8377275645478064,3.0774303152251217,2.0055108075263046,2.7220092675109955,3.527386162383088,2.988359100626676,1.8613727922241,2.9858460316444497
2025-12-02,2.829682641925489,3.0687058382630403,1.9998252091389408,2.7142924048325843,3.517805605014823,2.9802425677372946,1.8563172105557797,2.9777363243762074
2025-12-03,2.8248774849404423,3.06349478983121,1.9964292544370994,2.709683194981523,3.5128171490311395,2.9760164078697158,1.8536848431835147,2.973513718509644
2025-12-04,2.873741473084985,3.116486317389205,2.0309629628688084,2.756554582580067,3.536874520504605,2.996397523423936,1.8663797211049282,2.9938776945074728
2025-12-05,2.864537368262163,3.1065047421456433,2.0244581341719368,2.7477258074221327,3.5181714330360383,2.980552492833708,1.8565102550068195,2.97804598884024
2025-12-08,2.896439647626627,3.1411018059609033,2.047004472604658,2.7783271594228256,3.573054910053188,3.027049113976948,1.8854718163895294,3.024503508519286
2025-12-09,2.8895935373654926,3.133677404999303,2.042166112400616,2.7717602233257805,3.570752618611461,3.025098640378239,1.8842569160491294,3.02255467517683
2025-12-10,2.921575077051314,3.168360424252564,2.064768466580964,2.802437603530158,3.60658352253788,3.0554541509186146,1.9031645906328425,3.052884658165325
2025-12-11,2.8882560194418203,3.1322269069821957,2.0412208466588666,2.770477247387856,3.5458137419224247,3.003970724215315,1.8710968750440802,3.0014445265943674
2025-12-12,2.912301619447276,3.1583036380007203,2.0582146241048984,2.793542303693972,3.6036099323572013,3.0529349611081167,1.9015954514451439,3.050367586874577
2025-12-15,2.950247498318648,3.1994548039672916,2.085032163296596,2.829940806228934,3.603393797560945,3.052751854310159,1.9014813988830812,3.0501846340607957
2025-12-16,2.881281111158395,3.12466282843375,2.0362914608648697,2.76378676545974,3.5081118877110913,2.972030167112596,1.8512019153161767,2.9695308299928893
2025-12-17,2.8459607304334917,3.0863589363526116,2.0113294433143847,2.729906697173296,3.507065772970916,2.971143911295912,1.8506498891343903,2.9686453194755247
2025-12-18,2.8611291744418654,3.102808658309484,2.0220494570226064,2.744456594661815,3.5078291132901773,2.9717906040267126,1.8510526975698922,2.9692914683682563
2025-12-19,2.883787718822771,3.1273811691621187,2.0380629588846015,2.766191157402676,3.5467827190034162,3.004791629935579,1.8716081963147937,3.00226474197166
2025-12-22,2.919900702761703,3.1665446156237658,2.0635851339116793,2.800831507726409,3.5996632665632338,3.049591393350124,1.899512828224802,3.047026830899285
2025-12-23,2.922536108448312,3.169402633938917,2.0654476575213243,2.8033594455003596,3.6062469707567946,3.055169028300466,1.9029869950139766,3.0525997753218443
2025-12-24,2.918503739597013,3.165029651028158,2.0625978563592096,2.7994915106357214,3.617167037289086,3.064420377231079,1.908749424698951,3.06184334430458
2025-12-25,2.9197322745787333,3.16636196031792,2.0634661004479113,2.800669947793496,3.6174932492515834,3.064696740079371,1.9089215640802204,3.0621194747447587
2025-12-26,2.91039937173362,3.156240707487513,2.056870246161085,2.791717626804491,3.5947709697098453,3.045446698340345,1.8969312032381493,3.042885621382421
2025-12-29,2.9277177519600333,3.1750219707015006,2.069109687024555,2.8083297893191435,3.6298440253288793,3.0751601689162786,1.9154389674760537,3.0725741043317862
2025-12-30,2.93270124466819,3.180426418868895,2.072631677158597,2.8131100626285503,3.6186180048257173,3.0656496194640517,1.9095150883860994,3.0630715528028434
2026-01-05,2.939111284456035,3.187377914499187,2.077161852722947,2.81925871055572,3.689236685645096,3.125476915877288,1.9467799879601069,3.122848537283061
2026-01-06,2.971498695097877,3.222501088614293,2.100051048599774,2.8503254109039706,3.77220314950242,3.195765105460519,1.990560711527592,3.1930776178157694
2026-01-07,2.9756116858173245,3.2269615035196555,2.1029578277572094,2.8542706799972377,3.7219495611104647,3.153190870234516,1.9640423044583704,3.1505391855125024
2026-01-08,2.914860581035918,3.161078754987553,2.060023122280051,2.795996914646239,3.7153567949175996,3.147605558067435,1.9605633557263713,3.1449585703293814
2026-01-09,2.9230610555555696,3.1699719233104355,2.0658186540574737,2.8038629860476476,3.748252377815352,3.1754742999622843,1.9779220854405177,3.17280387592743
2026-01-13,2.9930201581646756,3.245840468932966,2.1152609395397874,2.870969260810526,3.841951788304244,3.2548553127484383,2.0273664970536855,3.252118133027841
2026-01-14,3.0446907997143455,3.301875727813578,2.1517781976988504,2.9205328506750283,3.920912443547029,3.32174982948794,2.069033388218732,3.3189563946355336
2026-01-15,3.09315394617586,3.3544325546052387,2.1860286187785727,2.9670197423164417,3.9500308428268256,3.3464185868844014,2.084398929068933,3.343604406771149
2026-01-16,3.117270738270276,3.3805864913060524,2.2030727099000975,2.9901530876043276,3.9508178442115445,3.3470853249850694,2.084814223254917,3.3442705841765377
2026-01-19,3.1169200181314043,3.380206145849001,2.2028248450107006,2.989816669309549,3.9420453013997965,3.339653332302586,2.0801850242512625,3.336844841449183
2026-01-20,3.090316301415938,3.351355214089143,2.1840231664916643,2.9642978124769073,3.903328750815047,3.3068531366453455,2.0597546175564276,3.3040722292086406
2026-01-21,3.1454303770563286,3.411124773820778,2.2229740072011523,3.0171644183264896,3.9366168443490643,3.335054408826922,2.0773204719190725,3.3322497854511375
2026-01-22,3.1549890950228647,3.421490916368219,2.22972945209568,3.0263333460331143,3.9675051743017913,3.3612226301863406,2.0936199906914665,3.3583960005712776
2026-01-23,3.1638718796309004,3.4311240294894003,2.2360071937488617,3.0348539039353066,3.9789743570730023,3.3709391837853215,2.0996721845190214,3.3681043830072084
2026-01-26,3.126465982638355,3.39055845765256,2.2095712766365296,2.9989733636236453,3.9252526664923963,3.325426814127687,2.0713236883250397,3.322630287104716
2026-01-27,3.161659154391137,3.4287243954240365,2.234443391628506,3.032731410330093,3.954177945888848,3.349931962683397,2.0865873213942527,3.3471148279868954
2026-01-28,3.248676009208723,3.5230915610028273,2.2959409240040016,3.116199847611482,3.977600752306285,3.369775482359869,2.0989473445320352,3.36694166019974
2026-01-29,3.2549507113295193,3.529896286997947,2.300375452206948,3.1222186767397813,4.017480457822167,3.4035610888748593,2.119991538558986,3.400698854614002
2026-01-30,3.2027061640980685,3.473238644642171,2.263452596956152,3.0721045842111048,4.004257392889782,3.392358667418918,2.113013835477471,3.3895058538658605
2026-02-02,3.1408805930992134,3.406190669767846,2.2197585326038376,3.012800167772221,3.9448045887015635,3.34199096729345,2.081641077564679,3.3391805105993333
2026-02-03,3.2510731809853635,3.525691221797753,2.2976350802597367,3.118499266298938,4.15006713880585,3.5158869291712316,2.1899564443654973,3.512930234179369
2026-02-04,3.384097520169004,3.6699521223792217,2.3916475405218787,3.2460990713634157,4.294877874359358,3.638568841368621,2.2663718836660682,3.6355089766779902
2026-02-05,3.3614760235925356,3.645419788757802,2.3756602215017892,3.2244000456727915,4.229326085398113,3.5830341547517315,2.2317807414329636,3.58002099211185
2026-02-06,3.4476326740516763,3.738854088545303,2.4365498205579996,3.3070433564463038,4.323242685570539,3.662599168023648,2.281339762263572,3.659519094962298
2026-02-09,3.4882978485057268,3.7829542488997574,2.4652891709721882,3.3460502657464626,4.426815584277122,3.7503448811890583,2.3359943327555,3.747191018123678
2026-02-10,3.57880294887714,3.88110431201544,2.5292519555603716,3.432864703131419,4.570219633474925,3.87183506563698,2.41166747518548,3.868579035059631
2026-02-12,3.677498426335941,3.988136593091982,2.5990031357548435,3.527535526243746,4.684070137211155,3.9682878420807244,2.471745453688535,3.9649506992700165
2026-02-13,3.4144888843908747,3.7029106441012805,2.41312606797599,3.2752511210871944,4.468069101166484,3.7852943641642627,2.3577634757941337,3.782111110232975
2026-02-16,3.4085252959397803,3.6964433115369406,2.4089114135321568,3.2695307188772356,4.417225162328038,3.7422199911455385,2.330933545628662,3.7390729607292696
2026-02-17,3.436364932410943,3.7266345611521428,2.4285865551905905,3.2962350965015608,4.383856034186887,3.7139500674201424,2.313324929967423,3.710826810675662
2026-02-18,3.4771925764221434,3.770910914861703,2.45744072792135,3.3353978500926855,4.468062479926473,3.78528875472942,2.3577599818200015,3.782105505515403
2026-02-19,3.5430500892689634,3.8423314095744954,2.50398429165917,3.398569791805432,4.5825288721835244,3.882263304515078,2.4181629596520007,3.8789985042809443
2026-02-20,3.5267553483890204,3.8246602524876927,2.4924682887317453,3.3829395261516666,4.563535480719953,3.8661723318744237,2.408140302513019,3.8629210633889435
2026-02-24,3.5315434218088737,3.82985277430616,2.4958521699438503,3.3875323490798395,4.61483204151937,3.909630160770658,2.435209077580787,3.9063423463018614
2026-02-25,3.484293451773348,3.7786116009118507,2.4624591385812216,3.342209162339462,4.608703792165549,3.9044383816786215,2.4319752505808365,3.90115493325104
2026-02-26,3.512066189015102,3.808730300322016,2.482087000462248,3.36884936878516,4.660094991705682,3.9479763873769036,2.459093965737086,3.944656325541099
2026-02-27,3.635342354769089,3.942419599596412,2.569210121729677,3.4870985163910704,4.775607586481354,4.045837267344088,2.5200490160708386,4.04243490912631
2026-03-02,3.789126786369839,4.10919419689403,2.6778943884851225,3.634611848271771,4.828033318584649,4.090251716578093,2.5477136455889107,4.086812007904439
2026-03-03,3.624257497055483,3.930398404329472,2.5613761061524736,3.476465682639715,4.66636118387005,3.9532850299577347,2.4624005840285528,3.9499605038040366
2026-03-04,3.3973522221129295,3.684326448544676,2.401015052869146,3.2588132663341414,4.381358699809851,3.711834355794204,2.3120071070672616,3.708712878263361
2026-03-05,3.4527440111498806,3.744397180114016,2.440162162320269,3.3119462608422388,4.539397385862171,3.845722828440608,2.3954028275227435,3.8424887570224997
2026-03-06,3.3903015697758723,3.6766802278449697,2.3960321363838797,3.2520501290819133,4.480508744258489,3.795833080066414,2.3643277735859,3.792640963572379
2026-03-09,3.147896782393653,3.413799516332899,2.224717092979202,3.019530247333301,4.286881582940093,3.6317944795227692,2.2621523061655266,3.6287403117507693
2026-03-10,3.327046216910275,3.6080816974783407,2.351327600476092,3.1913742351480034,4.438502249190952,3.760245683041616,2.34216129012876,3.757083493869101
2026-03-11,3.497416207317726,3.7928428351698833,2.471733400281875,3.354796791487988,4.54533132497669,3.850749990236655,2.3985341186006157,3.847511691212709
2026-03-12,3.4204551667039147,3.7093808980779923,2.4173426262562985,3.2809741073074274,4.486999629104669,3.8013320795828425,2.3677529603655567,3.798135338689713
2026-03-13,3.440447369987069,3.7310618420912087,2.431471741486223,3.3001510583631153,4.531665523525876,3.8391724877311435,2.3913227870838827,3.8359439248404597
2026-03-16,3.3652042823255215,3.6494629733789177,2.3782950985335622,3.2279762715761002,4.480816431421209,3.796093748927302,2.364490137582026,3.792901413223056
2026-03-17,3.261503873048345,3.537002994063853,2.305006776515441,3.128504610299082,4.502919607078479,3.8148192933070333,2.376153802374088,3.811611210303627
2026-03-18,3.4050098483637083,3.6926309142239133,2.4064269367997233,3.2661586260093145,4.712389395998297,3.992279577270381,2.486689294644903,3.9889222585425563
2026-03-19,3.309492748101859,3.5890454877578413,2.3389220151603416,3.174536570613041,4.547748983363863,3.8527982013229725,2.3998098971333914,3.849558179850159
2026-03-23,3.12455538376513,3.388486470557621,2.2082209966671016,2.997140676122426,4.3291296121682175,3.667586501381276,2.284446245221293,3.6645022342079274
2026-03-24,3.2352522512799036,3.5085338986991976,2.2864539345057144,3.1033234905067473,4.466005615835972,3.783546204228668,2.356674591483047,3.7803644204173916
2026-03-25,3.410776100544056,3.698884241529441,2.410502127530181,3.2716897390272814,4.585727385746206,3.884973046707596,2.419850789066492,3.881705967708153
2026-03-26,3.4025765332988636,3.6899920571184603,2.4047072369519893,3.2638245379030324,4.648993350543719,3.938571210605491,2.4532357206069446,3.93525905807952
2026-03-27,3.3566199369743095,3.6401535086684147,2.372228273235575,3.2197419830230216,4.69554829274756,3.978011997298379,2.477802382370807,3.97466667693202
2026-03-30,3.280065352106308,3.557132360625331,2.318124754195708,3.1463091799292675,4.6479787827209345,3.937711680957517,2.4527003414751283,3.9344002512554184
2026-03-31,3.1102752385628643,3.373000081976738,2.198128771502861,2.9834428539397795,4.473813123593307,3.790160630828358,2.360794549391133,3.786973284596448
2026-04-01,3.3505836464352914,3.6336073328732614,2.3679622379527627,3.2139518434078345,4.709270761414627,3.9896375075874455,2.485043616713511,3.986282410715544
2026-04-02,3.245471979425683,3.519616886933197,2.2936765359641478,3.1131264733835358,4.593201683621851,3.891305181906082,2.423794914848656,3.8880327778797517
2026-04-03,3.3098718355870935,3.5894565967500354,2.3391899281404784,3.1749001994761135,4.706023342869091,3.9868863336820795,2.48332998054005,3.9835335504176035
2026-04-06,3.2637543740713424,3.539443594831574,2.306597275963082,3.1306633392474397,4.680194794039402,3.9650046979898206,2.469700466831878,3.961670316148362
2026-04-07,3.2749126052253725,3.5515443613909508,2.314483146845071,3.14136655437977,4.665231927000195,3.952328337129497,2.4618046844257835,3.9490046155093212
2026-04-08,3.1620313238980637,3.429128002076532,2.234706415457042,3.033088403319694,4.7851338557205345,4.053907807983928,2.5250759503380054,4.050498662822324
2026-04-09,3.153898643490846,3.42030835443245,2.228958795898844,3.0252873614879423,4.792119934977068,4.059826330244575,2.528762447152873,4.056412207885046
2026-04-10,3.1044571102213263,3.3666904965324522,2.1940169182670872,2.9778619801930923,4.7983384480703295,4.065094579690238,2.5320439055889596,4.0616760269815355
2026-04-13,3.148791513830298,3.4147698257035093,2.225349427664336,3.0203884929566334,4.785994832929145,4.054637217512214,2.5255302809604716,4.051227458951617
2026-04-14,3.1239658614363313,3.3878471512977972,2.207804362802577,2.9965751936348037,4.814331502782104,4.07864370314727,2.5404833095936907,4.075213756265126
2026-04-15,3.057226246030804,3.3154700428532227,2.160637389602575,2.9325571201898595,4.699796339853769,3.981610891676634,2.4800440420416163,3.9782625448099345
2026-04-16,3.0265269911204897,3.2821776229267594,2.1389412661709897,2.9031097351006308,4.7580494485583396,4.030962224228069,2.5107837304719594,4.027572375219595
2026-04-17,3.0019353146509204,3.255508688383806,2.1215615594115884,2.8795208705140243,4.67027933538516,3.956604440761882,2.464468160497445,3.9532771231403414
2026-04-20,2.9069652937444106,3.152516553047576,2.0544432758601667,2.7884235853930592,4.5948297553961845,3.8926844647175836,2.424654034991738,3.8894109007794966
2026-04-21,2.880227493278498,3.1235202114874405,2.0355468361618003,2.762776112545301,4.617750074908635,3.9121022835361585,2.43674889990461,3.9088123901287766
2026-04-22,2.8541593480444982,3.095250090913838,2.017123662756399,2.737770987388025,4.58438770688166,3.883838086898127,2.419143851500263,3.8805719623463233
2026-04-23,2.8782104594473217,3.1213327988772783,2.0341213352792957,2.7608413303449453,4.561149155929542,3.8641506662341456,2.4068810584626656,3.8609010978740663
2026-04-24,2.8999298797412774,3.144886857863341,2.0494711287819976,2.781675065078228,4.595161515733661,3.8929655280823763,2.424829102205048,3.889691727783263
2026-04-27,2.8360867249173003,3.075650873926939,2.0043511748492584,2.720435338872976,4.568294271635808,3.8702039222608198,2.4106514775097123,3.8669492633980767
2026-04-28,2.923012814905136,3.1699196077739034,2.0657845608812924,2.8038167125789784,4.655628521751448,3.9441924477907717,2.456737046118033,3.9408755680695946
2026-04-30,2.94363496879496,3.192283714300068,2.0803588819039316,2.8235979257952946,4.642250395104995,3.932858659917017,2.4496775182398,3.929551311376598
2026-05-01,2.935617711131667,3.1835892391551575,2.074692835208212,2.8159075999401466,4.649664901614987,3.939140140590179,2.4535900926079384,3.9358275096209385
2026-05-07,3.219075197573468,3.4909903698174367,2.275021104783963,3.0878061129191066,4.925819514551913,4.173095004832365,2.5993146204324447,4.169585628862684
2026-05-08,3.2464388656020895,3.520665445951976,2.2943598646601977,3.1140539313839746,4.972710518103003,4.212820498653758,2.624058619017254,4.20927771541843
2026-05-11,3.270046653589314,3.5462673829860085,2.3110442266622675,3.1366990289928776,4.977393259380146,4.216787660701583,2.6265296632423665,4.213241541270185
2026-05-12,3.3840016522932777,3.6698481565472996,2.3915797876962466,3.2460071128366557,5.039664560233972,4.269543157278309,2.65938971876501,4.265952672963835
2026-05-13,3.538038999031811,3.8368970327157714,2.5004427974883905,3.393763046353095,5.139926315944024,4.3544837099504665,2.712297026212524,4.350821794639561
2026-05-14,3.266269743984372,3.5421714379554414,2.308374966537937,3.1330761361276,4.952469635672248,4.195672666680691,2.6133776711105576,4.192144303962843
2026-05-15,3.0948577718805774,3.3562803024091723,2.1872327656838753,2.9686540885505215,4.81301051184538,4.077524575525317,2.5397862334939374,4.074095569776692
2026-05-18,3.0542749202346475,3.3122694186676354,2.1585515953724754,2.9297261450571694,4.762582714463861,4.034802752540161,2.5131758977675154,4.031409673828613
2026-05-19,2.8500778586314346,3.090823838229136,2.014239146557251,2.733855935024858,4.630887237136966,3.92323192925516,2.4436812728326496,3.9199326763409403
2026-05-20,2.7554574406111034,2.9882108367229674,1.9473679382978106,2.643093996505877,4.517531906250738,3.8271986572899634,2.383864592987584,3.8239801638256328
2026-05-21,2.81635064468713,3.0542476876722637,1.9904030697900177,2.701504066554231,4.62687188717637,3.919830173097892,2.4415624055400302,3.916533780900071
2026-05-22,2.9736601915065606,3.224845166550961,2.101578645703242,2.852398764713418,4.768875427739327,4.040133863487102,2.516496511032128,4.036736301562825
2026-05-25,3.1579590801243125,3.4247117760099792,2.231828433440313,3.0291822195724603,4.951227065442235,4.1946199761375835,2.6127219769755516,4.191092498682805
2026-05-26,3.1253338153075068,3.389330656185855,2.208771138580178,2.997887364387693,4.913936353548388,4.163027733857669,2.593043973681753,4.159526823987802
2026-05-27,3.061033821944154,3.3195992445742237,2.163328322566012,2.9362094288372336,4.8642933739074605,4.120970799016159,2.5668477798501907,4.117505257043816
2026-05-28,2.9833422025428233,3.235345016729527,2.1084212256656025,2.861685957782302,4.821334003526015,4.084576137494367,2.54417847189297,4.081141201714891
2026-05-29,3.0142388372397826,3.2688514891064866,2.130256843564609,2.891322673804908,4.882712661971419,4.136575398166655,2.5765674873265128,4.133096733462811
2026-06-01,3.012832657623013,3.2673265295454064,2.1292630524572504,2.889973836095309,4.86585210475963,4.122291337033001,2.567670309356478,4.118824684550502
2026-06-02,3.0065603039535422,3.2605243503752157,2.1248301839782937,2.883957259651993,4.794317770889811,4.061688310376368,2.52992222716601,4.058272622179415
2026-06-03,3.1211022932299803,3.3847416975826357,2.2057805896054328,2.9938283974683157,4.971585973984454,4.211867798411703,2.623465206294755,4.2083258163523185
2026-06-04,3.0941870377300793,3.355552911367838,2.186758736885408,2.9680107059381453,4.8860194136672295,4.139376838402791,2.5783124331174965,4.135895817819908
2026-06-05,3.050003506595549,3.307637198863997,2.1555328537837313,2.9256289132945947,4.8123165914195765,4.076936694492706,2.5394200573677357,4.073508183124286
2026-06-08,2.8774479232421393,3.120505851264828,2.0335824270980694,2.7601098892287332,4.570636462715207,3.8721881983523243,2.4118874325621737,3.8689318708070264
2026-06-09,2.962204180900544,3.2124214671194355,2.0934823247707697,2.841409913130954,4.614888482985649,3.909677977301548,2.4352388612803444,3.9063901226213056
2026-06-10,2.873927956483373,3.1166885530338977,2.031094756517908,2.756733461463646,4.462892657608693,3.780908943486542,2.355031908918437,3.7777293774870957
2026-06-11,2.878161000379052,3.121279162003197,2.03408638100913,2.7607938881437013,4.458460497286042,3.7771540706073328,2.3526930942110096,3.7739776622787846
2026-06-12,2.9295207218088404,3.176977237351996,2.07038390219679,2.8100592367470103,4.602860607249091,3.8994881057468356,2.4288918497500966,3.8962088202677085
2026-06-15,3.096230889396436,3.357769407114804,2.1882031907706456,2.969971212382366,4.806328120223878,4.071863333773838,2.536259990157186,4.0684390888623705
2026-06-16,3.1067726221023637,3.3692015996231754,2.195653362921037,2.980083068953676,4.885392229459232,4.138845495490657,2.5779814731469295,4.13536492174209
2026-06-17,3.147304471592931,3.4131571730590244,2.22429848841437,3.0189620900834817,4.924067770837824,4.1716109486420345,2.5983902396194987,4.168102820693576
2026-06-18,3.2251388849412317,3.4975662566505257,2.279306502262366,3.0936225321612314,4.945030926741845,4.18937068200826,2.6094523253233604,4.185847618962128
2026-06-19,3.231229562907032,3.5041714139765476,2.2836109748404168,3.0994648413650663,5.047388904621696,4.276087128872231,2.663465792043974,4.272491141386456
2026-06-22,3.298254271886446,3.57685769783948,2.3309794325841535,3.163756382693229,5.208495085499873,4.412574346214277,2.7484802043994323,4.408863579419583
2026-06-23,3.149729842237036,3.4157874146787885,2.2260125736915395,3.021288557730651,5.021243349238759,4.253936929043598,2.6496689965736113,4.250359568830605
2026-06-24,3.1378028322905887,3.4028529306085966,2.217583382796717,3.009847913458269,4.964610593099153,4.205958339682397,2.619784354922779,4.202421327198936
2026-06-25,3.2523675310299636,3.5270949055465137,2.2985498379114535,3.1197408346795057,5.0664575054958085,4.292241818020264,2.6735281365730104,4.288632245203259
2026-06-26,3.1276789537031138,3.391873888341825,2.210428521218417,3.000136871537776,4.916930520148177,4.165564355762776,2.594623970877316,4.16206131271359
2026-06-29,3.1436709575193755,3.4092167361754937,2.2217305703961454,3.0154767452937237,4.906323738355169,4.156578417892543,2.589026858983782,4.153082931593056
2026-06-30,3.190511495820192,3.460013893150415,2.2548342435486477,3.060407196314783,4.9605533220384785,4.202521068473711,2.6176433662089384,4.198986946573131
2026-07-01,3.251581783611568,3.526242786070462,2.29799452564002,3.118987128868731,4.946433172297584,4.190558647565447,2.610192278820175,4.187034585496341
2026-07-02,3.137135174079548,3.4021288753312207,2.21711152786085,3.009207481353127,4.851779330340563,4.110369051927173,2.560244221537088,4.1069124255238325
2026-07-03,3.178770703469981,3.447281356470467,2.2465366584522353,3.0491451759628436,4.906214169959762,4.156485592866735,2.588969040638778,4.152990184628716
2026-07-06,3.153386065773565,3.4197524792928564,2.2285965411973874,3.0247956859253584,4.905097128326635,4.1555392486400295,2.5883795869163997,4.152044636232847
2026-07-07,3.0670083524598213,3.326078443478958,2.167550710109044,2.941940326910694,4.807938146079206,4.073227328299963,2.5371095876165874,4.069801936333467
2026-07-08,2.9810666608349012,3.2328772600910796,2.1068130291828853,2.8595032092707977,4.713589584290472,3.9932963623458644,2.4873226241783746,3.989938188549773
2026-07-09,3.0522426596433814,3.3100654930934774,2.157115333262464,2.927776757021287,4.763866338767386,4.035890223600214,2.513853255800923,4.0324962303768235
2026-07-10,3.0833092049723487,3.343756228447741,2.1790710323183307,2.957576454973784,4.839493340399833,4.099960509125388,2.553761005254989,4.096512635815364
2026-07-13,2.9988254608694307,3.2521361453593665,2.1193637284969764,2.8765378319307664,4.783406452697524,4.0524443729341115,2.524164413908417,4.049036458452326
2026-07-14,3.005084188861169,3.258923547891291,2.1237869672833956,2.882541338331162,4.791713978045897,4.059482408418643,2.5285482270046638,4.056068575281142
2026-07-15,3.0624891693308496,3.32117752510508,2.1643568620738862,2.937605429328445,4.915439337427476,4.164301043709896,2.5938370859668565,4.160799063046532
2026-07-16,2.969572004536718,3.2204116505670872,2.098689396131282,2.848477287909846,4.763896757160065,4.0359159936963716,2.5138693073376444,4.032521978801547
2026-07-17,2.8246444020060713,3.063242018389313,1.9962645274387143,2.7094596168215244,4.53014602121099,3.8378851836589254,2.3905209581554785,3.83465770333022
2026-07-21,2.909372922318365,3.1551275539251287,2.0561448222615524,2.790733034465233,4.6917375928942855,3.974783618248832,2.4757915072639465,3.9714410127969075
2026-07-22,2.9285786010194306,3.1759555356516094,2.069718075974159,2.8091555342380286,4.7736706167900715,4.044196289935285,2.519026893026539,4.040795311702074
2026-07-23,2.942405777300409,3.1909506930418594,2.0794901738370815,2.822418858896303,4.834297803808837,4.095558913059746,2.551019363142023,4.092114741284302
2026-07-24,2.865569376739363,3.1076239243437436,2.025187486834373,2.748715732133082,4.752627975055998,4.026369217130542,2.5079228633010664,4.022983230624296
2026-07-27,2.9031641506527595,3.148394327528503,2.0517568891729794,2.78477744724651,4.764364422359789,4.036312194024689,2.514116090433842,4.032917845944087
2026-07-28,2.73150826510324,2.9622386751760605,1.9304423070594858,2.6201214326501776,4.528412238695942,3.83641634398024,2.389606055320184,3.8331900988763903
2026-07-29,2.671263563695568,2.896905105893416,1.887865492682122,2.562333420298736,4.427585370372498,3.750997034703796,2.336400542574274,3.7478426232080895
2026-07-30,2.7457961951962595,2.977733506237154,1.940540034049461,2.633826722267346,4.427910881853586,3.75127280411267,2.3365723123172404,3.748118160707904
2026-07-31,2.904359373412791,3.1496905107143456,2.052601590472918,2.7859239306053047,4.637685514148413,3.928991347714185,2.4472686679406936,3.9256872514008325
2026-08-03,2.8619914363499666,3.1037437554515788,2.0226588444765707,2.745283694815543,4.588667424224108,3.8874638119193317,2.421402223295389,3.884194638303888
2026-08-04,2.8336193079281142,3.0729750343087576,2.0026073741052013,2.7180685394679576,4.532575941914441,3.839943783232002,2.3918032074121385,3.8367145717182023
2026-08-05,2.88235703610732,3.1258296367264458,2.037051850671172,2.7648188157942086,4.611580960093124,3.9068758837168374,2.4334935085351717,3.9035903854650726
2026-08-06,2.8996597356373166,3.1445938946961243,2.0492802094961386,2.781415937047853,4.676771987664937,3.9621049376267767,2.467894279937337,3.9587729943469467
2026-08-07,2.9039316754280913,3.149226685095453,2.052299322932726,2.7855136735064234,4.693695884306334,3.976442659162832,2.4768248816056917,3.973098658535791
2026-08-10,2.8493368222527184,3.090020206532762,2.0137154329757037,2.7331451170042604,4.6359428809472885,3.927515009840784,2.4463490946708335,3.9242121550579148
2026-08-12,2.870078567652004,3.1125140064591172,2.028374273057787,2.7530410449666776,4.699808279735145,3.981621007000421,2.480050342619242,3.978272651627216
2026-08-13,2.870515165272132,3.1129874834653397,2.0286828302486346,2.7534598387871307,4.755852796888192,4.029101247372341,2.5096245753739397,4.025712963357588
2026-08-14,2.85448195728375,3.095599950944536,2.0173516607939863,2.7380804411037376,4.756175506502653,4.029374643073532,2.5097948665948313,4.025986129145895
2026-08-17,2.828675679490973,3.067613817745993,1.999113557298069,2.71332650482406,4.7208742907576555,3.9994678779850514,2.491166704126853,3.9961045142355465
2026-08-18,2.8170823334549464,3.055041182165365,1.990920177122637,2.702205918145559,4.698891763281803,3.980844545292478,2.479566704392141,3.977496842886928
2026-08-19,2.74908729178484,2.9813026016424233,1.9428659549234284,2.6369836128463824,4.579599661350365,3.8797817123536382,2.416617239082568,3.8765189990214095
2026-08-20,2.7565900539645956,2.9894391218878344,1.9481683915723098,2.644180423576337,4.586868440755491,3.8859397347775513,2.420452914450824,3.8826718428390627
