0,equal_weight_10bp,slot_gate_top3_core050,slot_gate_top3_core075,eligible_backfill_top3_core050,eligible_backfill_top3_core075,slot_gate_top5_core050,slot_gate_top5_core075,eligible_backfill_top5_core050,eligible_backfill_top5_core075
2009-05-01,0.999,0.9995,0.99925,0.9995,0.99925,0.9995,0.99925,0.9995,0.99925
2009-05-07,1.0419405768988268,1.0209810343395282,1.031463492091706,1.0209810343395282,1.031463492091706,1.0209810343395282,1.031463492091706,1.0209810343395282,1.031463492091706
2009-05-08,1.0545686264466267,1.0272982192859879,1.0409368993819756,1.0272982192859879,1.0409368993819756,1.0272982192859879,1.0409368993819756,1.0272982192859879,1.0409368993819756
2009-05-11,1.065848529992094,1.0329409938574066,1.04939894414009,1.0329409938574066,1.04939894414009,1.0329409938574066,1.04939894414009,1.0329409938574066,1.04939894414009
2009-05-12,1.0483696059506677,1.024197157731578,1.0362864705301837,1.024197157731578,1.0362864705301837,1.024197157731578,1.0362864705301837,1.024197157731578,1.0362864705301837
2009-05-13,1.0541234647156534,1.0270755270186667,1.0406029445323701,1.0270755270186667,1.0406029445323701,1.0270755270186667,1.0406029445323701,1.0270755270186667,1.0406029445323701
2009-05-14,1.0257715969331975,1.0128924980654312,1.0193337223990224,1.0128924980654312,1.0193337223990224,1.0128924980654312,1.0193337223990224,1.0128924980654312,1.0193337223990224
2009-05-15,1.0460110383409276,1.0230172836945735,1.0345171021487778,1.0230172836945735,1.0345171021487778,1.0230172836945735,1.0345171021487778,1.0230172836945735,1.0345171021487778
2009-05-18,1.0203363039566902,1.0101734913937501,1.015256232529071,1.0101734913937501,1.015256232529071,1.0101734913937501,1.015256232529071,1.0101734913937501,1.015256232529071
2009-05-19,1.0447811827745725,1.022402048139733,1.033594479645264,1.022402048139733,1.033594479645264,1.022402048139733,1.033594479645264,1.022402048139733,1.033594479645264
2009-05-20,1.054231967776226,1.0271298057018712,1.040684342192488,1.0271298057018712,1.040684342192488,1.0271298057018712,1.040684342192488,1.0271298057018712,1.040684342192488
2009-05-21,1.0488422602269671,1.0244336031515786,1.0366410499487966,1.0244336031515786,1.0366410499487966,1.0244336031515786,1.0366410499487966,1.0244336031515786,1.0366410499487966
2009-05-22,1.0432347549916445,1.0216284472543289,1.0324343685626134,1.0216284472543289,1.0324343685626134,1.0216284472543289,1.0324343685626134,1.0216284472543289,1.0324343685626134
2009-05-25,1.053760112848675,1.0268937601562818,1.0403303624354645,1.0268937601562818,1.0403303624354645,1.0268937601562818,1.0403303624354645,1.0268937601562818,1.0403303624354645
2009-05-26,1.05685163137922,1.0284402930748402,1.0426495815733376,1.0284402930748402,1.0426495815733376,1.0284402930748402,1.0426495815733376,1.0284402930748402,1.0426495815733376
2009-05-27,1.0660519281693268,1.0330427438464678,1.0495515309483483,1.0330427438464678,1.0495515309483483,1.0330427438464678,1.0495515309483483,1.0330427438464678,1.0495515309483483
2009-05-28,1.0667060174773442,1.0333699521864894,1.050042220693871,1.0333699521864894,1.050042220693871,1.0333699521864894,1.050042220693871,1.0333699521864894,1.050042220693871
2009-05-29,1.073459883181213,1.0367485751950063,1.0551088875892096,1.0367485751950063,1.0551088875892096,1.0367485751950063,1.0551088875892096,1.0367485751950063,1.0551088875892096
2009-06-01,1.0910329805466117,1.0455305065172849,1.0682877623077451,1.0455305065172849,1.0682877623077451,1.0455305065172849,1.0682877623077451,1.0455305065172849,1.0682877623077451
2009-06-02,1.0893584646340737,1.0447281671281814,1.0670580573705093,1.0447281671281814,1.0670580573705093,1.0447281671281814,1.0670580573705093,1.0447281671281814,1.0670580573705093
2009-06-03,1.0925479253835022,1.046256387893422,1.069400283921673,1.046256387893422,1.069400283921673,1.046256387893422,1.069400283921673,1.046256387893422,1.069400283921673
2009-06-04,1.087643128406254,1.0439062688047132,1.0657983754453775,1.0439062688047132,1.0657983754453775,1.0439062688047132,1.0657983754453775,1.0439062688047132,1.0657983754453775
2009-06-05,1.094370531202029,1.0471296841267177,1.0707387408195117,1.0471296841267177,1.0707387408195117,1.0471296841267177,1.0707387408195117,1.0471296841267177,1.0707387408195117
2009-06-08,1.1040309583761936,1.0517584494787593,1.0778330149932778,1.0517584494787593,1.0778330149932778,1.0517584494787593,1.0778330149932778,1.0517584494787593,1.0778330149932778
2009-06-09,1.0947442700820103,1.0473087600151,1.071013201362113,1.0473087600151,1.071013201362113,1.0473087600151,1.071013201362113,1.0473087600151,1.071013201362113
2009-06-10,1.1189969857979394,1.058929377631165,1.0888235333117546,1.058929377631165,1.0888235333117546,1.058929377631165,1.0888235333117546,1.058929377631165,1.0888235333117546
2009-06-11,1.122171335068371,1.0604503577755575,1.0911546625301358,1.0604503577755575,1.0911546625301358,1.0604503577755575,1.0911546625301358,1.0604503577755575,1.0911546625301358
2009-06-12,1.1355600723916988,1.0668655320025882,1.1009868750917338,1.0668655320025882,1.1009868750917338,1.0668655320025882,1.1009868750917338,1.0668655320025882,1.1009868750917338
2009-06-15,1.1362176913186135,1.0671806281830023,1.1014698070454951,1.0671806281830023,1.1014698070454951,1.0671806281830023,1.1014698070454951,1.0671806281830023,1.1014698070454951
2009-06-16,1.0965672710655907,1.048182245590573,1.0723519484551147,1.048182245590573,1.0723519484551147,1.048182245590573,1.0723519484551147,1.048182245590573,1.0723519484551147
2009-06-17,1.1064642990462419,1.0529243775252288,1.0796199738471952,1.0529243775252288,1.0796199738471952,1.0529243775252288,1.0796199738471952,1.0529243775252288,1.0796199738471952
2009-06-18,1.093131328605735,1.04653592383657,1.0698287145011658,1.04653592383657,1.0698287145011658,1.04653592383657,1.0698287145011658,1.04653592383657,1.0698287145011658
2009-06-19,1.1012448314093226,1.0504234849126861,1.0757869824287174,1.0504234849126861,1.0757869824287174,1.0504234849126861,1.0757869824287174,1.0504234849126861,1.0757869824287174
2009-06-22,1.1057116162154406,1.0525637317540346,1.0790672303430704,1.0525637317540346,1.0790672303430704,1.0525637317540346,1.0790672303430704,1.0525637317540346,1.0790672303430704
2009-06-23,1.0796301973677538,1.0400668963949196,1.0599139638455852,1.0400668963949196,1.0599139638455852,1.0400668963949196,1.0599139638455852,1.0400668963949196,1.0599139638455852
2009-06-24,1.080053387429042,1.0402696666718134,1.0602247395771616,1.0402696666718134,1.0602247395771616,1.0402696666718134,1.0602247395771616,1.0402696666718134,1.0602247395771616
2009-06-25,1.1009776387578998,1.0502954603372787,1.075590765647385,1.0502954603372787,1.075590765647385,1.0502954603372787,1.075590765647385,1.0502954603372787,1.075590765647385
2009-06-26,1.1117796314211508,1.055471203445863,1.0835233649201226,1.055471203445863,1.0835233649201226,1.055471203445863,1.0835233649201226,1.055471203445863,1.0835233649201226
2009-06-29,1.0976156577438452,1.0486845769931452,1.0731218463490246,1.0486845769931452,1.0731218463490246,1.0486845769931452,1.0731218463490246,1.0486845769931452,1.0731218463490246
2009-06-30,1.115181415519965,1.05710115832134,1.086021514188458,1.05710115832134,1.086021514188458,1.05710115832134,1.086021514188458,1.05710115832134,1.086021514188458
2009-07-01,1.1126527822881496,1.0558894742237674,1.0841648097118335,1.0558894742237674,1.0841648097118335,1.0558894742237674,1.0841648097118335,1.0558894742237674,1.0841648097118335
2009-07-02,1.1061843719252167,1.052820265875079,1.0794377131266042,1.052820265875079,1.0794377131266042,1.052820265875079,1.0794377131266042,1.052820265875079,1.0794377131266042
2009-07-03,1.0996985447377339,1.0497427933841488,1.0746978883736742,1.0497427933841488,1.0746978883736742,1.0497427933841488,1.0746978883736742,1.0497427933841488,1.0746978883736742
2009-07-06,1.0887964779968256,1.0445698509791799,1.066730687845054,1.0445698509791799,1.066730687845054,1.0445698509791799,1.066730687845054,1.0445698509791799,1.066730687845054
2009-07-07,1.0850162563817336,1.0427761664276525,1.0639681122375273,1.0427761664276525,1.0639681122375273,1.0427761664276525,1.0639681122375273,1.0427761664276525,1.0639681122375273
2009-07-08,1.0616677681959061,1.0316974978138223,1.0469051009904407,1.0316974978138223,1.0469051009904407,1.0316974978138223,1.0469051009904407,1.0316974978138223,1.0469051009904407
2009-07-09,1.0453281203904001,1.0239444672165872,1.0349641311058029,1.0239444672165872,1.0349641311058029,1.0239444672165872,1.0349641311058029,1.0239444672165872,1.0349641311058029
2009-07-10,1.0435795707059095,1.0231147945476282,1.0336862957832287,1.0231147945476282,1.0336862957832287,1.0231147945476282,1.0336862957832287,1.0231147945476282,1.0336862957832287
2009-07-13,1.0199340556411236,1.0118951890844745,1.016406218106144,1.0118951890844745,1.016406218106144,1.0118951890844745,1.016406218106144,1.0118951890844745,1.016406218106144
2009-07-14,1.0378764951744528,1.020408731380292,1.029518503797652,1.020408731380292,1.029518503797652,1.020408731380292,1.029518503797652,1.020408731380292,1.029518503797652
2009-07-15,1.0362931989260475,1.019657470128857,1.0283614352337693,1.019657470128857,1.0283614352337693,1.019657470128857,1.0283614352337693,1.019657470128857,1.0283614352337693
2009-07-16,1.0434350885396226,1.0230462389294588,1.0335807086116426,1.0230462389294588,1.0335807086116426,1.0230462389294588,1.0335807086116426,1.0230462389294588,1.0335807086116426
2009-07-17,1.053057310982711,1.0276119055767856,1.0406126024311342,1.0276119055767856,1.0406126024311342,1.0276119055767856,1.0406126024311342,1.0276119055767856,1.0406126024311342
2009-07-21,1.0802116131326835,1.0404964021045722,1.0604568921043735,1.0404964021045722,1.0604568921043735,1.0404964021045722,1.0604568921043735,1.0404964021045722,1.0604568921043735
2009-07-22,1.086237988792649,1.0433558685654343,1.0648609509387943,1.0433558685654343,1.0648609509387943,1.0433558685654343,1.0648609509387943,1.0433558685654343,1.0648609509387943
2009-07-23,1.0859711917588466,1.0432292755328951,1.0646659763968784,1.0432292755328951,1.0646659763968784,1.0432292755328951,1.0646659763968784,1.0432292755328951,1.0646659763968784
2009-07-24,1.097913380504842,1.0488957474084064,1.0733932952393654,1.0488957474084064,1.0733932952393654,1.0488957474084064,1.0733932952393654,1.0488957474084064,1.0733932952393654
2009-07-27,1.1053868227211412,1.0524418352347369,1.0788548663516473,1.0524418352347369,1.0788548663516473,1.0524418352347369,1.0788548663516473,1.0524418352347369,1.0788548663516473
2009-07-28,1.109351071948383,1.0543228393983342,1.081751928834337,1.0543228393983342,1.081751928834337,1.0543228393983342,1.081751928834337,1.0543228393983342,1.081751928834337
2009-07-29,1.1070046275309975,1.0532094705191977,1.0800371536777675,1.0532094705191977,1.0800371536777675,1.0532094705191977,1.0800371536777675,1.0532094705191977,1.0800371536777675
2009-07-30,1.109576595809814,1.0544298486447325,1.0819167410548738,1.0544298486447325,1.0819167410548738,1.0544298486447325,1.0819167410548738,1.0544298486447325,1.0819167410548738
2009-07-31,1.126174781248096,1.062305553255588,1.0940466495337684,1.062305553255588,1.0940466495337684,1.062305553255588,1.0940466495337684,1.062305553255588,1.0940466495337684
2009-08-03,1.1326806798069937,1.0653927539240267,1.0988013579953129,1.0653927539240267,1.0988013579953129,1.0653927539240267,1.0988013579953129,1.0653927539240267,1.0988013579953129
2009-08-04,1.1367280766821626,1.0672962327155049,1.1017461101629358,1.0672962327155049,1.1017461101629358,1.0672962327155049,1.1017461101629358,1.0672962327155049,1.1017461101629358
2009-08-05,1.12771869287391,1.0630591461306662,1.095191180336048,1.0630591461306662,1.095191180336048,1.0630591461306662,1.095191180336048,1.0630591461306662,1.095191180336048
2009-08-06,1.135403426325825,1.0666732535668868,1.1007823383539248,1.0666732535668868,1.1007823383539248,1.0666732535668868,1.1007823383539248,1.0666732535668868,1.1007823383539248
2009-08-07,1.1344226496344012,1.066211997186828,1.1000687576557375,1.066211997186828,1.1000687576557375,1.066211997186828,1.1000687576557375,1.066211997186828,1.1000687576557375
2009-08-10,1.1474502225276264,1.0723388262257167,1.1095471890276523,1.0723388262257167,1.1095471890276523,1.0723388262257167,1.1095471890276523,1.0723388262257167,1.1095471890276523
2009-08-11,1.1544044573636183,1.0756093823212856,1.1146068604013895,1.0756093823212856,1.1146068604013895,1.0756093823212856,1.1146068604013895,1.0756093823212856,1.1146068604013895
2009-08-12,1.1394376627913738,1.068570543056606,1.1037175154425647,1.068570543056606,1.1037175154425647,1.068570543056606,1.1037175154425647,1.068570543056606,1.1037175154425647
2009-08-13,1.1506354988172516,1.0738368522531363,1.1118646907571952,1.0738368522531363,1.1118646907571952,1.0738368522531363,1.1118646907571952,1.0738368522531363,1.1118646907571952
2009-08-14,1.1572292533537212,1.0769378755289574,1.1166620885817493,1.0769378755289574,1.1166620885817493,1.0769378755289574,1.1166620885817493,1.0769378755289574,1.1166620885817493
2009-08-17,1.1287146179828653,1.0635275267667306,1.0959157825220551,1.0635275267667306,1.0959157825220551,1.0635275267667306,1.0959157825220551,1.0635275267667306,1.0959157825220551
2009-08-18,1.1282404919348668,1.0633045466872653,1.095570824083179,1.0633045466872653,1.095570824083179,1.0633045466872653,1.095570824083179,1.0633045466872653,1.095570824083179
2009-08-19,1.1194569084699788,1.0591736533367346,1.0891801791216207,1.0591736533367346,1.0891801791216207,1.0591736533367346,1.0891801791216207,1.0591736533367346,1.0891801791216207
2009-08-20,1.1383718442790105,1.0680692917594337,1.102942061126772,1.0680692917594337,1.102942061126772,1.0680692917594337,1.102942061126772,1.0680692917594337,1.102942061126772
2009-08-21,1.1266929806434092,1.062576756699351,1.0944449060251058,1.062576756699351,1.0944449060251058,1.062576756699351,1.0944449060251058,1.062576756699351,1.0944449060251058
2009-08-24,1.152364007159752,1.0746497646193607,1.1131222962862104,1.0746497646193607,1.1131222962862104,1.0746497646193607,1.1131222962862104,1.0746497646193607,1.1131222962862104
2009-08-25,1.1467010437384024,1.071986489654756,1.109002111306947,1.071986489654756,1.109002111306947,1.071986489654756,1.109002111306947,1.071986489654756,1.109002111306947
2009-08-26,1.1585526706378584,1.077560274767363,1.1176249632481896,1.077560274767363,1.1176249632481896,1.077560274767363,1.1176249632481896,1.077560274767363,1.1176249632481896
2009-08-27,1.1458815144641004,1.071601067458529,1.108405848898944,1.071601067458529,1.108405848898944,1.071601067458529,1.108405848898944,1.071601067458529,1.108405848898944
2009-08-28,1.151619792411557,1.0742997626222288,1.1125808302376567,1.0742997626222288,1.1125808302376567,1.0742997626222288,1.1125808302376567,1.0742997626222288,1.1125808302376567
2009-08-31,1.1477557922507553,1.072482534763632,1.1097695114566832,1.072482534763632,1.1097695114566832,1.072482534763632,1.1097695114566832,1.072482534763632,1.1097695114566832
2009-09-01,1.1501605090832996,1.073612756907259,1.1115189166735862,1.073612756907259,1.1115189166735862,1.073612756907259,1.1115189166735862,1.073612756907259,1.1115189166735862
2009-09-02,1.1281889764709794,1.063358137001994,1.0955938953826214,1.063358137001994,1.0955938953826214,1.063358137001994,1.0955938953826214,1.063358137001994,1.0955938953826214
2009-09-03,1.122374415305437,1.0606443474944238,1.0913794870392108,1.0606443474944238,1.0913794870392108,1.0606443474944238,1.0913794870392108,1.0606443474944238,1.0913794870392108
2009-09-04,1.1139979302434786,1.0567348491463502,1.0853081899062864,1.0567348491463502,1.0853081899062864,1.0567348491463502,1.0853081899062864,1.0567348491463502,1.0853081899062864
2009-09-07,1.1253819488683567,1.0620480326211854,1.0935593548193914,1.0620480326211854,1.0935593548193914,1.0620480326211854,1.0935593548193914,1.0620480326211854,1.0935593548193914
2009-09-08,1.1281954563924308,1.0633611613304592,1.0955985920457487,1.0633611613304592,1.0955985920457487,1.0633611613304592,1.0955985920457487,1.0633611613304592,1.0955985920457487
2009-09-09,1.1238237439338037,1.0613207825189603,1.0924299640210213,1.0613207825189603,1.0924299640210213,1.0613207825189603,1.0924299640210213,1.0613207825189603,1.0924299640210213
2009-09-10,1.1436491694528088,1.0705737648550009,1.1067994815719069,1.0705737648550009,1.1067994815719069,1.0705737648550009,1.1067994815719069,1.0705737648550009,1.1067994815719069
2009-09-11,1.1351258382654197,1.0665957300407904,1.1006217500033315,1.0665957300407904,1.1006217500033315,1.0665957300407904,1.1006217500033315,1.0665957300407904,1.1006217500033315
2009-09-14,1.1178330247084727,1.0585247759909273,1.0880878758792913,1.0585247759909273,1.0880878758792913,1.0585247759909273,1.0880878758792913,1.0585247759909273,1.0880878758792913
2009-09-15,1.1158338130790402,1.0575916979152304,1.0866388423354953,1.0575916979152304,1.0866388423354953,1.0575916979152304,1.0866388423354953,1.0575916979152304,1.0866388423354953
2009-09-16,1.1139534939648488,1.0567141097124928,1.0852759823814055,1.0567141097124928,1.0852759823814055,1.0567141097124928,1.0852759823814055,1.0567141097124928,1.0852759823814055
2009-09-17,1.1246033890530491,1.0616846608382347,1.0929950527356982,1.0616846608382347,1.0929950527356982,1.0616846608382347,1.0929950527356982,1.0616846608382347,1.0929950527356982
2009-09-18,1.1223367299425395,1.060626758868299,1.0913521725947843,1.060626758868299,1.0913521725947843,1.060626758868299,1.0913521725947843,1.060626758868299,1.0913521725947843
2009-09-24,1.1334200146276023,1.0657995828925744,1.0993853648029817,1.0657995828925744,1.0993853648029817,1.0657995828925744,1.0993853648029817,1.0657995828925744,1.0993853648029817
2009-09-25,1.1068763679651001,1.0534110521411515,1.0801464639170615,1.0534110521411515,1.0801464639170615,1.0534110521411515,1.0801464639170615,1.0534110521411515,1.0801464639170615
2009-09-28,1.0853493520198965,1.043363898394177,1.064543629408099,1.043363898394177,1.064543629408099,1.043363898394177,1.064543629408099,1.043363898394177,1.064543629408099
2009-09-29,1.0854718953102314,1.0434210921678886,1.0646324490886414,1.0434210921678886,1.0646324490886414,1.0434210921678886,1.0646324490886414,1.0434210921678886,1.0646324490886414
2009-09-30,1.092161428115597,1.0465432510756545,1.069481039045098,1.0465432510756545,1.069481039045098,1.0465432510756545,1.069481039045098,1.0465432510756545,1.069481039045098
2009-10-01,1.0784748131258444,1.0401544219739098,1.0595617350696327,1.0401544219739098,1.0595617350696327,1.0401544219739098,1.0595617350696327,1.0401544219739098,1.0595617350696327
2009-10-02,1.0535991840047136,1.0281585481181577,1.0412321938287898,1.0281585481181577,1.0412321938287898,1.0281585481181577,1.0412321938287898,1.0281585481181577,1.0412321938287898
2009-10-05,1.0448350775500213,1.0239321981039757,1.0347743852677207,1.0239321981039757,1.0347743852677207,1.0239321981039757,1.0347743852677207,1.0239321981039757,1.0347743852677207
2009-10-06,1.0493942198994186,1.0261307715047718,1.0381337771974375,1.0261307715047718,1.0381337771974375,1.0261307715047718,1.0381337771974375,1.0261307715047718,1.0381337771974375
2009-10-07,1.066830469344894,1.0345391236251078,1.0509816312854765,1.0345391236251078,1.0509816312854765,1.0345391236251078,1.0509816312854765,1.0345391236251078,1.0509816312854765
2009-10-08,1.0675254847172724,1.0348742836604286,1.0514937515164464,1.0348742836604286,1.0514937515164464,1.0348742836604286,1.0514937515164464,1.0348742836604286,1.0514937515164464
2009-10-09,1.0779981187771575,1.0399245437566895,1.059210484105045,1.0399245437566895,1.059210484105045,1.0399245437566895,1.059210484105045,1.0399245437566895,1.059210484105045
2009-10-13,1.080671868964802,1.0412139169748138,1.061180629828536,1.0412139169748138,1.061180629828536,1.0412139169748138,1.061180629828536,1.0412139169748138,1.061180629828536
2009-10-14,1.075857026518424,1.038892036296306,1.0576328259615744,1.038892036296306,1.0576328259615744,1.038892036296306,1.0576328259615744,1.038892036296306,1.0576328259615744
2009-10-15,1.087629513646532,1.04456912972255,1.066307351830697,1.04456912972255,1.066307351830697,1.04456912972255,1.066307351830697,1.04456912972255,1.066307351830697
2009-10-16,1.0837185532953584,1.0426831317122454,1.0634255710846074,1.0426831317122454,1.0634255710846074,1.0426831317122454,1.0634255710846074,1.0426831317122454,1.0634255710846074
2009-10-19,1.0901088282978337,1.0457647395164131,1.0681342282457122,1.0457647395164131,1.0681342282457122,1.0457647395164131,1.0681342282457122,1.0457647395164131,1.0681342282457122
2009-10-20,1.1004291227419134,1.0507415362720876,1.0757387097930637,1.0507415362720876,1.0757387097930637,1.0507415362720876,1.0757387097930637,1.0507415362720876,1.0757387097930637
2009-10-21,1.0995071992961662,1.0502969534514486,1.0750593929509675,1.0502969534514486,1.0750593929509675,1.0502969534514486,1.0750593929509675,1.0502969534514486,1.0750593929509675
2009-10-22,1.0916983528098103,1.0465312622621676,1.0693054651601126,1.0465312622621676,1.0693054651601126,1.0465312622621676,1.0693054651601126,1.0465312622621676,1.0693054651601126
2009-10-23,1.085004068688032,1.0433030509277574,1.064372799686988,1.0433030509277574,1.064372799686988,1.0433030509277574,1.064372799686988,1.0433030509277574,1.064372799686988
2009-10-26,1.0934037786667428,1.0473536765758111,1.0705621036726756,1.0473536765758111,1.0705621036726756,1.0473536765758111,1.0705621036726756,1.0473536765758111,1.0705621036726756
2009-10-27,1.0728963250138783,1.0374642854000327,1.0554512409224526,1.0374642854000327,1.0554512409224526,1.0374642854000327,1.0554512409224526,1.0374642854000327,1.0554512409224526
2009-10-28,1.0642348632108778,1.0332874341256681,1.0490690658003277,1.0332874341256681,1.0490690658003277,1.0332874341256681,1.0490690658003277,1.0332874341256681,1.0490690658003277
2009-10-29,1.05504441165442,1.0288554860124437,1.042297105983522,1.0288554860124437,1.042297105983522,1.0288554860124437,1.042297105983522,1.0288554860124437,1.042297105983522
2009-10-30,1.0697917912523494,1.0359671737007514,1.0531636734668341,1.0359671737007514,1.0531636734668341,1.0359671737007514,1.0531636734668341,1.0359671737007514,1.0531636734668341
2009-11-02,1.0530830559871853,1.0273964833855784,1.0405949101749852,1.0273964833855784,1.0405949101749852,1.0274992755077164,1.040646953653066,1.0273964833855784,1.0405949101749852
2009-11-04,1.0554960640756712,1.0301829473527941,1.0431982368155286,1.0301829473527941,1.0431982368155286,1.029449466738459,1.042826782557514,1.029184119978565,1.042692407421242
2009-11-05,1.0485795459111957,1.0234872028228772,1.0363901073914543,1.0234872028228772,1.0363901073914543,1.0230273890188475,1.0361572361798261,1.0220435328760749,1.035658999380619
2009-11-06,1.0448938472446678,1.0235172893489723,1.0345843482836914,1.0235172893489723,1.0345843482836914,1.022755613292609,1.0341985228248245,1.0221964875382819,1.0339154635523438
2009-11-09,1.0407568337658983,1.0229850437243844,1.0322708296932566,1.0229850437243844,1.0322708296932566,1.0212914023222548,1.0314129701992107,1.020924135724623,1.0312271379882672
2009-11-10,1.0440893498533483,1.0265171885054225,1.0357060883636213,1.0265171885054225,1.0357060883636213,1.0247782139246226,1.0348252650928742,1.0249178573999178,1.034896149924574
2009-11-11,1.0417136863766705,1.025025943842339,1.0337771417561075,1.025025943842339,1.0337771417561075,1.0232620075648835,1.0328836570166582,1.0231642257711946,1.0328343244599896
2009-11-12,1.0350909356670979,1.0206208309023548,1.0282741832860827,1.0206208309023548,1.0282741832860827,1.017996156208199,1.0269447703861292,1.0167495424486233,1.0263136728473585
2009-11-13,1.0333670787422384,1.0171047161824516,1.0256418339276527,1.0171047161824516,1.0256418339276527,1.0150775385571118,1.0246150387834976,1.013345055449031,1.0237378543606361
2009-11-16,1.0265938254935165,1.008401950888326,1.0178880855404353,1.008401950888326,1.0178880855404353,1.0077297357640485,1.0175474937048716,1.005078867638387,1.0162051989567773
2009-11-17,1.023360228289674,1.0029188508175104,1.013513690692113,1.0029188508175104,1.013513690692113,1.0022117620451811,1.0131554979417423,0.9986450777004829,1.0113493526664628
2009-11-18,1.0126890409409128,0.9924979824535073,1.0029640000555065,0.9924979824535073,1.0029640000555065,0.9941318715495877,1.0037912739413248,0.9893790280518083,1.001384489064394
2009-11-19,1.0000427107801104,0.9807694668270809,0.9907762263164085,0.9807694668270809,0.9907762263164085,0.9839132313093912,0.9923680826126074,0.9781881701494911,0.9894689976915353
2009-11-20,1.0012992301806023,0.9803290183687743,0.9911739823683415,0.9803290183687743,0.9911739823683415,0.9846770443045467,0.9933757163459944,0.9794371507765767,0.9907223198933386
2009-11-24,0.9905504459034725,0.9699216852893022,0.9805928079476836,0.9699216852893022,0.9805928079476836,0.975291941083767,0.9833121950765256,0.9687137495798503,0.9799810812329242
2009-11-25,0.9931113456078402,0.9756717493549413,0.9847700394601617,0.9756717493549413,0.9847700394601617,0.97990613697593,0.9869141429156113,0.9733788518525416,0.983608862879779
2009-11-26,0.9907122951329587,0.971960575535012,0.9817053143082198,0.971960575535012,0.9817053143082198,0.9765280074938523,0.9840181054697839,0.9691718342043331,0.9802930308901687
2009-11-27,0.9694044804134071,0.9435463334364906,0.956788115407804,0.9435463334364906,0.956788115407804,0.9532625891316804,0.9617084535416215,0.9428982122347356,0.9564598917693989
2009-11-30,1.0033295846249184,0.9766235768055908,0.9903005992375941,0.9766235768055908,0.9903005992375941,0.9829626055333831,0.9935107169087832,0.9761488215527155,0.9900601721445927
2009-12-01,1.0249541162113993,0.9994843309026428,1.0125635705667555,0.9994843309026428,1.0125635705667555,1.0035650641845681,1.0146300813474558,0.9989824268206702,1.0123103633296453
2009-12-02,1.0259196762509433,1.0033270866465434,1.0149870353167458,1.0033270866465434,1.0149870353167458,1.006069213330181,1.0163738780622547,1.0014751411247875,1.0140501732548417
2009-12-03,1.0580456547621404,1.03234656499569,1.0455554544919854,1.03234656499569,1.0455554544919854,1.0298431022267558,1.0442930764148437,1.025140469933501,1.0419055407900206
2009-12-04,1.057986263674536,1.035259850293932,1.0470018221909163,1.035259850293932,1.0470018221909163,1.0315865797507437,1.0451450302853578,1.0268759861149417,1.0427555468642096
2009-12-07,1.069259775189419,1.047215833637645,1.058626655490977,1.047215833637645,1.058626655490977,1.0409971088621044,1.055482152242817,1.036243543381368,1.05306903537289
2009-12-08,1.0651054125287458,1.043605668731143,1.0547458812130548,1.043605668731143,1.0547458812130548,1.038008632452444,1.0519151804537488,1.0332687134248821,1.0495102186433654
2009-12-09,1.051460160769297,1.0303414540212794,1.0412868381975202,1.0303414540212794,1.0412868381975202,1.0273455105322438,1.0397709314974886,1.0226542831368153,1.0373937347155964
2009-12-10,1.0378611278315437,1.0186686161720604,1.0286567260253139,1.0186686161720604,1.0286567260253139,1.0176501639921,1.0281387820736492,1.013003209019952,1.0257881795226007
2009-12-11,1.054622280815218,1.0374542257715336,1.0464517096751276,1.0374542257715336,1.0464517096751276,1.0322498241561247,1.0438152595900527,1.0275362019089231,1.0414288163833614
2009-12-14,1.0498503113671387,1.0358200131629194,1.0432667698828493,1.0358200131629194,1.0432667698828493,1.0303308159453841,1.0404832248075209,1.0256259565766865,1.0381043995310122
2009-12-15,1.049862674719792,1.035575152626461,1.043148844440429,1.035575152626461,1.043148844440429,1.0301857208579634,1.040415996785926,1.0254815240453796,1.0380373252108064
2009-12-16,1.065319343664981,1.0441611963721549,1.055132952321876,1.0441611963721549,1.055132952321876,1.03838520326623,1.0522114299790726,1.0336435646815183,1.0498057908623741
2009-12-17,1.0643691220576235,1.0435315109855958,1.0543446223540223,1.0435315109855958,1.0543446223540223,1.0378197710728059,1.0514552715721506,1.0330807144539167,1.0490513612375107
2009-12-18,1.0618502265617824,1.0380535323749887,1.0503255682310653,1.0380535323749887,1.0503255682310653,1.0340262983998914,1.048290860637547,1.0293045641353071,1.0458941849997643
2009-12-21,1.0599814332769084,1.0360364724421935,1.0483807398188505,1.0360364724421935,1.0483807398188505,1.032445162293583,1.0465665912464306,1.0277306480625141,1.0441738577535218
2009-12-22,1.0722480869940616,1.047171750066674,1.0600804185003119,1.047171750066674,1.0600804185003119,1.0415557408901472,1.057243653662145,1.0367996244955782,1.0548265095248859
2009-12-24,1.083825511352667,1.0615041383638222,1.0730591225192496,1.0615041383638222,1.0730591225192496,1.0524574486001446,1.068485011383611,1.047651551105311,1.0660421664707387
2009-12-25,1.0804240412286554,1.057443210852145,1.0693219130569662,1.057443210852145,1.0693219130569662,1.0493448465823478,1.065227946949527,1.0445531623426532,1.0627925485644008
2009-12-28,1.0888261495768488,1.0642367515079634,1.0769134016207829,1.0642367515079634,1.0769134016207829,1.055082967256919,1.0722873790130776,1.0502650807039513,1.0698358408622828
2009-12-29,1.091620691732554,1.0675255159118633,1.0799596818257513,1.0675255159118633,1.0799596818257513,1.057611527357174,1.0749487954615056,1.0527820944935526,1.0724911725949096
2009-12-30,1.0800115158776038,1.0583447387987421,1.069574806530947,1.0583447387987421,1.069574806530947,1.0498071884967173,1.0652574816730078,1.0450133930383214,1.0628220157635382
2010-01-04,1.0894331074755508,1.06652372587866,1.0783807488596742,1.06652372587866,1.0783807488596742,1.0565870585171186,1.0733580118165467,1.0517623037449857,1.070904025910407
2010-01-05,1.0973175695965647,1.0716389189304671,1.0848690162443808,1.0716389189304671,1.0848690162443808,1.0622002865016802,1.0800932361156157,1.0573498997210087,1.0776238516701977
2010-01-06,1.1118271464478333,1.0830801501404286,1.097834418700031,1.0830801501404286,1.097834418700031,1.072722354370734,1.0925855178067811,1.0678239200612245,1.0900875726361736
2010-01-07,1.1135585445659073,1.080842637871175,1.0975601413459015,1.080842637871175,1.0975601413459015,1.0718330386105717,1.0929867272427092,1.066938665235202,1.0904878647991225
2010-01-08,1.1215210584787272,1.0935215653821313,1.107910950651754,1.0935215653821313,1.107910950651754,1.0838245036040703,1.1030001402109244,1.0788753729065417,1.1004783844046144
2010-01-12,1.1360153068557726,1.1124230015930274,1.1246403383486592,1.1124230015930274,1.1246403383486592,1.1016916145235254,1.1192156853340904,1.096660896201032,1.1166568564181987
2010-01-13,1.1228761988641731,1.0973133881561128,1.1104986359425961,1.0973133881561128,1.1104986359425961,1.087198330741986,1.1053814020821398,1.0822337939419002,1.1028542020689516
2010-01-14,1.13677175024199,1.1179578522057776,1.1278129149776452,1.1179578522057776,1.1278129149776452,1.1062748936972486,1.1219163404221202,1.1012232464812135,1.1193513370803143
2010-01-15,1.1437930637367433,1.1268096936612775,1.1357630815949094,1.1268096936612775,1.1357630815949094,1.113278250970894,1.1289324557283047,1.1081946239183138,1.1263514116546203
2010-01-18,1.1330653691906387,1.115009448123227,1.1244879337643952,1.115009448123227,1.1244879337643952,1.102130125887461,1.1179852162322346,1.0970974051650908,1.1154292005005746
2010-01-19,1.1261111348885495,1.1052494156230686,1.1161118225763422,1.1052494156230686,1.1161118225763422,1.0929670717574682,1.1099051570263103,1.0879761928206704,1.107367614489236
2010-01-20,1.1209591017557072,1.0980117837150971,1.1099028918839569,1.0980117837150971,1.1099028918839569,1.086154084516542,1.1039065867128643,1.0811943161185666,1.101382758525377
2010-01-21,1.1318680417183598,1.1104168109742998,1.1215734957259045,1.1104168109742998,1.1215734957259045,1.0977585955637368,1.1151749267711353,1.0927458368138525,1.1126253361191354
2010-01-22,1.1131780143130372,1.0881973083546999,1.1010900242978632,1.0881973083546999,1.1010900242978632,1.076739656144467,1.0952915191166854,1.0718228773968466,1.0927873872972584
2010-01-25,1.1050242776211199,1.0803900434836282,1.0931074851353266,1.0803900434836282,1.0931074851353266,1.0681989205533915,1.0869366565515908,1.0633211418621018,1.0844516262013444
2010-01-26,1.086499526041791,1.0591621331502155,1.0732071213854828,1.0591621331502155,1.0732071213854828,1.0478499463428221,1.0674749671520256,1.0430650883528025,1.0650344314726816
2010-01-27,1.0781798381096068,1.0447117186101331,1.0617839461221648,1.0447117186101331,1.0617839461221648,1.0353608941584713,1.0570328596725111,1.0306330656518625,1.0546161974671646
2010-01-28,1.0847332943280477,1.0528509193174775,1.0691422755725206,1.0528509193174775,1.0691422755725206,1.0429026711721887,1.0640919810409595,1.038140404211745,1.061659179780277
2010-01-29,1.0699255937919707,1.0382875848131776,1.0544509169560063,1.0382875848131776,1.0544509169560063,1.0285122854563797,1.0494879776199906,1.0238157301489375,1.0470885650499162
2010-02-01,1.0659507550173555,1.0300707552473025,1.0483288049133241,1.0300707552473025,1.0483288049133241,1.0208247108447515,1.0436257485403126,1.0161632597551724,1.041239738606993
2010-02-02,1.0830257546972997,1.054002489738205,1.0689031283626627,1.054002489738205,1.0689031283626627,1.0404014731356233,1.0619914545538192,1.0356506275408546,1.059563455663211
2010-02-03,1.0892062407654302,1.0550382827906022,1.0724693607721303,1.0550382827906022,1.0724693607721303,1.0435890006534296,1.0666463382146618,1.0388235996668655,1.0642076970045546
2010-02-04,1.0871792283550827,1.0472634092730249,1.0675162677737098,1.0472634092730249,1.0675162677737098,1.0383703188580276,1.0629864357578116,1.033628748240853,1.0605561620718187
2010-02-05,1.0628554889905206,1.0238141026735632,1.0436229808553754,1.0238141026735632,1.0436229808553754,1.0150162476132683,1.0391414285263834,1.0103813200462604,1.0367656709580637
2010-02-08,1.0536944865090452,1.0117048810695939,1.0329562739206473,1.0117048810695939,1.0329562739206473,1.0028275851136472,1.0284264065425957,0.9982483153432089,1.026075146404437
2010-02-09,1.0494070876751835,1.0135645285590016,1.031794318354749,1.0135645285590016,1.031794318354749,1.0028933743402502,1.026361233575099,0.9983138041526504,1.0240146949793336
2010-02-10,1.0523668173151735,1.0158772752825556,1.034426588663088,1.0158772752825556,1.034426588663088,1.006780853787613,1.029797259373723,1.0021835319771213,1.0274428650962653
2010-02-12,1.0636102341823068,1.0295425671233394,1.0469091157183086,1.0295425671233394,1.0469091157183086,1.0183591347737722,1.0412196743001851,1.0137089423872205,1.0388391653015112
2010-02-15,1.0536721921984575,1.0172985121402247,1.0357917002607862,1.0172985121402247,1.0357917002607862,1.0070278242284398,1.0305625204663753,1.0024293746624988,1.0282063765956642
2010-02-16,1.0561536575839454,1.0200798041487171,1.0384272168315944,1.0200798041487171,1.0384272168315944,1.0089203651278298,1.0327446738143158,1.0043132735426041,1.0303835409525113
2010-02-17,1.0790645905051042,1.043838084664214,1.0617830038019933,1.043838084664214,1.0617830038019933,1.0316500302329448,1.0555788961506751,1.0269391468595264,1.053165558098082
2010-02-18,1.0791887678830248,1.0427774303207946,1.061304338816736,1.0427774303207946,1.061304338816736,1.0320585166264389,1.0558484896218079,1.0273457679579079,1.053434535205829
2010-02-19,1.0599842037265832,1.023817986046135,1.0422130479017655,1.023817986046135,1.0422130479017655,1.0133064761848556,1.0368618732800379,1.008679356046296,1.034491327389821
2010-02-22,1.0849646631951542,1.049517943441369,1.0675745383711588,1.049517943441369,1.0675745383711588,1.0381879890239714,1.061809142660334,1.0334472509900943,1.0593815605838848
2010-02-23,1.0814768451290957,1.044446207169568,1.0632786425625995,1.044446207169568,1.0632786425625995,1.0337797953665313,1.057848430309694,1.0290591867230474,1.0554299034899064
2010-02-24,1.068799863208454,1.0302897485653817,1.0498412462375024,1.0302897485653817,1.0498412462375024,1.0204885762272895,1.0448486458873791,1.0158286600487119,1.042459840080901
2010-02-25,1.0639450009996263,1.0236770785947347,1.0440890047130524,1.0236770785947347,1.0440890047130524,1.0138271786540616,1.0390669613554606,1.0091976808016139,1.0366913740391777
2010-02-26,1.0685836516870548,1.0293297975047897,1.0492464445281826,1.0293297975047897,1.0492464445281826,1.0180051410251314,1.0434733517866677,1.013356565100768,1.041087690273429
2010-03-01,1.0742979743825063,1.0342831121375797,1.05457853374172,1.0342831121375797,1.05457853374172,1.0233449440852072,1.0490019798045156,1.0186719847083978,1.0466036783565236
2010-03-02,1.077490730071268,1.0395456851877567,1.0588285284855088,1.0395456851877567,1.0588285284855088,1.0280299486780502,1.0529620013814038,1.0233355958930173,1.0505546462560453
2010-03-03,1.0802052873536419,1.0434886751194017,1.062171074400556,1.0434886751194017,1.062171074400556,1.0311525427208421,1.0558877622642477,1.026443931053507,1.0534737180604157
2010-03-04,1.070859000087944,1.0330744694569345,1.0522744291501358,1.0330744694569345,1.0522744291501358,1.0220096709900468,1.0466386052653005,1.017342808948224,1.0442457071289215
2010-03-05,1.0864102744215118,1.0503177513006843,1.0686981601689896,1.0503177513006843,1.0686981601689896,1.038646298161466,1.062758021281024,1.0339034673239906,1.0603282698121295
2010-03-08,1.1050240175744748,1.0723708495700712,1.0890771177824714,1.0723708495700712,1.0890771177824714,1.0583743306978917,1.081957072576493,1.0535414146011302,1.0794834268982372
2010-03-09,1.101261869250737,1.0694960679643113,1.0857649756812657,1.0694960679643113,1.0857649756812657,1.055333472070857,1.0785617420747122,1.0505144416232275,1.0760958590377245
2010-03-10,1.0987430960066729,1.069009220779889,1.08428050570382,1.069009220779889,1.08428050570382,1.0544069143863681,1.076857115595805,1.049592114932838,1.0743951297946963
2010-03-11,1.108096529193928,1.0804411782521517,1.0946995197523426,1.0804411782521517,1.0946995197523426,1.0642286203398656,1.0864576883127257,1.0593689714607366,1.0839737530130538
2010-03-12,1.1147669222966399,1.0856040419838169,1.1006055831086006,1.0856040419838169,1.1006055831086006,1.0699344599740817,1.0926388000162288,1.0650487561884663,1.0901407330281196
2010-03-15,1.1175767354976263,1.0875145387143534,1.102958694643468,1.0875145387143534,1.102958694643468,1.070441749000395,1.0942706297564293,1.0655537287514738,1.0917688319654197
2010-03-16,1.1168774513935944,1.0841434542415942,1.1008968533827075,1.0841434542415942,1.1008968533827075,1.067851161301805,1.0926014514465836,1.0629749706037577,1.0901034698473777
2010-03-17,1.12860396185995,1.0957425584712532,1.1125658396930398,1.0957425584712532,1.1125658396930398,1.07934705354302,1.1042187044531049,1.074418368485418,1.101694162680283
2010-03-18,1.1219435024893027,1.088462810580613,1.1055854404676164,1.088462810580613,1.1055854404676164,1.0729348177915548,1.0976803893155458,1.0680354132980032,1.0951707958945514
2010-03-19,1.1295389661874908,1.0973171659262055,1.1138275132974513,1.0973171659262055,1.1138275132974513,1.0817057582892373,1.1058841193470563,1.076766302541337,1.1033557699866146
2010-03-23,1.1256279757988084,1.0961684445950204,1.1113222813244805,1.0961684445950204,1.1113222813244805,1.0794556748228181,1.1028214208041267,1.0745264937615655,1.1003000735985824
2010-03-24,1.1298153047844204,1.1031666917186609,1.1169453010334616,1.1031666917186609,1.1169453010334616,1.0842723219613055,1.107334491178586,1.0793211463648371,1.1048028258769635
2010-03-25,1.1284052013408268,1.1050626910133439,1.1172197929511587,1.1050626910133439,1.1172197929511587,1.0849319186879431,1.1069841079629348,1.0799777311366823,1.1044532437318437
2010-03-26,1.1453906040006945,1.122292066269725,1.134340336216293,1.122292066269725,1.134340336216293,1.1030739728798462,1.1245752891112948,1.0980369422142078,1.1220042066956508
2010-03-29,1.1542095447903478,1.130934856205753,1.143075060285011,1.130934856205753,1.143075060285011,1.1099031025884365,1.132381105685968,1.1048348876716894,1.1297921770683585
2010-03-30,1.1693456611741562,1.147080994574058,1.1587356863832012,1.147080994574058,1.1587356863832012,1.1243138605954357,1.147156992706545,1.119179840998512,1.1445342824260607
2010-03-31,1.1696190461487908,1.1448549051898225,1.157734984162529,1.1448549051898225,1.157734984162529,1.1233471501722703,1.1467949927929366,1.1182175449212255,1.1441731101418884
2010-04-01,1.1793592020121633,1.1569286481970402,1.1686690641529225,1.1569286481970402,1.1686690641529225,1.1334223520866502,1.15671967206432,1.1282467398566964,1.1540750989197117
2010-04-02,1.1869513077877547,1.1636903888725816,1.1758458873755098,1.1636903888725816,1.1758458873755098,1.1399239255661886,1.163760460303371,1.1347186248241345,1.1610997900179054
2010-04-05,1.1917127006346244,1.1733487258887512,1.183083178816049,1.1733487258887512,1.183083178816049,1.1486864558160765,1.170566777114028,1.143441142223876,1.1678905457526285
2010-04-06,1.1879617433970935,1.1659359244636223,1.177480687253461,1.1659359244636223,1.177480687253461,1.1404932084561343,1.1645464719167054,1.1352853081645988,1.1618840045966994
2010-04-07,1.1935936393758813,1.1687746610103795,1.1817048823778786,1.1687746610103795,1.1817048823778786,1.1445619141277301,1.1693845322951746,1.139335434669483,1.1667110038642894
2010-04-08,1.1843312572289653,1.157070382955387,1.1712041440444438,1.157070382955387,1.1712041440444438,1.1337652787720198,1.1593329644708876,1.1285881006160512,1.1566824166350171
2010-04-09,1.1885595151230313,1.1587373395369966,1.17414104612232,1.1587373395369966,1.17414104612232,1.1378543175304907,1.163493053768205,1.1326584673596565,1.1608329948461997
2010-04-12,1.195920487352452,1.1664262325507118,1.1816716306124002,1.1664262325507118,1.1816716306124002,1.1436531994985095,1.1700619260948455,1.1384308695565832,1.1673868489590369
2010-04-13,1.188830200988517,1.1594914622711368,1.174656050012373,1.1594914622711368,1.174656050012373,1.1350585529442527,1.1621991830488032,1.1298754692354156,1.159542082264227
2010-04-14,1.1907298203881571,1.162678744301738,1.1772070634460812,1.162678744301738,1.1772070634460812,1.1366657862122689,1.1639508946069084,1.1314753633009331,1.1612897889372633
2010-04-15,1.2008579336188048,1.1736992715263612,1.1877913989331947,1.1736992715263612,1.1877913989331947,1.1472648445516533,1.1743261993934242,1.142026022545429,1.171641372978755
2010-04-16,1.1894775881035797,1.160131697874219,1.1753001758250001,1.160131697874219,1.1753001758250001,1.1331515014886582,1.1615435375329823,1.1279771260595002,1.158887935730887
2010-04-19,1.1679396121269487,1.1378914215260107,1.1533958174202958,1.1378914215260107,1.1533958174202958,1.1121673750538141,1.1402735501234258,1.1070888206583698,1.1376665772491925
2010-04-20,1.1685992926375717,1.1349512015912653,1.1522376393629983,1.1349512015912653,1.1522376393629983,1.1105007666813163,1.1397466259871212,1.105429822616354,1.1371408578035782
2010-04-21,1.1847852262965883,1.151968198669884,1.1688520906942352,1.151968198669884,1.1688520906942352,1.1272643466521857,1.1562383128199034,1.122116854079639,1.1535948401923533
2010-04-22,1.1749065045279523,1.1417952844874277,1.1588194279254795,1.1417952844874277,1.1588194279254795,1.1166357572676313,1.1459702410213113,1.1115367986392974,1.1433502439752536
2010-04-23,1.1762815516006613,1.142532707534782,1.1598731726777627,1.142532707534782,1.1598731726777627,1.1171901083674418,1.1469274393849989,1.1120886183735261,1.1443052539253196
2010-04-26,1.195577046561916,1.163614252617699,1.1800812089167687,1.163614252617699,1.1800812089167687,1.137534179716739,1.1667711044841322,1.132339791409773,1.1641035510540803
2010-04-27,1.1936166687617311,1.1668039229692617,1.1807209242338224,1.1668039229692617,1.1807209242338224,1.1393739463609902,1.1667485231284582,1.1341711570208817,1.1640810213254755
2010-04-28,1.170844416191816,1.14319026018346,1.157511359772322,1.14319026018346,1.157511359772322,1.115840518424934,1.14357239329885,1.110745191141855,1.1409578783793997
2010-04-30,1.1844613844997776,1.1536777532982077,1.1695550890287907,1.1536777532982077,1.1695550890287907,1.1264670148865183,1.1556726398326886,1.1213231632162621,1.1530304604861525
2010-05-06,1.1482614842252048,1.1149619090597684,1.132064776053055,1.1149619090597684,1.132064776053055,1.0888517106580393,1.118730887502932,1.0838796239333393,1.1161731669656352
2010-05-07,1.1208638810603737,1.0869186887887474,1.104322508315497,1.0869186887887474,1.104322508315497,1.0611694379762193,1.0911634360957232,1.056323758418963,1.088668742187451
2010-05-10,1.138518475593262,1.101931045307418,1.1206466115311586,1.101931045307418,1.1206466115311586,1.076827261353721,1.1078074607787842,1.0719100825693515,1.1052747141410928
2010-05-11,1.1243253247976417,1.0867400835749708,1.1059381451718655,1.0867400835749708,1.1059381451718655,1.0629471204348704,1.0937628797694712,1.0580933233430896,1.0912622428318752
2010-05-12,1.1251161060094188,1.0870907144490831,1.1065059633018581,1.0870907144490831,1.1065059633018581,1.0638490912402554,1.0946114627466896,1.0589911754268675,1.0921088857195398
2010-05-13,1.1425127407569406,1.1058807250104394,1.1246207064690512,1.1058807250104394,1.1246207064690512,1.0822884114227147,1.1125587365235279,1.0773462950720136,1.1100151271880363
2010-05-14,1.1313795295021931,1.0938329260943784,1.1130163175697425,1.0938329260943784,1.1130163175697425,1.0706832766603982,1.1011734953417356,1.0657941535097126,1.0986559157382538
2010-05-17,1.1106718469916819,1.0683154759186297,1.0898540850653542,1.0683154759186297,1.0898540850653542,1.0471659068619785,1.0790045757003652,1.0423841724411171,1.076537680226275
2010-05-18,1.1010886258986232,1.0583875896327664,1.0800899750456345,1.0583875896327664,1.0800899750456345,1.0367876958989408,1.0690046944465545,1.032053352104783,1.0665606613980387
2010-05-19,1.0968719935156146,1.055251600838474,1.0764193510162914,1.055251600838474,1.0764193510162914,1.0329921925708008,1.0650007713485306,1.0282751804036465,1.062565892348099
2010-05-20,1.0839394691967856,1.039226679602628,1.0619089310852263,1.039226679602628,1.0619089310852263,1.0184704605587855,1.0512406949006912,1.0138197598188439,1.048837275146195
2010-05-21,1.0611142368607642,1.0187130910661741,1.0402431671135441,1.0187130910661741,1.0402431671135441,0.9972178216561501,1.0292036682432852,0.9926641680739787,1.0268506310752468
2010-05-24,1.0622207876744891,1.019648169134652,1.0412633491505483,1.019648169134652,1.0412633491505483,0.9985532387508379,1.0304287458379606,0.9939934871761268,1.02807290781213
2010-05-25,1.038940294511761,0.9918143532404937,1.0156569078944262,0.9918143532404937,1.0156569078944262,0.9722588927810588,1.0055799146198734,0.9678192106035405,1.0032808877240869
2010-05-26,1.03678225133048,0.9935135325725575,1.015455728231531,0.9935135325725575,1.015455728231531,0.9721709059480952,1.0044834422983129,0.967731625549956,1.0021869222339788
2010-05-27,1.0482739271362806,1.0113322834760452,1.0301665587768758,1.0113322834760452,1.0301665587768758,0.9873482935440031,1.0178784458281414,0.9828397077605275,1.0155513011730248
2010-05-28,1.0589103804825728,1.0247939809176412,1.0422438656640718,1.0247939809176412,1.0422438656640718,0.9989672173713529,1.0290287795061945,0.9944055754220544,1.0266761421809778
2010-05-31,1.0632557177755195,1.0265389900005257,1.045271776164659,1.0265389900005257,1.045271776164659,1.0023283610670137,1.0328722606177378,0.9977513709322964,1.0305108360580901
2010-06-01,1.0627417869667777,1.0209958186080066,1.0422086278480385,1.0209958186080066,1.0422086278480385,0.9988549773707331,1.0308429094815985,0.9942938479494601,1.0284861245659762
2010-06-02,1.05032014325306,1.0150289664302345,1.0330723933393904,1.0150289664302345,1.0330723933393904,0.9930175195786642,1.0218063094084948,0.9884830460795061,1.019470184597865
2010-06-03,1.0733445919862121,1.026088974689342,1.0500070895765814,1.026088974689342,1.0500070895765814,1.0038376856342242,1.0385563257429196,0.9992538033831879,1.036181905877369
2010-06-04,1.073066483154315,1.0259553825233205,1.0498025379435048,1.0259553825233205,1.0498025379435048,1.0037069904858835,1.0383540048304403,0.999123705035684,1.035980047525063
2010-06-07,1.0362545957064697,1.0082724497449873,1.022727052268605,1.0082724497449873,1.022727052268605,0.9864075215769598,1.0115737885829783,0.9819032316950865,1.0092610580747283
2010-06-08,1.0345061031984246,1.0074325450938884,1.0214410197629011,1.0074325450938884,1.0214410197629011,0.9855858307081266,1.0103017807963943,0.9810852929609294,1.0079919584410126
2010-06-09,1.0264369409779177,1.0035564479140073,1.0155060758831744,1.0035564479140073,1.0155060758831744,0.9817937887718772,1.0044315599470237,0.9773105668457291,1.0021351584997376
2010-06-10,1.0349768235482564,1.0076586599953656,1.021787238959263,1.0076586599953656,1.021787238959263,0.9858070421868438,1.0106442243284854,0.9813054943088402,1.0083336190548302
2010-06-11,1.0443451424776309,1.0121588191928212,1.0286777246842764,1.0121588191928212,1.0286777246842764,0.990209613021529,1.0174595664420703,0.985687961428954,1.0151333794582045
2010-06-14,1.057762559148626,1.0186040001792143,1.0385463594665703,1.0186040001792143,1.0385463594665703,0.9965150268057804,1.0272205796593532,0.9919645824364999,1.0248720763666685
2010-06-15,1.0582838098662013,1.0188543878131706,1.038929744218486,1.0188543878131706,1.038929744218486,0.9967599846497709,1.0275997834411639,0.9922084217152787,1.0252504131863602
2010-06-16,1.0732602316351432,1.0260484514094848,1.0499450417535754,1.0260484514094848,1.0499450417535754,1.0037980411233978,1.0384949545772184,0.9992143399033909,1.0361206750227043
2010-06-17,1.067821070492402,1.0234356997271952,1.0459444881331612,1.0234356997271952,1.0459444881331612,1.0012419483608959,1.034538028657194,0.9966699191755353,1.03217279570254
2010-06-18,1.065301010991147,1.02222516568921,1.0440909609261468,1.02222516568921,1.0440909609261468,1.000057665401964,1.032704714934943,0.9954910440765725,1.030343673429914
2010-06-21,1.0858526559953592,1.032097339660418,1.059206887016477,1.032097339660418,1.059206887016477,1.0097157559924375,1.04765579556708,1.00510503236777,1.0452605718593293
2010-06-22,1.0765766868390179,1.027641541536025,1.0523843254086498,1.027641541536025,1.0523843254086498,1.0053565842371828,1.040907636829945,1.000765766151353,1.0385278412330865
2010-06-23,1.0600117122430535,1.0196844018030993,1.04020063249115,1.0196844018030993,1.04020063249115,0.9975719993417193,1.0288568121488648,0.9930167284574387,1.0265045679874072
2010-06-24,1.0598718764179424,1.019617230362924,1.0400977819409034,1.019617230362924,1.0400977819409034,0.9975062845502055,1.028755083226627,0.9929513137431892,1.0264030716449224
2010-06-25,1.0460345368203836,1.0129703354901396,1.0299202899396245,1.0129703354901396,1.0299202899396245,0.99100353115324,1.0186885810067339,0.9864782542462494,1.0163595841641002
2010-06-28,1.0393951745640777,1.0097810560315517,1.025036977234842,1.0097810560315517,1.025036977234842,0.987883412928094,1.0138585228571477,0.9833723835979358,1.0115405688301398
2010-06-29,1.0289782268005951,1.0047771782130603,1.0173752152470616,1.0047771782130603,1.0173752152470616,0.9829880468804941,1.0062803155690858,0.9784993715442725,1.0039796873678266
2010-06-30,1.0167104581909618,0.9988842413737951,1.0083521573089511,0.9988842413737951,1.0083521573089511,0.9772229015332228,0.9973556578289667,0.9727605519146049,0.9950754338023354
2010-07-01,1.0020659767976239,0.9918460162566345,0.997579297541258,0.991683648667258,0.9975019825354848,0.9702431481095325,0.9866566997040345,0.9658126705438305,0.9844009363812503
2010-07-02,1.004957740755865,0.9932771518446833,0.9997384097591003,0.9930944942565166,0.9996508407225395,0.9716313396333377,0.9887861853650396,0.9671945230881591,0.9865255534636992
2010-07-05,1.0111715232236664,0.9963523562370479,1.0043778802826233,0.9961863858462885,1.0042985974126184,0.9746496560115706,0.9933799888933477,0.9701990567532381,0.991108854318165
2010-07-06,1.0224623758400784,1.0019402054640607,1.0128081042517958,1.002581279271242,1.013134517687401,0.9805900936554275,1.0019590684713866,0.9761123682321097,0.999668319806459
2010-07-07,1.0171460702564052,0.9993091628798088,1.0088387275996038,1.0004950368951913,1.0094392303648565,0.9783359164440796,0.9981956359405857,0.9738684844009144,0.9959134914974439
2010-07-08,1.039693056247459,1.010467678761811,1.025673252696326,1.013196016420091,1.02704912617497,0.9901579360304911,1.015306776743448,0.9856365204135579,1.012985511617453
2010-07-09,1.0379601011908033,1.0096100383423705,1.0243793557912435,1.0113185398612867,1.0252423491157783,0.9887202208173154,1.0137226049974455,0.9842053703227541,1.0114049617153225
2010-07-12,1.0345193705581688,1.0079072188424525,1.0218103620370838,1.0074127351926703,1.0215654590885914,0.9857611123041456,1.0105241108146765,0.9812597741584298,1.0082137801529083
2010-07-13,1.0293245782336629,1.00533631323761,1.017931712279025,1.0040872959076155,1.0173074179571242,0.9828030229018767,1.0064625905099729,0.978315192451381,1.0041615455790378
2010-07-14,1.0468932554557877,1.0140310613465873,1.03104922331706,1.0131688420720224,1.0306191619292235,0.9915362921132567,1.0195523526184331,0.9870085824289919,1.0172213809609303
2010-07-15,1.0298762513089348,1.0056093365487762,1.0183436145277127,1.0025208786341553,1.0167941943526788,0.9819903230815806,1.0063209612592694,0.9775062037094145,1.0040202401309997
2010-07-16,1.013003146500795,0.9972588276135675,1.0057454470180969,0.9944721109987801,1.0043480715517612,0.9739980201907351,0.9939503878769202,0.9695503965348492,0.9916779492158208
2010-07-20,1.0021725644103594,0.9918987665253401,0.9976588803219588,0.9900512253067958,0.9967340331129195,0.9693055107227746,0.9862324243102808,0.9648793147450591,0.983977630995476
2010-07-21,0.9989115400237649,0.9902848837463359,0.995224062785862,0.9893595476491828,0.9947630793162197,0.968267984032168,0.9840994460933464,0.963846525772761,0.9818495293420226
2010-07-22,0.994879301736526,0.9882893267798293,0.99221342461589,0.9880483380463679,0.9920966914397844,0.9667174303969324,0.9813259377028222,0.9623030525205291,0.979082361939711
2010-07-23,1.0145117093228022,0.9980054161915284,1.0068718032724158,0.997350937497547,1.0065467759939308,0.9759801024424063,0.9957008768355642,0.9715234278893649,0.9934244360845879
2010-07-26,1.0201370883080023,1.0007894193737517,1.0110719470850966,0.9992720240665135,1.0103128337681757,0.9781971802185825,0.9995976061556816,0.9737303816946912,0.997312256430508
2010-07-27,1.0196987094448269,1.0005724654310375,1.0107446350453886,0.9997316913184268,1.0103258247424158,0.9783821262487626,0.9994758246873812,0.973914483195086,0.9971907533874893
2010-07-28,1.042335701635044,1.011775525430965,1.0276463625442092,1.011190168608433,1.0273556226050613,0.989492192029327,1.0162692776091167,0.9849738164378425,1.0139458119465503
2010-07-29,1.0365614728090733,1.008917856379923,1.0233350811993949,1.0082868703184726,1.0230214916440972,0.9866697040925679,1.0119914419123952,0.9821642169914662,1.0096777565359896
2010-07-30,1.0197802319657274,1.0006128109718813,1.0108055031775902,0.9974136458886935,1.0092005775039758,0.9770371558155576,0.9988320975280933,0.9725756543783844,0.9965484979621048
2010-08-02,1.0205912812461229,1.0010138723410769,1.0114110795294302,0.9968676610309349,1.0093322869584291,0.9768743170954006,0.9991511309327521,0.9724135592381207,0.9968668019703553
2010-08-03,1.03280043195647,1.0070013471780352,1.0204855767304641,1.0028303356762336,1.0183881329920506,0.9827174033443459,1.0081156304568009,0.978229963863402,1.0058108062307123
2010-08-04,1.0181586253106558,0.999820876485252,1.009602998852798,0.9956796065780688,1.0075279225004088,0.9757100904606277,0.9973649671370032,0.9712546488789606,0.9950847218267823
2010-08-05,1.0338303673282014,1.007506436538322,1.0212510800705203,1.0033333329504104,1.019152062963287,0.9832103124213682,1.0088718546503364,0.9787206221411151,1.006565301491783
2010-08-06,1.039501765647545,1.010287740130443,1.025466368209376,1.0061031163501253,1.023358687256309,0.98592454458364,1.0130360466355623,0.9814224601476265,1.010719973011023
2010-08-09,1.0362744447705206,1.0087050336015115,1.0230676498250928,1.0045269654103741,1.0209648990513147,0.9843800051897987,1.0106664046225828,0.9798849736736096,1.008355748638792
2010-08-10,1.0318803074768677,1.0065501100445773,1.0198016907491336,1.0023809675723248,1.0177056526282044,0.9822770478420152,1.0074400342867518,0.9777916191819443,1.0051367546557202
2010-08-11,1.0086657162667774,0.9951654704395563,1.0025473584899234,0.9910434832793293,1.0004867838698832,0.9711669500233681,0.9903948526200645,0.9667322540474024,0.9881305428715113
2010-08-12,1.0004333905649856,0.9911282655463978,0.9964286514388593,0.9870230005366344,0.9943806528356527,0.9672271027525656,0.9843503142581145,0.9628103975297215,0.9820998239545051
2010-08-13,1.0046764631899614,0.9932091056618284,0.9995823311314603,0.9890952217876721,0.9975278506475931,0.9692577631888611,0.9874657662194752,0.9648317852434793,0.985208153152426
2010-08-16,1.002173993796921,0.9919818726726909,0.9977223613398208,0.9878730720121047,0.9956717037242843,0.9680601250528612,0.985628342289255,0.9636396159519682,0.9833749300688746
2010-08-17,1.0004004162349507,0.9911120946450767,0.9964041431439987,0.9870068966153781,0.9943561949136448,0.9672113218142376,0.9843261030436807,0.9627946886528076,0.9820756680934375
2010-08-18,1.0112148697033638,0.9964155976940402,1.0044420263725722,0.9922884324919252,1.002377557567864,0.9723869303270879,0.9922665540439517,0.9679466634842969,0.9899979650811344
2010-08-19,1.0210182435837436,1.0012232584248002,1.0117284208932655,0.9970761798350211,1.0096489760782035,0.9770786538116025,0.9994646256027091,0.9726169628797231,0.9971795799069452
2010-08-20,1.003401755442973,0.9925839777769624,0.9986348998025657,0.9884726831899062,0.996582366611197,0.9686477103289567,0.9865298193004572,0.9642245181033349,0.9842743460604956
2010-08-23,0.9988637895468735,0.9903585194090151,0.995262039576699,0.986256442696866,0.9932164387562747,0.9664759191245766,0.9831978436306626,0.9620626440751051,0.9809499881857361
2010-08-24,0.9908382028732649,0.9864227011526858,0.9892969920861644,0.9823369266463502,0.9872636514600963,0.9626350135411491,0.9773051022252509,0.9582392774416331,0.975070719176485
2010-08-25,0.9789488084700209,0.9805920376196552,0.9804601549634326,0.9765304137907019,0.9784449770327648,0.956944957074977,0.9685753819525069,0.9525752038103513,0.9663609573987427
2010-08-26,0.982927609654797,0.9825432766976457,0.9834174139138134,0.978473570813331,0.9813961578136841,0.9588491418165371,0.9714967941107647,0.9544706933626748,0.9692756904208842
2010-08-27,0.9921758911586366,0.9870787152472262,0.99029123393717,0.9829902235227446,0.9882558498071148,0.96327520778652,0.9782872922466566,0.9588765483308871,0.9760506636465991
2010-08-30,1.003469559498898,0.992617229482042,0.9986852954222369,0.9885057971660297,0.9966326586507891,0.9686801601656567,0.9865796040431872,0.9642568197624632,0.9843240169818764
2010-08-31,0.9743993316452051,0.9783609341910747,0.9770787391964889,0.9743085516189365,0.9750705112213022,0.9547676569411971,0.9652349544487193,0.9504078460084656,0.9630281670131622
2010-09-01,0.9848708969709365,0.983332567934157,0.9847835168033098,0.9792595927961962,0.9827594528987226,0.9596833854387392,0.972878769126033,0.9553011275298349,0.9706545058685406
2010-09-02,0.993716286758975,0.9881060222288013,0.9915960681693203,0.9840132753866396,0.9895580021626641,0.9642024117680579,0.9795381926128706,0.959799518367102,0.9772987041172007
2010-09-03,0.9987770398953447,0.9905437565477888,0.995346885885907,0.9864409125812178,0.99330111067756,0.9666161412544994,0.9832612172457955,0.9622022259005822,0.9810132169116925
2010-09-06,1.0161340353731916,1.0010130294483144,1.009266974025316,0.9968668216294446,1.0071925883178379,0.9761292532115451,0.9966559999223472,0.971671897582695,0.9943773755023919
2010-09-07,1.0123342946429372,0.9989939962480624,1.006356266036715,0.9948561512886113,1.0042878628206942,0.9742064550770483,0.9938046449931948,0.9697578796328507,0.991532539539635
2010-09-08,0.9967964203108214,0.990292137519281,0.9942306688048422,0.986190335761705,0.9921871878009217,0.9660828074315988,0.9820126322988033,0.9616713274708529,0.9797674865666398
2010-09-09,1.0026298549140433,0.9928931574015403,0.9984495562267747,0.9887805821888187,0.9963974039792737,0.9687427361577116,0.9862420856529786,0.9643191100101358,0.9839872702497383
2010-09-10,1.0101726239927329,0.9960799859266685,1.0038163715724338,0.9919542108324673,1.001753188700396,0.9720788206828047,0.9916585258997276,0.9676399607789541,0.9893913270532366
2010-09-13,1.0147922414305095,0.9970209438992009,1.0065971485573584,0.9928912713459376,1.0045282502461141,0.9735301120943852,0.9946758327262035,0.9690846250743804,0.9924017355025214
2010-09-14,1.0105461893125742,0.9937860674498211,1.0028544860351594,0.9896697937931085,1.0007932801639174,0.9708083732082025,0.991199076339839,0.9663753146223468,0.9889329279189581
2010-09-15,1.0246741672351005,1.0018175195296188,1.0139394996757751,0.9976679795033081,1.0118555103444031,0.9782646830236199,1.001956467750797,0.9737975762577544,0.9996657250318174
2010-09-16,1.0174849006492237,0.9949993161188041,1.006931053328119,0.9908780171717411,1.0048614687293989,0.9728710667562065,0.9956717154461908,0.968428589173157,0.9933953413660151
2010-09-17,1.0271927483398404,0.9995737728915672,1.0140751498101477,0.9954335264903948,1.0119908816717729,0.9774416463175075,1.0027832481292231,0.972978297831893,1.000490615167311
2010-09-21,1.0245236641040996,0.9992983244348433,1.012602798649839,0.9951592189444397,1.01052155669213,0.9767601871847473,1.001119541352038,0.9722999504854986,0.9988307120725302
2010-09-22,1.0223364625616227,0.9972890002153985,1.0105031503743156,0.9931582173696999,1.008426223905457,0.9751573342214704,0.999226810764862,0.9707044167226806,0.9969423087779573
2010-09-24,1.0131195848113408,0.9908296333948275,1.0026606714261996,0.9867256053229716,1.0005998639096698,0.9695786906556714,0.9918468116380794,0.9651512472405825,0.9895791823196088
2010-09-27,1.025340024872428,0.9987782581188385,1.0127505259712908,0.9946413067492726,1.0106689803838664,0.976614748524396,1.0014490323899656,0.972155175950138,0.9991594498050794
2010-09-28,1.0260008700215255,0.9986414521515213,1.013012415314777,0.9945050674338918,1.0109303314559883,0.9766634279392279,1.0018001059969692,0.9722036330773344,0.9995097207631308
2010-09-29,1.0315776395483252,0.9967743504803191,1.0148656243564094,0.9926456993199162,1.012779731524923,0.9766569386179268,1.0045512491515864,0.9721971733885976,1.0022545740624966
2010-09-30,1.0117360382642793,0.9830408406198033,0.9980688167941016,0.9789690738198323,0.9960174470951809,0.9647481748064818,0.9887149945750993,0.9603427892561069,0.9864545254351047
2010-10-01,1.01328816113305,0.9845334394535141,0.9995977118400572,0.9804554902915031,0.997543199743621,0.9659263221705443,0.9900843270924997,0.9615155567775231,0.9878207272890531
2010-10-04,1.0035749256667623,0.9798146410461822,0.9924112112577788,0.9757562372030397,0.9903714698557955,0.9612967063464354,0.9829662219699327,0.9569070814366905,0.9807188960745922
2010-10-05,1.014554196435117,0.98514849356064,1.0005344093459572,0.9810679968372358,0.9984779720186668,0.966529752107837,0.9910121098483355,0.9621162312376915,0.9887463888832806
2010-10-06,1.031586104372779,0.9934227848952845,1.0131357528155092,0.9893080159592136,1.011053415456353,0.9746476640823424,1.0034935236428373,0.9701970739198722,1.0011992667995355
2010-10-07,1.035561682370111,0.9953541651431066,1.0160771510439246,0.9912313964071838,1.0139887681144666,0.9765425423513092,1.0064069279565897,0.972083299496288,1.004106010285264
2010-10-08,1.0279227790509688,0.9916431004889819,1.0104253799794303,0.9875357030267915,1.0083486133550927,0.9729016146905022,1.0008089460034597,0.9684589976146488,0.9985208268286884
2010-10-12,1.0089468893425377,0.9824244010716109,0.996385748909824,0.9783551875715466,0.9943378384858562,0.9638571434043267,0.9869029330989382,0.9594558266223276,0.9846466068202021
2010-10-13,1.0055640475262273,0.980780978688774,0.9938828965114601,0.9767185722636758,0.9918401302974752,0.9622447807618679,0.9844239008809829,0.9578508266049274,0.982173242338507
2010-10-14,1.0249536652857314,0.990200671819851,1.0082286312362554,0.986099248914285,1.00615637967514,0.9714864470958492,0.9986331041868813,0.9670502921818694,0.9963499595733404
2010-10-15,1.0123605530394175,0.9840827970686925,0.9989114053947796,0.9800067144727747,0.996858303890702,0.9654841966683099,0.9894045523721264,0.9610754501786151,0.9871425067170301
2010-10-18,1.017026346519125,0.9863494917161557,1.0023634711534124,0.9822640204441729,1.0003032744841749,0.967708052087099,0.9928237640842295,0.9632891506774117,0.9905539011889772
2010-10-19,1.020292837714835,0.9879363896664193,1.0047802395887553,0.9838443454443394,1.0027150756412557,0.9692649585763381,0.9952175316186109,0.9648389477742414,0.9929421959251616
2010-10-20,1.0075868357521829,0.9817636718286795,0.9953794903924702,0.9776971950769617,0.9933336481708115,0.9632089015650962,0.9859062513586391,0.9588105448874087,0.9836522037631725
2010-10-21,1.0033362910265837,0.9796987096694623,0.9922346534067367,0.9756407860154549,0.9901952748909788,0.9611829660062378,0.9827913444576378,0.9567938604756061,0.9805444183794562
2010-10-22,1.0080819530570893,0.9820042053520296,0.9957458112556217,0.9779367323076105,0.9936992161204302,0.9634448891428236,0.9862690858679594,0.9590454548613715,0.9840142087349458
2010-10-25,1.0039710932315635,0.9800071036792881,0.99270432249193,0.975947902653641,0.9906639786470148,0.9614855315461709,0.9832565436019154,0.957095044392964,0.9810085539530228
2010-10-26,1.001097134061911,0.9786109021767546,0.9905779754762691,0.9745574842342604,0.9885420019951645,0.9601157174511821,0.9811504334845859,0.9557314853595326,0.9789072589714521
2010-10-27,0.9992611739321826,0.9777189722151927,0.9892196095036613,0.9736692486571588,0.9871864279250281,0.9592406444542878,0.979804995370828,0.9548604082592222,0.977564896892095
2010-10-28,0.9940107326938515,0.9751682491487935,0.9853349822702904,0.9711290907158984,0.9833097849172577,0.9567381285907636,0.9759573389638547,0.9523693197790428,0.9737260372654043
2010-10-29,0.9887773704938891,0.9726258232702193,0.981462991250631,0.9685971955954128,0.9794457521514968,0.9542437531029736,0.9721221985090504,0.9498863345027279,0.9698996649760401
2010-11-01,0.981172448402412,0.9689294734795013,0.9758358687699153,0.9649161561292887,0.9738301953147075,0.9506172622030953,0.966548630553867,0.9462764034585985,0.9643388397004271
2010-11-02,0.9810753168263922,0.9688815136906973,0.9757634163105964,0.9648683949904978,0.9737578917697491,0.9505702088267902,0.9664768676400655,0.946229564944855,0.9642672408560015
2010-11-04,0.9980035261753541,0.9772400040856056,0.9883905191483752,0.9731922644192351,0.9863590416314298,0.9587707285476167,0.9789837956453893,0.954392638156813,0.9767455746507112
2010-11-05,1.0200636786220636,0.9881324480845534,1.004845644898504,0.9840395917861846,1.0027803465209248,0.9694573116028273,0.9952823144520686,0.9650304224479486,0.9930068306475897
2010-11-08,1.0285137518511764,0.9923047651008325,1.011148729970955,0.9881946270159867,1.009070476617216,0.9735507742207159,1.0015254117187449,0.9691051928500457,0.9992356545101132
2010-11-09,1.0260309183504521,0.9910788386286252,1.0092967329111093,0.986973778345741,1.007222286039035,0.972348017055649,0.9996910405101522,0.967907927904787,0.9974054771688444
2010-11-10,1.0394481361569137,0.9977037381587446,1.0193049142577948,0.993571237463575,1.0172098971809305,0.9788477097846532,1.009603971859117,0.9743779407098712,1.007295744883168
2010-11-11,1.0423392768630653,0.9991312708247543,1.021461476139947,0.9949928572723817,1.0193620265974808,0.9802482629020998,1.0117400092816053,0.9757720984003792,1.0094268987480064
2010-11-12,1.032376277208951,0.9942119296707832,1.0140298678338406,0.9900938920877099,1.0119456927652752,0.975421894474233,1.0043791291777264,0.9709677688986157,1.0020828476013188
2010-11-15,1.0360172732150552,0.9960097116758116,1.016745762353649,0.9918842276583898,1.0146560052013338,0.9771856994305638,1.0070691759497912,0.9727235196900658,1.004766744200941
2010-11-16,1.0312383987599512,0.9936500896149049,1.0131811006726938,0.9895343791799946,1.0110986701083213,0.9748706728731426,1.0035384399147875,0.9704190643726957,1.001244080380774
2010-11-17,1.032973824900957,0.9945069754456298,1.0144755910643308,0.9903877157794642,1.0123904998834554,0.9757113640531716,1.0048206103651103,0.9712559166558254,1.0025233194436383
2010-11-18,1.0558990355290225,1.0058265514790916,1.0315759816733394,1.001660405994984,1.0294557433938425,0.9868170065924445,1.0217582529073015,0.9823108468553938,1.0194222379667939
2010-11-19,1.0570756903328604,1.006407537788586,1.0324536729226823,1.0022389858523062,1.0303316306901877,0.9873870125939398,1.0226275909817164,0.9828782500054215,1.020289588499905
2010-11-22,1.0644305491650206,1.0100390805960529,1.0379398148362524,1.005855486766471,1.0358064967226803,0.9909499213253776,1.0280615201118986,0.9864248892200541,1.025711094202532
2010-11-24,1.0542142494164268,1.0049946697218832,1.0303192647303443,1.0008319699018624,1.0282016094301107,0.9860008469232848,1.0205134964076488,0.9814984140634723,1.0181803273162175
2010-11-25,1.057161709286952,1.0064500105975367,1.032517836246571,1.0022812827383791,1.0303956621366988,0.9874286826911635,1.0226911436495587,0.9829197298220631,1.020352995869208
2010-11-26,1.0538604225093156,1.0048199637772919,1.030055337893739,1.0006579875913617,1.0279382250526086,0.985829442820836,1.0202520814190719,0.9813277926535185,1.0179195099928098
2010-11-29,1.0626001389392123,1.009135295324039,1.0365744738435845,1.0049554449837534,1.0344439619685142,0.9900632170765988,1.0267091733608351,0.9855422339803193,1.0243618392808775
2010-11-30,1.0455574270960197,1.00072026805754,1.023861961217917,0.9965752728598171,1.0217575778650072,0.9818072289986257,1.0141176484308012,0.9773239456995912,1.0117991019728438
2010-12-01,1.0515391491924373,1.0031707757999995,1.0280694447931515,0.999015630570196,1.0259564136354316,0.984312673318938,1.0183387235792356,0.9797253797453963,1.0159665240558056
2010-12-02,1.0643282342498082,1.019853809016926,1.042869817885785,1.0156295624660292,1.0407263669449958,0.9983746210916848,1.0318053930689481,0.9948621849047775,1.0299931112610932
2010-12-03,1.0661337572067469,1.0215861426608734,1.0446400953424673,1.0173547207635145,1.0424930058814956,1.0003740824327056,1.0337139411999403,0.9969795819630486,1.031963194108537
2010-12-06,1.0694390512959786,1.0259682084064277,1.0485012705695849,1.0217186359408719,1.0463462450848342,1.0033811900552831,1.0368699380995976,0.9999082325156097,1.0350784259038062
2010-12-07,1.0677400563540518,1.0260714508215554,1.047723635801949,1.0218214507246939,1.0455702086202134,1.0024755095570808,1.0355787677752002,0.9980931543016848,1.0333165561696287
2010-12-08,1.0775371860657053,1.0343462549339886,1.05675295996837,1.0300619805005289,1.054580974465119,1.0102524635906476,1.0443455645970845,1.0070166743287146,1.0426762125126505
2010-12-09,1.0811700113113252,1.034666468413917,1.058692911967737,1.0303808676524326,1.0565169392056095,1.0113942528763928,1.0466952568332801,1.0085569291870495,1.0452297928369858
2010-12-10,1.0787633253294207,1.0300489537269026,1.0551503662166744,1.0257824787659182,1.0529816745867577,1.007277469755708,1.0434003604672184,1.0031973963095748,1.0412882638438916
2010-12-13,1.090000892030818,1.0405633189291323,1.0660314075108674,1.0362532933430018,1.063840351653126,1.0164996720139985,1.0536122402268875,1.0131988760868267,1.05190269168408
2010-12-14,1.097328293348806,1.049823398416424,1.0743582938269647,1.0454750174714278,1.072150123395571,1.0235699760119148,1.0608176225552581,1.020504605069502,1.0592304406993251
2010-12-15,1.0971373812638392,1.0525297033863947,1.0756517059940498,1.0481701128941732,1.07344087716227,1.0251342976113675,1.0615343791590437,1.0224319781059104,1.060137548216017
2010-12-16,1.0989080777059823,1.0526444360723533,1.0765760839635172,1.0482843703559883,1.0743633552217062,1.0254837650075959,1.062572548080263,1.0229062551250057,1.0612388564316857
2010-12-17,1.098092896751485,1.0516982180211412,1.075692739076368,1.0473420715511466,1.0734818259076966,1.024653554031596,1.0617483715333647,1.0217364905788562,1.0602385366477258
2010-12-20,1.0923977521476511,1.0448504995670915,1.0693998835178216,1.040522716428003,1.0672019043001917,1.0187131449256117,1.0559178265402562,1.0157536133192389,1.0543851998485885
2010-12-21,1.1012764340956902,1.0539363737944634,1.078395833821474,1.0495709568567584,1.0761793648769282,1.0271135214458267,1.0645623852166013,1.0247608995338782,1.063344599837919
2010-12-22,1.1019749216718366,1.0568342004804416,1.0802221580332039,1.0524567807102962,1.0780019353733978,1.0286800570482073,1.0657109463357082,1.0259285836414336,1.0642874680506234
2010-12-24,1.0983285656413755,1.0546111077702633,1.0773005373225573,1.0502428960764425,1.075086319583551,1.026188972061489,1.0626567330085794,1.0227084245027047,1.0608563282859322
2010-12-27,1.1013473641180367,1.0580400791188462,1.0805332868600974,1.0536576645851043,1.0783124247250997,1.0294931608514786,1.065827680273836,1.0264662596804792,1.0642630867683693
2010-12-28,1.0995857497650896,1.0562249836162019,1.0787420656961577,1.0518500872295207,1.0765248851277593,1.027974238260351,1.0641889683650994,1.0246534111969527,1.0624721226132208
2010-12-29,1.1063192698355997,1.0628753984458184,1.0854414206911955,1.0584729559621793,1.0832104706776369,1.033592386206624,1.0703556080926175,1.030618981039779,1.0688181096721
2010-12-30,1.0946118984209552,1.0514843741230047,1.0738815110288897,1.047129113396968,1.0716743205477446,1.024028587755336,1.0597395402863328,1.0199161282789686,1.0576130672313224
2011-01-04,1.110397411554871,1.069184467676407,1.0906708523726765,1.0647558929533225,1.0884291541045752,1.039245871452988,1.0752575503997261,1.0364468021884787,1.0738146863601032
2011-01-05,1.1104588883528896,1.0732886657882792,1.0927943828358657,1.068843091428026,1.090548319992924,1.0426390954536076,1.0770427186053468,1.0398308869956998,1.0755974590884658
2011-01-06,1.1234397448058733,1.086899380326519,1.1061116246341696,1.0823974302255124,1.1038381903456536,1.055807953989274,1.090140340633517,1.0529642769784584,1.0886775057107978
2011-01-07,1.1248272182674945,1.0871194651168956,1.1069052907264931,1.0826166034220817,1.104630225185156,1.056324295611045,1.0910792401103806,1.053479227903376,1.0896151452994685
2011-01-11,1.1258267028121254,1.0899132206763154,1.1088211044258394,1.0853987872128994,1.1065421012380139,1.056999809758723,1.0919126283821716,1.0541529226443664,1.0904474152661912
2011-01-12,1.1294162362135398,1.0905365232309607,1.110901900768767,1.0860195080409842,1.1086186208392022,1.060694676690766,1.0955620477850387,1.0578378379482625,1.094091937594846
2011-01-13,1.1402271375114825,1.1012312090830303,1.1216661252849252,1.0966698963776411,1.1193607212256076,1.0720340369757302,1.106662580880357,1.0691466571882973,1.1051775751332642
2011-01-14,1.1314190087553893,1.0925276977016396,1.1129010917040643,1.0880024350434323,1.1106137027595315,1.0625108334133055,1.0974712888410252,1.0596491030964392,1.0959986166829934
2011-01-15,1.1314081233644426,1.0925172260621534,1.1128904046607482,1.0879920067776008,1.1106030376817118,1.0625005071181965,1.0974606763265868,1.05963880461382,1.0959880184092508
2011-01-17,1.1290480690864284,1.0880465066968104,1.109451059491939,1.0835398051847973,1.1071707615329387,1.0593015022382333,1.0946630645806497,1.0564484158241223,1.0931941607158973
2011-01-18,1.1338992377039023,1.0968644401266954,1.1163311220639174,1.092321214630021,1.114036683244438,1.0672455400857488,1.101121544652994,1.0643710574719647,1.0996439742983912
2011-01-19,1.1412118953064072,1.1072590373032194,1.1252242387956837,1.1026727572619792,1.1229115216071324,1.0780116833765694,1.1102317689839611,1.0751082036008908,1.1087419738232407
2011-01-20,1.1308554088169658,1.0964946374174462,1.114647627767583,1.0919529436479716,1.1123566490994776,1.0658880958678467,1.098945552010141,1.0630172693478637,1.0974709015713608
2011-01-21,1.1114389117048162,1.0697829830578762,1.0914876227471157,1.0653519292769955,1.0892442457390628,1.0430490842684232,1.0777293210932208,1.0402397715606724,1.0762831402398298
2011-01-24,1.1186391378005174,1.0765478040177658,1.0984741622252336,1.0720887302683813,1.0962164255105706,1.0498244222146627,1.084720561836677,1.046996861043557,1.0832649995938157
2011-01-25,1.132280462935803,1.0930741555381396,1.1136028865323682,1.0885466294451038,1.1113140551616005,1.0638936504176169,1.0986037520651981,1.0610281956687544,1.0971295602801137
2011-01-26,1.1241193952515227,1.0835963160297897,1.1047606913337882,1.0791080472602048,1.1024900336710826,1.0549686401331235,1.0900352129072561,1.0521272237015247,1.08857251905308
2011-01-27,1.1316543901272154,1.0941239780960554,1.1138308712405827,1.089592103625556,1.1115415712839676,1.0641564662644099,1.0984365835110372,1.06129030365634,1.096962616045694
2011-01-28,1.118756475937058,1.08373665328368,1.1021984473897475,1.0792478032355282,1.0999330560067808,1.052518141448692,1.0861709048995944,1.0496833251063873,1.0847133964738398
2011-01-31,1.1089703603142367,1.0747640419070537,1.0928158535765113,1.0703123565214496,1.09056974660392,1.0418774295792876,1.0759279782542372,1.0390712725661795,1.0744842145824829
2011-02-01,1.1145666454445984,1.0842556902639522,1.1004054126727454,1.0797646903584832,1.0981437065838444,1.0488079495048395,1.082224717298033,1.045983126066544,1.0807725041730942
2011-02-02,1.133025134344257,1.1040210382473208,1.1195472680727272,1.0994481700365046,1.1172462189831354,1.066806961143368,1.1004723972866486,1.0639336597830977,1.0989956980083668
2011-02-03,1.1329411054023963,1.1026369619120728,1.1188034415143717,1.0980698265618232,1.1165039212404662,1.0673239364658051,1.1006983254788212,1.0644492427018937,1.0992213230325552
2011-02-04,1.1427225015981897,1.1084916911885294,1.1266029673974085,1.1039003054803032,1.1242874164542813,1.074206079425691,1.108997817533814,1.0713128495334558,1.107509678184925
2011-02-07,1.1487253277504696,1.1156732413655903,1.1332105045357945,1.111052109591509,1.1308813728643226,1.0809403481275706,1.1153865539900298,1.0780289803864778,1.113889841738688
2011-02-08,1.1521867126999432,1.1194917341227126,1.1368568916670998,1.1148547861064244,1.1345202654341848,1.0834315344352052,1.1183523059365288,1.0805134570181663,1.1168516140090319
2011-02-09,1.1503001854037016,1.1099953246700174,1.1311066846747433,1.1053977108941093,1.128781877066144,1.0770011129425885,1.1141187607184893,1.0741003550027322,1.1126237496905618
2011-02-10,1.1549559836631436,1.1167869843150566,1.1368514163344619,1.112161239404493,1.1345148013552115,1.0815043186940905,1.1187024527478722,1.0785914319739742,1.1172012909662061
2011-02-14,1.1697992890752,1.1365389085998212,1.1542018346992216,1.131831350985029,1.1518295587295684,1.0972393088907237,1.1340269143031334,1.0942840420865036,1.1325051889695104
2011-02-15,1.1737459837456525,1.139223215822602,1.1575122541417906,1.134504539775514,1.155133174138166,1.1016464613037518,1.138216785862805,1.0986793244260464,1.136689438234317
2011-02-16,1.178348040993756,1.1410508345787314,1.160711467171773,1.1363245885131183,1.1583258117010469,1.1036672282531446,1.1414936203830817,1.1006946487108937,1.1399618756436956
2011-02-17,1.1868980305633325,1.1501050213852557,1.169526668951229,1.1453412727706984,1.167122895253066,1.111428376303959,1.1496487811190552,1.1084348931511545,1.1481060931520128
2011-02-18,1.1868954410839052,1.1504405938455917,1.1696956760268424,1.1456754552859307,1.1672915549618565,1.1111723886120235,1.1495154520063988,1.108179594927708,1.1479729429507084
2011-02-21,1.1895135882730727,1.156538771685984,1.1740826214134246,1.1517483744015125,1.1716694836887802,1.1148436078202713,1.1526806347519456,1.1118409261997788,1.1511338784083747
2011-02-22,1.170534282055211,1.1388316451904148,1.1557281050972514,1.1341145910335206,1.153352692124624,1.096944395292663,1.1342315919486694,1.0939899227986354,1.1327095919626953
2011-02-23,1.1585546233488915,1.1247764381331367,1.1426821021334979,1.120117600810272,1.1403335031187074,1.0838974309988918,1.1216842412664974,1.0809780987519926,1.120179078289559
2011-02-24,1.1436518006002165,1.1107382534746135,1.128201725389881,1.106137562478801,1.1258828884572045,1.068877240602915,1.1066996718211422,1.0659983632227987,1.1052146163025462
2011-02-25,1.152089394607596,1.1186768692547242,1.1363953498229693,1.114043296418366,1.1340596722149772,1.0766683445582952,1.1148157206694362,1.073768482885417,1.1133197744065506
2011-02-28,1.1619561760885702,1.1292681155383821,1.1466405590459505,1.1245906736345284,1.1442838240605455,1.0867345066157041,1.1247994001576973,1.0838075330864305,1.123290057018769
2011-03-01,1.1768565343051307,1.1459837400180495,1.1624783229127247,1.1412370617997063,1.1600890359546017,1.1020972371122568,1.1399611099820792,1.0991288861304158,1.1384314216840987
2011-03-02,1.15219822811856,1.1228898164300392,1.1385866392606105,1.1182387935166043,1.1362464578101192,1.079116735831989,1.116133474034186,1.0762102797458446,1.1146357595075551
2011-03-03,1.1595019798330004,1.1310723512267733,1.1463440530049587,1.126387436157338,1.143987927439964,1.0869650639192265,1.1237298439746999,1.0840374694148018,1.1222219360492738
2011-03-04,1.1684455541647332,1.1423737557214106,1.1564932412067637,1.1376420301007624,1.1541162556200997,1.0974106456050992,1.1334636630082564,1.0944549173284364,1.1319426934889392
2011-03-07,1.1526474334635977,1.12791340702933,1.141356446387775,1.123241576344159,1.139010572044853,1.0818195680033078,1.1177488808341232,1.078905832201491,1.1162489986292647
2011-03-08,1.1491786544300955,1.1232039463521433,1.1372546238516015,1.118551622308852,1.1349171801442421,1.0777510619507622,1.1139647236314911,1.0748482841239126,1.112469919302483
2011-03-09,1.156375623007556,1.1305823304955165,1.1445514357865796,1.1258994450977515,1.1421989946575493,1.0838397623497182,1.120599334968933,1.0809205854255852,1.119095627803472
2011-03-10,1.1389378383243025,1.1080862952127488,1.124529151597902,1.1034965886594534,1.1222178630491313,1.064198010531483,1.1019955032192035,1.061331736029506,1.100516760119162
2011-03-11,1.1207587442229712,1.090213889556516,1.106485830812926,1.0856982107190385,1.1042116274038805,1.0458120780732216,1.083682119362094,1.042995323612514,1.082227950581946
2011-03-14,1.0404792582013223,1.0075104662430026,1.0248895912952252,1.0033373459640071,1.0227830958142061,0.9666900330959173,1.003880601565006,0.964086383243392,1.0025335166554097
2011-03-15,0.9361982005020986,0.9056026653475914,0.9216987884280311,0.9018516483863811,0.9198043850218742,0.8740446178680923,0.9054605415463316,0.8716904960063776,0.9042455243123594
2011-03-16,0.9990041050739414,0.9757708959192558,0.9883071704281311,0.9717292413163029,0.9862758642210551,0.9400554742078172,0.9700183545965384,0.9375235609646981,0.9687167086782178
2011-03-17,0.9946251915275865,0.9759704439796506,0.9862456733971275,0.971927962846269,0.9842186042651636,0.9382407454288108,0.9669590011197308,0.9357137199140804,0.9656614604793639
2011-03-18,1.021311023414373,1.008083926533067,1.0157134247465205,1.003908430974761,1.0136257893978826,0.9654970935481441,0.9939799919587853,0.9628966567181713,0.9926461924556165
2011-03-22,1.0678955886425336,1.0543522170759887,1.062188258442131,1.0499850777104882,1.060005101558303,1.0078125936414335,1.0384266922101069,1.0050981856916545,1.0370332506747117
2011-03-23,1.0588432396529526,1.038135612373503,1.049492374103545,1.033835642376667,1.0473353115651116,0.9962284565199395,1.0280513549984853,0.9935452488886446,1.0266718358958655
2011-03-24,1.0536427125859777,1.0423099620164453,1.0490410955442553,1.0379927018139685,1.0468849605362154,0.9973591871645429,1.0261174010006162,0.9946729340620263,1.024740477027579
2011-03-25,1.0572724692631725,1.045806036918631,1.0526069982817725,1.0414742959325196,1.0504435341349978,1.0012893871883939,1.029907994784929,0.9985925486196346,1.0285259842989367
2011-03-28,1.0566759841814655,1.0439436724479794,1.0513678144128267,1.0396196453975537,1.0492068972089055,1.0015814503819829,1.0297701510815616,0.9988838251802131,1.0283883255649493
2011-03-29,1.0572104242988771,1.0445545162550292,1.051941587675992,1.040227959082323,1.0497794911735434,1.0027285926690404,1.03062227043906,1.0000278777934928,1.0292393014825545
2011-03-30,1.0744809744971417,1.061629147688459,1.0691315581177685,1.0572318671902106,1.0669341303997801,1.0203589754392304,1.048104870393448,1.0176107754940864,1.046698441927373
2011-03-31,1.0770235026318,1.0637315697245817,1.071453632053213,1.0593255809693694,1.0692514316862554,1.0225011035025866,1.0504441410038639,1.019747134023026,1.0490345735229163
2011-04-01,1.0708279369891343,1.0655736607582107,1.069333499377369,1.060987158108163,1.067053861049764,1.0212744949416437,1.0468171456703304,1.0183246569772524,1.0453167035035802
2011-04-04,1.067326094918262,1.0644089293266852,1.0670006013388131,1.0605262125561539,1.0650773204274728,1.0203403212124538,1.0446267159398492,1.0177973811104832,1.04333687012412
2011-04-05,1.0520843698280864,1.0501471266561206,1.0522343119332842,1.0431631179261802,1.0487521289803228,1.0074051236183372,1.0305473761779942,1.0020587363707252,1.0278196565860582
2011-04-06,1.04248957476828,1.0409634542463506,1.0428355712722157,1.0316909163354535,1.0382027399193114,0.9989492872002257,1.021523888148336,0.9924509931724509,1.0182053468960934
2011-04-07,1.0445069197792005,1.0402334516138638,1.0434765468732559,1.0297529684071967,1.0382333428748325,0.9982148389262345,1.0221335349318215,0.9912783458550543,1.0185881240037016
2011-04-08,1.0595277471004918,1.0517600373878806,1.0567601075299315,1.0437382413413017,1.0527499067030077,1.0091570673492407,1.0350834951383354,1.0039416907055612,1.0324191125767415
2011-04-11,1.062231675196094,1.0556232078284842,1.0600485855389432,1.0473805680842112,1.0559286825721323,1.0117764245190208,1.037747578964951,1.0075755316689565,1.0356039480197554
2011-04-12,1.043998936533219,1.0359331767423434,1.0410651855996975,1.0241784293573162,1.035177039356503,0.9948984130418344,1.0201855526895416,0.9878975133989882,1.016604960482877
2011-04-13,1.0489731049943014,1.0397024249510585,1.045440072811606,1.0271572101885365,1.0391532647109951,0.9975675811720462,1.0239848326858916,0.9912323604550247,1.0207444136181218
2011-04-14,1.0498471310105502,1.0402357431938314,1.046144075946975,1.0271093260064572,1.0395646584986573,0.9977066419923623,1.0244833161127538,0.9924439352871649,1.0217928599137611
2011-04-15,1.043314692490825,1.034681231040447,1.0400953594670395,1.0198926111968039,1.0326809609354255,0.9922926568234491,1.0185156381228655,0.985376795698001,1.014977222787448
2011-04-18,1.038666844661153,1.0322824512750202,1.0365710569119329,1.0164475625345146,1.028632853876299,0.9894164433900768,1.0147697481454534,0.981282709147515,1.0106073607901995
2011-04-19,1.0284066361628688,1.0218574732712018,1.0262172311058,1.005136943404235,1.017833183895963,0.9809270034601625,1.005403791582878,0.9709883375515943,1.0003158565353563
2011-04-20,1.0391706619132919,1.0326924748240507,1.0370283491278849,1.0172234093516652,1.0292740162105718,0.9899606280893728,1.0152949058472895,0.9812393768965688,1.0108310275705723
2011-04-21,1.0439939208504547,1.039166978017663,1.0426852870720693,1.0259581474573893,1.0360694875998189,0.9959253183639191,1.0207093954820756,0.9875757763815244,1.0164373798458506
2011-04-22,1.0422498666558868,1.0399514114340578,1.0422080775986247,1.026904352755251,1.0356763417557533,0.9961391223792286,1.0199664972231999,0.98732128587254,1.0154555097238074
2011-04-25,1.0410495848915302,1.0383494828872013,1.0408049838202658,1.0243690395737999,1.0338034110128291,0.9944459248622227,1.018512040414472,0.9857074732510741,1.0140413720686068
2011-04-26,1.034278605073837,1.034056618213104,1.0352702127230535,1.0190780138632072,1.0277692132386897,0.9900986056000816,1.0129744380497927,0.9800704751536429,1.0078433304231813
2011-04-27,1.0409362239007312,1.0402465753742982,1.041700275582748,1.0257145753617014,1.0344235450518657,0.9952014053342266,1.018843818577727,0.9858267272643265,1.0140472494198354
2011-04-28,1.0553456281859932,1.0518278038079991,1.0547059691017686,1.0388708012308623,1.0482185810563822,1.0055481984302566,1.031189758376054,0.9993507448778296,1.028021552715586
2011-05-02,1.071189703372824,1.0615270669959949,1.0674835965789458,1.0506004119012726,1.062012982586004,1.0153456898374789,1.04395737309293,1.0113719654550293,1.0419276916723879
2011-05-06,1.0616136891480186,1.0464362249575208,1.05512439451677,1.0356649049749873,1.0497171186621939,1.004869739665546,1.0339055118242,1.0009370146580325,1.031895373420054
2011-05-09,1.057211345505774,1.0447897993082869,1.0521030062141226,1.034035426538658,1.0467112142968917,1.0030902930770202,1.0308455042821145,0.9991645322299567,1.0288413152017772
2011-05-10,1.0613147036548438,1.0504325857650536,1.0569848117468363,1.0396201298967425,1.0515680016712528,1.0071065602380098,1.0349097458112075,1.0031650810608213,1.03289765495659
2011-05-11,1.0627080768484989,1.0515185066578516,1.058225095095876,1.040694873040593,1.0528019288463277,1.0079939137771428,1.036044900136078,1.0040489617941606,1.0340306022932233
2011-05-12,1.0497472277766826,1.0389128569402188,1.0454288997634218,1.0282189775148145,1.0400713111447304,0.9983025336731316,1.024746986274914,0.994395510519517,1.0227546540471752
2011-05-13,1.0359577939118914,1.0249915722077716,1.031558336697017,1.0144409892478803,1.0262718316028352,0.9876990366291007,1.012576402512498,0.9838335120263392,1.0106077325609943
2011-05-16,1.0218174162513722,1.011040643085453,1.017498003464706,1.0006336617307492,1.0122835544245683,0.9770119971231743,1.0001918594751469,0.9731882980285977,0.9982472677834964
2011-05-17,1.0210156514124502,1.0138339919497514,1.0185030195886797,1.0033982577157774,1.0132834200663345,0.9784630988871024,1.0005471648567135,0.9746337206642067,0.9986018823737047
2011-05-18,1.0328023080633617,1.024207057448314,1.029591594007392,1.0136645497626762,1.0243151680283489,0.9866506094344366,1.0104997842275119,0.9827891880260337,1.0085351516760583
2011-05-19,1.026149768765729,1.0187493387792224,1.0235326608621809,1.0082630092272895,1.0182872855564715,0.9822572950695205,1.004999519358693,0.9784130676282426,1.003045580524914
2011-05-20,1.0192928589997656,1.0094164192095343,1.0154234231475,0.9990261565374158,1.010219605866154,0.9756012705327227,0.9982364312334427,0.9717830925515024,0.9962956413218969
2011-05-23,1.0067599859405587,0.9969529323054583,1.0029119557294368,0.9866909604955444,0.9977722569122517,0.9660726101630218,0.9872307177939363,0.9622917241804008,0.9853113253959899
2011-05-24,1.008957890821513,0.9979813754351599,1.004524213017444,0.9877088175142439,0.9993762517432916,0.9670794952300475,0.9888193612738139,0.9632946686350999,0.986896880205546
2011-05-25,1.0077267513721038,0.9968362447165079,1.0033349948575263,0.9865754740111893,0.9981931280596984,0.9661889165496711,0.9877616036149663,0.9624075753826443,0.9858411790588923
2011-05-26,1.0185766726540364,1.0090535063841357,1.0148840942908326,0.9986669792957774,1.009683040948904,0.975257225954266,0.9977105719387552,0.9714403944487768,0.9957708044126704
2011-05-27,1.0163274046037223,1.0086351211381812,1.013552984817223,0.9982529006298636,1.008358753112775,0.9745907143062447,0.9962718822084018,0.9707764913050446,0.9943349118097581
2011-05-30,1.015133747744348,1.0071800535619357,1.0122266051104853,0.9968128105535232,1.0070391708045239,0.9735293694346774,0.9951446002663602,0.969719300183315,0.9932098215503201
2011-05-31,1.0335852658877047,1.0254263678324949,1.030594794619485,1.0148713093750157,1.0253132274623258,0.9874987962761289,1.01131735482009,0.9836340553473227,1.0093511327326223
2011-06-01,1.0343759451734524,1.0287983462267232,1.0326851959222065,1.0182085788616277,1.0273929159272535,0.9893866261721959,1.01267734050415,0.9855144969068231,1.0107084743071177
2011-06-02,1.0187492472704787,1.0106044781958416,1.0157533156859346,1.0002019864330303,1.0105478077793248,0.9714551123755402,0.9958510801256505,0.9676531610744816,0.9939149278582744
2011-06-03,1.0062903435470858,0.9972383382265816,1.0028257272904386,0.9869734286375392,0.9976864703746618,0.9588008923738723,0.9832762527820345,0.9550484654693467,0.9813645487288132
2011-06-06,0.9944988680114542,0.9875520289897836,0.9920781741682972,0.9773868238392449,0.9869939960515656,0.9494704151598211,0.9727291318258361,0.9457545046311234,0.970837933682144
2011-06-07,1.0024444314079255,0.9988037635071388,1.001691584173712,0.9885227404692274,0.9965581394870171,0.9596450462783308,0.9818256483719815,0.9558893156369732,0.9799167646109441
2011-06-08,1.0030719313577259,1.0008071143530264,1.0030102811064712,0.9905054701511264,0.9978700783937834,0.9608375241100935,0.9827430913751647,0.9570771265082287,0.9808324239043074
2011-06-09,1.0011266178705314,0.99884802018092,1.0010559663662888,0.9885665415941818,0.9959257790782862,0.958299311326163,0.9804918566567121,0.9545488474425662,0.9785855660784359
2011-06-10,1.0072719047587988,1.005983635614454,1.0077048744573613,0.9956287077383337,1.0025406130067605,0.9651174566076972,0.9869893678893598,0.96134030877752,0.9850704447284049
2011-06-13,1.0010252821051928,1.0002678782869847,1.0017179925024817,0.989971784623259,0.9965844124790254,0.9581238160092881,0.9803524383713569,0.9543740389558287,0.9784464188527148
2011-06-14,1.0161091268065792,1.0116025173900771,1.0149363180884499,1.0011897524741966,1.0097349971112723,0.9694984974348171,0.9935573740607063,0.9657042036720482,0.9916256812594963
2011-06-15,1.018987807536579,1.0148502755816255,1.0180033199548701,1.0044040803984506,1.0127862812810642,0.9733795577774742,0.9969527320229504,0.9695700748389717,0.9950144379033824
2011-06-16,1.003714471503567,0.9980185434360322,1.0019314729081696,0.9877456029323843,0.9967967988455182,0.9568316689921527,0.9810075444168073,0.9530869489711495,0.9791002512287575
2011-06-17,0.9954354728871326,0.9876512461999336,0.992595507166611,0.9774850197732841,0.9875086778343022,0.9482995236385878,0.9725883829757198,0.9445881955887778,0.9706974584785707
2011-06-20,0.9980223383914564,0.9881054885087422,0.9941148049547639,0.9779345864132454,0.9890201895620735,0.9484979400148101,0.9739562263675565,0.9447858354294812,0.9720626424837407
2011-06-21,1.010135619975157,1.0010566264045146,1.006661579764774,0.9907524138911574,1.0015026649654586,0.9609588745078418,0.9862629500039644,0.9571980019809945,0.9843454391582281
2011-06-22,1.025420840418406,1.0177612907913745,1.0226755853902814,1.007285131549664,1.017434602404121,0.9766207862633118,1.0017605384504786,0.9727986182375606,0.9998128969038691
2011-06-23,1.0206415746142758,1.0117649925614378,1.0172803822191887,1.0013505552339779,1.0120670484391212,0.9724227711814573,0.9972726146820228,0.9686170327865753,0.9953336986406153
2011-06-24,1.0297211042456513,1.0206219152588918,1.0262579188071503,1.0101163106475022,1.020998577165756,0.9807520724658395,1.005979835501379,0.9769137359637968,1.0040239907186481
2011-06-27,1.0209181189903578,1.0113533484097852,1.0172118287115406,1.000943148274015,1.011998846252823,0.9718538918248574,0.997116850720121,0.9680503798340392,0.9951782375179171
2011-06-28,1.0279348131020032,1.018048833994836,1.0240748318906074,1.0075697149742309,1.0188266780799877,0.9779540740787108,1.003673493459609,0.9741266880091408,1.0017221327101464
2011-06-29,1.0448629763004753,1.0323593954813028,1.0397073921814834,1.021732973038641,1.0343791250057994,0.9925712910141563,1.019440677121109,0.9886866980327716,1.0174586615187216
2011-06-30,1.0518427858820076,1.0401515363021583,1.0471023824665255,1.0294449067335114,1.0417362176243474,0.9995250606066455,1.0264161050987652,0.995613252890362,1.0244205277390384
2011-07-01,1.056326714614356,1.042969983185419,1.050755684534672,1.0322343423951519,1.0453707973388404,1.0040029716856522,1.030903593550374,0.9999736785488235,1.0288478431861912
2011-07-04,1.0701594787835278,1.05523593050754,1.0638143457628078,1.0443740321964186,1.058362535857276,1.0152552709344287,1.0434304088801218,1.0117621678107804,1.041648745703704
2011-07-05,1.0713886356114968,1.0544649157648653,1.0640372977536237,1.0436109537677842,1.0585843452691477,1.0148319093131826,1.0438128434883658,1.0113047440781722,1.0420120208101578
2011-07-06,1.081015932922399,1.065509730081339,1.074389190954014,1.0545420800961005,1.0688831873388442,1.024445052143347,1.05344599541121,1.0221336985668252,1.052271268952577
2011-07-07,1.0764430889462877,1.0626205421940322,1.0706594497343325,1.0516826315913586,1.0651725602063224,1.0210787882124215,1.049486373095531,1.018759854307755,1.0483086931759922
2011-07-08,1.0814757897623481,1.0681253610698462,1.0759354849892337,1.0571307875151996,1.0704215569639717,1.026202583892491,1.0545727010064665,1.024309643027119,1.0536146034505867
2011-07-11,1.0779723531006387,1.0647178304787488,1.0724765213696525,1.053758331782437,1.0669803197570857,1.023255362752235,1.0513500485582705,1.0208873478349603,1.0501478967836104
2011-07-12,1.0629568051113398,1.0468601574449583,1.0560128534261197,1.0360844737827621,1.0506010244189172,1.0080454702887418,1.0362142593962829,1.0044290875805253,1.034368681455625
2011-07-13,1.0681529134314294,1.0533892099440592,1.06188610125979,1.0425463205487537,1.0564441731748255,1.012780943181282,1.0411809610243055,1.0093977179521925,1.0394552004470716
2011-07-14,1.0634276501258306,1.047686619689732,1.0566633501884606,1.0369024289737094,1.0512481875312591,1.0089825833788981,1.036925126630649,1.005272578450018,1.0350319030759314
2011-07-15,1.0666829959976978,1.0514661229890052,1.060186297354001,1.040643028574467,1.054753080382783,1.0116032752684538,1.0398590801092022,1.0082834612671214,1.0381661452783442
2011-07-19,1.0610850145944406,1.0469796689653412,1.055142095879425,1.0362027551308741,1.0497347293093358,1.0070539212707428,1.0347918307991055,1.0039221243814551,1.0331963313500172
2011-07-20,1.069132558004888,1.055778686487465,1.063576997154144,1.0449112014065116,1.0581264036069933,1.014405239978609,1.0424929031136188,1.0113745248120252,1.0409492241922484
2011-07-21,1.0689712248130734,1.055533396860878,1.0633731956423935,1.0446684366285426,1.0579236465322774,1.0139848125367952,1.0421983319046664,1.0106013416963302,1.0404729016657681
2011-07-22,1.0789306667050298,1.0668659613412463,1.074035234373706,1.0558843512115454,1.068531044706617,1.0234915136178004,1.051938912335568,1.0205026837065019,1.0504167033494198
2011-07-25,1.0712807133002804,1.0598489744985218,1.0666957463737288,1.0489395925742229,1.061229169936372,1.0168041874112506,1.0447727420779709,1.0135735648240578,1.043126629766022
2011-07-26,1.0758969252817794,1.0631103009485767,1.0706345155115806,1.0521673490943355,1.0651477537658693,1.0198972482258934,1.0486132649430004,1.017211993745879,1.0472464377285846
2011-07-27,1.0666154259073075,1.0538752299988787,1.0613662359064469,1.0430273378356996,1.055926972014811,1.0115934332460752,1.039821055323217,1.0081374780325045,1.0380581398593864
2011-07-28,1.053084929831124,1.0392872519798952,1.0472882293985821,1.028589518780438,1.0419211121325633,0.9990054307399596,1.026755991000828,0.994449919971601,1.0244274877124626
2011-07-29,1.0468692492576597,1.0353406208228833,1.0422087335049628,1.0246835116251867,1.0368676475160539,0.994780591231629,1.0215539299994263,0.9896702632734827,1.0189416591089966
2011-08-01,1.0590187171264813,1.0482210383513655,1.0547398698834718,1.0374313466843326,1.0493345646313916,1.0053792949159812,1.0329265820753706,1.0007174514452704,1.0305456603268655
2011-08-02,1.050029680522857,1.037918036103771,1.045079973144086,1.0272343967037973,1.0397241726960536,0.9973655300103211,1.0244261292393688,0.9922791600586071,1.0218270778044671
2011-08-03,1.0279483936689124,1.012298391312973,1.0211944522004446,1.0018784635327798,1.0159610596896596,0.97636054339608,1.0028672449962754,0.9696828635940794,0.9994483658839098
2011-08-04,1.026759093640536,1.0094004750355512,1.0191442356702425,0.9990103764821777,1.0139213500593056,0.9740424107521252,1.0010964213695004,0.967733314389927,0.9978658742499708
2011-08-05,0.9958153868964705,0.975913251348482,0.9868871551141555,0.9658678480503541,0.9818295798057161,0.945790778506215,0.9714929019847485,0.9365535923392828,0.966755455944083
2011-08-08,0.9723009610271686,0.9505591301735483,0.9624215473288031,0.9407747053713267,0.9574893527725602,0.9242837758531945,0.9489772174823143,0.9137894793694924,0.9435930311016539
2011-08-09,0.9568321678412165,0.9336955435802706,0.9462341705284271,0.9240847013461188,0.9413849326474126,0.9096801823212198,0.9339315159545599,0.897631493476388,0.9277467814704209
2011-08-10,0.968298445964884,0.9421304819946568,0.9561878429065382,0.9324328161027153,0.9512875946872222,0.9171397985552421,0.9433554062314499,0.907069198118816,0.9381852841634603
2011-08-11,0.9638923812442107,0.9350789741487997,0.9504460312520003,0.9254538917985549,0.9455752085295096,0.911640533914582,0.9383816802914497,0.9029759742855387,0.9339338681950469
2011-08-12,0.9604562432506515,0.9326987704050674,0.9475374008689141,0.9230981882924251,0.9426814842247229,0.9097608016604283,0.9357403227700489,0.9017280642774332,0.9316194385338682
2011-08-15,0.9699096587677888,0.942131031309666,0.9569904707105862,0.9324333597634403,0.952086109203806,0.917576113608662,0.9443652990981625,0.9103955151442479,0.9406819628042071
2011-08-16,0.9712829112600722,0.945375765372815,0.9593067791666667,0.9356446946876653,0.9543905470986035,0.9203905276511968,0.9464807725721242,0.9124755659724954,0.9424211535043604
2011-08-17,0.9689496376849165,0.940154227499431,0.9555178508737061,0.930476903859628,0.9506210362132771,0.9163642683885586,0.943274590244933,0.9085492507829733,0.9392642101338943
2011-08-18,0.9599769638800164,0.9278605268556749,0.9448645632552312,0.9183097464109994,0.940022344304285,0.9068666878727151,0.9340198812336464,0.8993575947791097,0.9301656790317439
2011-08-19,0.9423113239695936,0.9051597476350031,0.9246464542392047,0.8958426339451732,0.9199078485619878,0.8881546236827477,0.9157922981701357,0.8797050745259989,0.9114511908735651
2011-08-22,0.9326931446180425,0.8921610824584247,0.9133170435589621,0.88297776840074,0.9086364985702634,0.8779938742386311,0.9058821185344226,0.8687888516953028,0.9011505992710566
2011-08-23,0.9411331480145989,0.9005195532763373,0.921725220664384,0.8912502026675497,0.9170015856539974,0.8844677654228824,0.9133237852653593,0.8758501861301408,0.9088930460831677
2011-08-24,0.932824326314712,0.8950666693992726,0.9148441977114181,0.8858534471580498,0.910155826400233,0.8784992165230271,0.9062056876584351,0.8694419832096132,0.9015507262717087
2011-08-25,0.9423988021389283,0.9121181708525218,0.9281908652438199,0.9027294317723793,0.9234340952552257,0.8914612948918561,0.9175335964365079,0.8825573038299499,0.9129623765779702
2011-08-26,0.9476497841015293,0.919376259486816,0.9344573613740393,0.9099128104594479,0.9296684769983702,0.8974709968630193,0.9231815840791364,0.8879182909284539,0.9182776684641698
2011-08-29,0.9519517598710998,0.9225327481713465,0.9381877177925718,0.9130368083444137,0.9333797161769869,0.9002118034588762,0.9266875280640854,0.8910753385394836,0.9219963989075036
2011-08-30,0.9612739691914786,0.9347865348686232,0.9489949859545079,0.9251644626942371,0.9441315995136933,0.9105031479903595,0.9365204554330109,0.9017704893036704,0.9320391534972856
2011-08-31,0.9663520142552117,0.9385006815347388,0.9533923722229521,0.9288403783996418,0.9485064501638577,0.9151995232188511,0.9414094491596778,0.9074960150704416,0.9374580039516941
2011-09-01,0.9750533507005548,0.9460698580671484,0.9615403556811173,0.9361795315265667,0.9565382205594808,0.9217502508046764,0.9490280157659866,0.9144502445348429,0.9452795824032867
2011-09-02,0.964448634451428,0.9409251127106787,0.9536970443689031,0.9290668546221481,0.9477028714569712,0.9155434230742739,0.9406719293219096,0.9082925731581363,0.9369565004993162
2011-09-05,0.9481670862944197,0.9330263234070231,0.9416551143596266,0.9208637351095981,0.9355259266267212,0.9076191144636203,0.9286690340976819,0.9004310228732779,0.9250010138364376
2011-09-06,0.9314319303526872,0.924907471964099,0.929277693330538,0.9124900818648011,0.9230393635189145,0.8995083005747536,0.9163493763411229,0.8923844443802686,0.9127300157773635
2011-09-07,0.9463265030829927,0.9321333874992883,0.9402938080517426,0.9209937164066699,0.934689514261142,0.9073479083420855,0.9276336901482931,0.9001619646289861,0.9239697592476761
2011-09-08,0.952646805949773,0.9351996033283095,0.9449683417032884,0.9260822891826592,0.9403892739681395,0.9115489524393645,0.9328721771085762,0.9043297376224894,0.9291875554391243
2011-09-09,0.9511703006014796,0.9344832952389667,0.9438763095518606,0.9265650644801926,0.9399116768554033,0.9115549951363431,0.9321567400379446,0.9043357324629843,0.928474944173569
2011-09-12,0.9335106296843811,0.9259159269272491,0.9308151117394757,0.91557146914426,0.9256331755764157,0.9017216496720263,0.9185004093873824,0.8945802643667292,0.9148725527582794
2011-09-13,0.944243712247477,0.9311229475942698,0.9387533635422046,0.9216104854390019,0.9339829845523823,0.9073184797840429,0.9266049410890118,0.900132769136959,0.9229450735007856
2011-09-14,0.9345552546454763,0.9264227136522867,0.9315877225837361,0.9163072806613686,0.9265214763949184,0.9023538356902122,0.9193342280159411,0.8952074436470353,0.9157030780029612
2011-09-15,0.9460702870012554,0.9320090874741106,0.9401043091113606,0.9233465451096821,0.9357658361657776,0.9086894052457584,0.9281995996725461,0.9014928372493467,0.9245334335648479
2011-09-16,0.9646858086067448,0.9410401747835886,0.9538724597870681,0.9333585622056706,0.950011725444542,0.9181236006386642,0.9421156181223338,0.9108523164320221,0.9383944870747533
2011-09-20,0.9478875650496346,0.9328907171736873,0.9414483787818211,0.9237920910303824,0.9368848386977271,0.9092961991288001,0.9293963615413506,0.9020948254931747,0.9257254685109043
2011-09-21,0.9504238068347062,0.9341211431313556,0.9433241983149463,0.9257616666780679,0.9391350830243037,0.9109392490291625,0.9314764714805656,0.9037248628941492,0.9277973625140619
2011-09-22,0.9357798025569956,0.9270167877447532,0.932493405513966,0.9181684797617483,0.9280729608735017,0.9036848643640285,0.9206153688493349,0.8965279309430156,0.9169791586369063
2011-09-26,0.9152275186392809,0.9170461044405944,0.9172928138944662,0.906685385485082,0.9121255448434404,0.8930154497173369,0.9051209296663942,0.8859430151003638,0.9015459187776997
2011-09-27,0.9382211631499283,0.9282011832796165,0.9342990503521594,0.9211642151272212,0.9308009030291982,0.9059161815438428,0.9229521425057687,0.8987415767097889,0.9193067025970726
2011-09-28,0.9552856193161492,0.9364797906048313,0.946920023788985,0.9314669985706728,0.9444345308118925,0.9152288930922968,0.9360507886427076,0.9079805341663579,0.932353612218998
2011-09-29,0.9639337526329673,0.9406753242408676,0.9533162347087182,0.9371008995484204,0.9515546979546993,0.9201922060996875,0.942814538081198,0.912904539111677,0.9390906464671769
2011-09-30,0.9635745273511669,0.940501050591573,0.9530505495503236,0.9367486186504718,0.9511985250504472,0.9199161778588251,0.9424976210818946,0.912630696937905,0.9387749812141167
2011-10-03,0.9466691077580124,0.9319950724657032,0.9404015045012268,0.9287007455386577,0.9388036442221653,0.9119684345652183,0.9301874402099527,0.9047458975662811,0.9265134226082351
2011-10-04,0.9325564253828755,0.9223525620517217,0.9285271390823119,0.918752273772637,0.926777582860824,0.9033878210353891,0.9188779339996689,0.8962332401151316,0.9152485862387674
2011-10-05,0.9207179780685542,0.9166556773995878,0.9197729699974481,0.9111091131548934,0.9170443859849959,0.8966036478010353,0.9096019124079704,0.8895027956506949,0.906009202710677
2011-10-06,0.9331041517335934,0.9225158542459936,0.9288815716249291,0.9173855566244861,0.9263583781150425,0.9026880949808633,0.9187901766954958,0.8955390556968363,0.9151611755549273
2011-10-07,0.9393008630117746,0.9237496641451977,0.9325818833339968,0.9178041293700725,0.9296425539601061,0.9041286272859131,0.9225692448375278,0.8969681793856698,0.9189253172829144
2011-10-11,0.9555807994390673,0.9348363120423562,0.9462612830946823,0.9285346244336388,0.943138504240598,0.9135875634459056,0.9353914466815627,0.9063522033954202,0.9316968745006823
2011-10-12,0.9536658500962278,0.9309701407494113,0.9433596258269684,0.9243220715045252,0.9400597951557365,0.9107366188164372,0.932996691872241,0.9035238374564939,0.929311578399295
2011-10-13,0.9591125091423401,0.931937039788671,0.9465527351773444,0.9243792796645817,0.942789412963848,0.9118197270409474,0.9362249808749901,0.9045983677643473,0.9325271164336835
2011-10-14,0.9485032945201813,0.9253507744611794,0.937960411887397,0.9159206606194564,0.9332535611450533,0.9047919288705426,0.9274286290584846,0.8976262278057654,0.9237655081000586
2011-10-17,0.9652596601198343,0.9354942464213221,0.9514006074799487,0.9278700593790794,0.947601828578004,0.9150608238067576,0.9408979680661205,0.9078137959429334,0.9371816464446256
2011-10-18,0.9519303858217918,0.9264457152951354,0.9402150211867163,0.9178518417805653,0.9359289644737295,0.906590055104989,0.9300293658975051,0.8994101133792801,0.9263559726514617
2011-10-19,0.9523022661098725,0.9291575850062624,0.9417678954286566,0.9224989973043077,0.9384622145933251,0.9093997617724836,0.931644987824438,0.9021975679494509,0.9279652132587374
2011-10-20,0.9465676769981889,0.9263407046267503,0.9374984402697516,0.9182657321082092,0.9334790846971619,0.9058006879279793,0.9269921258671022,0.8986269977713222,0.9233307289917365
2011-10-21,0.9426084854971348,0.9223877026020135,0.933537622105465,0.9135250587607568,0.9291198140984653,0.9022447182349457,0.9232334903663854,0.8950991903717426,0.9195869392010251
2011-10-24,0.9569266569541441,0.9322724923703295,0.9456362841613019,0.9230225546333256,0.9410198254167982,0.9105992126954491,0.9345286341170714,0.9033875195538642,0.9308374698391706
2011-10-25,0.9479268013252906,0.9249508350076061,0.9374723002628502,0.9136372712649501,0.9318135948269648,0.9033355067157472,0.9264026418435684,0.8961813401103882,0.9227435732889095
2011-10-26,0.9451904462029993,0.9200956353492025,0.9336636846282738,0.9083407113883144,0.9277796955301071,0.8996876168459931,0.9231979013753632,0.8925623405163867,0.9195514907779935
2011-10-27,0.9647805045802499,0.930282018393321,0.948532995175278,0.9196435480202635,0.9432062395024595,0.9101215283779993,0.9381435758606768,0.9029136183636871,0.9344381334286951
2011-10-28,0.975752595938122,0.940369846113102,0.959072128521147,0.9317836854874814,0.9547828061611833,0.9193883549242858,0.9482600866471306,0.9121070542145762,0.9445146864205253
2011-10-31,0.964335041302687,0.934349876191971,0.9503640127549073,0.9233215930951589,0.9448443868432022,0.9122027683192191,0.9389861311513478,0.9049783754619604,0.9352773608277665
2011-11-01,0.9545733227933222,0.9292343031780969,0.9429336451273849,0.9174129140204533,0.9370192178714208,0.9068408849229489,0.9314582429990721,0.8996589566946683,0.9277792060307046
2011-11-02,0.9345677731534269,0.9151574050537401,0.9259106258682391,0.903515097200232,0.9201029732613772,0.894797249116011,0.9155123984124318,0.887710703142116,0.911896343711028
2011-11-04,0.9505436179203348,0.9250825950607499,0.9388369034072915,0.91331402246095,0.9329481724248831,0.9036442499854295,0.927850474552567,0.8964876382190277,0.9241856874054746
2011-11-07,0.9498105158867419,0.9238443775952805,0.9378465859507137,0.9120915571588166,0.9319640666042858,0.9027799344214393,0.9270489103431029,0.8956301677945215,0.9233872891826571
2011-11-08,0.9339948831032145,0.9163339033237945,0.9262245951014284,0.9046766284766595,0.9204149731638509,0.8953772881134769,0.9155307821293804,0.8882861483916392,0.9119146548166978
2011-11-09,0.9506681540429717,0.9290799345163645,0.9409265475398898,0.9172605091820731,0.9350247095395308,0.906008516807751,0.9291254587248107,0.898833180704023,0.9254556356956066
2011-11-10,0.9258474163266251,0.9102524930910205,0.9191150021002096,0.8986725837874767,0.9133499741495393,0.8902683624855992,0.9089318875844804,0.8832176840373908,0.9053418243247636
2011-11-11,0.9236561370576881,0.9087654903189012,0.9172782597090172,0.8972044981371077,0.9115247524833914,0.888981320469481,0.9072017887527749,0.8819408350369826,0.9036185589690713
2011-11-14,0.9322565506073021,0.9141386759693828,0.9242522317409652,0.9025093280258902,0.9184549811931223,0.8937616112883436,0.9138528945994928,0.8866832672787319,0.9102433945406861
2011-11-15,0.925602273976607,0.9106436846386119,0.9191924048747458,0.8990587987349755,0.9134268914253539,0.89045084421663,0.9089060021973664,0.8833987205637368,0.905316041178729
2011-11-16,0.9165922066120251,0.9058547085909506,0.9123125147005872,0.8943307463416955,0.9065901544573348,0.88593479801316,0.9021907382824241,0.8789184401933343,0.898627300947893
2011-11-17,0.9209819122317697,0.9067277329932206,0.914923551902413,0.8951926644372267,0.909184814271767,0.8872800299565913,0.9050233175262932,0.8802530182729745,0.9014486921821735
2011-11-18,0.9112839324089569,0.8999610774600518,0.9067004817364285,0.8885120918952687,0.9010133222317394,0.8814752690427294,0.8973105770521486,0.8744942294551649,0.8937664151856406
2011-11-21,0.9078289472662069,0.9010008027524331,0.9055215802848388,0.8895385901713245,0.8998418152844325,0.8814276261011685,0.8956004477353048,0.8744469638324838,0.8920630404700091
2011-11-22,0.9090001964317245,0.8996027108966124,0.9053907123086807,0.8881582843441181,0.8997117681604406,0.8808315227930906,0.8958657487173648,0.8738555814972319,0.8923272935767316
2011-11-24,0.8938001214588169,0.8883413518001053,0.8921696560996284,0.8770401882630513,0.8865736392873674,0.8713495361492434,0.883580053167632,0.864448689557064,0.8800901235819009
2011-11-25,0.8946019645867618,0.8860360917780102,0.8913960662000922,0.8747642549411625,0.8858049016287184,0.8701520620768747,0.8833562758590795,0.8632606991471392,0.8798672301401208
2011-11-28,0.9050627495472825,0.8919137602756804,0.8995448417538316,0.8805671498253177,0.8939025650596836,0.8755812172475873,0.8912482821829774,0.868646856915083,0.8877280649292361
2011-11-29,0.9212529300190545,0.9026750469203136,0.9130011918277395,0.891191535198842,0.9072745119477955,0.8849585103659541,0.9039632749521032,0.8779498844734476,0.9003928365222633
2011-11-30,0.9216107320052446,0.9057390320865736,0.9147324895323931,0.8942165414327704,0.9089949503153308,0.8868205805673519,0.905094153083157,0.8797972075954351,0.9015192479555536
2011-12-01,0.936046028490969,0.910481071388812,0.924268047594669,0.8988982541932519,0.9184706978439645,0.8923389944904504,0.9149713084434827,0.8852719172112086,0.9113573909178615
2011-12-02,0.9416469975258706,0.915567397118067,0.9296149672265597,0.9039198734909617,0.9237840796257958,0.896397868732518,0.9197896506708347,0.8892986462953121,0.9161567018474458
2011-12-05,0.9479134152484153,0.9227810305056633,0.936370184860265,0.9110417375936493,0.9304969260454722,0.9018345699117163,0.9256396123991847,0.8946922903094477,0.9219835576280799
2011-12-06,0.9343380582314413,0.9133798603572234,0.9248961498651908,0.9017601657967573,0.9190948604256147,0.8937179675183838,0.9148435243625005,0.8866399691553223,0.9112301115533937
2011-12-07,0.948125505300739,0.924523548692059,0.9373593477041802,0.9127620880818388,0.9314798844955628,0.9028996855426796,0.9262893348935781,0.8957489705201036,0.922630713874234
2011-12-08,0.9422801766978409,0.920478999189292,0.9324205613101315,0.9087689919030354,0.926572075989525,0.8994068321676514,0.9216417521153437,0.8922837795748009,0.9180014879348415
2011-12-09,0.9333862553615703,0.9139644361182375,0.9247229504075225,0.902337304792319,0.918922747338762,0.8938802520665631,0.9144615379455479,0.8868009684549019,0.9108496338912992
2011-12-12,0.9442220289759582,0.9224543182169759,0.9343818857485485,0.9107191816227967,0.9285210982783938,0.9009386438556868,0.923376149667247,0.8938034597392299,0.9197290350318165
2011-12-13,0.937274211114258,0.9174168113449122,0.9283947942455051,0.9057457601260956,0.9225715600192637,0.8966516852598766,0.9177826103024564,0.8895504526661892,0.9141575888078207
2011-12-14,0.9330672248242493,0.9141546070200851,0.9246619675547976,0.9025250564074168,0.9188621469929591,0.8939312542288608,0.9143317619652302,0.8868515666942234,0.9107203704950216
2011-12-15,0.9181938294046734,0.9048253351106775,0.9125835732482495,0.8933144681856662,0.9068595128259118,0.8856094454469443,0.9027960616376141,0.8785956643291821,0.8992302334208098
2011-12-16,0.9174239396520316,0.905709753735794,0.9126523774907033,0.8941876355507828,0.9069278855028053,0.885982734746024,0.9026111621497237,0.8789659972805729,0.8990460642416117
2011-12-19,0.9079140802033839,0.8996780920439305,0.9048957794734107,0.8882327065192214,0.8992199397262766,0.8806226865588231,0.8952152905537663,0.8736483991880035,0.8916794045670896
2011-12-20,0.9106705521428269,0.9032507576819937,0.9080700559177225,0.8917599219724461,0.9023743059391344,0.8832491256376545,0.8979090226741363,0.8762540375979703,0.8943624970907539
2011-12-21,0.9192061164970676,0.9090976822076889,0.9152518687403732,0.8975324639985315,0.9095110717855477,0.8883147797308334,0.9046777842719707,0.8812795731160702,0.9011045237014477
2011-12-22,0.9168823480352006,0.9075592740395935,0.9133237523724673,0.8960136269133977,0.9075950492739359,0.8869670744207631,0.902851115902713,0.8799425412581685,0.8992850702347474
2011-12-26,0.9199801174246411,0.9095988730194213,0.9158883897470479,0.8980272788385553,0.9101436002979357,0.888757074298091,0.9052828277899839,0.8817183648330587,0.9017071774424774
2011-12-27,0.9175050314591726,0.9083999290375266,0.914057868882687,0.8968435873966709,0.9083245611349107,0.8875801386400816,0.9034697545306463,0.8805507501789493,0.899901265388269
2011-12-28,0.914119019243578,0.9066418243326049,0.9114938019342373,0.8951078486761146,0.9057765769591188,0.8859007131598899,0.9009538555118883,0.8788846252826463,0.8973953035680579
2011-12-29,0.9148019867795756,0.9066594302260148,0.9118399251619086,0.8951252305935943,0.9061205291743735,0.8860412817208904,0.9013597177972366,0.8790240805796408,0.8977995627945862
2011-12-30,0.9232384742735695,0.9121466335234533,0.9187902387245978,0.9005426276372771,0.913027247809482,0.8908765135923168,0.907961923103889,0.8838210187560596,0.9043756909715568
2012-01-04,0.9407245995076512,0.9235325155896504,0.9332020510926381,0.9117836625509884,0.9273486639801676,0.9009052831075149,0.9216496974551781,0.8937703631989286,0.9180094018924866
2012-01-05,0.9320198159071281,0.9169251506151157,0.9255461908179725,0.9052603541296862,0.9197408240820262,0.8953707304304761,0.9145545621503878,0.8882796426436688,0.9109422906728102
2012-01-06,0.9235797787836283,0.9123506067995121,0.9190486978163926,0.9007440060376778,0.9132840857506213,0.8910766951112745,0.9082236568477838,0.8840196148929226,0.9046363909298506
2012-01-10,0.927715738544832,0.917132050496077,0.9235158940933161,0.90546462190376,0.9177232621265109,0.8946674502613691,0.9120864229519667,0.8875819322583935,0.9084839000330844
2012-01-11,0.9303481727986388,0.9198465513813995,0.9261930471035201,0.9081445898717929,0.9203836230466099,0.8967604479531571,0.9144465471079342,0.8896583539891125,0.9108347022639038
2012-01-12,0.9230313660983522,0.9146133294171003,0.919919891023176,0.9029779431008295,0.9141498145126115,0.8922960257944492,0.9085787141477245,0.8852292888153594,0.9049900458384955
2012-01-13,0.9320055742162077,0.9195868893722968,0.9268839307119245,0.9078882311906545,0.9210701731784592,0.8969259171662897,0.9153430840719412,0.8898225127319824,0.9117276981216307
2012-01-15,0.9319876279695561,0.9195722672695859,0.9268676417433495,0.9078737951051471,0.9210539863802969,0.8969139215337457,0.9153281569718928,0.8898106121015203,0.9117128299800524
2012-01-16,0.9202538872475229,0.911952602109405,0.917197963940286,0.9003510646220454,0.9114449603593078,0.8902067207338608,0.9061494270439466,0.8831565304712254,0.9025703538369446
2012-01-17,0.9298580569886434,0.918239969880901,0.9251382474806308,0.9065584467312063,0.9193354395156074,0.8957262425131046,0.9136774485731894,0.8886323391692309,0.9100686414841666
2012-01-18,0.9345396397441991,0.919117968690828,0.9279039164103524,0.9074252759517449,0.9220837611507622,0.8971368186454428,0.9166923043105493,0.89003174392993,0.9130715892634452
2012-01-19,0.94012246691469,0.9190901233210343,0.930658939868172,0.9073977848208676,0.9248215040863373,0.898189823828909,0.919965742848253,0.8910764096044731,0.916332098502939
2012-01-20,0.9583768420138907,0.9292113100007866,0.9448267200085669,0.9173902133541876,0.9389004186894255,0.9076100894013013,0.9337264492604868,0.900422069286949,0.9300384534206403
2012-01-23,0.9601712966193618,0.93008929521594,0.9461603615225727,0.9182570291529004,0.9402256951124612,0.9084676734185021,0.9350441491019352,0.9012728614766488,0.9313509486633144
2012-01-24,0.9600902111924935,0.931294372234632,0.9467289901962948,0.9194467756092636,0.9407907571376246,0.9091574738176093,0.9353572704021091,0.9019571988479629,0.9316628332093475
2012-01-25,0.9707173431058819,0.9373551006256842,0.9550621585744689,0.9254304015637781,0.9490716568132882,0.9147402760435516,0.9434187705853653,0.9074957868290845,0.9396924923976716
2012-01-26,0.9680750630367038,0.9349764258361368,0.9525497931476248,0.9230819874310646,0.9465750498681085,0.9128419514043241,0.9411534011580442,0.905612496394357,0.937436070637015
2012-01-27,0.9656646129572974,0.9349293808275227,0.9513304369577723,0.9230355409123608,0.9453633419295632,0.9123527320388903,0.9397223721365995,0.9051271515105758,0.9360106938374623
2012-01-30,0.961890661846027,0.9338492545576474,0.9489128330070219,0.9219691556257142,0.9429609020815832,0.910997693413898,0.9371805384424943,0.9037828444155719,0.9334788997776599
2012-01-31,0.9584669731026558,0.9309257510155218,0.9457376209295779,0.9190828438585339,0.939805606104229,0.9086308141610702,0.9342927150989523,0.9014347101897949,0.9306024826446687
2012-02-01,0.961806959733139,0.9330409590760892,0.9484623575236898,0.9211711429925283,0.9425132521464651,0.9105087183027674,0.9368892231309486,0.9032977418516673,0.9331887350918224
2012-02-02,0.9670500041854542,0.9367542024419824,0.9529348155283349,0.9248371477935998,0.9469576572465813,0.9136755421375061,0.9410721177202981,0.9064394853201909,0.9373551082493797
2012-02-03,0.964084723279668,0.9345226771602597,0.9503385419058501,0.922634011184874,0.9443776684088808,0.9118075354026587,0.9386668237562351,0.9045862726804517,0.9349593146203882
2012-02-06,0.9739795198516908,0.9406190908160637,0.9583158853637517,0.9286528684288614,0.9523049750292791,0.9172504602697235,0.9462863611151724,0.9099860910925726,0.942548756631696
2012-02-07,0.9790470405374616,0.9454854097385393,0.9632878659933499,0.93345727976834,0.9572457695643904,0.9210591894599107,0.9507140192449476,0.9137646562042102,0.9469589265723171
2012-02-08,0.9886951634255158,0.9519367047028052,0.9713239572596634,0.939826503646678,0.9652314555053001,0.9266631975863725,0.9582962902676204,0.9193242821410023,0.9545112494404632
2012-02-09,0.9932525114791056,0.9557112263250525,0.9754894694512921,0.9435530071438647,0.9693708400696366,0.9297360755623528,0.962096885005136,0.9223728237759059,0.9582968327390375
2012-02-10,0.9878958903239637,0.9524330374784348,0.9711821335788076,0.9403165222528108,0.965090521394827,0.9268024768830152,0.957978664529133,0.9194624583842551,0.9541948782475691
2012-02-13,0.9908248589612342,0.9549424256738371,0.9739017307050098,0.9427939869018008,0.9677930602057898,0.9288263001485237,0.9604464382639826,0.9214702535309599,0.9566529048672169
2012-02-14,0.9978344626317243,0.9599082976545045,0.9798818793408935,0.9476966848207814,0.9737356991459812,0.9330610189843491,0.9660391469088809,0.9256714345684223,0.962223523652465
2012-02-15,1.0169001142817387,0.9704025985947099,0.994616317780798,0.9580574809872959,0.9883777177589332,0.942815297805282,0.9803434503652876,0.9353484622071738,0.9764713285362105
2012-02-16,1.0138575011283233,0.9682155574660504,0.9920045242039939,0.9558982626200188,0.9857823063137855,0.9409586954647294,0.9779063594178767,0.9335065636420906,0.9740438635143398
2012-02-17,1.028027184747001,0.9788212686562402,1.0043815690369613,0.9663690517148404,0.9980817177611095,0.9498512381079522,0.9893827475100876,0.9423286798145925,0.9854749226222705
2012-02-20,1.0403455866291054,0.9858837972985962,1.0140449434974088,0.973341733373252,1.0076844799763702,0.9563187017241763,0.9987098046400985,0.948744922913212,0.9947651401105205
2012-02-21,1.0362825896484495,0.9849511875561043,1.0115676190504,0.9724209879610594,1.0052226942210891,0.9550033897934485,0.996054226137254,0.9474400278880751,0.9921200505067307
2012-02-22,1.047259270724632,0.9921459815245298,1.0206366666791995,0.9795242523129835,1.0142348574415758,0.9612942641893509,1.0046369501843837,0.9536810803040077,1.0006688748495034
2012-02-23,1.0522374281630098,0.9940981380214136,1.0240834216175214,0.9814515741674446,1.0176599930629318,0.9633798014222131,1.0081345249501008,0.9557501006605658,1.0041526350325922
2012-02-24,1.0592977516241935,0.9977001322524753,1.0293953682608108,0.9850077451057121,1.0229386212196325,0.9668255585116559,1.013346026173179,0.9591685683097992,1.0093435520740344
2012-02-27,1.0591490398067505,0.997388530095277,1.0291636678289344,0.9847001070406163,1.0227083740982374,0.9666149561463845,1.0131652445061041,0.9589596338568345,1.0091634844512458
2012-02-28,1.0626429938594917,1.0011690900971755,1.0328079291478651,0.9884325720993306,1.0263297772674098,0.9694900341394755,1.0163461515726266,0.9618119420298388,1.0123318276967075
2012-02-29,1.0595886046794705,0.9996318071801938,1.0305205779927102,0.9869148459502651,1.0240567732214982,0.9680116424314609,1.0140979094882467,0.9603452587740088,1.0100924656300894
2012-03-01,1.0522540864170742,0.9973984001161231,1.025769512558332,0.9847098514985587,1.0193355082201039,0.9653135274732286,1.0091396624067546,0.9576685121377212,1.0051538024370303
2012-03-02,1.0629160696827022,1.0039725944503506,1.0343469255079327,0.9912004112646723,1.0278591204752476,0.9710873659463141,1.0172702132689302,0.9633966234119068,1.0132522395706303
2012-03-05,1.0569720149098758,1.0012947444329614,1.0300726912976004,0.9885566279052326,1.0236116958367685,0.9684417538515638,1.0130370972630287,0.9607719638309882,1.009035843359088
2012-03-06,1.0509170159981729,0.9965944399616797,1.024704389512984,0.9839161190399939,1.0182770660189517,0.9646013492391413,1.0081262634603407,0.9569619741576718,1.0041444061737377
2012-03-07,1.0452934734576682,0.9950388289828693,1.0211634585017983,0.9823802979922004,1.0147583450317612,0.9626662261773343,1.004418210282212,0.9550421767336629,1.000450998917555
2012-03-08,1.0629384745958423,1.0088478542395618,1.0368648145636097,0.9960136497283515,1.0303612164030247,0.9739225345103566,1.0187629006540537,0.9662093382274687,1.0147390311980926
2012-03-09,1.077332017657425,1.0176274641161982,1.0483951213249167,1.0046815685227182,1.0418192008318632,0.9816617045863542,1.029710063820293,0.9738872162235034,1.0256429556917557
2012-03-12,1.0737069287412757,1.0161908089009868,1.0458894369522094,1.003263189925499,1.0393292330347867,0.9801623260148694,1.0271880595862697,0.9723997123143397,1.0231309127704171
2012-03-13,1.0743067103818285,1.0160297916186554,1.0460989809903225,1.0031042210479122,1.039537462735484,0.9801788686192474,1.027484309688056,0.9724161239058804,1.0234259927552556
2012-03-14,1.0874711252893072,1.0230425341686222,1.0561216288303485,1.0100277499749402,1.0494972448353086,0.9866665061082102,1.0371879128877308,0.9788523811057632,1.03309126904638
2012-03-15,1.0943859077339115,1.028149826862994,1.0621182848009052,1.0150700695034744,1.0554562875700877,0.9909009974187667,1.0427170136320127,0.9830533364198938,1.0385985311669845
2012-03-16,1.0976459900205984,1.0285355864830827,1.0639056651318615,1.015450921626525,1.0572324567930294,0.9917231523878962,1.0447100072390727,0.9838689801497541,1.0405836529266341
2012-03-19,1.099601645726022,1.0315034078534402,1.0663850023678696,1.0183809874262484,1.0596962427123557,0.9938053775317831,1.0467361502175938,0.9859347146481626,1.042601793125667
2012-03-21,1.087264947766966,1.0261053888141385,1.057596123697942,1.0130516400702085,1.0509624911278,0.9884072738203633,1.0379989481186018,0.9805793624205685,1.0338991008823384
2012-03-22,1.0901212292467417,1.0291196918345331,1.0605383416418086,1.0160275961969067,1.0538862543966316,0.9906817334507315,1.0405574341915529,0.9828358089616561,1.0364474815480784
2012-03-23,1.079091799179297,1.022415375722008,1.0517149179401644,1.0094085700155981,1.0451181744595264,0.9847649159718923,1.0321759525072216,0.9769658510357764,1.0280991047089703
2012-03-26,1.0776488332177228,1.0220331854223235,1.050815063359042,1.0090312418053236,1.0442239640978976,0.9842782297890955,1.0312296400399243,0.9764830192725283,1.0271565299492698
2012-03-27,1.1031578484448312,1.0416674865307607,1.0733449485672135,1.0284157623003596,1.0666125335646726,1.0003601220605545,1.0518675647482805,0.9924375474187159,1.047712939797971
2012-03-28,1.1024885958797113,1.0410156426877955,1.0726835518097217,1.027772210983522,1.0659552853313423,0.9998588057218489,1.0512846109569658,0.9919402013663353,1.04713228853451
2012-03-29,1.0951640697477791,1.0402692709262107,1.068729664406674,1.0270353342987113,1.0620261981669372,0.998081518363027,1.0468434143163698,0.9901769896303314,1.0427086335569435
2012-03-30,1.091931150649892,1.0395326952733,1.0667751263122704,1.0263081290999554,1.0600839196556318,0.9970606286987186,1.0447595671017609,0.989164185128944,1.0406330170397347
2012-04-02,1.092507908498901,1.0377447099006467,1.0661400183834824,1.0245428898429223,1.0594527953577852,0.9961313119533063,1.044553716106584,0.9882422283143397,1.040427979106686
2012-04-03,1.0863248756583412,1.0292432650523984,1.0587560834174867,1.0161495973601318,1.0521151751525841,0.9886964926940665,1.0376997830859793,0.9808662907610285,1.0336011174799424
2012-04-04,1.067068124096929,1.008875113571295,1.0388973526542957,0.996040562276536,1.0323810056658962,0.9714762675290861,1.0194653780089833,0.9637824450020344,1.015438733935719
2012-04-05,1.0644384066281765,1.006011034487813,1.0361430045405868,0.9932129189911175,1.029643933838425,0.9678733322412909,1.0163191954430566,0.9602080439621743,1.0123049780373925
2012-04-06,1.0575523646439497,0.9990749931673156,1.0292201670888386,0.9863651155277274,1.0227645189739656,0.9611912212003108,1.0095238355363454,0.9535788533868542,1.0055364581747712
2012-04-09,1.0423819473506175,0.9838407471343793,1.0139924822395558,0.9713246741684485,1.0076323477748568,0.9475530857215058,0.9951210238312154,0.940048728157482,0.9911905341262913
2012-04-10,1.0421345615129813,0.9849880539630568,1.01446112468962,0.9724573853666605,1.0080980507267978,0.9493868041123006,0.9959641883950504,0.941867924007341,0.9920303683920437
2012-04-11,1.031406181122246,0.9768670072390642,1.005054770757997,0.964439651718136,0.9987506969129032,0.9408632147790588,0.986366489768864,0.9334118391369618,0.9824705783767075
2012-04-12,1.0359276153692174,0.9802700310660968,1.0090089945997183,0.9677993834832693,1.0026801184057141,0.9431078776279831,0.9897048641731512,0.9356387248788482,0.9857957670016643
2012-04-13,1.0433381290760249,0.9887770791726567,1.0169947355433169,0.9761982079417068,1.0106157698396852,0.9532121228422722,0.998545192293945,0.9456629472742102,0.9946011779437081
2012-04-16,1.0307479466366827,0.9758721343242667,1.004222549252154,0.9634574352236277,0.9979236954069854,0.941073740341416,0.9861621983466721,0.9336206973952703,0.9822670938567037
2012-04-17,1.030213436542288,0.9739743010996603,1.0029868630969672,0.9615837455600453,0.9966957599306655,0.9399864981821349,0.9853366273550126,0.9325420658922626,0.9814447836727307
2012-04-18,1.0491824960699725,0.9953215158468,1.0232081460460132,0.9826593886141312,1.0167902075423128,0.9587162002592956,1.0042249269879462,0.9511234339250594,1.0002584790460087
2012-04-19,1.0410510896877312,0.988905622131791,1.0159448450277135,0.9763251156229158,1.0095724646242388,0.9515996364278942,0.9966064308245031,0.9440632313048902,0.9926700741177222
2012-04-20,1.0388913013263583,0.9871924141369086,1.0140109714624894,0.9746337024523809,1.0076507210265715,0.9491867050301294,0.9943088246183365,0.9416694096543883,0.9903815429057755
2012-04-23,1.0350635913994348,0.9818206145496363,1.0093839149839552,0.9693302409938032,1.0030526871511576,0.94505351457686,0.9903119224147945,0.9375689529228586,0.9864004275086484
2012-04-24,1.0291398865456622,0.9762677795287095,1.0036411601543942,0.9638480471701353,0.9973459529958656,0.9393936316839414,0.9845125703800931,0.931953894732259,0.9806239815254942
2012-04-25,1.0358321168085332,0.9846953517735982,1.011235602070401,0.9721684068306196,1.004892759773924,0.946146692226289,0.9912524771756873,0.9386534729085789,0.9873372673035059
2012-04-26,1.0364456748617723,0.9872227160610074,1.0128332365950805,0.9746636188861509,1.0064803733461996,0.9484864330646299,0.9927725289036655,0.9409746836485827,0.9888513151912228
2012-04-27,1.028555416486871,0.9820888766941726,1.0063461667952902,0.969595090402503,1.0000339928384219,0.9422044089190653,0.9857068678302988,0.9347424113914606,0.9818135617868152
2012-05-01,1.0103912985279921,0.9584768153658098,0.9853585257251017,0.9462834133419423,0.9791779939861406,0.9228104087231651,0.9668551308050451,0.915502006296732,0.963036284607674
2012-05-02,1.015104601029223,0.9642933091400193,0.9906466025723784,0.952025911745767,0.9844329020669841,0.9285424067895904,0.9721130276727586,0.9211886085286707,0.9682734140420671
2012-05-07,0.9895631776917696,0.9419306756814851,0.9666973783525041,0.9299477677769116,0.9606338962057581,0.9050345551807661,0.9475776581237,0.8978669325829232,0.9438349533263157
2012-05-08,0.9945110308133803,0.9477018222733649,0.9720765154749652,0.935645495889173,0.965979293398188,0.9105468080032741,0.9528326603725116,0.9033355298923135,0.9490691995748584
2012-05-09,0.9790345659217309,0.9370787165314962,0.9590694780761878,0.9251575335299883,0.9530538409305541,0.8976958710174785,0.9386957071492792,0.8905863687622745,0.9349880839309477
2012-05-10,0.979490083137794,0.9350912914657116,0.9582700114165864,0.9231953917808483,0.9522593888204135,0.8967404558649779,0.9384131439665485,0.8896385202327256,0.9347066368051127
2012-05-11,0.9685899837788223,0.9278105479767718,0.9492125178548404,0.9160072713277191,0.9432587071956147,0.8875064902228982,0.9283605820191076,0.8804776850367986,0.9246937800696976
2012-05-14,0.966322566003756,0.9240095497838255,0.9461530959447608,0.9122546280853732,0.9402184751070309,0.8850618863545521,0.9259950818035985,0.8780524417528957,0.922337623013484
2012-05-15,0.954488913892985,0.913490066081251,0.9349756031272112,0.9018689695226588,0.9291110916428966,0.8738789079362435,0.9144748376359917,0.8669580294212226,0.9108628810511513
2012-05-16,0.9451402263227735,0.9038817991795927,0.9254781961996912,0.8923829355839749,0.9196732559510445,0.8649505611836507,0.9053246605100356,0.8581003926979639,0.9017488449333043
2012-05-17,0.9544062086796198,0.9100707545428242,0.9331776697889989,0.8984931572526174,0.9273244356050488,0.8733267864348092,0.9141460300223258,0.8664102805689073,0.9105353721488074
2012-05-18,0.9281836655547478,0.8888687053220076,0.9094928903123115,0.8775608329805263,0.903788215792143,0.8495812391487741,0.8891602544535926,0.8428527914297699,0.8856482844092836
2012-05-21,0.9292653159246766,0.8901925712262522,0.9107008140874305,0.8788678571323807,0.9049885630242723,0.851126614438549,0.8904873435073658,0.8443859277759753,0.8869701317791425
2012-05-22,0.9386269483162529,0.8980227198542969,0.9192905391301269,0.8865983933873375,0.9135244101465273,0.8602941076946528,0.8997689945090948,0.8534808170287823,0.8962151224824422
2012-05-23,0.9237094591361477,0.8871966029082308,0.9064517127278938,0.8759100024604766,0.9007661135940883,0.8474927747874206,0.8859254722639027,0.840780867126766,0.8824262788344877
2012-05-24,0.9255704921543148,0.8874432625335442,0.9074859641433147,0.8761535241695397,0.901793877803551,0.849986016188604,0.88812201481442,0.8432543627477396,0.8846141455680194
2012-05-25,0.9258969909099986,0.8927175339778474,0.9103562665371392,0.8813606982035849,0.9046461766031686,0.853701830728683,0.8902248131670277,0.8469407490675209,0.886708638370771
2012-05-28,0.9245036673763556,0.891155569742854,0.9088739790303744,0.8798186047234797,0.9031731865498104,0.8532691925460649,0.8893315256944078,0.8465115372592846,0.8858188791697186
2012-05-29,0.9321323542448252,0.8954068968942334,0.914779101400576,0.8840158479990045,0.9090412698167022,0.8594017178296893,0.8961941270578065,0.8525954946439784,0.8926543749013782
2012-05-30,0.9283410211255747,0.8928849101109639,0.9116340410290834,0.8815259450369128,0.90591593642269,0.8556440600886454,0.8924116384824758,0.8488675965097754,0.8888868262499847
2012-05-31,0.924083201665874,0.889386448945447,0.9077595857339984,0.8780719900532589,0.9020657831387991,0.8506782434581068,0.8877730453275356,0.8439411077693092,0.8842665544270274
2012-06-01,0.910399921794168,0.8785652023451331,0.8955238978841498,0.8673884075133392,0.8899068420315115,0.8407100524676626,0.8760040409063278,0.8340518620860842,0.8725440347545155
2012-06-04,0.8933197970020068,0.8698769459982266,0.8826953992937001,0.858810680081505,0.8771588085110151,0.8325671787207278,0.8635442706424737,0.8259734776401886,0.860133477598992
2012-06-05,0.9095652363353742,0.8771094782008103,0.8943714627880215,0.86595120257516,0.8887616354329329,0.8397200937757778,0.8750867066746266,0.8330697435923999,0.8716303237733208
2012-06-06,0.9215078308800293,0.8834804355438217,0.9034921555430101,0.8722411108589612,0.8978251198423479,0.8455836441819166,0.8838872565068383,0.8388868563060173,0.8803961135414953
2012-06-07,0.9363441144947279,0.893615405083574,0.9159543851812111,0.8822471469116256,0.9102091817844198,0.8541427290790645,0.8954843356292843,0.8473781556252837,0.8919473869789981
2012-06-08,0.9196572669696724,0.8816718191294887,0.9016602289729808,0.8704555030210417,0.8960046837907583,0.8442034503996226,0.8822778647282272,0.8375175932755788,0.8787930784749478
2012-06-11,0.9346232003673746,0.8898799494315031,0.9132042080224025,0.8785592124012015,0.9074762547500826,0.8516801903821839,0.8933734280804082,0.8449351195517126,0.8898448170093612
2012-06-12,0.9278155256849683,0.8853343385327358,0.9075393129468581,0.8740714291517255,0.9018468919837416,0.8478130278623313,0.8880834360913562,0.8410985838861698,0.8845757192216719
2012-06-13,0.9299008536975286,0.8876875669836074,0.9097642657980746,0.8763947206650567,0.9040578891108682,0.8495492679406208,0.8899912718692358,0.8428210734247157,0.8864760195051703
2012-06-14,0.9286540793278781,0.886428303359146,0.9085092794039518,0.8751514769456998,0.9028107744538222,0.8485959977552305,0.8888947921279742,0.8418753528747327,0.8853838705962713
2012-06-15,0.9296389798680518,0.8868940267435447,0.9092310395439454,0.8756112755624184,0.9035280074482777,0.8490452932311421,0.889602715813151,0.8423210900551208,0.8860889981524449
2012-06-18,0.945229714936704,0.8965125253679826,0.9218011109001524,0.8851074110595344,0.9160192346853648,0.8574471874787913,0.9014808738237838,0.850656443631224,0.8979202402838469
2012-06-19,0.9408306037629267,0.8937039670551847,0.918206110707375,0.8823345822292512,0.9124467836584119,0.855022187645088,0.898101017717592,0.848250649123448,0.8945537337997728
2012-06-20,0.958811333156761,0.9082356053719971,0.9344556411743882,0.8966813541985195,0.9285943910830272,0.8666863575645806,0.9128286395268727,0.8598224420531103,0.9092231850302865
2012-06-21,0.9663266322000078,0.9126569230853261,0.9404052209138474,0.9010464254763692,0.9345066528661758,0.8706128487970409,0.9184899859950539,0.8637178365643163,0.914862170535855
2012-06-22,0.961175399663487,0.9076694385520235,0.9353298121996322,0.896122389951981,0.9294630789855034,0.8667979143789272,0.9140241343518707,0.8599331153684359,0.9104139579370562
2012-06-25,0.954051602847887,0.902180590289824,0.9290287165871037,0.8907033688701953,0.9232015061663611,0.8623308097835181,0.9082694888402761,0.855501389002136,0.9046820418969501
2012-06-26,0.9462819600206855,0.8989177012247352,0.923544437691189,0.8874819891222774,0.9177516266884213,0.8590224526627394,0.9028078172212302,0.852219233151933,0.8992419425726866
2012-06-27,0.9565262153949529,0.9086169286912386,0.9335260937652242,0.8970578264577687,0.927670674137715,0.8664832543781141,0.9116234328926123,0.8596209473875347,0.9080227386735752
2012-06-28,0.973178464432955,0.9210697160690968,0.9480627485986589,0.9093521938922524,0.9421161497158524,0.8767084997878114,0.9249622441075728,0.8697652116903256,0.9213088647789854
2012-06-29,0.9874949425976518,0.9306441874247714,0.9599836636868722,0.9188048622198994,0.9539622924322471,0.8848497730322972,0.9360915639708655,0.8778420083093076,0.9323942264943765
2012-07-02,0.9870878034406368,0.9290270648485985,0.9589645023578098,0.9172083121034638,0.9529495236585612,0.8836723554347922,0.9352871801148179,0.8766739155325298,0.9315930197619042
2012-07-03,0.9961368867295026,0.9380604312474263,0.9680223655306271,0.9261267592195671,0.9619505725760946,0.8915715967206396,0.9437545976605306,0.8845105970188402,0.9400269930363235
2012-07-04,0.9975216803556746,0.9366597597575664,0.9679721314203091,0.9247439065755106,0.9619006535526258,0.8916806442866968,0.9444683672003483,0.8846187809584267,0.9407379433574123
2012-07-05,0.9927717874371284,0.9307830457863737,0.9626318059140007,0.9189419540746855,0.9565938245355915,0.8861764419037429,0.9393052037990948,0.8791581703313426,0.935595173214976
2012-07-06,0.9873879814952774,0.9273968181972772,0.9582689248993761,0.9155988048717076,0.9522583091182396,0.8821251934789667,0.9346106273105214,0.8751390066701731,0.9309191391791449
2012-07-09,0.978944544926239,0.9219758543865421,0.9513696625272358,0.9102468046394769,0.9454023214618025,0.878855648661931,0.9288801987586751,0.8718953557410349,0.9252113444475963
2012-07-10,0.97362003758918,0.9186456150898137,0.9470644823149459,0.9069589314656737,0.9411241449260925,0.876119770629514,0.9249098158625384,0.8691811451036338,0.9212566436129619
2012-07-11,0.9716734818493776,0.919942981199476,0.9467885208300818,0.9082397929439318,0.9408499143733423,0.8760116818640978,0.9239304128091662,0.8690739123712532,0.9202811089670759
2012-07-12,0.9601968789366927,0.9114946252186543,0.9368534103451741,0.89989891395083,0.9309771205620909,0.8691990702827167,0.9148879810003547,0.862315254783608,0.9112743925981767
2012-07-13,0.9586624170920334,0.9112602761417532,0.9359870883109067,0.8996675461797495,0.9301162324188279,0.8679936093695769,0.913523077384031,0.8611193407864753,0.9099148800242324
2012-07-15,0.9586431344936605,0.9112429671678777,0.9359687883302603,0.8996504574044992,0.930098047222403,0.8679765953471915,0.913504938142067,0.861102461510427,0.9098968124279296
2012-07-17,0.9544627118703363,0.9157397016610664,0.9362589493841686,0.9040899860366896,0.9303863882792683,0.8714553823246988,0.9133654079480964,0.8645536974601749,0.9097578333448066
2012-07-18,0.9505029343710146,0.9135533211969122,0.9332070522644534,0.9019314199291782,0.9273536337827912,0.8696091518589654,0.910512386366023,0.8627220886275396,0.9069160805146617
2012-07-19,0.9587053835442635,0.918262590206279,0.939621939539812,0.9065807792888287,0.9337282845215267,0.8735332121194136,0.9164750171846344,0.8666150714193573,0.9128551603696359
2012-07-20,0.9411690734560366,0.9040369984832504,0.9237615974330114,0.8925361604971486,0.9179674243243283,0.8584291779224783,0.9001738730846943,0.8516306569830254,0.89661840188464
2012-07-23,0.924533951672329,0.8910620210205499,0.9089844688602307,0.8797262460948342,0.903282983346743,0.8475083019962588,0.8865134238945048,0.8407962713644178,0.8830119081969682
2012-07-24,0.9208880302185881,0.8877471570423218,0.9055026045295115,0.8764535526401838,0.8998229585520352,0.8454642197006872,0.8837043909058007,0.8387683776335476,0.8802139702157843
2012-07-25,0.906187989922401,0.8784375459343069,0.8935571908042734,0.8672623751020854,0.887952470863094,0.8371455319734912,0.872337797933848,0.8305155716053393,0.8688922725636836
2012-07-26,0.917104938636911,0.8883132171352832,0.9039571016691681,0.8770124115174533,0.8982871496550886,0.8449152842198743,0.8816216108421281,0.8382237895694543,0.8781394166345212
2012-07-27,0.9315487460480998,0.8993444038212628,0.9166665753907437,0.8879032633597453,0.9109169048745445,0.8540459712706356,0.893296524578644,0.8472821641118543,0.8897682172580104
2012-07-30,0.9369344536053348,0.9070318236297785,0.9232502781287152,0.8954928865405819,0.9174593122031096,0.8620494136334911,0.9000835217031765,0.8552222214315508,0.8965284073694395
2012-07-31,0.9428074063777417,0.909947230972461,0.9276077682742774,0.8983712051052963,0.9217894705649161,0.8638979108322665,0.9038441304591658,0.8570560790453312,0.9002741626215376
2012-08-01,0.9324780414565695,0.903350952149011,0.9191893497824921,0.8918588418009975,0.9134238554957653,0.8590866939109268,0.8964026687404859,0.8522829656272568,0.8928620928943587
2012-08-02,0.9362821898024777,0.9047647370799887,0.9217836039726547,0.8932546410616259,0.9160018375677672,0.8606054788738015,0.8990235342157241,0.8537897222345743,0.8954726065786873
2012-08-03,0.9253924261989912,0.8942334733605554,0.9110583630078194,0.8828573523432481,0.9053438692660901,0.8518133959363489,0.889202310596773,0.845067270154843,0.8856901744407718
2012-08-06,0.9397952845337528,0.9073355127777121,0.9248230433577344,0.8957927122629097,0.9190222124691106,0.8628829414205185,0.9019003190262975,0.8560491479097464,0.8983380287782713
2012-08-07,0.9523825602076086,0.9160808940645748,0.9354763476829934,0.9044268379114794,0.9296086953443207,0.870903848907156,0.9121351258929845,0.8640065320342899,0.9085324106091506
2012-08-08,0.9560214169943994,0.9189751004887342,0.9387423226907763,0.907284225268235,0.9328541849534723,0.8734075859695355,0.9151904105908887,0.8664904401937346,0.9115756276642624
2012-08-09,0.9652471804538857,0.9260309337325368,0.9468792378754131,0.9142502967045784,0.9409400624079398,0.8797151837252196,0.922915620624414,0.8727480835250788,0.9192703249684031
2012-08-10,0.959561149898994,0.9190716220319075,0.9405360738014349,0.9073795188985773,0.9346366849962385,0.8751974082179576,0.9178255882885088,0.8682660875464905,0.9142003970411225
2012-08-13,0.9601709206429933,0.9216095385473615,0.9421278210954399,0.9098851489404517,0.9362184482647197,0.8775723398025005,0.9193577238691956,0.8706222103317491,0.915726481053224
2012-08-14,0.9645318509593769,0.9267819034733628,0.9469087384121302,0.9149917128747693,0.9409693779064209,0.8817873252119174,0.9236528674198614,0.8748038142260657,0.9200046598155849
2012-08-15,0.9605428057917142,0.9221661403548621,0.9425942941493923,0.9104346698572127,0.9366819954278008,0.8782905439918063,0.9199111731042393,0.8713347265431235,0.9162777442963446
2012-08-16,0.9752526758488133,0.9364149575766005,0.9570937348524076,0.9245022186810473,0.9510904902962567,0.889201840667885,0.9326741873010088,0.8821596087765938,0.9289903476438778
2012-08-17,0.983829028800458,0.9405337384713085,0.9634162983840899,0.928568601906357,0.957373396379854,0.8925692271014328,0.9385532918167726,0.8855003264437851,0.9348462311048955
2012-08-20,0.9811471950583197,0.9376143942544338,0.9606092263920144,0.9256863965509673,0.9545839313776077,0.89070706033691,0.93629272518925,0.8836529075234257,0.9325945931741284
2012-08-21,0.9809306471193882,0.9380264812484935,0.9607121514739528,0.9260932411204771,0.9546862108755084,0.8914254678629732,0.9365634465080745,0.8843656254611867,0.9328642452085835
2012-08-22,0.9774034716766516,0.936297594268322,0.9580940968156235,0.9243863484271418,0.9520845776206457,0.8898428530373872,0.9340424085569752,0.8827955445059625,0.9303531647535829
2012-08-23,0.9799461091013147,0.9389499922458276,0.9606967491925505,0.9270050035385201,0.9546709052028902,0.891816466199705,0.9362942132503251,0.8847535271995643,0.9325960753577187
2012-08-24,0.9708397549791231,0.9303268344479102,0.951821285648329,0.9184915464950284,0.945851111836275,0.8845270974618916,0.9281141900680755,0.8775218882399014,0.9244483613078599
2012-08-27,0.9677892605150447,0.9284125527284525,0.9493438522755139,0.9166016175885111,0.9433892178384103,0.882853247972716,0.9257746729731807,0.8758612951743124,0.9221180847451576
2012-08-28,0.9542104033652042,0.9195921047958437,0.9381636313055923,0.9078933802654326,0.932279123333881,0.8750650387280341,0.9151846592951879,0.8681347663862046,0.9115698990848022
2012-08-29,0.9593080767281758,0.9242201087592543,0.9430307178986742,0.9124625084042126,0.9371156817665223,0.8785161313946014,0.9194353860464339,0.871558527356272,0.9158038364834629
2012-08-30,0.9508528148272558,0.916807570380076,0.9350920836938432,0.905144269708684,0.9292268416004965,0.8716822372389658,0.9118059438345116,0.8647787557464561,0.908204528740967
2012-08-31,0.936196969802949,0.9047884830931143,0.9217536823808496,0.8932780849863962,0.9159721036552109,0.8613583996842119,0.899375385335821,0.8545366801210456,0.895823067971131
2012-09-03,0.9318563694872092,0.9023862920597037,0.9183921640461289,0.8909064537751313,0.9126316700020719,0.8595266028777195,0.8963333374148329,0.8526343945478704,0.892748876631907
2012-09-04,0.9284746168941108,0.8973229641347342,0.9141491501041791,0.8859075397117996,0.9084152698069486,0.8552072913184687,0.8924547817571005,0.8476991420922447,0.888545239491315
2012-09-05,0.9176252699725266,0.8922145349642944,0.9062033372736792,0.8808640981650425,0.9005192960422391,0.8497329256861417,0.884382505999343,0.8418537818686808,0.880288039440498
2012-09-06,0.9177646118207368,0.8940094306939883,0.907185367679203,0.8826361598680055,0.9014951667912202,0.8500449715266687,0.8846122251673617,0.8425445477310863,0.8807164188659122
2012-09-07,0.9393220415939373,0.9082560414817723,0.9250579964863276,0.8967015303273558,0.9192556918851102,0.862133539355372,0.9012831605715952,0.8550987834698609,0.8976152220155637
2012-09-10,0.9426529332166156,0.907935779098962,0.9265364071237253,0.8963853422089659,0.9207248293862544,0.8630661899264576,0.9033714127098104,0.8564725160692565,0.8999299553433759
2012-09-11,0.9353794905081058,0.9027489721842459,0.9203128286631751,0.8912645200117907,0.9145402875029511,0.8590790092977258,0.8977943657386146,0.8523446166893432,0.8942848035902699
2012-09-12,0.9476864909242394,0.9155059446288515,0.9328690413567448,0.9038592027785128,0.9270177430040394,0.8696552489709847,0.9092278583479804,0.8635485332726268,0.9060455755397182
2012-09-13,0.9517637392716627,0.915164460265998,0.9347044391772931,0.9035220626585815,0.9288416285331859,0.8701948355765007,0.9114701151270799,0.8643183914180308,0.9084016832655439
2012-09-14,0.9703370386935457,0.9305566140876435,0.9516894922803513,0.9187184029596996,0.9457201451248619,0.8818350596496283,0.9264720925601038,0.8765582108693877,0.9237064347572962
2012-09-18,0.9740535071741916,0.9341255782308515,0.9553370111847359,0.9222419640071737,0.9493447854467119,0.8831602389474575,0.9289504527099982,0.8780030964462683,0.9262431159853671
2012-09-19,0.9819122790506871,0.9408969791462103,0.9626553757660002,0.9289272215622528,0.9566172465487949,0.8894346424417721,0.9360015909581332,0.884198949266887,0.9332512729216893
2012-09-20,0.966912043421399,0.9295684217837914,0.9494988781082764,0.9177427820877744,0.9435432712920289,0.8802948661785712,0.9240218026648712,0.8753768345043661,0.921447327318458
2012-09-21,0.9722750216784046,0.9365656478689203,0.9557022918362799,0.9246509919449256,0.9497077749234178,0.8861142155272131,0.9296353445632143,0.8812233757743193,0.9270770853740501
2012-09-24,0.9697488980202263,0.9382670992687755,0.9553232949876568,0.9263307980836646,0.9493311552826746,0.8869834406174537,0.9288736551226703,0.8826178214174069,0.9265970563831469
2012-09-25,0.9747192366074876,0.9443974311661764,0.960892090203349,0.932383142073412,0.9548650209628934,0.891688815826515,0.9337175226127753,0.8876938408330203,0.9316353470512697
2012-09-26,0.9668338510761685,0.939169440583611,0.9543460041739336,0.9272216601323998,0.948359994397028,0.8875514653834643,0.9277678678788754,0.8837460650377432,0.9257913636717647
2012-09-27,0.9715447742540332,0.9459477252460828,0.9601166886455582,0.9339137138620033,0.9540944830093778,0.8923071528326151,0.9325132055728088,0.8885809176226502,0.9305791335299534
2012-09-28,0.9620428482795245,0.9378988230278196,0.9513385374708688,0.9259672069223995,0.9453713916332573,0.8851626311793754,0.9242181201580063,0.8811407015853265,0.9221324250942323
2012-10-01,0.9559897243020915,0.9287755750114064,0.9437132933640674,0.9169600216307641,0.9377939758670945,0.8781686289774213,0.9176605259364826,0.8739759444535701,0.9154819447655589
2012-10-02,0.9547374899240665,0.9251908270774039,0.9412740153735788,0.9134208775882827,0.9353699979269396,0.8753463063438859,0.915584889832267,0.8711670965765181,0.9134112363460443
2012-10-03,0.9505786214008544,0.9221111246014857,0.9376566673289428,0.9103803539947337,0.9317753392220892,0.8712959151379925,0.9114725576994572,0.8671360433564786,0.9093086671365596
2012-10-04,0.9585569547519512,0.9319019087130997,0.9465687325596185,0.9200465832241764,0.9406315046958948,0.8796321078094621,0.9196573225154194,0.8754324361252322,0.9174740008295601
2012-10-05,0.9623030394693255,0.9361233622714727,0.9505623961704085,0.9242143329479473,0.9446001185770111,0.8822408834918812,0.9228183147441507,0.8780287565990855,0.9206274886730025
2012-10-09,0.9508819284350002,0.9305616453229998,0.9420995896008025,0.9187233701894646,0.936190393848419,0.8759147605401326,0.9140314100197381,0.8717328367733888,0.9118614445878375
2012-10-10,0.9388902185926973,0.9184210382693044,0.9300127973467048,0.9067372116318062,0.9241794144088435,0.8647032984108624,0.9024181263514404,0.8605749020899963,0.9002757315520528
2012-10-11,0.9356864349682297,0.9142655521862016,0.9263203165003407,0.9026345901684872,0.920510094162881,0.8609383379839234,0.898913323614518,0.8568279169024294,0.8967792494272029
2012-10-12,0.9437013305447577,0.9253607852880095,0.9359131424618153,0.9135886736508259,0.9300427503853487,0.866885240919404,0.9058672676481039,0.862746427240999,0.9037166843802442
2012-10-15,0.9494715619320403,0.9272673530252077,0.9397298244336657,0.9154709867096295,0.9338354927215754,0.8678733609020488,0.9091529865155088,0.8637298295928584,0.9069946027538335
2012-10-16,0.96017348257996,0.9347844990194841,0.9488310929231663,0.9228925022392865,0.9428796747016526,0.8776457566080924,0.9193953406637289,0.8734555684600152,0.9172126409385108
2012-10-17,0.970518531511656,0.9456173190348144,0.9594407173524715,0.9335875109613424,0.9534227516573105,0.8877611765357692,0.9296456382519047,0.8835226938310617,0.9274386037049408
2012-10-18,0.9856281322397753,0.9588159038280772,0.9736039324301354,0.9466181880410849,0.9674971298314231,0.8993136151302323,0.9429335186334666,0.8950199770386099,0.9406949378608751
2012-10-19,0.9873585764976541,0.9575363364513835,0.973807970247163,0.9453548988666287,0.9676998878480824,0.8981801290967691,0.9431718209038459,0.8938919026643586,0.9409326743873604
2012-10-22,0.9859548269379094,0.957468106006821,0.97308044475203,0.9452875364255772,0.9669769256609191,0.8980695798310646,0.9424403265309399,0.8937818811995571,0.9402029166260034
2012-10-23,0.977917985894859,0.9528078308945869,0.9667460134389574,0.9406865476800806,0.9606822262350292,0.8939592969049356,0.9364354567911304,0.8896912222033254,0.9342123028073971
2012-10-24,0.9695590354921222,0.9475403496074538,0.9599441096366138,0.9354860774212349,0.9539229864795663,0.8892640388845746,0.9299703487252415,0.8850183809887895,0.9277625432961232
2012-10-25,0.9803259814757852,0.9563496750303,0.9697339542082803,0.9441833337311742,0.9636514255389091,0.8985463689121147,0.939987859838617,0.8942563939225875,0.9377562722368168
2012-10-26,0.9673938527577051,0.9462992992084226,0.9582449152133081,0.9342608152251155,0.9522344500297695,0.8893214339941832,0.9289611505942862,0.885075502074048,0.9267557410621077
2012-10-29,0.9682230840118915,0.9494565776337724,0.9602582353576643,0.9373779278743878,0.9542351418883516,0.8910508676191481,0.9302627465036715,0.8867966787773293,0.9280542469046761
2012-10-30,0.9576189593185362,0.9383995326030563,0.9494068208804669,0.9264615466480476,0.9434517914810718,0.8812418048107683,0.9200481718055944,0.8770344478694219,0.9178639222200595
2012-10-31,0.9694825649847776,0.9461326333557195,0.9591911869410871,0.9340962696362655,0.9531747863926082,0.8883710387694559,0.9294670669681603,0.8841296443689026,0.9272604563601426
2012-11-01,0.9704174778321699,0.9521860475752184,0.9627282626582909,0.9400726744675224,0.9566896762676413,0.891861460872222,0.9317418292084158,0.887515295529425,0.9294844064336868
2012-11-02,0.9814517077460944,0.9634624650100687,0.9739022947784187,0.9512056373200941,0.9677936207411232,0.9002459923444066,0.9414187880610841,0.896752988036768,0.9396060683320958
2012-11-05,0.9747166545507355,0.9591506048485694,0.9683816515091911,0.94694863111393,0.9623076049806187,0.8954842783739589,0.9356981539603803,0.891883572111754,0.933830745776609
2012-11-06,0.9730949703785507,0.9585979458710755,0.9672978453281872,0.946403002867891,0.9612305968313218,0.8943726726984066,0.9343389716518772,0.8904780237318642,0.9323180985265332
2012-11-07,0.9754428006507103,0.9570227954180769,0.967666163874059,0.9448478909201683,0.9615966051475631,0.8934399790476829,0.9349789008783116,0.8892058652511275,0.9327763385175734
2012-11-08,0.9622899307966081,0.943952603263594,0.9545343880977902,0.9319439731136028,0.9485471967075026,0.8828605095278799,0.9231382975670038,0.8776296845744765,0.9204155040287483
2012-11-09,0.9546718349595009,0.9374275494307951,0.9474568733290403,0.9255019287008913,0.9415140747191664,0.8775513215064772,0.9167077614060652,0.8719211766954936,0.9137778983108761
2012-11-12,0.9437703570357311,0.9254565923061823,0.93599757659132,0.9136832618461013,0.9301266549128823,0.8677529244637876,0.9063559892509645,0.8613759568935897,0.9030351335746066
2012-11-13,0.945055847143632,0.9244603402526532,0.936131587705745,0.9126996837577752,0.9302598254602198,0.8676521124740776,0.9069204579827804,0.8609722173461124,0.9034393512141065
2012-11-14,0.9450721842748727,0.9289423749000913,0.9384055204991736,0.9171246995504377,0.9325194953093137,0.8705592936227392,0.9084468901462901,0.8637180884851619,0.904885034614023
2012-11-15,0.9649122744308248,0.9426087591345443,0.955155809382052,0.9306172248928322,0.9491647202085003,0.8815938550308071,0.9237355660581111,0.8756010151922731,0.9206090685749977
2012-11-16,0.9796000354130318,0.9535728275020657,0.9679842288139084,0.9414418122721031,0.9619126750669154,0.8902879552867986,0.9353281910564055,0.8839320778181919,0.9320056899697675
2012-11-19,0.9953804478726569,0.9693547911899476,0.9837902636542204,0.9570230034166252,0.9776195686328107,0.903214765893345,0.9496563580277204,0.8979517272022067,0.946904387844277
2012-11-20,0.9954275768532759,0.9676747901004279,0.9829643407407962,0.9553643747049831,0.9767988262122195,0.9025355377217928,0.9493241831356986,0.8975457401361577,0.9467143656064525
2012-11-21,0.9999634773089076,0.9692014266969176,0.985986090049288,0.9568715899722692,0.9798016219956535,0.9045265078989343,0.9525417440800976,0.8995757174150042,0.9499496374297838
2012-11-22,1.0097073391741882,0.9748557235518076,0.9936778671337825,0.9624539548684423,0.9874451534201586,0.9091060168057454,0.9596116487464907,0.904441402458044,0.9571639535542049
2012-11-26,1.0134703633504893,0.9748575748186042,0.9955454067248237,0.9624557825840795,0.9893009791147704,0.9098647126797204,0.9618144846425792,0.9056226081514619,0.9595846332563323
2012-11-27,1.0164823892197472,0.9806638643072185,0.9999747737690872,0.9681882065176103,0.9937025635368859,0.9147523077491141,0.9658135500465593,0.9114615876103329,0.9640846687331907
2012-11-28,1.0034992623131695,0.9711683198530843,0.9887343093476078,0.9588134610114616,0.9825326034499242,0.9068535694515201,0.9554547369224936,0.9027976362431713,0.9533300976403677
2012-11-29,1.0144152962782598,0.9796959359868953,0.9984600943096866,0.967232591838004,0.9921973847051542,0.9141295801212018,0.9644959084880413,0.9107962295799427,0.9627463073225804
2012-11-30,1.0156689348520653,0.9814909929369016,0.9999894124652022,0.9690048127102917,0.9937171104137051,0.9156604379501895,0.9658974018523535,0.9119674991192811,0.9639600152714924
2012-12-03,1.0159171696045555,0.9827441786988222,1.0007460422618135,0.970242055887519,0.9944689943494439,0.9163026300915852,0.9663544929295237,0.9123699719168757,0.9642940373549036
2012-12-04,1.0172644135578641,0.9853789135578377,1.0027511036589218,0.9728432725843345,0.9964614792626838,0.918185771486341,0.967988254286682,0.9142450311004089,0.9659243152153528
2012-12-05,1.01694246299689,0.9833592298482926,1.001564192199079,0.9708492825744561,0.9952820125488471,0.9169114505587845,0.9671631678269706,0.9129761794015204,0.9651009880003161
2012-12-06,1.0254801044949537,0.9901066937473205,1.0092047966340505,0.9775109076314344,1.002874692297542,0.9237638394027164,0.9748370752154831,0.919799158635441,0.9727585331269738
2012-12-07,1.0283740570085755,0.9940368272240283,1.012631227315348,0.9813910433442727,1.0062796311431021,0.9272821345453003,0.9780686978512668,0.9233023536880556,0.9759832653152833
2012-12-10,1.0261222751524373,0.9923303733235441,1.0106532934769281,0.9797062983449432,1.0043141036345071,0.9248688275788026,0.9757251694037568,0.9208994043381992,0.973644733725851
2012-12-11,1.0229608079863357,0.9878826805371677,1.006831582956095,0.9753151875283687,1.0005163642902097,0.9213748927730829,0.9723791604399018,0.9174204650708795,0.9703058591033509
2012-12-12,1.029380714320295,0.9950600967708628,1.0136480464243853,0.9824012952189389,1.0072900723880298,0.9266925643876804,0.9782365837072734,0.9227153138930296,0.9761507932060189
2012-12-13,1.0369424747874783,1.0050685271909008,1.0224683473485303,0.9922824019376802,1.0160550491348468,0.9341753301427962,0.985778760537458,0.9301659645379734,0.983676888649499
2012-12-14,1.0408596714295861,1.0074292616256368,1.025599686210651,0.994613103946412,1.0191667470858496,0.9365595156032452,0.9888990156833904,0.9325399173677029,0.9867904908050881
2012-12-17,1.0535416519483023,1.0215124305849013,1.0390165556462494,1.0085171118262037,1.0324994609727627,0.9473485131965625,1.000619819923073,0.9432826099104956,0.9984863040123788
2012-12-18,1.064238456469736,1.0371598206954749,1.0522520970679432,1.0239654413907278,1.0456519842018865,0.9606683499077519,1.012731002189473,0.9565452795209828,1.0105716628845705
2012-12-19,1.0920967065188942,1.0639456764870874,1.0796114714324136,1.0504105370272854,1.0728397504894964,0.9857338139416514,1.0391978955021381,0.9815031656665312,1.0369821236372714
2012-12-20,1.093159216878931,1.0673570671003851,1.0818717333070833,1.0537785291393973,1.075085835168871,0.9886719148755563,1.041252528268475,0.9844286566326412,1.039032375527265
2012-12-21,1.087828826172299,1.066477565578535,1.078798532364911,1.0529102163239037,1.0720319104753608,0.9866791774534794,1.0376665634257862,0.9824444717944549,1.0354540566584964
2012-12-25,1.0950147099578553,1.0789881028389576,1.0887076716725348,1.0652615989674328,1.0818788960101215,0.99602995515682,1.0460149955607994,0.9917551171101244,1.0437846883138122
2012-12-26,1.1081656352210332,1.094534300501186,1.1031004262021396,1.0806100234180414,1.0961813738801562,1.0084004520734084,1.0587927765245289,1.0040725213756316,1.0565352245653676
2012-12-27,1.1159595430155973,1.104110394768793,1.1118149395788206,1.0900642940115108,1.1048412266179857,1.0156483432178391,1.066321512064056,1.0112893054628276,1.0640479073776339
2012-12-28,1.1200701389544756,1.1067473718906378,1.115182185476052,1.0926677244458836,1.1081873519082528,1.0193566497596585,1.0702319740094062,1.0149816964091252,1.0679500314581802
2013-01-04,1.1558031000670268,1.143327203400624,1.1514153522365111,1.128782200316155,1.1441932508963026,1.0522111088412796,1.1045661165767438,1.0476951481937684,1.1022109669612672
2013-01-07,1.1480108607225243,1.1315039392723971,1.1415805710574016,1.117109347559845,1.134420157088476,1.0423005726449739,1.0956408846415244,1.0378271467997304,1.0933047653550112
2013-01-08,1.1367206904220435,1.1102384953689861,1.1252489760375157,1.0961144350898222,1.1181909998501012,1.025913380582081,1.0816447613732285,1.0215102865493961,1.0793384845414482
2013-01-09,1.1447804986695607,1.124299957836909,1.1363440497096302,1.1099970126205552,1.1292164811320489,1.0382006031211441,1.0919453187885684,1.033744773840763,1.0896170791666284
2013-01-10,1.1564292779921053,1.1356283184037401,1.1478505783230664,1.1211812578030094,1.1406508365583212,1.0496362533356585,1.103513839776406,1.0451313436512468,1.101160933819561
2013-01-11,1.1686350778835277,1.1477552453906708,1.1600366677465226,1.1331539103268595,1.152760490338822,1.0594888339177717,1.114517605312793,1.0549416381694596,1.1121412371894168
2013-01-15,1.179780892443119,1.1578603843783715,1.1706767312158661,1.1431304953211734,1.1633338154096435,1.0686147978065321,1.1246334873362767,1.064028434543787,1.122235550186565
2013-01-16,1.1572449067458632,1.128701222848303,1.1447687948452223,1.1143422862998305,1.1375883831619655,1.044129401415914,1.101013147119432,1.0396481264625486,1.0986655731253017
2013-01-17,1.1589353769412527,1.127815396715728,1.1451647748659926,1.1134677293330657,1.1379818794501426,1.043105741705095,1.1012836157341104,1.038628860173289,1.0989354650483323
2013-01-18,1.18374917077397,1.1568371559707487,1.1721381045654065,1.1421202840623603,1.1647860224870774,1.0677140185628264,1.1260568694961008,1.063131521333791,1.1236558974190127
2013-01-21,1.1770200075898969,1.1482339178955672,1.164454246214949,1.1336264933299585,1.1571503601273916,1.059830202388318,1.1187033943506763,1.0552815415285217,1.11631810131163
2013-01-22,1.1728612914219099,1.1457864809118263,1.161150406602201,1.1312101917712925,1.1538672434140287,1.0566633042039844,1.1150539776493278,1.052128235281638,1.112676465875895
2013-01-23,1.1556973197512035,1.1233365373980528,1.1412966206725073,1.109045848474747,1.1341379877450202,1.0374383907786664,1.0967616879726043,1.0329858328199004,1.094423178915579
2013-01-24,1.1670862159683004,1.139964168127985,1.1553420802118297,1.1254619483852122,1.1480953489869161,1.0511868632923027,1.1094199785953864,1.0466752985806966,1.107054479602815
2013-01-25,1.18973622557939,1.1604169082267624,1.1769228058177597,1.1456544959800958,1.1695407123302024,1.0697970287123149,1.1300110206089236,1.0652055914599474,1.1276016175132364
2013-01-28,1.1864371881141478,1.159451701548973,1.1747935317325189,1.1447015683192525,1.1674247938365776,1.0677550425029056,1.1273628305788463,1.063172369204166,1.1249590739389372
2013-01-29,1.196836648027308,1.1678729047177108,1.1842139103866498,1.1530156399287133,1.1767860844047533,1.0776560164950122,1.137528864496718,1.0730308494338092,1.1351034318968882
2013-01-30,1.2151344062869225,1.1894432765209355,1.2041895405298373,1.1743116011139818,1.1966364200354536,1.0965153777497643,1.1561710464751243,1.0918092686299306,1.1537058651205034
2013-01-31,1.2214250591937605,1.1946933258032109,1.209966521099705,1.1794948611317517,1.2023771652545985,1.1030537629196115,1.1626087982094218,1.0983195918549102,1.1601298903170283
2013-02-01,1.223153922887843,1.1965087814905218,1.211740758802163,1.1812872212358445,1.20414027428445,1.103276020286336,1.163554215355041,1.0985408953203566,1.1610732916495663
2013-02-04,1.235737614094461,1.2144201454007164,1.2270435865661884,1.1989707231284592,1.2193471170742531,1.119285259678277,1.1779814401396635,1.1144814250261108,1.1754697547872452
2013-02-05,1.2128506711598488,1.1828549175915652,1.1997233612078138,1.16780705694968,1.1921982542357479,1.0935485257031043,1.153524127662795,1.0888551499473047,1.1510645900534688
2013-02-06,1.2488323036844358,1.2228367212535478,1.2377916994535463,1.2072802262890847,1.2300278138373275,1.1302827176507533,1.1900089129370897,1.1254316832617575,1.1874715826753184
2013-02-07,1.2491238022400335,1.2255860437377348,1.2393282499178242,1.2099945728679544,1.2315547264909354,1.1311836499390848,1.1906226380504226,1.1263287488595306,1.188083999207442
2013-02-08,1.2344938689322427,1.2122872480164655,1.2253474916760432,1.1968649597080814,1.217661660716203,1.1173148698373874,1.1763508474006237,1.1125194918560424,1.1738426387888048
2013-02-12,1.247179822373344,1.2246372377220827,1.2378848872300185,1.2090578372258427,1.2301204171057298,1.13106956217512,1.189637849033337,1.126215150746215,1.1871013099519188
2013-02-13,1.233181837502803,1.21061333413054,1.2238499854992764,1.1952123407607889,1.2161735474499487,1.1178862485942567,1.1760280950750062,1.1130884183255723,1.1735205746338673
2013-02-14,1.2291505343395206,1.2038980531176013,1.2184527573720045,1.1885824891706398,1.210810172726156,1.1125305680081616,1.1712865128223156,1.1077557236617548,1.1687891023559909
2013-02-15,1.2163540156954047,1.1881517096735248,1.2041407997970133,1.1730364651218177,1.196587985022465,1.0966739743846419,1.1568385522948144,1.0919671845875605,1.1543719476880667
2013-02-18,1.241205519465998,1.2154309092852418,1.2302638445618208,1.199968628433415,1.2225471764251996,1.1230845409820729,1.1825856062960016,1.1182644002818978,1.1800641039665913
2013-02-19,1.2444262969197661,1.2182663066174062,1.23329495333199,1.2027679548465815,1.2255592729643188,1.1254448785341862,1.1853621748706133,1.1206146075555807,1.1828347523574199
2013-02-20,1.258121246894698,1.2308253074880025,1.2464379756899642,1.215167184563428,1.2386198574433804,1.1358394157684346,1.1973572227905196,1.1309645327146434,1.1948042245041133
2013-02-21,1.2434902083588357,1.215059311078399,1.2312073654804427,1.1996017575671345,1.2234847792329702,1.120841490089528,1.1824894878674155,1.116030976287868,1.179968190481174
2013-02-22,1.244708286591026,1.2148021940778204,1.2316805265997723,1.1993479115178247,1.223954972511418,1.121099918509199,1.1832051247007478,1.1162882955645508,1.180682301437705
2013-02-25,1.2679396305070765,1.2412507517751938,1.2565804420977786,1.2254600000468412,1.2486987065647877,1.144179601462947,1.2064251366270684,1.1392689233580746,1.2038528037861569
2013-02-26,1.2525504505000375,1.2301369825554536,1.2433300240738356,1.2144876162564866,1.2355314000449453,1.1320235983718214,1.1926953980931905,1.127165092336916,1.1901523397229905
2013-02-27,1.2379370555683362,1.2125716016922932,1.227197007725744,1.19714569593732,1.2194995759197669,1.1158642923301956,1.1772236385558499,1.1110751400490777,1.174713568983675
2013-02-28,1.2645175451523418,1.2460976494614837,1.257339665239153,1.230245237220211,1.2494531675788758,1.1443435952361758,1.204883943487392,1.1394322132902013,1.2023148967697608
2013-03-01,1.2787564734013475,1.2668579167289542,1.2749062734767589,1.2507413997322434,1.2669095915770157,1.1606158492080159,1.220240316065738,1.155634628749631,1.217638526577502
2013-03-04,1.288017381468745,1.2857911382242813,1.2890495378936968,1.269433759500298,1.2809641442282975,1.17411264517065,1.2317539638735697,1.1690734981242237,1.2291276250507124
2013-03-05,1.282338680380139,1.2729283427334988,1.2797464798743894,1.2567345999306516,1.2717194384166957,1.1656602855935143,1.2246012507251414,1.1606574150346751,1.221990162876733
2013-03-06,1.2991079575174054,1.2912666970424498,1.297333302184581,1.2748396602016454,1.2891959496973098,1.1821449892533928,1.2412679937482824,1.1770713683742156,1.2386213691648311
2013-03-07,1.3014378746520663,1.2896553878494916,1.2976839802599214,1.2732488495126255,1.2895444281905506,1.1839050998334784,1.2433049100570115,1.1788239247762011,1.2406539423721474
2013-03-08,1.3210310651541388,1.3179388894104918,1.321682672420162,1.301172538400385,1.313392591710994,1.2067541739253904,1.2646646623616573,1.2015749334527568,1.2619681515339503
2013-03-11,1.3421442976235365,1.3527205593273521,1.3497088228528684,1.3355117282514173,1.3412429518016593,1.2323145331705325,1.2881749431111122,1.2270255907801777,1.2854283037959966
2013-03-12,1.3368771520353213,1.3436290488675815,1.34250854502372,1.3265358767624877,1.3340878367680726,1.2253953184043584,1.282024544908984,1.220136072432653,1.2792910194380678
2013-03-13,1.3314967711349317,1.3390463359909668,1.3375205410102873,1.3220114635333644,1.3291311193536943,1.2206062219547076,1.2769398944652532,1.2153675301958613,1.2742172104572045
2013-03-14,1.3398502785188713,1.3574281224920968,1.350934001996851,1.3401594034675959,1.3424604461706209,1.23386775995355,1.287896931400968,1.2285721513049037,1.2851508848608457
2013-03-15,1.3578815160431663,1.369294799328578,1.3658935086450217,1.3518751166510863,1.357326121281108,1.2473302709892615,1.3035770547784207,1.2419768828992626,1.3007975751680738
2013-03-18,1.3286418694568476,1.3352587506839362,1.3341915641433075,1.3182720625429578,1.3258230230562202,1.2167542277137016,1.2735528224505175,1.211532068240307,1.270837360338228
2013-03-19,1.3486902601014714,1.352669496502569,1.3529462558793248,1.3354613150297763,1.3444600784553078,1.2342274633381392,1.2923037537474749,1.228930310886813,1.2895483110057135
2013-03-21,1.3639947954485103,1.364820980767434,1.3666898247501262,1.3474582124225827,1.3581174425981903,1.2455727626559445,1.305569923507002,1.2402269175755225,1.3027861947132433
2013-03-22,1.340812484324175,1.341251577685849,1.3432739990984117,1.324188650925717,1.3348484896327684,1.223378898476471,1.2828421653851452,1.218128306731058,1.280106896588482
2013-03-25,1.3530967216099186,1.3583833673269405,1.3580179384815616,1.3411024960165252,1.349499949595549,1.2367533193748559,1.2957339727939041,1.2314453262601235,1.292971216158527
2013-03-26,1.3503757253052724,1.3534350240053628,1.3541716465549158,1.3362171037632518,1.3456777830290736,1.2331735969656694,1.292553919341048,1.2278809675791784,1.2897979431976254
2013-03-27,1.3668102070973076,1.373667133679614,1.372544468411953,1.356191827715601,1.3639353637777658,1.249058254441612,1.3087454886265073,1.2436974500591933,1.305954988910793
2013-03-28,1.354824947404243,1.3621317410534923,1.3607655432114172,1.3448031842622694,1.3522303203361554,1.2377619333341208,1.2970887585152155,1.2324496113723442,1.2943231132133994
2013-03-29,1.3529364091151719,1.3546368432033102,1.3560528606680167,1.33740363384371,1.347547197474104,1.2332456532881535,1.2938135515795806,1.2279527146447904,1.291054889655436
2013-04-01,1.3088978474546689,1.307232521846838,1.310246671299837,1.2906023734467744,1.3020283214034094,1.190637523692642,1.2504034150068237,1.1855274539003113,1.2477373119299249
2013-04-02,1.2972546340358562,1.315385223905497,1.3085048154738816,1.2986513597220277,1.3002973911389992,1.1880913779562343,1.2435049982276796,1.182992235908205,1.240853603915952
2013-04-03,1.3209366035935595,1.3319298217253923,1.328649375180202,1.3149854830376815,1.3203155967443687,1.2094964340442398,1.2660565693038999,1.2043054241284994,1.2633570906600968
2013-04-04,1.3553717396789424,1.382454690231472,1.3712053690608859,1.3648675920904065,1.3626046637512337,1.2511455921055896,1.30437458799557,1.2457758291266792,1.301593407889416
2013-04-05,1.39071911754889,1.4507953076947053,1.4231463676650147,1.4323388044622183,1.4142198692739154,1.2997498697323264,1.3467804648833936,1.2941715031726149,1.3439088672068042
2013-04-08,1.4354482040587733,1.5141665077187116,1.477292616697954,1.4949038185605559,1.4680264930821707,1.3493724026850173,1.3942022466858366,1.3435810623179005,1.391229536554772
2013-04-09,1.4367535194290557,1.497422902635575,1.4695548411362491,1.4783732196814656,1.4603372516998527,1.340174275446173,1.389995816476629,1.334422412309711,1.3870320752722236
2013-04-10,1.4627789075634103,1.5266091588669715,1.4972077210297856,1.5071881787149584,1.4878166825417054,1.3626710924142058,1.4142400150958483,1.3568226757066324,1.4112245805485106
2013-04-11,1.4932594560252748,1.562131635564987,1.5302658917150798,1.5422587510660783,1.520667500199834,1.3949921989164722,1.445770961150942,1.3890050639955842,1.4426882964990746
2013-04-12,1.5007435255064465,1.5766251122349797,1.5412752301268446,1.5565678468674597,1.5316077839845748,1.403889162225691,1.4540175450350163,1.3978638426326881,1.4509172970637152
2013-04-15,1.4847448142768984,1.5493963053054165,1.519621836292489,1.5296854351601907,1.5100902082147667,1.3824350868623223,1.4351101814019562,1.3765018455217304,1.4320502476042676
2013-04-16,1.4657872896892479,1.5235460879264133,1.497178395360973,1.5041640750762766,1.4877875408142929,1.3640104177490562,1.4163802615245684,1.358156252821895,1.4133602635559217
2013-04-17,1.4832627508878014,1.55152380044015,1.5199462412639135,1.5317858650565528,1.5104125783986802,1.3866075852730835,1.4365932380033506,1.3806564360825684,1.433530142040779
2013-04-18,1.465097935711077,1.5355133879302025,1.5028308099750682,1.515979131334837,1.4934045014012376,1.371145833656978,1.4197977826648516,1.3652610444024615,1.4167704978769926
2013-04-19,1.4705759319437397,1.5394578218642074,1.5075493950419683,1.5198733855796278,1.4980934897639862,1.3754497046598102,1.4246743306306966,1.3695464437203653,1.4216366480948945
2013-04-22,1.493198787919542,1.5584262630769925,1.528378568330302,1.5386005170123893,1.5187920148027296,1.3936592484338344,1.4450420527255006,1.3876778343724525,1.4419609422480482
2013-04-23,1.4916371175779386,1.5495398514742316,1.5231434777895219,1.5298271551855696,1.513589760678745,1.3878253538300418,1.4412327449702713,1.3818689781266766,1.4381597566772317
2013-04-24,1.5172950853062013,1.5714740947239196,1.5469780910160456,1.5514823587738438,1.5372748744290003,1.410646994596211,1.4654720077810561,1.4045926712179488,1.462347336669187
2013-04-25,1.5270458145502241,1.5839721325711298,1.5581219073082258,1.563821401017261,1.5483487925993407,1.4214557497087046,1.475805151792331,1.4153550364830758,1.472658448409347
2013-04-26,1.511310614889512,1.5672938598480142,1.5418878355756298,1.5473553033630845,1.5322165469462643,1.4066086010308907,1.4604929415917227,1.4005716099410515,1.457378886816572
2013-04-30,1.5209691350457915,1.5808904269087996,1.5535360308858852,1.560778899721127,1.543791680483635,1.4142724835444798,1.4691306742931074,1.4082026000136203,1.4659982021932307
2013-05-01,1.5155532897810895,1.5766801228913925,1.5487119394317779,1.556622157697817,1.5389978475086143,1.4071749448199677,1.4628157497510115,1.4011355230522515,1.459696742297464
2013-05-02,1.5079205791538648,1.5694328550598473,1.5412527309079025,1.5494670870366447,1.5315854258890238,1.4012188829311347,1.4560364096168252,1.395205023848395,1.4529318570339014
2013-05-07,1.5512487920287379,1.6102186585265914,1.5834219834194567,1.5897340279805152,1.5734901773111252,1.4407426611321779,1.4974899479970762,1.4345591708551872,1.4942970084144869
2013-05-08,1.5586961041347902,1.6078759499537802,1.5860765329595934,1.5874211225150876,1.5761280765384496,1.442209932414737,1.5018466741177217,1.4360201447898895,1.4986444451483825
2013-05-09,1.5419358547516622,1.585759087429049,1.566650790723935,1.565585622869403,1.5568241797157105,1.421787592356297,1.4831432294970888,1.4156854549028448,1.4799808799063991
2013-05-10,1.5747079856273967,1.628051877637014,1.6041666518794349,1.6073403792037786,1.5941047275669333,1.4553011407044063,1.516378450232618,1.4490551672239185,1.5131452366925813
2013-05-13,1.592981145635529,1.6642316133187487,1.631272108199727,1.6430598491229904,1.6210401684778968,1.481724060169664,1.538930950894731,1.4753646827690932,1.5356496510405613
2013-05-14,1.5960578376180417,1.6460762220915874,1.6239274420097338,1.6251354243423664,1.6137415707404659,1.4726160459200957,1.535681690064769,1.4662957589963146,1.532407318266131
2013-05-15,1.6160431977765821,1.658545214052832,1.6402626554206674,1.6374457902112753,1.6299743236740065,1.4913013376957263,1.5550387108282246,1.4849008557981067,1.5517230660995887
2013-05-16,1.6089193552731504,1.647505141556331,1.6312006849905876,1.626546165600591,1.6209691932614416,1.4821546115315654,1.5468465382480687,1.475793386257511,1.5435483608233926
2013-05-17,1.6214281104125068,1.6706163056687713,1.6489425030883809,1.649363317681916,1.6385997281389677,1.4976748143529746,1.560950220735713,1.4912469782775382,1.5576219715191462
2013-05-20,1.645982536665333,1.681247031850698,1.6667094039236108,1.6598588035366237,1.6562551884257593,1.5106621514384773,1.5795506502436407,1.5041785753098318,1.576182741296664
2013-05-21,1.6523326686338413,1.6701389746859119,1.6644984292915708,1.6488920591344867,1.654058081841268,1.5075199509205843,1.5809820089135533,1.501049860730042,1.5776110480317305
2013-05-22,1.6581536209777261,1.6779769483874818,1.6713220527996164,1.6566303209151592,1.660838905068436,1.511914266701464,1.5860752428908196,1.5054253166481315,1.5826934222443678
2013-05-23,1.5455129086740451,1.5422271221449828,1.547098565297419,1.5226074558046447,1.5373945930512904,1.4023350978130402,1.4747586893590598,1.396316448073332,1.4716142172373472
2013-05-24,1.5528093938950602,1.5506811188670886,1.554978644568012,1.530953903779521,1.545225245561201,1.4083264612693471,1.4813941154098027,1.4022820973346775,1.4782354952702599
2013-05-27,1.503510707834372,1.507310632782459,1.5084894248360512,1.4881351616331093,1.4990276233448363,1.3647958047594118,1.434976562638035,1.3589382690478118,1.431916913741518
2013-05-28,1.51484447230404,1.5197847651929082,1.5204067213056007,1.5004506025562516,1.5108701701398768,1.380364527461733,1.4485384123861988,1.3744401727073907,1.4454498469904877
2013-05-29,1.5327881321814214,1.534561952302922,1.5368323749271708,1.515039799534083,1.5271927960097293,1.393429872524645,1.463989024177325,1.3874494429164501,1.4608675150746935
2013-05-30,1.4736637183982926,1.469710644548487,1.4747729128406128,1.4510135071107928,1.4655225937358336,1.3391399141957987,1.407237196624983,1.3333924904105874,1.4042366934475121
2013-05-31,1.47393051583659,1.4712942460636895,1.4756869854557257,1.4525769626093041,1.466430932950705,1.3381813656178385,1.4068677282240392,1.3324380558052136,1.4038680128249994
2013-06-03,1.427788327460276,1.405574484984243,1.419842947495335,1.3876932650161178,1.4109371693727195,1.2869952500188866,1.3580015696641257,1.2814716247180498,1.3551060464115
2013-06-04,1.463003371238107,1.4562263527453734,1.462935512767388,1.4377007576844238,1.4537594421974818,1.3313965492899882,1.398173987117596,1.3256823590744475,1.3951928084640863
2013-06-05,1.4154327612196427,1.4000083100836338,1.4108882030907817,1.3821979010179846,1.4020385924245407,1.283424815018721,1.3502420294626192,1.2779165135857085,1.3473630510576469
2013-06-06,1.3888085915081763,1.3738287102844828,1.3844275186533372,1.3563513488002226,1.3757438791496026,1.2580743155543275,1.3242060355951546,1.2526748153466716,1.3213825709887908
2013-06-07,1.374061949519642,1.367391779163492,1.3738440915428531,1.349996306033441,1.3652268351935295,1.249960810882486,1.312912532110392,1.244596132838846,1.3101131474481713
2013-06-10,1.4400600379536073,1.435528117670689,1.4410735089107471,1.417265838213627,1.432034564884313,1.3108014899595422,1.3763973604195199,1.305175691205266,1.373462613766073
2013-06-11,1.4224313003518718,1.41471927259807,1.4217981491020235,1.3967217158860499,1.4128801072345167,1.2950435698668177,1.3597001567756428,1.2894854021672106,1.3568010118052019
2013-06-12,1.4182115121764411,1.403020205331052,1.4137910819576065,1.3851714800025399,1.4049232633655169,1.2871903679950731,1.3535501490592385,1.2816659052718837,1.3506641171004055
2013-06-13,1.3538192593466192,1.337061203303501,1.348459833981333,1.3200515849997194,1.3400017970485294,1.2271781194953697,1.2912660623629453,1.221911221960683,1.2885128321808745
2013-06-14,1.3737050111891564,1.357464430583982,1.3686525532976332,1.3401952496608165,1.3600678601890601,1.2419166631862466,1.3084988056891491,1.236586509635015,1.3057088319493961
2013-06-17,1.4112254354990472,1.3846290973869038,1.4010285805821296,1.3670143372093815,1.3922408131011437,1.2701838211124568,1.3412554243026364,1.264732348396526,1.3383956070862695
2013-06-18,1.414135465995344,1.3950376259893849,1.4077325934877734,1.3772904522034244,1.3989027759676798,1.2755239202803532,1.3454566840197935,1.270049528515675,1.3425879089012613
2013-06-19,1.4390855328024348,1.4171768882050992,1.4313202083015837,1.39914806657917,1.4223424405702756,1.2981737659625374,1.3692717120824869,1.2926021638463305,1.3663521586960514
2013-06-20,1.4198134200744876,1.3922739503315715,1.4091599068086427,1.3745619350469114,1.4003211366534922,1.2764380716678012,1.3486391924430836,1.2709597564778172,1.345763631598123
2013-06-21,1.4267175879173533,1.3955489370701937,1.4142468966356418,1.3777952585660516,1.405376219005942,1.2805508861812689,1.3540924107566445,1.275054919297307,1.351205222590493
2013-06-24,1.415029052876823,1.384524357813127,1.4028669046444229,1.366910930095306,1.3940676065175686,1.268564654778201,1.3422100276657083,1.2631201313250047,1.3393481750494596
2013-06-25,1.3989405437219702,1.3689007029232492,1.3869762869168163,1.3514860338004202,1.3782766605994132,1.2540865795066436,1.3269205252871454,1.2487041941715764,1.3240912728612406
2013-06-26,1.3863056149191177,1.357622136808597,1.3749974487161352,1.3403509496027888,1.3663729580856545,1.2442312842329073,1.3157123262557826,1.2388911966128633,1.3129069718883488
2013-06-27,1.4266696975416377,1.4099764914912172,1.4215100914038508,1.3920392707579297,1.412593856340365,1.2873418686589757,1.3576524638061462,1.2818167557135731,1.3547576849150536
2013-06-28,1.4707210073077823,1.4608935461053332,1.4691301429981778,1.4423085766661532,1.4599152174249883,1.3334974327676339,1.402952592570662,1.3277742258186356,1.3999612250016809
2013-07-01,1.4915483778260652,1.484201922351649,1.4912575008894173,1.4653204320185478,1.4819037843744784,1.3557726241186672,1.4246129693775076,1.3499538147884436,1.4215754176758228
2013-07-02,1.5201243220866925,1.5200378778291974,1.5235458425987853,1.5007004951833747,1.5139896017076695,1.3835628276602434,1.4528603836358964,1.3776247461948699,1.4497626029575752
2013-07-03,1.5229987124817348,1.532251313279237,1.5311185052742955,1.512758555640355,1.5215147658526524,1.3899360719884557,1.4575815078352214,1.383970637342393,1.4544736608026316
2013-07-04,1.5221486168151366,1.535201886827261,1.53217584030429,1.515671593038422,1.5225654688877528,1.3895350696151505,1.4569648528623986,1.3835713560219471,1.453858320658048
2013-07-05,1.5440361460053873,1.5557377279536406,1.5534342027435892,1.535946184479115,1.5436904910449676,1.40962265252582,1.4779712723655498,1.4035727254977213,1.4748199503925534
2013-07-08,1.5239090253406409,1.5312416142635552,1.5310663234861774,1.5117617016573583,1.5214629113679363,1.3888767111543359,1.4574596631290684,1.382915823154662,1.4543520758930706
2013-07-09,1.5561729434949974,1.5657922062977014,1.564552555640878,1.5458727533165253,1.5547391055362116,1.4195701237657972,1.4889936235466277,1.4134775034147669,1.4858187997788936
2013-07-10,1.5539385657183755,1.560113557298261,1.5605827625819337,1.5402663460751456,1.5507942124820449,1.4167669793203912,1.4864538320627454,1.4106863897205082,1.4832844236240232
2013-07-11,1.5566904155020365,1.5662742412474442,1.5650534044069437,1.54634865598864,1.555236812794274,1.4216142126907187,1.4903146879112505,1.4155128193614646,1.4871370473775631
2013-07-12,1.566122393055984,1.5714017874196444,1.572344434202132,1.5514109713374427,1.5624821105641309,1.4284395347666925,1.4984049812097773,1.4223088479946657,1.495210090598557
2013-07-15,1.5660754268810786,1.5713561340357738,1.5722980204891277,1.551365898739726,1.5624359879750362,1.4283968856707887,1.4983601446426675,1.4222663819434354,1.4951653496317217
2013-07-16,1.5754885870805602,1.5837306702920215,1.583220363804491,1.5635830105356088,1.5732898223286744,1.4397862356839768,1.5088393363867398,1.4336068502673616,1.5056221977025306
2013-07-17,1.578084557308127,1.5836064500468152,1.5844556904085756,1.5634603705762946,1.5745174005091291,1.4416037820114054,1.5110339893106832,1.4354165959095277,1.5078121711999442
2013-07-18,1.5881538893123122,1.5876301284629832,1.5915107776278425,1.5674328611830586,1.5815282356218365,1.4479689520925894,1.5191869004549405,1.4417544474636976,1.5159476987532527
2013-07-19,1.5744099260726856,1.57855711374795,1.5800820632162924,1.5584752701425633,1.5701712063181044,1.4374521491425327,1.5070979083804124,1.4312827813382392,1.5038844827591316
2013-07-22,1.5799224070444058,1.5876588136374032,1.5874102499012053,1.5674611814348658,1.5774534279159829,1.4442160716776065,1.5132841413763995,1.438017673949817,1.5100575255041748
2013-07-23,1.5881202747955034,1.592375374184503,1.5938778754495826,1.572117739571893,1.5838804861338567,1.4493715130979423,1.5199077359791875,1.4431509888497434,1.516666997316079
2013-07-24,1.5832766997604681,1.5893753373294204,1.5899494110268653,1.5691558681214128,1.5799766624874823,1.4466377394293062,1.51615833819628,1.4404289482014137,1.5129255939778807
2013-07-25,1.560670318893782,1.5617438509129546,1.5647670046082272,1.5418758996728226,1.5549522094006218,1.422400035372211,1.4926281993240584,1.4162952693886712,1.4894456259344446
2013-07-26,1.516580888866775,1.511286503852032,1.5173779834344923,1.4920604530813828,1.507860429628667,1.379603007516122,1.4490877339402328,1.3736819211117128,1.4459979972842174
2013-07-29,1.4665254533037164,1.4581889349327615,1.4656801547740543,1.439638372597454,1.456486868798191,1.3325585854787945,1.4004666030258828,1.326839407946873,1.3974805360697238
2013-07-30,1.4952731526591199,1.4891187426783978,1.4955896220287317,1.4701747023013503,1.486208732853792,1.3591879326595053,1.4281861411062486,1.3533544652451388,1.4251409707080491
2013-07-31,1.473785131813526,1.464139366089511,1.4722986452664328,1.4455131044799527,1.4630638456795493,1.338694774807543,1.4071574273630723,1.3329492615058305,1.4041570942691706
2013-08-01,1.514659997564675,1.5062408441646093,1.5138829499108024,1.4870789824865478,1.5043873182430192,1.3758536692517713,1.4462026063274684,1.3699486745459897,1.4431190213242024
2013-08-02,1.5565810805784486,1.5544193322905793,1.559044202211772,1.5346445609779766,1.5492653025294232,1.4177397275942472,1.4882296735594125,1.4116549630784299,1.485056478681513
2013-08-05,1.5411460001919197,1.5371206355271905,1.5426373892966145,1.5175659320980706,1.5329613991901305,1.4019256253230639,1.4725495919759364,1.3959087329889146,1.4694098300791485
2013-08-06,1.5531311874248535,1.5521957869468486,1.5562027271705614,1.5324493027893025,1.546441650266642,1.4158430374860684,1.4855858536021715,1.4097664133308851,1.4824182958622056
2013-08-07,1.504199619136453,1.5004448831746398,1.5057427601072353,1.481356755656166,1.4962981867092375,1.36865738656315,1.4374266852336641,1.362783277417459,1.4343618121996315
2013-08-08,1.4851833962205427,1.4818849082834125,1.486912455830511,1.4630328941813235,1.4775859930391586,1.3505031817922215,1.418807082732324,1.3447069882602734,1.4157819103092493
2013-08-09,1.486891191919896,1.48063057653556,1.4871355677350517,1.461794519596991,1.4778077055036263,1.3506175225910118,1.4196824809395063,1.3448208383224203,1.416655441997334
2013-08-12,1.4796640607860758,1.4628596868533181,1.4745933297088674,1.4442497048690344,1.4653441370156606,1.338184417674914,1.4096978242946734,1.3324410947632361,1.4066920745808278
2013-08-13,1.5076667568947626,1.4907126362220746,1.502584627257884,1.4717483188968008,1.4931598628327647,1.3635680397143042,1.4364071173745796,1.357715773419252,1.4333444182573594
2013-08-14,1.5264669486743092,1.5154284855874613,1.524400524926022,1.496149741994549,1.5148389231524333,1.3833154874859075,1.4557609398864046,1.377378467574137,1.4526569746584803
2013-08-15,1.5025272130608882,1.486841893682669,1.4980709830562773,1.4679268185708292,1.4886745298706896,1.35917012007319,1.4316420951611595,1.3533367291082528,1.428589555997305
2013-08-16,1.4904177208195046,1.4780368629961036,1.487594491060106,1.4592338023610592,1.478263750292491,1.348753871833876,1.4203865812845207,1.3429651861250875,1.417358041063582
2013-08-19,1.4993483330538633,1.4876372130403148,1.496882035720009,1.468712020157748,1.4874930400501944,1.356195723227243,1.4285612518045654,1.3503750980076903,1.42551528159746
2013-08-20,1.469382034975913,1.456087372185092,1.4660516167984732,1.4375635451855278,1.4568560008759235,1.3303210495101099,1.4006564518979003,1.3246114752073284,1.397669980147052
2013-08-21,1.4643415617717679,1.451350835675305,1.4611523891557663,1.4328872652129243,1.4519875029941631,1.323472468618058,1.394650743023555,1.3177922875820267,1.3916770766111413
2013-08-22,1.461384479963239,1.448855255396078,1.4584204858067908,1.4304234328206986,1.4492727351495909,1.3192517083537456,1.3910207408235933,1.3135896423015765,1.3880548142813032
2013-08-23,1.489224080130598,1.481971074613833,1.4889750630671654,1.4631179643342562,1.479635662843236,1.344781951312468,1.4177292305244282,1.3390103125979747,1.414706356291724
2013-08-26,1.4874403438436015,1.481499814491765,1.4878468269076541,1.462652699416281,1.4785145033966276,1.342615201152925,1.4157389024757803,1.3368528618635864,1.4127202720092644
2013-08-27,1.480801044863758,1.4706904479958662,1.4790967758569655,1.4519808458463026,1.4698193358901763,1.337576395975828,1.4099210671959819,1.33183568261849,1.4069148414848867
2013-08-28,1.4552679820121908,1.4444526162853177,1.4531513175357094,1.426076802522862,1.4440366170433854,1.3120057853141185,1.3842925065255645,1.3063748178723205,1.3813409258863234
2013-08-29,1.4595591421279843,1.4498272456491088,1.4579967459896377,1.4313830577585456,1.4488516531847022,1.3133210371477533,1.3870323648539853,1.3076844248068733,1.38407494230434
2013-08-30,1.4456447528868202,1.4377254059977485,1.4449615005922265,1.4194351734180823,1.4358981696493955,1.3035417506638411,1.3752499551884376,1.297947109817608,1.372317655025924
2013-09-02,1.461996715177759,1.45879165023342,1.463721672131298,1.4402334203678722,1.4545406704801933,1.3210580929891476,1.3922622858285758,1.3153882741563254,1.3892937120710604
2013-09-03,1.5017465056601356,1.501537872866846,1.5050653593080392,1.4824358407212481,1.4956250348174498,1.3587409627006735,1.4310461630580793,1.3529094136263886,1.4279948945372782
2013-09-04,1.5103727382487755,1.510440760970435,1.513850052307346,1.4912254694406972,1.5043546269854533,1.3665464212571636,1.4392666359163757,1.3606813721148976,1.436197839749922
2013-09-05,1.5141397247994786,1.5187369234084038,1.5198978676086246,1.4994160910432075,1.5103645081607817,1.3721246412977335,1.4439997314680768,1.3662356511212257,1.4409208434221048
2013-09-06,1.5004204939828751,1.5003748589238652,1.503818099024384,1.481287622229069,1.4943855978098597,1.3579146268253257,1.4299793438945285,1.352086624282971,1.4269303500395036
2013-09-09,1.536341783662177,1.542011172259958,1.542688447113483,1.5223942531574504,1.5330121367535592,1.3911470260740224,1.4645951027840078,1.3851763941619828,1.461472301404006
2013-09-10,1.5597039806898054,1.5669577845160239,1.566898787701976,1.547023503462246,1.557070621165329,1.411250186095429,1.4863123891761256,1.405193273893451,1.483143282321125
2013-09-11,1.5565023064391992,1.5684827796778273,1.56606113626699,1.5485290981765953,1.5562382237887846,1.412607721638108,1.4855032618239568,1.4065449830605703,1.482335880185712
2013-09-12,1.552346412769076,1.5612335793903067,1.5603438881695544,1.5413721196434669,1.5505568363779956,1.4060856211330768,1.4800876102618268,1.4000508746086282,1.4769317758451588
2013-09-13,1.552351804961418,1.5609546160830379,1.5602066344114727,1.5410967052084303,1.5504204435260571,1.406247741435346,1.4801756070012382,1.4002122991105024,1.477019584958421
2013-09-17,1.547372996414998,1.5536563958761274,1.5540528506204645,1.5338913303699366,1.544305258534412,1.3981134108042121,1.4735185595754392,1.39211288002584,1.4703767316514256
2013-09-18,1.5595160133477068,1.5653474530486873,1.5659968063321303,1.545433658060569,1.5561742973549793,1.4093123208619884,1.4852017308754357,1.4032637257392173,1.4820349921597713
2013-09-19,1.5900918851842096,1.6019467960704719,1.599664295628352,1.581567397224107,1.589630611753198,1.4394461501888522,1.5156394734776946,1.4332682243773482,1.5124078355797088
2013-09-20,1.5931325506296266,1.6021650882944924,1.601295937110509,1.5817829124118932,1.5912520189787835,1.441094927584362,1.517956111981165,1.4349099254230915,1.5147195345596878
2013-09-24,1.5877276073889308,1.5906139943265338,1.592795211356188,1.5703787673636256,1.5828046129085744,1.4338329672026249,1.5115558553366943,1.4276791324820248,1.5083329245061714
2013-09-25,1.5803262416508075,1.5820700601379756,1.5848037578744114,1.5619435260748395,1.5748632847675696,1.427403722804171,1.5046437996219364,1.4212774816096727,1.501435606637446
2013-09-26,1.6025634041433974,1.6064045520231187,1.6081438229783331,1.5859684431869208,1.5980569523832693,1.449719807005179,1.5269914994317515,1.4434977879223736,1.5237356568083449
2013-09-27,1.6002451039256689,1.6075641197254698,1.6075650484750694,1.587113259280321,1.5974818081669455,1.4494253019989172,1.5257324492324167,1.4432045468953718,1.5224792911487115
2013-09-30,1.571535264763331,1.5795806843852804,1.5791541890237857,1.55948581927736,1.5692491520944174,1.4234857160025671,1.4983933750759104,1.4173762904113105,1.495198509211223
2013-10-01,1.5688630788745461,1.5747555713014654,1.575396457670153,1.5547220895704805,1.5655149906164099,1.4211627910719127,1.495902352810434,1.4150633351887172,1.4927127982893074
2013-10-02,1.5450121712948401,1.5479719827251999,1.5500240970640822,1.5282792323065604,1.540301774804771,1.3989637970751037,1.4728482736252075,1.3929596165434623,1.469707874881099
2013-10-03,1.5417722873829602,1.5420640245099273,1.5454422277125992,1.5224464330398446,1.535748644626098,1.3966912411196843,1.47010763251816,1.3906968141186586,1.466973077353492
2013-10-04,1.5286387306645501,1.525750379073219,1.5306879602966146,1.5063403240130897,1.52108692141171,1.3818392210518402,1.4560296982279317,1.3759085370940107,1.4529251599549942
2013-10-07,1.5043614964302838,1.497118748613919,1.5041771516701021,1.478072934999375,1.4947423983450867,1.3554085668128146,1.4305452664414964,1.3495913199717657,1.4274950659296233
2013-10-08,1.5088397525878732,1.5049001754767886,1.510317901236638,1.485755369310169,1.5008446308677181,1.3642429333134836,1.4373297476157572,1.3583877704581222,1.434265081271564
2013-10-09,1.5322270878037105,1.5386845027049036,1.5389593042988223,1.5191099043123333,1.5293063844966732,1.3905322378301745,1.4623155307997318,1.3845642445136537,1.4591975899101992
2013-10-10,1.5470483257634218,1.553830216603775,1.553976722999768,1.5340629398119499,1.5442296084142022,1.4030665243519727,1.4759782504254242,1.3970447354195328,1.4728311779625165
2013-10-11,1.5700370036419864,1.5767022598451286,1.5769596048007928,1.5566440130330816,1.5670683331122885,1.423630643002673,1.497760836890446,1.41752059540256,1.4945673197200942
2013-10-15,1.5709929928943787,1.5729658993452234,1.5755706494365815,1.5529551851859762,1.5656880897878969,1.4230502836856893,1.4979111618170784,1.4169427269163752,1.4947173241247695
2013-10-16,1.5698148131243501,1.5738751297363507,1.5754339065562728,1.5538528486706187,1.5655522046093178,1.421802045968972,1.4966925263009982,1.4156998464823933,1.4935012869764321
2013-10-17,1.5822108356588085,1.5883045938199987,1.5888753971013216,1.5680987462310705,1.578909385173011,1.4342481631485162,1.5091526280114134,1.4280925464579899,1.5059348213285773
2013-10-18,1.5826782070125405,1.5882119349850927,1.5890637076672491,1.5680072661689912,1.579096514585684,1.4328504075969293,1.5086398139661015,1.4267007899012936,1.5054231007024674
2013-10-21,1.5917218704480243,1.5994776070262335,1.5992394985613283,1.5791296203269403,1.5892084791698993,1.441665298633709,1.5175905907139402,1.435477848510056,1.5143547926548382
2013-10-22,1.5932691416739557,1.6011594442837247,1.6008576167668205,1.5807900618474762,1.590816447941794,1.4425047324664222,1.5187700380428908,1.4363136795960172,1.5155317251728766
2013-10-23,1.5712709909181597,1.5768857603584792,1.5776709554460542,1.5568251791179986,1.5677752219041985,1.422401484700544,1.497702236812343,1.4162967124966659,1.494508844588746
2013-10-24,1.579376082287508,1.582473795600359,1.5845355322825518,1.562342125357896,1.5745967415854527,1.4263113516449992,1.5036240611896894,1.4201897987731453,1.5004180424857072
2013-10-25,1.5473888421750315,1.5523697944532935,1.5534171819764346,1.53262109663398,1.5436735770383359,1.3976103884287314,1.4732690524643821,1.3916120165605195,1.4701277565380175
2013-10-28,1.5716210558675978,1.5775137454500772,1.5781608371595715,1.5574451752060403,1.5682620308991067,1.4189981163199386,1.496077952825365,1.4129079509545046,1.4928880238908822
2013-10-29,1.5671848582195482,1.5703385431697099,1.5723444400725244,1.550361253303669,1.5624821163977016,1.4160961540127757,1.4924357188696997,1.410018443512596,1.4892535558858209
2013-10-30,1.579922170077431,1.5862417893645142,1.5866944768644198,1.5660621840420856,1.5767421444714178,1.4267604444842736,1.504120762460348,1.420636964161196,1.5009136846927307
2013-10-31,1.5665969411802536,1.5690895221238423,1.571424492707817,1.5491281218604547,1.5615679392818298,1.4113486084845113,1.4896568205376588,1.4052912738657473,1.4864805827050587
2013-11-01,1.5514579943282845,1.5522370355803583,1.5553949560121516,1.5324900266723296,1.5456389457465693,1.394598067123575,1.4736258270315667,1.3886126237678615,1.4704837703924913
2013-11-05,1.551636965436327,1.5498403560228484,1.5542838909243264,1.5301238368219243,1.5445348496683584,1.394901508086452,1.473871141387468,1.3889147623994518,1.470728561690513
2013-11-06,1.5645314684088112,1.566209002214809,1.5689484764240176,1.5462842469038347,1.5591074534844762,1.406514802293604,1.4861306455565357,1.4004782137764087,1.4829619262142517
2013-11-07,1.5543634443864187,1.5537986409892284,1.5576337586535924,1.53403176589117,1.5478637057929328,1.396929688819544,1.4762375469519435,1.3909342384303223,1.4730899216184516
2013-11-08,1.5440874978863137,1.5409803230811927,1.5460605493916442,1.521376518076241,1.5363630879637449,1.3857508015399238,1.4654511500544138,1.3798033295598005,1.462326523415273
2013-11-11,1.5529736796821303,1.5506867698904485,1.5553780119819123,1.5309594829125674,1.5456221079955308,1.394050138937368,1.4740561620995143,1.3880670472220296,1.4709131879024453
2013-11-12,1.5781253550875802,1.578223972458752,1.5817823745483426,1.5581463669586644,1.571860852670982,1.4204570725221917,1.4999527746606136,1.4143606454962026,1.4967545838529677
2013-11-13,1.576627527570807,1.5776960634964825,1.5807670688766182,1.5576251738669364,1.5708519153705307,1.419061290078794,1.4985039930835742,1.412970853579358,1.4953088913597983
2013-11-14,1.59552385385514,1.5974786283485258,1.600150613133032,1.5771560719468292,1.5901138788952995,1.4376046947822423,1.5172752715476745,1.4314346722708282,1.5140401458103123
2013-11-15,1.622012470039527,1.6308451667673465,1.6301457400100405,1.6100981331007196,1.6199208652845185,1.4656889858004927,1.544693023435597,1.4593984289666542,1.5413994377230038
2013-11-18,1.6245055226571203,1.6379987448138005,1.6349794952461,1.6171607058650102,1.62472430142669,1.4702053811088054,1.5482631781751592,1.4638954404618618,1.5449619801988586
2013-11-19,1.6194917955527155,1.6332186883746431,1.6300713797371686,1.612441459608139,1.619846971426677,1.4652101409223723,1.543242923869464,1.4589216392318485,1.5399524300509502
2013-11-20,1.6149639172702184,1.6274436795929368,1.6249083168287073,1.6067399184394597,1.6147162931511618,1.4601015624204303,1.538393526726727,1.4538349861204347,1.535113372765325
2013-11-21,1.6289538679913744,1.642641993454508,1.6395356594545736,1.6217448847437106,1.629251887694482,1.4725447931276037,1.5516117603220954,1.4662248120120447,1.5483034225179138
2013-11-22,1.6289968348789376,1.6453002120550297,1.6408890106970173,1.624369286430204,1.6305967502192766,1.4745925248108223,1.5527140513030986,1.4682637550827689,1.5494033632003326
2013-11-25,1.6412190473547437,1.6575547553712522,1.653155361581325,1.6364679317936768,1.6427861620311732,1.4855289597863897,1.5642966662361026,1.479153252224703,1.5609612817474015
2013-11-26,1.6322301603257898,1.645005437812279,1.6423620888744597,1.6240782622007979,1.6320605887076192,1.4753694671154778,1.554660095393227,1.4690373628466238,1.5513452579462779
2013-11-27,1.625931699223936,1.6367497769062809,1.6350686386302142,1.6159276268841367,1.6248128856706534,1.4686407508181758,1.5481138462410187,1.462337525371976,1.544812966669422
2013-11-28,1.641652402706465,1.6568624755703394,1.6530257449974377,1.6357844589308037,1.6426573584502586,1.4860355237826115,1.56477010856072,1.4796576421105652,1.5614337146009767
2013-11-29,1.6383499583983223,1.65354640479191,1.6497089241721314,1.632510574028436,1.6393613419472859,1.4821243832043924,1.561135336763166,1.4757632876666016,1.5578066928432555
2013-12-02,1.6385879846719198,1.6532948946708954,1.64970400755412,1.6322622635299575,1.6393564561681142,1.4816549653469044,1.561000533106458,1.4752958844928152,1.5576721766141406
2013-12-03,1.6409422881762823,1.6535829074604866,1.6510328386092283,1.6325466123230126,1.6406769523052231,1.4837687710436147,1.5632354485962952,1.4774006179954928,1.5599023268298329
2013-12-04,1.615715422430327,1.6250710923564609,1.6241088931047498,1.6043975144161273,1.613921883707357,1.4587773828240738,1.5380544007989707,1.4525164897400198,1.5347749699199502
2013-12-05,1.6014883897149526,1.6106721246995312,1.609763272486258,1.5901817253176718,1.5996662441071778,1.4463521126093384,1.5247323767255379,1.4401445472566237,1.5214813509907663
2013-12-06,1.6090156994676512,1.6187694321261668,1.6175923198417552,1.5981760216717587,1.6074461847929673,1.4530072675968344,1.5318235977114742,1.4467711391375586,1.5285574521154943
2013-12-09,1.6323910830715063,1.6398467495967866,1.6398750690287265,1.61898520098673,1.629589168366727,1.4741225737509973,1.5540809114715872,1.4677958209950845,1.5507673089573144
2013-12-10,1.6357356920244053,1.6458581178937037,1.6445578741861342,1.6249200947887166,1.634242601244759,1.4778272511463788,1.5576255671301422,1.4714845983707945,1.5543044067211575
2013-12-11,1.628010797500749,1.6356249935164375,1.6355637752242111,1.6148171525895605,1.6253049165854947,1.4705582896411236,1.5501168930586242,1.4642468343541706,1.546811742601952
2013-12-12,1.618004613800185,1.6279701317501492,1.6267076250173387,1.607259673259088,1.6165043154158605,1.463324377843583,1.5415400474806602,1.4570439696162274,1.5382531845255343
2013-12-13,1.6122942050204814,1.6226566264732998,1.621182068913021,1.6020137645113959,1.6110134176353776,1.458644394571351,1.5363547347213986,1.4523840722565189,1.5330789278607588
2013-12-16,1.5924631258888404,1.6017362920350406,1.6007618151079435,1.5813595711463375,1.5907212471862207,1.4390693242129675,1.5165970206949237,1.4328930156922002,1.5133633411201872
2013-12-17,1.6043870591614622,1.6134183065628795,1.6125925479923235,1.592892971229567,1.6024777733547932,1.4496104288311304,1.5278294879402368,1.4433888791859948,1.524571858562481
2013-12-18,1.6264630289476556,1.638389251383844,1.6361637679990286,1.6175462445490025,1.625901145984555,1.471120306368258,1.5496757092690734,1.4648064389746458,1.5463714995019773
2013-12-19,1.6438003070251659,1.662753010668761,1.6570466353603133,1.6416000567313802,1.6466530283072396,1.4890601653794044,1.567384173662513,1.4826693023176838,1.5640422060079704
2013-12-20,1.6410970957190045,1.6623795108309292,1.6554995162388844,1.6412313084259857,1.6451156132869924,1.4878910580370532,1.5654807091113172,1.481505212640235,1.5621428000131061
2013-12-24,1.6347135758478326,1.6556397285604716,1.6489235318385416,1.6345772672746242,1.6385808758837985,1.4826332484969074,1.5596703917687722,1.4762699689718766,1.5563448713962786
2013-12-25,1.6348616104070768,1.6570576620651112,1.6497054781505427,1.635977162332232,1.6393579175404145,1.4840129550108614,1.5604677005859529,1.4776437539551892,1.5571404801961168
2013-12-26,1.6628880496092986,1.689687940539019,1.6800934655214943,1.6681923299790393,1.669555300257805,1.5119414924350598,1.588529474635247,1.5054524255322297,1.5851424210897767
2013-12-27,1.6771743340323308,1.7076505331144178,1.6962468554101127,1.685926408823953,1.685607370133157,1.5268909616954804,1.6032094092330689,1.5203377335095067,1.5997910552142232
2013-12-30,1.6944261016342512,1.7244794549916702,1.7133274414576527,1.7025412391271704,1.7025808204514872,1.5411571895012386,1.618941962128961,1.5345427324203997,1.6154900632499687
2014-01-06,1.6808310828046285,1.7066497080459382,1.6975897283564871,1.6849383158969502,1.6869418200856166,1.5249161796870043,1.6039124210194522,1.5183714270224948,1.6004925680428588
2014-01-07,1.6677662478255315,1.691776828861394,1.6835952174604685,1.6702546442052135,1.673035087918361,1.5122075521281175,1.5909954513463276,1.5057173433298128,1.5876031398592858
2014-01-08,1.6947792073692227,1.7197523652971296,1.7111498752074665,1.6978742857907811,1.7004169126991693,1.5384341234681185,1.6176764456957418,1.5318313534517318,1.6142272451437183
2014-01-09,1.6811353063042507,1.703660886615737,1.696256879294519,1.681987517192695,1.6856173311440672,1.5246353646547481,1.6039098906493126,1.5180918172138143,1.60049004306796
2014-01-10,1.6802772649940876,1.700941783925515,1.6944712471258085,1.6793030059622918,1.6838428991182537,1.5234667451401975,1.602885923815301,1.5169282132704691,1.5994682595302305
2014-01-14,1.6427999141887775,1.6580396847700443,1.654208564866642,1.6369466920926872,1.6438327592374213,1.4865817136657893,1.5656068673371093,1.4802014878139511,1.5622686892450446
2014-01-15,1.6769466567310014,1.6939219147151698,1.6892980375145497,1.6723724410377305,1.6787021377837996,1.5185477048695557,1.598709895513409,1.5120302849155818,1.595301135332223
2014-01-16,1.677487552017085,1.6906490855705698,1.6879434541975398,1.6691412476644667,1.6773560509124643,1.5180533985653064,1.5987080102655082,1.511538100113186,1.5952992541040372
2014-01-17,1.681951971664555,1.6959278732766896,1.6928233024376003,1.6743528805060477,1.6822052909463323,1.5226682539337,1.6032650299659084,1.516133149090008,1.5998465573528513
2014-01-20,1.6789716748990668,1.687634777583284,1.6871937612626684,1.6661652866340644,1.6766110603279127,1.5189525554267778,1.599888981522942,1.5124333979040125,1.5964777073012468
2014-01-21,1.6806177925669628,1.6914589915534521,1.6899269826729597,1.66994085031075,1.6793271379664347,1.5205445003516995,1.6015115820588308,1.5140185103971404,1.5980968481374664
2014-01-22,1.6857904714539993,1.6963435901076407,1.6949684430922825,1.6747633087349514,1.6843369764884288,1.5259358950977204,1.6068149090806574,1.5193867659401026,1.6033888674354648
2014-01-23,1.6689501181956976,1.67824990282842,1.6774654962441684,1.6568998029265318,1.6669438145720892,1.5101058825541562,1.5904550263516293,1.5036246938631384,1.5870638671556991
2014-01-24,1.6406793944560767,1.6472325093047326,1.64776283167038,1.6262770016797818,1.6374274560547637,1.481664619517135,1.5620092185647587,1.475305497228535,1.5586787113590226
2014-01-27,1.5945218709893805,1.5969571890627279,1.5994497507833076,1.576641266226644,1.589417412612473,1.4355328086061863,1.5157257897661036,1.4293716783753794,1.5124939678250178
2014-01-28,1.5889561332494044,1.5909973375416557,1.5936750290294208,1.5707572338223559,1.583678912041183,1.4324685495310463,1.511458771861874,1.426320570723258,1.5082360480321872
2014-01-29,1.6303577216191025,1.6308689475785987,1.6344121926022546,1.6101216113809276,1.6241605571140556,1.4681937879999505,1.55000021882937,1.4618924808631863,1.5466953171448286
2014-01-30,1.590683054364517,1.5853322540199042,1.5917295938472997,1.5651642194834703,1.58174567934534,1.4305824801921232,1.511290831177965,1.4244425961619338,1.5080684654304528
2014-01-31,1.5874057496640859,1.5769993571630574,1.58593027311642,1.5569373307843275,1.5759827340909045,1.4239529654380392,1.5062406933489847,1.417841534469683,1.5030290954767382
2014-02-03,1.555730942849827,1.5376672560792108,1.550378339075646,1.5178568927486364,1.5405301195155023,1.3903563500726361,1.4734675342360446,1.3842535638451041,1.4702559697397908
2014-02-04,1.4818129444545924,1.4790411480478194,1.483991130412987,1.4452254632279213,1.4670740549063366,1.3284952869791855,1.4056833777026951,1.3153359484000406,1.3987278700819514
2014-02-05,1.5086926868466262,1.4999303428805586,1.5079156981554926,1.4702541150778816,1.4930838676960332,1.3487961967652227,1.4291697975463322,1.3395348476224127,1.4242805051751917
2014-02-06,1.5097499941719859,1.5039172616650853,1.5104524712154652,1.4751231817630035,1.4960782555281897,1.3519012383056432,1.431315822881205,1.3424711931429671,1.42633950253607
2014-02-07,1.547018291115327,1.5348799679221394,1.5446318368616678,1.5098790124980048,1.5321678331342128,1.380616406702981,1.4641804772117724,1.3738021839112493,1.4605886318409051
2014-02-10,1.564731698867657,1.5510395877320584,1.561604670039196,1.5282593310794552,1.550265438175179,1.3952853319234098,1.48034175333429,1.3909312571006869,1.4780553740798574
2014-02-12,1.58412310532849,1.5651151914511343,1.5783629941580495,1.5438801532870319,1.5677934864352263,1.408623447058128,1.496592483600638,1.4067212646338976,1.4956038890791652
2014-02-13,1.558552523269634,1.5450894127566117,1.5555260312238535,1.5215649669464872,1.5438088571676836,1.3895447778448355,1.4743736824164115,1.3850009213886147,1.471986143402215
2014-02-14,1.537129831458316,1.5286361096401468,1.536556881529958,1.5015822704969475,1.5230615747176741,1.3725355136160713,1.4552157147886198,1.3663182907929878,1.451941617628142
2014-02-17,1.5497079355714996,1.5374088072071705,1.5472469040643466,1.5126488876223296,1.5349051405831504,1.3822321218278302,1.4663103371684196,1.377154134365539,1.4636396688757352
2014-02-18,1.5874018770047986,1.5721321979154614,1.58353424574693,1.5521060664568231,1.5735912485927666,1.4139688678239923,1.500977659263432,1.4128021101380324,1.5003825252092697
2014-02-19,1.582895284095486,1.5671836085114699,1.5787939535308178,1.5466930213593824,1.5686130171175259,1.409561511958381,1.496508104892891,1.4079265790068451,1.4956638076666076
2014-02-20,1.552718904133618,1.5399893272153051,1.5500481345208657,1.5149913156954016,1.5375846242247397,1.3829401046092973,1.468111366863234,1.3780786875853357,1.465553436268103
2014-02-21,1.5897399059637136,1.572402419474979,1.5848354658175214,1.5519250716099942,1.5746569915568926,1.4129752158300435,1.5015583342832064,1.4113816868195737,1.500732975233418
2014-02-24,1.5860895631286986,1.5674838630947308,1.5805369662891369,1.5464319336294907,1.570062057329057,1.4095989301322684,1.498040618870536,1.4083338788273878,1.4973894996327928
2014-02-25,1.6039129253932218,1.5845762999514699,1.598034851645885,1.567298660858129,1.5894758773355404,1.4262326591451997,1.5152950920108792,1.426352459602815,1.5153805845060508
2014-02-26,1.593460401787369,1.5736882665852807,1.5873375516777084,1.555275003708978,1.578199049372941,1.416559824048411,1.505219659124241,1.4163038715509484,1.5051050151800285
2014-02-27,1.5800062377883604,1.5593306592856468,1.5733954676581248,1.5386764079848856,1.5631144267913073,1.404730274257443,1.4925799476980584,1.4053814631772465,1.4929470287351982
2014-02-28,1.5734102765270035,1.5538231256515156,1.5673323032133224,1.5320005111639217,1.5564608607137322,1.3998650967473636,1.4868783552038,1.4004941750160171,1.4872347803151882
2014-03-03,1.5562639349730183,1.5374086414155554,1.5505180581063256,1.5132182362981839,1.5384443934038,1.3841333306445018,1.470426429210987,1.3821350373373937,1.4693844340298003
2014-03-04,1.56681457203943,1.545946469627559,1.5600792146047429,1.5216217257809082,1.5479310985295764,1.3911735523596425,1.4791503519601785,1.390542754167479,1.4788344877229147
2014-03-05,1.578868836595606,1.5602278735330368,1.5732856845359686,1.5356784184828633,1.5610347315483135,1.4017389577190917,1.49045710103848,1.4016616268051127,1.4904355354838852
2014-03-06,1.5966185731468137,1.5798151800032834,1.5920049492308712,1.5549575278570944,1.5796082319780258,1.4169719556820846,1.5069338116615492,1.4179279483482456,1.5074615371894116
2014-03-07,1.608709176543624,1.5919704161744703,1.6041573727620646,1.56692150707853,1.591666026306888,1.426839364018171,1.5178869713562213,1.4289709075329393,1.5190393872472392
2014-03-10,1.5962060888099496,1.581583494326656,1.5926911648598496,1.55669801858256,1.5802891041430087,1.4184524475961022,1.5075253412343539,1.4197276197882494,1.508223447863055
2014-03-11,1.6039258214161944,1.5893737033530928,1.6004650980636854,1.5643656523175473,1.5880025028290863,1.4242727768631571,1.5142639096140469,1.4263248734914267,1.5153746922210756
2014-03-12,1.5692034533016552,1.554847893737655,1.5657579083289725,1.530383090150513,1.5535655730693754,1.396455113595058,1.4830843306223727,1.3948896961160495,1.4822729225542448
2014-03-13,1.5638172962559622,1.5524306880901477,1.561855864384806,1.5280039181020697,1.5496939137892183,1.3935076722944388,1.4789741928802722,1.3918643843452456,1.4781220423749013
2014-03-14,1.5144236529734572,1.5021979716381877,1.5119197014747312,1.4785615899231976,1.500146596713189,1.3517170252767492,1.4334415205231954,1.3453605128106996,1.4300841878115578
2014-03-17,1.5005620475253396,1.4873093285785948,1.4975066890081645,1.4639072126908919,1.4858458163350943,1.3400794369923499,1.4207114301533037,1.3327891205118416,1.4168578115290098
2014-03-18,1.5152815497613012,1.5056922261970385,1.5141090911075545,1.4820008640226672,1.5023189378787651,1.3533163927922576,1.4346963494217357,1.3475386108629799,1.431646986785659
2014-03-19,1.5125045117483886,1.5026932701411966,1.5112134346355572,1.4790490951361737,1.499445829473947,1.3512155921209943,1.4322685287409551,1.3457529209365457,1.4293867756319194
2014-03-20,1.4870197820850375,1.477599721043536,1.4858643554961395,1.4543503812841028,1.4742941400266047,1.3307085839013861,1.40933622983814,1.3227327009478602,1.4051190586883804
2014-03-24,1.5073334425539608,1.5017328104787977,1.5081531213518717,1.47810374785685,1.4964093464167325,1.3488658077974416,1.4285774620178973,1.3439074960069137,1.4259646201697924
2014-03-25,1.508126740960727,1.4983998624678219,1.5068676221311275,1.4748232422222527,1.4951338571965076,1.3472586020667017,1.4280985305006169,1.3435540014914298,1.4261512214596983
2014-03-26,1.518584261832186,1.5086637933967582,1.5172528029889683,1.4849256750038655,1.5054381701206296,1.3573527165701587,1.438400606218674,1.354016454209731,1.4366495383162885
2014-03-27,1.5400753415886914,1.529787887215852,1.5386107783200573,1.505717391097574,1.526629833920212,1.3738834588804387,1.4573341352104474,1.3729214022758316,1.4568443770370592
2014-03-28,1.5540425184859334,1.5399325687618863,1.5506841750875506,1.5157024508294894,1.5386092168555998,1.3834086719043435,1.4689920647297439,1.3826289388014337,1.468598271711517
2014-03-31,1.5744429144614076,1.5589605067492847,1.5704418071523922,1.5344309931220388,1.5582129990354823,1.399559322383944,1.487208436550009,1.4002930501474873,1.4876186294048874
2014-04-01,1.5742012000343568,1.5621301453641578,1.571919883409668,1.5375507589574153,1.559679565722107,1.4019683040781994,1.4883738032114835,1.4025999002450942,1.4887312489136657
2014-04-02,1.5822525567090704,1.5697978301966282,1.5797975965580067,1.5450977963592591,1.5674959362329457,1.4091542576649,1.4959944141580606,1.409422778731641,1.4961592864837556
2014-04-03,1.5892471383170643,1.576057017895694,1.5864390258737586,1.551258498670597,1.5740856496784537,1.4145914101981563,1.5021871547145809,1.4150855582289683,1.5024719555059725
2014-04-04,1.5908589732160394,1.5744845502345202,1.5864526143039637,1.5497107730518007,1.5740991322974756,1.4137517333774938,1.5025034188395963,1.4141692272771555,1.5027478156718168
2014-04-07,1.5689374386411294,1.550486316473435,1.5634334169153994,1.52609014026234,1.5512591821414976,1.3949010139688724,1.4821339867805827,1.3946094076750326,1.482001676224928
2014-04-08,1.5401964892876472,1.5220406631111003,1.5347718078487276,1.498092065936656,1.5228207569686842,1.3713619290755366,1.456052090406333,1.3667553119033469,1.4536291496281808
2014-04-09,1.510180757764207,1.4926194229928018,1.5049828810598624,1.4691337552558177,1.4932637923372518,1.3470159804768567,1.4289392583088711,1.3407363350788137,1.4256277438567102
2014-04-10,1.5086282000155047,1.4921598528916438,1.5039765020669504,1.4686814162750186,1.4922652498751434,1.3469551970719404,1.4281730383284503,1.3403346371536036,1.4246804296348423
2014-04-11,1.4915454519765972,1.471639689428505,1.4851231253216521,1.4484841279758902,1.4735586817065935,1.3304717357150542,1.4113476691573297,1.3216138583384611,1.4066676069506745
2014-04-14,1.4897439685623697,1.4688711301442416,1.4828307341543523,1.445759130675652,1.471284141064914,1.328008658911425,1.409188596962834,1.3191233049412638,1.4044940231802738
2014-04-15,1.4928335768144039,1.4739823645657237,1.4869449326142357,1.4507899422167272,1.4753663028435962,1.3320121788951542,1.4127743080476065,1.3231333369235894,1.4080830941642835
2014-04-16,1.5325872453677478,1.5159486821794768,1.527907620077343,1.4920959394725652,1.5160100196561146,1.365086709488306,1.4491239155500866,1.358973406840656,1.4459012069535142
2014-04-17,1.5344029773310395,1.5173727731306543,1.5295306781933038,1.493497623019423,1.5176204392482076,1.3662440915771144,1.450596640233811,1.3610061284324662,1.447838554940788
2014-04-18,1.5429584165962724,1.5276783826251255,1.5389872955380146,1.503641078573857,1.527003419251874,1.374421518631129,1.4589818406362778,1.3698313466594294,1.4565675994948462
2014-04-21,1.5406135904618914,1.5256370426782455,1.5367895150939135,1.5016318581552321,1.5248227526130802,1.3723869444994463,1.4567933649212124,1.3663202478068532,1.4535954868009209
2014-04-22,1.5299039030983665,1.5145204701671993,1.5258493120307024,1.4906901997075745,1.5139677393629591,1.3630238175697642,1.4467603783985705,1.3564199134449644,1.4432772311337856
2014-04-23,1.5428983392190756,1.5285779061771447,1.5394098807763605,1.504526448543966,1.5274227138787695,1.3740974792072473,1.4587814344539696,1.368570192465547,1.4558698919345823
2014-04-24,1.533353835727988,1.518267844904719,1.5294572081512756,1.4943786112582194,1.5175475413069996,1.3661562975657657,1.4500540672345303,1.3590923828290853,1.446326832493015
2014-04-25,1.5411982602666794,1.5248644595829746,1.5366927139432651,1.5008714312932216,1.5247267052392934,1.371678403779513,1.4566936567667905,1.3663666129780407,1.453896555811743
2014-04-28,1.5304716941555525,1.5132041413549608,1.5254705070737204,1.489394582712857,1.513591884106572,1.3623908234558462,1.4466927923261934,1.3561218712368435,1.4433875405451433
2014-04-30,1.5333288222821124,1.5153908111554726,1.527997187614243,1.4915468462879142,1.5160988897432797,1.3639578322517685,1.4488752623088479,1.3588167735579781,1.4461687378210988
2014-05-01,1.5587851320190795,1.538738783183048,1.552454665750014,1.514284974144742,1.5402524022522925,1.3830945597268391,1.4710781955205467,1.3798292012849416,1.4693690468336258
2014-05-02,1.5574214529057169,1.5385882092520033,1.551699637196434,1.5123780353529266,1.5386088494472578,1.381183346232722,1.4694183241531849,1.3774571616955809,1.4674633364533842
2014-05-07,1.5207547606003742,1.506534291344097,1.5172709268475915,1.4741809884972452,1.501067441540018,1.3512827619000698,1.43621519176431,1.3443354072540294,1.4325460947872721
2014-05-08,1.5336109327916672,1.5141253574507278,1.527502272858615,1.4830587887967568,1.5119341225308993,1.36199808478654,1.447980075418108,1.3560431068695789,1.4448391663663243
2014-05-09,1.5411518750199162,1.5199527418392553,1.5341970955322752,1.4872873642934519,1.5178103099176719,1.3661370517034372,1.4537395271697373,1.3603088687412166,1.4506646409683137
2014-05-12,1.5308004565461983,1.512272007086584,1.5251678063214118,1.4749685167436304,1.506431088311718,1.3568632047559774,1.4439231405839454,1.350382175963551,1.4405003965079195
2014-05-13,1.5570190585491606,1.530958614888538,1.5476504559053503,1.4980835582491692,1.531140242731317,1.3759163580911027,1.4664274274466982,1.371831349396265,1.4642782392911242
2014-05-14,1.5636621110916986,1.534348658544907,1.5526686237209926,1.5006327697686292,1.5357187417608458,1.3794953186312735,1.4714653795801376,1.375991626048339,1.469624356545416
2014-05-15,1.5607267066422517,1.5307360945478194,1.5493844993751293,1.4982800144142039,1.533071938795473,1.377034148907395,1.4687713925961055,1.3731427525790743,1.46672397439542
2014-05-16,1.5355673426525562,1.5121958074046429,1.5275031303934317,1.4753510612818077,1.5089807463660059,1.3586884510447483,1.447143154718025,1.3533482498589713,1.4443263930394787
2014-05-19,1.5253352855167492,1.50225415003421,1.5173927415576967,1.464957963559515,1.4986398824640126,1.3499269366611208,1.4376555527394241,1.344081386008272,1.4345697290706527
2014-05-20,1.5308346747563137,1.506222484260297,1.5221331226623724,1.4680085604697513,1.5029083401222738,1.3521333711158259,1.4414239293117288,1.3469998392104057,1.4387156125520473
2014-05-21,1.5274838111273426,1.5039612794009034,1.5193238147341073,1.4711199587153154,1.5028352046084539,1.3530965535283992,1.440354994661565,1.3475368851490566,1.4374222359443247
2014-05-22,1.5498804822413657,1.5232104682145213,1.540187057448174,1.4905866552986222,1.523800659524492,1.369700760726486,1.4597534726499983,1.366570207514892,1.4581124211630754
2014-05-23,1.565085158703915,1.5349208927058542,1.5536659253666965,1.5065398982362839,1.5394260189770717,1.3825052038845629,1.473737546093767,1.3796458788518577,1.4722407576897576
2014-05-26,1.582246883400396,1.5488858351403814,1.5692566505046162,1.5197064163517007,1.554601012442504,1.3941523310053567,1.4880296172646854,1.3927434630667992,1.4873031549963203
2014-05-27,1.5827755095434868,1.5500084827592877,1.5700862174513328,1.5195722226981239,1.5547939356154492,1.3943430459681116,1.48838048195547,1.3932291164251425,1.487810890545584
2014-05-28,1.5860919132391746,1.5556883209313015,1.574602918408324,1.5253283383475518,1.5593598343993136,1.398353279232757,1.4920780524013917,1.397730626367856,1.4917707844118886
2014-05-29,1.587516082419306,1.5578049607373334,1.5763798645807843,1.5277425943470628,1.5612912810682744,1.39956204276389,1.4933928993586945,1.398727133887832,1.4929726083567159
2014-05-30,1.5879067585658058,1.5568115025652993,1.5760732525673802,1.5280112448863006,1.5616209254463782,1.3993996945847753,1.4934909086319699,1.3982262813273658,1.4928900643787348
2014-06-02,1.612884144611226,1.5776937833107338,1.5990458710656903,1.5515162725890599,1.5859161450284798,1.4177541371565383,1.5150390839399686,1.41833927534889,1.5153728948635516
2014-06-03,1.621814836056756,1.585024565475857,1.6071879023862654,1.5601860304831219,1.5947378194895183,1.4240775677984985,1.5226122102369553,1.4246653158092089,1.5229476897592633
2014-06-04,1.6280745691534193,1.5922762260120755,1.6139658164981763,1.568413553005203,1.6020203242074567,1.4296889692221344,1.5285504297486618,1.4302790331811461,1.5288872176481336
2014-06-05,1.6259225656733487,1.590721570699399,1.6121111988693835,1.566963095467572,1.6002210052220582,1.4285153944418585,1.5269126510979172,1.429104974040848,1.5272490781430652
2014-06-06,1.6296459284397378,1.5936113623977084,1.6154213580257606,1.5708111047146163,1.604018221851409,1.4312797296095727,1.5301384048367634,1.4318704501102464,1.5304755426172623
2014-06-09,1.62875590788658,1.5940542942316114,1.6152046290399205,1.5712466873068895,1.603803272421903,1.4313620784120344,1.529764390704884,1.431952832899863,1.5301014460782658
2014-06-10,1.6218355325836995,1.5861388087436958,1.6077628234332175,1.5623649022929127,1.5958615853609006,1.4252758200987297,1.5232621683459684,1.4258640626544155,1.5235977910745597
2014-06-11,1.6348835233486256,1.5999971736900023,1.6212538042217186,1.5783192671645367,1.6104305479518957,1.4363170306894402,1.5352898118020528,1.436909830194626,1.53562808460008
2014-06-12,1.633328824374744,1.6010457010288217,1.6210144831764588,1.5787405996473323,1.6098815331125904,1.4362747137055527,1.5345370095861532,1.436867495745592,1.5348751165180945
2014-06-13,1.6421419143111682,1.6122116601016485,1.6310417588286374,1.5904123939229973,1.620179688419761,1.4442234012048136,1.5429232924782479,1.4448194638423226,1.5432632471729744
2014-06-16,1.6298142621387808,1.601477302586952,1.6194910006030383,1.5782430843442796,1.6078993613125712,1.4353840674705325,1.5324104525531876,1.4359764819213585,1.532748090937502
2014-06-17,1.634082507572798,1.6008388274949281,1.6212832548855933,1.5781233675110364,1.6099366151506258,1.4360688029998214,1.5347809701677553,1.4366615000560015,1.5351191308519119
2014-06-18,1.6463640472068617,1.6096024014483756,1.6318124268502074,1.5885346287154147,1.6212957577825013,1.443936141792977,1.5447528063673488,1.4445320858722335,1.5450931641617232
2014-06-19,1.6732048736058631,1.6315771758225979,1.656253782732129,1.6149375091430518,1.6479859164740378,1.4631308079505994,1.5676149678155444,1.4637346740890929,1.567960362865597
2014-06-20,1.6726939312761107,1.6273553895206683,1.6538610420496498,1.6125817704061718,1.6465307320532492,1.461749397544033,1.566636893980344,1.462352693544188,1.5669820735298632
2014-06-23,1.6727343963215178,1.6276386588835134,1.65402465250823,1.613571770005833,1.6470566011058287,1.4622993002193547,1.5669497173422018,1.462902823176391,1.56729496581658
2014-06-24,1.6737727054359004,1.6247972103473438,1.6530994008348072,1.6117110383353563,1.646616081514356,1.4614616521543888,1.566989814226019,1.4620648293957177,1.5673350715350063
2014-06-25,1.6645236482402155,1.6172222891123875,1.644675830809824,1.603133676971854,1.637685108335731,1.4551329100736718,1.559264323875873,1.4557334753044948,1.559607879015526
2014-06-26,1.669150752224393,1.6217987691673719,1.6492887413755801,1.6088102607350303,1.642861198766878,1.4590586818741407,1.5635351023063984,1.459660867356991,1.563879598433322
2014-06-27,1.655328196081993,1.609603505574152,1.6362566053804797,1.5933574697900093,1.628167776348041,1.4481562987024086,1.5512178473449174,1.4487539845328763,1.5515596295918506
2014-06-30,1.6675392140324508,1.617191959009108,1.6461553068919446,1.603999671553218,1.6396102781726694,1.4561378577056743,1.5612175907359227,1.4567388377004016,1.5615615762419086
2014-07-01,1.6840375766256317,1.6309154696871417,1.6612929292189167,1.6209073028404817,1.6563656389783465,1.4683075669483143,1.5754717508521816,1.4689135696486582,1.5758188769994907
2014-07-02,1.689040162411463,1.6322397629705705,1.6644349193931314,1.6222234695542748,1.65949831020751,1.4711021545928464,1.579311066527339,1.4717093106807346,1.579659038597057
2014-07-03,1.6870938197578778,1.6288185108491442,1.6617324035279408,1.6188232120599104,1.6568038098342375,1.4688700258312641,1.5772031130458322,1.4694762606707115,1.5775506206668728
2014-07-04,1.69380497704678,1.6316363190029775,1.666477808004129,1.6216237286405937,1.6615351397394984,1.4732888097997416,1.5827130097496591,1.4738968683681388,1.5830617313748314
2014-07-07,1.6866859648124417,1.6220677040363405,1.6580929565758307,1.6121138317969113,1.653175157252664,1.4655433466851229,1.5752275941480551,1.466148208531206,1.5755746664999368
2014-07-08,1.6810046712484719,1.6194793576283004,1.6539723971335025,1.6095413688624112,1.6490668191302302,1.462603940568046,1.5709931078951789,1.4632075892568286,1.5713392472561023
2014-07-09,1.675042464819755,1.6127617235730765,1.6476101783514825,1.6028649577912653,1.6427234702885811,1.4571340525028422,1.5652696357196885,1.4577354436489869,1.5656145140190636
2014-07-10,1.6605547616588827,1.5986041813071614,1.6332535419393195,1.5887942937528057,1.6284094147561878,1.4442512722877296,1.5515812638196995,1.4448473464282454,1.5519231261387514
2014-07-11,1.6557677395946642,1.5975920234189471,1.6303768525390232,1.5877883470050267,1.6255412574355494,1.4422885136709471,1.5482890515352967,1.442883777737982,1.548630188476083
2014-07-14,1.6680787524613248,1.6095156494944627,1.6425220804409837,1.5996388033538465,1.6376504633561613,1.4544995268093106,1.5605988433224642,1.4550998306289846,1.560942692498868
2014-07-15,1.6792547679388081,1.6165606959945136,1.651622750256634,1.6066406176924974,1.6467241411580755,1.461871660676824,1.5697816996466838,1.4624750071376529,1.5701275720961392
2014-07-16,1.6790820297772568,1.6161664488544125,1.6513367524814546,1.6062487898630413,1.646438991634292,1.4616680886946563,1.569591683746722,1.4622713511368681,1.5699375143296779
2014-07-17,1.6800218198891432,1.621563321793645,1.6545489987183717,1.6116125447125689,1.649641710551099,1.4642901082179134,1.5714379793972877,1.4648944528250252,1.571784216777443
2014-07-18,1.6675249781682218,1.6123636741678176,1.6436994689530378,1.6024693510293775,1.6388243598080117,1.4550805870943402,1.560651540856663,1.4556811307303235,1.5609954016439966
2014-07-22,1.6805965354158516,1.6254430183856965,1.6568084553653324,1.6154684334178666,1.65189446579189,1.467531949545462,1.573446035190489,1.4681376321315114,1.5737927150087083
2014-07-23,1.6795029439716218,1.6261035704777935,1.656605472451247,1.6161249320101523,1.6516920849123486,1.4671990408612845,1.5727558870802723,1.4678045860486266,1.5731024148370822
2014-07-24,1.6748291586282231,1.6223529007258926,1.652389877006246,1.6123972783675233,1.6474889926580427,1.4632998798320132,1.5684777778971735,1.4639038157501763,1.5688233630515167
2014-07-25,1.6896135559757588,1.6372645950085176,1.6672769563652947,1.6272174665438415,1.6623319178769358,1.4769840368982585,1.5827348659162683,1.4775936205678333,1.5830835923570443
2014-07-28,1.6944713722207312,1.6411568908858964,1.6716554565265038,1.6310858772185342,1.6666974316823173,1.480483029052852,1.5868843709700304,1.4810940568331443,1.5872340116777248
2014-07-29,1.7004466479193276,1.6466145813423065,1.677382416021589,1.636510076376529,1.6724074053760838,1.4861862107409478,1.5927391167679712,1.4867995923492674,1.5930900474609357
2014-07-30,1.699747715946549,1.6404121612846876,1.6738786967102253,1.6303457176752119,1.668914077875619,1.4833597591354044,1.5908958101544561,1.4839719742052249,1.5912463347088006
2014-07-31,1.6949536485799657,1.6347791568155408,1.6686450749614175,1.6247472803247314,1.6636959787194332,1.4782779594513453,1.5859269604348982,1.4788880771511048,1.5862763901948367
2014-08-01,1.6852986716191947,1.6238584849817934,1.65832332645871,1.613893623555726,1.6534048438729743,1.4687693035961156,1.576309834551346,1.4693754968652892,1.5766571453549438
2014-08-04,1.6806073045788652,1.6223173154304409,1.6552282488820411,1.612361911442417,1.6503189461015455,1.468895560875677,1.5741835979808012,1.469501806253996,1.5745304403073803
2014-08-05,1.663527114074441,1.6051769862392644,1.6380727905651145,1.595326764449546,1.6332143697939567,1.4528172616177664,1.5575680325148147,1.4534168711297406,1.557911213907948
2014-08-06,1.6464088193543833,1.5900958341028704,1.621950025651588,1.5803381583031963,1.6171394239861474,1.4397993725048495,1.5425768908624022,1.440393609248793,1.5429167692339216
2014-08-07,1.6551656483786372,1.59864846646456,1.630625434977074,1.5888383071528678,1.6257891025937383,1.4478705538378935,1.5510032208607818,1.4484681217351953,1.5513449558187278
2014-08-08,1.616742141328348,1.5626024956499116,1.5933156839460358,1.5530135336330935,1.588590009935405,1.414896370818958,1.5153396525593175,1.4154803295485343,1.5156735297076536
2014-08-11,1.6498652651984307,1.5922718655522283,1.6247616939879654,1.5825008364634272,1.619942753091249,1.4435330976309189,1.5461968997565856,1.4441288753650197,1.5465375757303086
2014-08-12,1.6574034663764574,1.6006483133484346,1.6327475802762648,1.5908258819100423,1.6279049537435726,1.4507663987760926,1.5536037062689554,1.451365161852042,1.5539460141959058
2014-08-13,1.6626093520012144,1.6034927581343537,1.6367612673852765,1.5936528716662355,1.6319067365093025,1.4542587433068321,1.5579123396066359,1.4548589477498792,1.5582555968614875
2014-08-14,1.6729804895406752,1.6160181996254468,1.6482594755391602,1.606101450370384,1.643370841701677,1.464856041373654,1.5684491620520973,1.4654606195537772,1.568794740901467
2014-08-15,1.6731808941965263,1.6115935196832618,1.6460987792329616,1.6017039226233483,1.641216553884695,1.4623778749310257,1.567213077692933,1.4629814303175666,1.5675583841939085
2014-08-18,1.6746443764181294,1.6153635776550215,1.6487438448193148,1.605450845509382,1.6438537743730404,1.4657211565996826,1.5696915320956477,1.4663260918318124,1.5700373846783462
2014-08-19,1.6877429809985867,1.6274982093114319,1.661384406007481,1.6175110125963545,1.656456844452515,1.476731410102675,1.5817254905809628,1.4773408895076363,1.5820739946244975
2014-08-20,1.685699413459172,1.625846220014169,1.6595354515902785,1.61586916078618,1.654613373917712,1.4751441110637038,1.579918026867114,1.4757529353555774,1.5802661326693506
2014-08-21,1.7005297647854787,1.6371966590889653,1.672627608589444,1.6271499475153124,1.667666700403441,1.4858433123635053,1.5925949489696867,1.4864565524501518,1.5929458478979357
2014-08-22,1.693139614157507,1.6269411317551867,1.6637550821068947,1.6169573535650013,1.6588204892758645,1.4781926715430465,1.5850334322412847,1.4788027540426174,1.5853826651287632
2014-08-25,1.6980121564680533,1.6353001549664234,1.6704205753863612,1.6252650813531901,1.6654662131218934,1.484376084246888,1.5906302242007664,1.484988718776347,1.5909806902381438
2014-08-26,1.6901446861058471,1.63158329486222,1.6646519311812376,1.6215710298842347,1.6597146783523145,1.4801800709402342,1.5846992662471924,1.480790973683076,1.5850484255073565
2014-08-27,1.6927878002807517,1.636497402210537,1.6684615373551777,1.6264549816498999,1.6635129854741784,1.4833681014617568,1.58764608385484,1.4839803199746378,1.5879958923919222
2014-08-28,1.6855342889553284,1.6305115858562864,1.6618364027345152,1.6205058974561446,1.6569075005857121,1.4767741843486706,1.580715516039349,1.4773836814075003,1.5810637975536181
2014-08-29,1.6794078355532094,1.6227511051031125,1.6548596121031658,1.6127930391503822,1.6499514026761481,1.4705856883158708,1.574529586201629,1.471192631246811,1.5748765047603321
2014-09-01,1.6872615929666563,1.6323129984299458,1.6636062976393884,1.6222962556018266,1.658672146093722,1.4777182591018827,1.5820331056390777,1.4783281458010458,1.5823816774599178
2014-09-02,1.7031931910466962,1.649748220173477,1.6803451541072099,1.6396244855291287,1.6753613561670626,1.4916669142977876,1.5969687644010697,1.4922825579125352,1.5973206270188922
2014-09-03,1.7074305375510033,1.6565696868208746,1.685910244667238,1.646404092020304,1.6809099410188426,1.4962369149180141,1.6014016062391379,1.4968544446721364,1.6017544455519142
2014-09-04,1.701935269053589,1.6470184209699248,1.6783339448203847,1.6369114378288852,1.6733561120003655,1.4902650946634388,1.5956286411296876,1.4908801597165122,1.5959802084760604
2014-09-05,1.695760545793055,1.6427316748899528,1.6731054038526239,1.6326509975083439,1.6681430785559497,1.4858468344041065,1.5903687505483346,1.4864600759443762,1.5907191589748144
2014-09-08,1.7027363784733138,1.6512786068125607,1.6808998130084198,1.641145480899867,1.6759143699848902,1.492393251709266,1.597143408451619,1.4930091950993756,1.5974953095490374
2014-09-09,1.7003242423187208,1.650709867708329,1.679420832685065,1.6405802318820029,1.6744397762240646,1.4909204429446816,1.5952241700179852,1.491535778474348,1.5955756482466072
2014-09-10,1.7096333615418473,1.657656770747776,1.6875501772216568,1.6474845050206497,1.6825450096365475,1.4978405073717753,1.603292723592455,1.4984586989636344,1.6036459795780664
2014-09-11,1.7142211595906276,1.6591289979941355,1.6905621416939642,1.6489476978957056,1.6855480408118497,1.4987500655903636,1.6059304431187769,1.4993686325768258,1.6062842802772441
2014-09-12,1.715982338856807,1.6605547600385226,1.692156933282243,1.6503647107040416,1.6871381023486784,1.499953405601331,1.607400256513853,1.5005724692325784,1.6077544175185972
2014-09-16,1.7106849479839212,1.6549698486497584,1.6866993821293246,1.6448140713091615,1.6816967379488967,1.4955737768906878,1.6025723533908158,1.496191032953218,1.6029254506561372
2014-09-17,1.7024902071539758,1.6457990205633743,1.6779861349223917,1.6356995203133542,1.673009333684633,1.4886636005261975,1.5950315321497144,1.4892780046075549,1.5953829679341343
2014-09-18,1.71767256247617,1.6617635323711286,1.6936061696179965,1.6515660653651563,1.6885830403406974,1.5013169239984776,1.6089225475471793,1.501936550383639,1.6092770439606805
2014-09-19,1.733835278510203,1.6830644260424108,1.7124288555642377,1.6727362453962729,1.7073498993854135,1.5180486621886116,1.6254563312526684,1.5186751941286805,1.6258144705805126
2014-09-22,1.7342772441180019,1.6817264210999932,1.7119649121934184,1.671406451165541,1.7068873320414242,1.5163058625349244,1.6247306186058867,1.5169316751833952,1.625088598036332
2014-09-24,1.728402250912258,1.6801342541305246,1.7082572537857794,1.669824054581463,1.7031906703152047,1.5141683703738515,1.6208321323588066,1.5147933008324796,1.6211892528296987
2014-09-25,1.7554149963070176,1.707192792581069,1.7353629087608495,1.6967165474137809,1.7302159316240684,1.53796035132592,1.646231911063535,1.5385951012563182,1.646594627907272
2014-09-26,1.7479849717306117,1.7017993797391942,1.7289515753435853,1.6913562314286086,1.7238236138180913,1.5319778842116585,1.6395462006118755,1.5326101650468158,1.6399074443826045
2014-09-29,1.7541053264710373,1.7113347025970382,1.7368279121589452,1.7008330404616274,1.7316765899143154,1.5394844102394636,1.6464337383796794,1.5401197891823644,1.6467964996923439
2014-09-30,1.7386449436374662,1.695822534199224,1.7213013203454015,1.6854160629994344,1.7161960489946066,1.5270535045735811,1.6325314383625964,1.5276837530093792,1.6328911365598218
2014-10-01,1.7277617238301652,1.6789594425490026,1.7073428534267656,1.6686564522701577,1.7022789820100894,1.515585181836349,1.6212912656126026,1.5162106970441072,1.6216484872450405
2014-10-02,1.6803039058994023,1.6328117698643154,1.6604304673998214,1.622791966308754,1.6555057351667093,1.473158539861174,1.5763317450220318,1.4737665446643125,1.576679060653198
2014-10-03,1.6815048563569983,1.6385470053247646,1.6639399419842926,1.6284920073066698,1.6590048008705036,1.4783105104253793,1.5796508670451679,1.4789206415596383,1.5799989139836645
2014-10-06,1.6957824022557337,1.656646991617647,1.680197334684324,1.646480922433628,1.6752139751672785,1.4948527289547962,1.5951977114066318,1.4954696874250468,1.595549183805587
2014-10-07,1.6890736246561442,1.6482603512921619,1.6726183786630076,1.6381457470045282,1.6676574978523844,1.4868813626729374,1.5877863624610622,1.4874950311856878,1.5881362019059486
2014-10-08,1.6701392543364,1.6293759055380794,1.653661230659005,1.6193771862778592,1.6487565755559055,1.4690130325006707,1.569345289092367,1.4696193263621022,1.5696910653868053
2014-10-09,1.652936229621894,1.6083252673799324,1.6344581185137195,1.5984557260586252,1.6296104186323017,1.4506612111935948,1.5514579365053414,1.4512599308563239,1.5517997716514946
2014-10-10,1.6304801526927757,1.5879392076639038,1.612997427513259,1.578194766073868,1.6082133786902806,1.4306254199264161,1.5302052030289104,1.431215870379148,1.53054235552716
2014-10-14,1.5947520068153425,1.5529325456039582,1.5775452429621881,1.5434029235561688,1.572866343086679,1.3991092638959899,1.4965848322818456,1.3996867069406769,1.496914577151388
2014-10-15,1.6053794713369849,1.564736644114891,1.588798002486919,1.5551345858252685,1.5840857276350824,1.410284874343303,1.5075486471624877,1.4108669298072551,1.5078808077064576
2014-10-16,1.566581067717465,1.5290250492230018,1.5514704063928153,1.5196421363193182,1.5468688428410169,1.379239071088712,1.4727393263343258,1.3798083132695143,1.4730638172863635
2014-10-17,1.5468563242138513,1.50627847892081,1.530159034580113,1.4970351510998636,1.5256206792154436,1.3590987666568846,1.4527122013458575,1.3596596964928171,1.4530322796902206
2014-10-20,1.6043423199613998,1.5659274428740877,1.5888910202007533,1.556318077208403,1.5841784694642336,1.4123094305852746,1.5081449083676766,1.4128923216279419,1.5084772002868074
2014-10-21,1.580550202342904,1.5427927091570357,1.5653726329306685,1.5333253105517517,1.5607298362501805,1.38972740470313,1.4849034079811319,1.3903009756489921,1.485230579064245
2014-10-22,1.61980708926187,1.5854927111102013,1.606480035765636,1.5757632825273722,1.6017153171162755,1.4270882415192085,1.5233055849337014,1.4276772321009203,1.5236412172283385
2014-10-23,1.6143143308908918,1.5790095280359715,1.6004697217758412,1.5693198837210032,1.5957228293393924,1.422522622317473,1.5182864202632254,1.4231097285681173,1.518620946677485
2014-10-24,1.6263343136344424,1.593787920533182,1.6139227996937098,1.584007588122732,1.6091360062751014,1.4355148275310918,1.530875235979034,1.4361072959494592,1.5312125361066886
2014-10-27,1.6451449638001543,1.6096686282948052,1.6312915600599471,1.5997908433947103,1.626453251991551,1.4500226798294213,1.5474608323254246,1.4506211359562682,1.5478017867833822
2014-10-28,1.6429162835030497,1.6060450029493327,1.6283479472858138,1.596189454546298,1.6235183697875892,1.4460306753023544,1.5442799460028693,1.4466274838414765,1.5446201996111837
2014-10-29,1.667713011406177,1.6277390231875546,1.6516301687748594,1.6177503487101437,1.6467315376734417,1.4655711959463011,1.5663659786970068,1.4661760692863837,1.5667110985553407
2014-10-30,1.6781538954497144,1.6360920732628181,1.661036045751508,1.6260521400167063,1.656109517411129,1.473678285562573,1.575600983172133,1.474286504876149,1.575948137793402
2014-10-31,1.7506810413970757,1.6990035837540083,1.7288585780497743,1.6885775919381705,1.7237308923483985,1.5315115955872858,1.6405633510006437,1.5321436839749127,1.6409248188817043
2014-11-04,1.7899134354920974,1.7413627973351569,1.7697813889630747,1.7306768668009165,1.7645323287808452,1.5664057961122377,1.6776384143718468,1.5670522861008782,1.6780080510594266
2014-11-05,1.7922882350536138,1.7478022414604455,1.774227700564113,1.7370767950638544,1.7689654529015943,1.5715754336994565,1.6815197030215399,1.5722240573107849,1.6818901948794995
2014-11-06,1.7689966290465933,1.7277007102764608,1.7524980922047881,1.7170986175923715,1.7473002931926653,1.554321303800995,1.6613647159520992,1.5549628062549135,1.6617307670303327
2014-11-07,1.7801161264170495,1.7391332758741713,1.7638048786911884,1.7284610268722875,1.758573544462171,1.5651975754810028,1.6724000263164955,1.5658435668105193,1.6727685088218676
2014-11-10,1.7796824134067049,1.7349573573101624,1.7614684270401222,1.7243107339709838,1.7562440225796097,1.5611567582651114,1.6700328918759328,1.5618010818608372,1.6704008528268828
2014-11-11,1.7979062240857937,1.7538883333863402,1.780097808610012,1.7431255394848841,1.7748181505765848,1.5784811305141648,1.6878505390138852,1.5791326042578575,1.68822242575481
2014-11-12,1.8005528241789237,1.756481598474981,1.7827240180958266,1.7457028909163386,1.7774365708903985,1.5793672729183192,1.6895653673624553,1.5800191123923957,1.689937631934184
2014-11-13,1.8152096637621848,1.771027643623197,1.7973617279319274,1.7601596737762826,1.7920308662006494,1.5920167842897808,1.7032079862030534,1.5926738444943238,1.7035832566742624
2014-11-14,1.8299699333046007,1.7862747965631285,1.8124068459285172,1.7753132620567356,1.807031361324434,1.6033066609441422,1.7161709840040007,1.6039683807281173,1.7165491106327269
2014-11-17,1.784469407311719,1.7424081413612433,1.76762119260447,1.7317157960387322,1.7623785394286435,1.564411287669592,1.6740190721151138,1.5650569544809028,1.674387911347371
2014-11-18,1.8190768728384774,1.7798165201810519,1.8037397386362488,1.7688946171017774,1.7983899601267523,1.5977936119930891,1.7081138265491487,1.5984530564209833,1.7084901779318102
2014-11-19,1.822039990657438,1.7805104675966275,1.8055572699450873,1.7695843060860321,1.8002021007521523,1.5998750050920152,1.710617050275446,1.6005353085564402,1.7109939531972942
2014-11-20,1.820593100076645,1.7822877378485713,1.8057450990256234,1.7713506700601562,1.8003893727434606,1.6018902349084507,1.7110181512036893,1.6025513701023704,1.7113951425007303
2014-11-21,1.8261277675964627,1.787060199622906,1.8109064807662085,1.7760938454645996,1.8055354461507402,1.606527043762786,1.7160949372746297,1.6071900926693026,1.7164730471478613
2014-11-25,1.8338949300094263,1.79441193494175,1.8184822382749137,1.78340046661594,1.81308873443961,1.6134790249494095,1.7234577404299596,1.6141449430908648,1.7238374725610903
2014-11-26,1.8284886982818613,1.789434828210293,1.8132803597848273,1.7784539020649381,1.8079022843936383,1.60857585475521,1.7182985060792288,1.6092397492509083,1.718677101468211
2014-11-27,1.8074876827867297,1.773225354725674,1.794660952514637,1.7623438985517221,1.789338101113218,1.5935539849075833,1.7004123618378875,1.5942116795484986,1.700787016344821
2014-11-28,1.8253045902245142,1.7920044883210682,1.8130120105299792,1.781007793371256,1.807634731045786,1.609896964890898,1.7175137780286056,1.6105614046376922,1.7178922005172326
2014-12-01,1.8366244949989572,1.8074436260002062,1.8264533966881946,1.796352188270199,1.8210362508988651,1.6226124608157728,1.7296270643657343,1.6232821485263043,1.7300081557936267
2014-12-02,1.8451485087701565,1.8174449121499423,1.835745038166605,1.8062921011959217,1.8303003339536101,1.6291975655810556,1.73715047966988,1.629869971108589,1.7375332287435965
2014-12-03,1.8476829171980311,1.8188805612211898,1.8377305989401873,1.80771894035905,1.8322800056789401,1.6310968595861286,1.7393561377023314,1.6317700489939075,1.7397393727521213
2014-12-04,1.8591239108901094,1.8338799444457943,1.850997985619421,1.822626279371248,1.845508042124538,1.6422423987727663,1.7506836769560514,1.6429201881887425,1.751069407820227
2014-12-05,1.8643841645663841,1.8429504952952884,1.8581965221383776,1.831641168484754,1.8526852282373667,1.6494480956594442,1.7570010424318165,1.6501288590243868,1.757388165210977
2014-12-08,1.8654543776301307,1.84551536359613,1.8600245874266879,1.8341902973862387,1.8545078715991186,1.6526542308714818,1.7592137681000914,1.653336317478666,1.7596013784125486
2014-12-09,1.8525941407400512,1.8325585124973547,1.847083516202117,1.8213129564337671,1.8416051827770885,1.6408726146642187,1.7468789343363313,1.6415498387402843,1.747263826895633
2014-12-10,1.8190959200540366,1.796545583491289,1.81223131394597,1.7855210219604214,1.806856349958696,1.6082024237923966,1.7136931595146194,1.6088661641649558,1.714070740200412
2014-12-11,1.8060597469221056,1.783627419922574,1.7992223089746795,1.7726821311306995,1.7938859288771623,1.5965810934971347,1.7013609109936283,1.5972400374920825,1.701735774495876
2014-12-12,1.8085173216760027,1.7901222096001586,1.8037258406951682,1.7791370653161172,1.79837610340609,1.6005418073322353,1.7046290776014026,1.6012023860005538,1.7050046611838947
2014-12-15,1.7854530950647178,1.766230406767126,1.7801860491103882,1.7553918753232132,1.7749061293611919,1.5802727149346814,1.6829658579339843,1.580924928104515,1.6833366684255104
2014-12-16,1.7522757326525824,1.7324994148543453,1.7466463562180046,1.7218678747605305,1.7414659130864196,1.5488786615657821,1.6506113167123075,1.5495179177220142,1.6509749984773197
2014-12-17,1.7519748336877439,1.7312685457424075,1.74587483253142,1.7206445589177028,1.7406966776905177,1.5450209852717165,1.6484135831038775,1.5456586492804285,1.6487767806388172
2014-12-18,1.7856423961796986,1.7594227755520466,1.776840560294739,1.7486260193627665,1.771570563054753,1.5741037570661138,1.6797670877568027,1.5747534241718864,1.6801371934583083
2014-12-19,1.8275184944608154,1.7959617335793718,1.8161242840608187,1.784940754862844,1.810737773769268,1.608459177745579,1.7177959507139744,1.6091230240861194,1.7181744353741493
2014-12-22,1.8403406466465233,1.80570363514647,1.8274220370224292,1.794622874928019,1.8220020183068497,1.6161281128069247,1.7279208910575294,1.6167951242849747,1.7283016065615968
2014-12-24,1.8525612473764497,1.8201052731573066,1.8407750525192879,1.8089361368097696,1.83531542960039,1.6290424241696775,1.7405582379480313,1.6297147656669517,1.740941737858443
2014-12-25,1.8455214862036755,1.8154414100794738,1.8349182071798966,1.8043008936823268,1.8294759552955548,1.625285107413767,1.7352408576074982,1.6259558981841014,1.7356231859312088
2014-12-26,1.8551916700542375,1.825102543461795,1.8446078948326106,1.8139027411993685,1.8391369039447096,1.6322817360238173,1.743523303703659,1.63295541445606,1.7439074569116317
2014-12-29,1.8528862672400082,1.822713961131249,1.8422547248945216,1.8115288164834786,1.8367907133605121,1.6291772886721965,1.7407831599786225,1.6298496858310054,1.7411667094464558
2014-12-30,1.833031806746282,1.7994185529528481,1.8206122622529093,1.7883763613496368,1.8152124409005832,1.6097127350062002,1.7210601265027747,1.6103770987172847,1.7214393303638904
2015-01-05,1.8239226956768637,1.7939580834514295,1.8133250583692608,1.7829494002003352,1.8079468504048843,1.6026975739249432,1.7130340110894737,1.6033590423253623,1.7134114465440662
2015-01-06,1.7712865233950208,1.7433859470699353,1.7616008414621631,1.7326876014102768,1.7563760442688103,1.5573290712557137,1.6640700501356356,1.557971815081155,1.6644366972843674
2015-01-07,1.7677557095078227,1.7406276971013759,1.7584516785996078,1.729946277534089,1.7532362216250483,1.5568666866125733,1.6621648657327728,1.5575092396017427,1.6625310931092545
2015-01-08,1.7893532404942316,1.7654157784710731,1.781715542064582,1.7545822460207048,1.776431085935573,1.5792320287365345,1.6842596338531852,1.5798838123923749,1.6846307294043767
2015-01-09,1.7912812659817678,1.766580780293813,1.7832627429501455,1.755740098771138,1.7779736979207148,1.5809360851667995,1.6860757231143024,1.5815885721240608,1.6864472188072726
2015-01-13,1.7832320794234424,1.7639090778818125,1.7779112613729504,1.753084791349559,1.7726380885009725,1.577923282915721,1.6806857041642274,1.5785745264234894,1.6810560122659182
2015-01-14,1.7611869113759768,1.7485835537489727,1.7592072357715225,1.737853312803621,1.7539895378619574,1.5625160618458753,1.6620992986426435,1.563160946455969,1.6624655115726261
2015-01-15,1.7838854547887997,1.7731338844427629,1.7828982481369189,1.7622529895792343,1.7776102841761572,1.5848679294520647,1.6847039028736037,1.585522039167601,1.6850750963112813
2015-01-16,1.7687120430699856,1.754849729364956,1.7661148513595146,1.7440810358252055,1.7608766658969879,1.570322502100323,1.6698050466886465,1.5709706085993322,1.6701729574381108
2015-01-19,1.782042261856148,1.766701667866799,1.778731178149105,1.755860244513525,1.7734555734555872,1.5810977874106298,1.6818234893012736,1.58175034110595,1.6821940480929376
2015-01-20,1.8142965550412966,1.795496514517387,1.8093174734239843,1.7844783906330557,1.8039511517042561,1.6093285633857772,1.712057307424004,1.609992768540818,1.712434527679955
2015-01-21,1.8048339098903357,1.7918776760157378,1.8027846883702074,1.780881759253841,1.7974377424796741,1.6049468920017107,1.7052719721467786,1.6056092887449782,1.7056476973792285
2015-01-22,1.8048399067022194,1.7900004890124837,1.801838943109391,1.7790160916708635,1.7964948022397615,1.6047287335497376,1.7051581995608331,1.6053910402542326,1.7055338997255918
2015-01-23,1.8217652157152449,1.8066124124438177,1.818648056710175,1.7955260754833546,1.8132540610678314,1.6180052910620264,1.7202016374218405,1.6186730772926676,1.7205806521307185
2015-01-26,1.8179479664657063,1.8081674867179383,1.8175364530403768,1.7970716069926393,1.8121457543445363,1.6190146952950712,1.7189484990203865,1.6196828981289535,1.7193272376233266
2015-01-27,1.8492690555343192,1.8387693290241582,1.8485721090702445,1.8274856600790572,1.8430893605724838,1.6466254882330589,1.748412750364679,1.6473050866460797,1.7487979808720577
2015-01-28,1.8556479225982896,1.8488455377467445,1.85683550492363,1.8375000358127782,1.8513282477139943,1.6544026302250563,1.7555645530740784,1.6550854384349576,1.7559513593492992
2015-01-29,1.8365307882692288,1.8303839143977434,1.8380020119743463,1.8191517028274846,1.8325506137191265,1.6374549715454285,1.737529912949793,1.638130785085306,1.737912745624636
2015-01-30,1.840062220083631,1.83315361469452,1.8411572689763922,1.8219044067665708,1.835696512427545,1.6394124531920127,1.7402344004148003,1.64008907462745,1.7406178289735832
2015-02-02,1.8315557608971131,1.8288595372538696,1.834757559517632,1.8176366800744892,1.8293157841041428,1.6328747579618823,1.7327562399503678,1.6335486811472713,1.7331380208343958
2015-02-03,1.8164135988834813,1.8049218695906768,1.8151658102774846,1.7938459067024757,1.8097821427588336,1.6118974058237727,1.7144633064269297,1.6125626711963654,1.7148410568003924
2015-02-04,1.8495348161274494,1.8344795872826476,1.8465818892694843,1.8232222424799538,1.8411050436383574,1.6365271518761448,1.74319874971067,1.637202582484518,1.743582831409155
2015-02-05,1.8388628865618326,1.8215368715555829,1.8347443687068812,1.8103589501570156,1.829302632416506,1.6254817328706772,1.732290093928199,1.6261526047926453,1.732671772105547
2015-02-06,1.8513187929550663,1.8313822363160288,1.8459217670758892,1.8201438985102227,1.8404468793256301,1.6336050141321778,1.7424921804957412,1.6342792387102862,1.7428761065147294
2015-02-09,1.8591515046271956,1.8345144895983525,1.8514161465703047,1.8232569306164415,1.8459249628363665,1.6398845561940278,1.7495291045486663,1.6405613724767165,1.749914581024103
2015-02-10,1.863828455069016,1.8392538192658956,1.8561360166896483,1.827967177230365,1.850630834118078,1.6438714434112573,1.7538568162807795,1.6445499051696448,1.7542432462876898
2015-02-12,1.8876212775135064,1.8692031541413325,1.8830761847249553,1.8577327270194803,1.8774910993110232,1.6694702897482332,1.778693852371389,1.6701593167113196,1.7790857547611867
2015-02-13,1.889846227126904,1.868099551843526,1.8836370235902749,1.85663589701376,1.878050274763576,1.6676859000829798,1.7787995474161435,1.6683741905893592,1.7791914730938951
2015-02-16,1.9047361814266255,1.8786447494366685,1.89638461831658,1.8671163836522855,1.8907600609264539,1.6742659673006905,1.7893342025443735,1.6749569735449659,1.789728449339115
2015-02-17,1.9087902607458425,1.8831757260192683,1.900687995935608,1.8716195557468784,1.895050674998385,1.6778732045084923,1.7931658420384002,1.67856569953859,1.7935609330642457
2015-02-18,1.9299639616787343,1.9091608466099075,1.9243278145479012,1.8974452177835732,1.9186203793969303,1.700072005809551,1.8149599475755631,1.7007736627712737,1.8153598405306623
2015-02-19,1.944742507672236,1.9242977888815431,1.9393228842080574,1.91248927170715,1.9335709746244962,1.713520365046423,1.8290861130328213,1.7142275724406273,1.8294891184279811
2015-02-20,1.950496877330659,1.931478605752218,1.9458070861369154,1.9196260232570448,1.9400359448186493,1.7179594263241185,1.8341633913584952,1.7186684658161624,1.834567515438305
2015-02-23,1.9512125229688742,1.9383448321530679,1.9496097193741502,1.9264501148319617,1.943827299685099,1.722453956241385,1.836886640296376,1.7231648507243913,1.8372913643938702
2015-02-24,1.9575093902583807,1.9440969465495181,1.955648989296475,1.9321669311877283,1.9498486575130394,1.7274583687323315,1.8425205020958106,1.7281713286460088,1.8429264675108594
2015-02-25,1.9583274104941684,1.9400812558493559,1.9540443938207372,1.9281758829066729,1.9482488211664646,1.7259889930460461,1.842127820962867,1.726701346516187,1.8425336998578696
2015-02-26,1.977943190539283,1.9581472139328264,1.972931539469146,1.9461309786394545,1.9670799487299295,1.7414132246903327,1.8595905034822264,1.7421319440787848,1.860000229957296
2015-02-27,1.9778639257256552,1.960363353025602,1.974003480820246,1.9483335183212194,1.9681487107704667,1.743575613699355,1.8607003391653734,1.7442952255531246,1.8611103101722695
2015-03-02,1.9780012739968775,1.9595842368908285,1.9736793256667706,1.9475591832584358,1.9678255170407692,1.7443447635104368,1.861170536646289,1.7450646928091837,1.8615806112525293
2015-03-03,1.9807215622031036,1.9694542017192047,1.9800069770817332,1.9573685807204406,1.9741344010399955,1.7529520948253108,1.867042243202275,1.7536755765582595,1.8674536115307758
2015-03-04,1.970499641795207,1.9609070690309152,1.9706028786967094,1.9488738977952411,1.964758194618742,1.7445862523781415,1.8577700938465296,1.7453062813446345,1.858179419227906
2015-03-05,1.9804800126062319,1.976682527716466,1.98352662548021,1.9645525498555914,1.9776436103829036,1.7558377933509721,1.8684680846445794,1.7565624660749217,1.8688797671309483
2015-03-06,2.0010100651169536,1.999673751948044,2.005347521449236,1.987402687677484,1.9993997869482303,1.7774565111900011,1.889660111736955,1.7781901064324224,1.8900764634956952
2015-03-09,1.987491296989119,1.9816794349470597,1.9895410325522491,1.9695187933993106,1.9836401791022071,1.7646009965520717,1.876441720970578,1.7653292860419652,1.876855160300671
2015-03-10,1.976724195346405,1.9752823690482224,1.9809477051623205,1.9631609833074324,1.97507233898032,1.7581630145510683,1.867941570075667,1.7588886469447476,1.86835313655426
2015-03-11,1.9772200485365334,1.979818196642005,1.9834793167044487,1.9676689766448172,1.977596441921993,1.7596240892476875,1.8689543172428094,1.7603503246589032,1.8693661068615648
2015-03-12,2.0025997107123104,2.008949584199982,2.0108118837346454,1.9966215984773021,2.004847942279113,1.7834959415318854,1.8936299459105248,1.7842320293795195,1.8940471723490182
2015-03-13,2.0208330647913253,2.01825405639669,2.024594339919439,2.00586897347192,2.018589520566543,1.792648133525224,1.907090721516829,1.7933879986829986,1.9075109137889994
2015-03-16,2.0135050610547967,2.007035046547283,2.0152884904047794,1.994718809448378,2.0093112716156902,1.78514273578941,1.899639101909668,1.785879503305112,1.9000576523548718
2015-03-17,2.026474143113096,2.025969694993155,2.031294284377535,2.013537264796354,2.0252695934111746,1.798622313451823,1.912931812773486,1.799364644284535,1.9133532920224003
2015-03-18,2.036957604208228,2.0370222108667373,2.042090569446958,2.024521956539873,2.0360338573787673,1.8089578621422833,1.9233778212062413,1.8097044586823694,1.923801602040481
2015-03-19,2.029180764706585,2.0297672628823675,2.034557079882657,2.01731152878432,2.0285227116702393,1.800891497279671,1.915415770295299,1.8016347646542616,1.9158377968384472
2015-03-20,2.0341526279028592,2.031709672412203,2.0380157702420645,2.019242018653683,2.0319711437717847,1.804505130153224,1.9196826964165619,1.8052498889532687,1.9201056630981954
2015-03-23,2.0497013065533825,2.052745908332586,2.0563668962805357,2.040149165014962,2.0502678415257294,1.823350352192922,1.9370515251434204,1.8241028888289608,1.9374783187261684
2015-03-24,2.0482359915424904,2.0527960202761006,2.055661075834294,2.040198969444874,2.049564114498496,1.8216701328052611,1.9354657668742064,1.8224219759779485,1.9358922110643624
2015-03-25,2.0542113414437804,2.0549093229394195,2.059706474408188,2.042299303756341,2.0535975146749004,1.825527825064994,1.9403350033651385,1.8262812603917908,1.9407625204017627
2015-03-26,2.029314791806396,2.0254279631893124,2.032438691091704,2.012998857347685,2.0264106058870763,1.8010695139278565,1.915573795255724,1.801812854773818,1.915995856616758
2015-03-27,2.023051449062237,2.0153320000369166,2.024229571255369,2.002964848407868,2.018225833783367,1.7938505537676304,1.9087758747443033,1.794590915190582,1.9091964383089122
2015-03-30,2.0278344673825344,2.0206990643985194,2.0293186895022197,2.0082989776010907,2.0232998580258856,1.8003200492329081,1.914477521081803,1.8010630807583707,1.9148993408990391
2015-03-31,2.009160893838491,1.9949437448747593,2.0070320162326634,1.9827017064494097,2.0010792856261785,1.7787505480276629,1.8941851633991487,1.7794846773474366,1.894602512169577
2015-04-01,1.991689096115179,1.9748196126085458,1.988180846490525,1.9627010665879885,1.982284027266711,1.7607135377337877,1.8763472359108688,1.761440222784261,1.8767606544229212
2015-04-02,2.0209758009429306,2.0054400837804924,2.018212227025987,1.9931336342234807,2.012226336618145,1.7878073245463375,1.904579145345738,1.788545191796195,1.9049987842384146
2015-04-03,2.0328241483197234,2.0150601198955345,2.0289685272878604,2.0026946366679863,2.02295073437061,1.799619941876824,1.9164544423664147,1.8003626844526428,1.9168766977617997
2015-04-06,2.0288204895603728,2.0124267702831955,2.025644640855218,2.0000774466928424,2.01963670637587,1.7995824389146835,1.9145485591145759,1.8003251660122084,1.9149703945837324
2015-04-07,2.0543768238860354,2.0350872643669464,2.049807205210496,2.022598883903424,2.043727606086436,1.817167201522883,1.9359565375783196,1.8179171862371806,1.93638308990075
2015-04-08,2.0710937516057624,2.052411992053304,2.0668719177625228,2.039817297823998,2.0607417057753508,1.8349161252047352,1.953288235857421,1.835673435288677,1.9537186068999566
2015-04-09,2.0770295173361,2.059397720963825,2.0733510693434463,2.0467601585774737,2.0672016406005835,1.8444419793237252,1.9611599730868856,1.845203220936353,1.9615920785215584
2015-04-10,2.0697658566648895,2.0462116483475663,2.0630879928040806,2.03365500273296,2.0569690037001167,1.837143794341036,1.9538497235507282,1.8379020238328339,1.9542802183067225
2015-04-13,2.0651912418000653,2.0383153855409195,2.0568298706670927,2.025807195604797,2.050729442759404,1.8301457216422556,1.9479660444535185,1.830901062876138,1.9483952428493236
2015-04-14,2.07204606612888,2.0443306827149588,2.0632792433703377,2.031785579708313,2.0571596870292344,1.8348807201283819,1.9537179529594912,1.835638015599873,1.9541484186822657
2015-04-15,2.069358117398154,2.0412869081277933,2.0604054522629776,2.0287604833448065,2.0542944194053776,1.8296344368949016,1.949656395562462,1.8303895671103674,1.9500859663959624
2015-04-16,2.086951310507579,2.047641589401764,2.0723853919890787,2.035076168906474,2.066238827384454,1.8337214130454411,1.9601212601262283,1.8344782300455011,1.9605531366996547
2015-04-17,2.07534800252551,2.036178937821287,2.06082385449666,2.023683858267422,2.054711580684376,1.8191204963379777,1.9468756779457161,1.819871287219838,1.9473046360993684
2015-04-20,2.0651285624436335,2.03104641169239,2.053139509057283,2.018582828055265,2.0470500265298,1.814256384075524,1.9394700900493762,1.8150051674316912,1.9398974165183007
2015-04-21,2.0956356423246265,2.0657219467151227,2.0858212521081816,2.053045575507793,2.0796348375883045,1.8433945829257008,1.9693661888114469,1.8441553922548888,1.9698001023344252
2015-04-22,2.1093908359992444,2.075956127325247,2.0978384459539443,2.0632169537293272,2.091616389193669,1.8523358759641249,1.9806097464322974,1.8531003755608342,1.981046137265857
2015-04-23,2.1136546076516627,2.0758450228155847,2.0999106484715235,2.063106531016172,2.093682445689038,1.8540008218830653,1.9835053164553245,1.8547660086394306,1.9839423452743419
2015-04-24,2.1075252711458496,2.069085355056473,2.093448677302879,2.0563883441823556,2.087239640320063,1.847647429486831,1.9772328043578162,1.8484099940589653,1.977668451144463
2015-04-27,2.107593762155003,2.072030856884167,2.094965577737396,2.0593157708404366,2.0887520417233882,1.8503096610461998,1.978683602580117,1.8510733243796225,1.9791195690233983
2015-04-28,2.119759437062471,2.079962184405598,2.1050301952583763,2.067198427507599,2.098786808222424,1.8577968635584294,1.9884036331077823,1.8585636170243576,1.9888417411805448
2015-04-30,2.0811094815927986,2.0355584020776334,2.0633871526856646,2.0230671304619317,2.0572672762923254,1.816831491820765,1.9483699226164146,1.8175813379803136,1.9487992099993248
2015-05-01,2.071269429268572,2.027402852610453,2.054368304249351,2.014961627794423,2.0482751771926875,1.8109503470393726,1.9406043679156653,1.8116977659216267,1.9410319443018003
2015-05-07,2.0616506780043777,2.0141699697636737,2.0428937287785294,2.00180994897192,2.036834634590325,1.8027500173679778,1.9317046755489533,1.8034940517945248,1.9321302910519929
2015-05-08,2.073521029300166,2.0230600236247107,2.053284622602742,2.010645448722722,2.0471947096776186,1.8118963942299176,1.942166036831427,1.8126442035665729,1.942593957302509
2015-05-11,2.0900489568747145,2.039500896948279,2.0698109266736893,2.026985432082104,2.0636719977711127,1.8262351402541772,1.9575913327715444,1.826988867505448,1.9580226519221315
2015-05-12,2.0951867340831405,2.0382903604353686,2.0717455350636405,2.025782324066636,2.0656008682343736,1.8273001953509098,1.9605688178151197,1.8280543621737522,1.961000792999629
2015-05-13,2.1015334779594315,2.042131333398695,2.076839042844133,2.0295997267720396,2.0706792689914533,1.830285585731085,1.9651415629749152,1.8310409846899407,1.965574545679495
2015-05-14,2.083953679224705,2.0214466336285475,2.057640959008169,2.0090419593477558,2.0515381254635225,1.812532852965663,1.9473943052069609,1.8132809249827824,1.9478233776305656
2015-05-15,2.099423752023037,2.0453479710521716,2.0774224975923956,2.03279662542192,2.0712609932496644,1.8319934523115344,1.965068315729874,1.8327495561443439,1.9655012822957743
2015-05-18,2.125827351853824,2.066194768314067,2.1010786085252624,2.0535154956213195,2.094846941646786,1.854883877070744,1.9897019125183897,1.8556494282833318,1.9901403066430785
2015-05-19,2.1359798621529826,2.0786652825881617,2.1124316316083807,2.0659094841711583,2.1061662923781745,1.866912300291959,2.0009027303626454,1.867682815898327,2.001343592380994
2015-05-20,2.148836482487335,2.09407202734552,2.1266133191170598,2.0812216849285594,2.120305917894518,1.87717709723219,2.0124253633869436,1.8779518493451348,2.0128687642049923
2015-05-21,2.1548709944458855,2.096211194122251,2.130689764290736,2.083347724637449,2.1243702725884432,1.88107069886377,2.017338458164915,1.8818470579514086,2.0177829414927966
2015-05-22,2.1592662752294958,2.0966762121012357,2.13310507386993,2.0838098890181898,2.1267784185114826,1.8823373941951211,2.020076153295245,1.8831142760756736,2.020521239823763
2015-05-25,2.1750795769311573,2.109788133234992,2.147590366160424,2.096841348413232,2.141220748336971,1.8954136434495625,2.0344902349428953,1.8961959221846547,2.034938497348497
2015-05-26,2.1795061611447326,2.1117817194517894,2.1507956492121725,2.09882270092212,2.1444165247209783,1.8969130976992299,2.0373673059913524,1.8976959952919408,2.0378162023065043
2015-05-27,2.1799712891872614,2.1078199365187147,2.149019077265755,2.0948852296013523,2.1426452219751093,1.8934452312768952,2.035727125588894,1.8942266976051603,2.0361756605205406
2015-05-28,2.190234959693103,2.1166812108815733,2.158598604644671,2.1036921264603206,2.152196337078903,1.902845959664165,2.045572105672097,1.903631305878985,2.046022809763555
2015-05-29,2.19201849011072,2.11305777566821,2.15764727889719,2.1000909265772654,2.151247832903698,1.9008799858627903,2.045354250968839,1.9016645206771523,2.045804907060031
2015-06-01,2.200344796818248,2.1181322362135497,2.1643547988033887,2.1051342475272437,2.1579354587281303,1.9067477834944506,2.0524074019807013,1.907534740077446,2.052859612103653
2015-06-02,2.197187723541919,2.1110392368920188,2.159178189025122,2.0980847746311913,2.1527742024485703,1.901469667465547,2.0480943362302693,1.902254445654425,2.048545596048719
2015-06-03,2.1925225760974123,2.1028276082440494,2.1526883553827205,2.0899235369146463,2.1463036172441816,1.8960648999808134,2.0430097668387592,1.8968474475037438,2.0434599063661074
2015-06-04,2.194536493077968,2.1069975425692213,2.1558093095160284,2.094067882299593,2.149415314824011,1.9023225570338789,2.0473168686659315,1.9031076872289667,2.047767957183741
2015-06-05,2.1868819154973402,2.0973926591361765,2.147137379732764,2.0845219395521486,2.1407691054385385,1.8927331901149234,2.038585945525475,1.8935143625682012,2.039035110345376
2015-06-08,2.180935775781149,2.0908315554245593,2.1408607978576097,2.0780010982709665,2.1345111395100806,1.8887463352645841,2.0336670576078393,1.8895258622555218,2.034115138641496
2015-06-09,2.14988651701286,2.058904844529617,2.1092783845637473,2.046270306695842,2.103022397665762,1.858681408723044,2.0030053889965758,1.85944852726014,2.0034467142969805
2015-06-10,2.14409269755111,2.0532092609241737,2.103518920982761,2.0406096742280093,2.097280016291167,1.8514118871664635,1.9963908231524323,1.8521760054127534,1.9968306910552314
2015-06-11,2.170503670195906,2.076707998775381,2.1285141788494135,2.0639642112953798,2.1222011397965757,1.8723950801431941,2.0200015222374414,1.8731678586129221,2.0204465923223833
2015-06-12,2.168882504994412,2.0823936340044993,2.130621709058915,2.0696149564354283,2.124302419204156,1.8756806290862076,2.021013706862808,1.8764547635739637,2.0214589999639667
2015-06-15,2.168910190193533,2.082919153160106,2.13090381884341,2.0701372507253146,2.1245836922687906,1.8775790875489602,2.022048361195879,1.878354005572115,2.02249388226404
2015-06-16,2.1564016126885974,2.063048252926118,2.1145995638272974,2.0503882889293585,2.1083277946466135,1.8619853507697133,2.0078220875559976,1.862753832916074,2.008264474127106
2015-06-17,2.148337349554081,2.0552544039667637,2.1066514195084927,2.0426422671825195,2.100403224023479,1.855413316585349,2.000524009870843,1.856179086309223,2.000964788445116
2015-06-18,2.126989996517503,2.0376929246261897,2.0871799714690256,2.0251885544421047,2.0809895270730627,1.8369948763095025,1.980655236767208,1.837753044339566,1.9810916376237242
2015-06-19,2.141407181474122,2.0514678842203002,2.10130843700867,2.0388789835400085,2.0950760884733812,1.8502340088190283,1.9945044145377602,1.8509976409291196,1.9949438668052082
2015-06-22,2.162238809128431,2.078995231454211,2.1256179132281,2.0662374082950516,2.119313464316759,1.873762049136684,2.0168826274438274,1.8745353917844632,2.0173270103378167
2015-06-23,2.196560713675708,2.1136692785179805,2.1602135295636793,2.1006986769195253,2.1538064722322705,1.9054475201248298,2.049942773107425,1.9062339400606463,2.0503944401948546
2015-06-24,2.2020980351215615,2.1203317423106003,2.1663408317237423,2.1073202562822124,2.159915601199874,1.9103633823080188,2.055170982949301,1.9111518311278544,2.055623801976357
2015-06-25,2.1901917219859213,2.1080530976350027,2.154211751515675,2.0951169599167194,2.1478224950801117,1.8998994886748157,2.043986455429574,1.9006836188165075,2.0444368101522428
2015-06-26,2.18329244783003,2.1054196729267205,2.1494730924436416,2.092499695306461,2.1430978905725615,1.8997205141435647,2.040672426984351,1.9005045704185464,2.0411220515219655
2015-06-29,2.131566090071785,2.050391328645648,2.0959183500854937,2.037809034284329,2.0897019882086836,1.8508263204346609,1.990233475133117,1.8515901970047322,1.9906719863778268
2015-06-30,2.1391040802758385,2.055629606096972,2.1023019919321198,2.0430151668724172,2.0960666965754777,1.8566899806025348,1.9969048640600005,1.8574562772336176,1.9973448452222344
2015-07-01,2.146516195198887,2.0618220839859744,2.109124838009056,2.0491696444155654,2.102869306520485,1.8647750660241407,2.004726386339389,1.865544699547104,2.005168090829822
2015-07-02,2.1609644346083163,2.0784651174488107,2.124735547473246,2.0657105473518196,2.1184337156031843,1.8774674028832985,2.0182957593631565,1.8782422748117453,2.0187404536147047
2015-07-03,2.161782745990802,2.0810012664173025,2.1264347427689856,2.06823113315809,2.12012787119265,1.8795438625131329,2.019794036890266,1.8803195914419597,2.020239061259638
2015-07-06,2.123303998895926,2.0453047103513353,2.0892727535843583,2.0327536301918077,2.0830761021283934,1.8479693461679185,1.9848534437458818,1.8487320436021197,1.9852907695998874
2015-07-07,2.1464780799570744,2.0742764617396876,2.1154761667115523,2.061547595467315,2.1092017975819,1.8761289171404294,2.0108115662585315,1.8769032366464866,2.0112546115061436
2015-07-08,2.0766242108817052,2.0077937996829833,2.0471536832294377,1.995472906470307,2.041081954284519,1.8156554368169133,1.9456857510173016,1.816404797592797,1.9461144469924985
2015-07-09,2.074343876025215,2.0041215576955387,2.044155131344493,1.9918231993175577,2.03809229591569,1.8142776588137282,1.943880308138453,1.8150264509504457,1.9443086063176054
2015-07-10,2.0809097519470514,2.010119492250337,2.0504486521993277,1.9977843273481215,2.0443671505838807,1.8172007920517546,1.9485176462163447,1.8179507906295989,1.9489469661474264
2015-07-13,2.120082026685668,2.050279629506189,2.090234357536452,2.0376980205903434,2.0840348540237037,1.8553138272184801,1.9872967146713874,1.8560795558809124,1.9877345788550853
2015-07-14,2.154289468355433,2.0818698325423526,2.1231976152082104,2.06909436929832,2.116900344748425,1.8832927524191667,2.0183100072329085,1.8840700285969874,2.0187547046237118
2015-07-15,2.164031971524902,2.0957873427710307,2.1351024160888605,2.082926474264097,2.1287698367391354,1.8945893624551309,2.028931694641075,1.8953713009913977,2.029378732324826
2015-07-16,2.1812391642804663,2.114781512664493,2.153271110703655,2.101804085804327,2.1468846441495213,1.9131184459556025,2.046926819088227,1.9139080318505624,2.047377821665805
2015-07-17,2.183157199229405,2.1190972014328096,2.156420772622262,2.106093291205447,2.150024964369166,1.9161220396655387,2.0494369945820865,1.916912865209425,2.049888550230545
2015-07-21,2.1961101969233425,2.1396282391933377,2.173285486304694,2.1264983395721275,2.166839658372542,1.9349825539511247,2.0656236809206647,1.93578116364245,2.066078803006962
2015-07-22,2.1764472349994013,2.119077671568792,2.153114243842033,2.1060738811870876,2.146728242545135,1.9176128255000175,2.0471049630753275,1.9184042663238778,2.047556004903648
2015-07-23,2.1857857703792978,2.137039060229917,2.1668889062666294,2.123925049191251,2.1604620501881704,1.929941435879741,2.0580927347645024,1.9307379649911984,2.0585461975456907
2015-07-24,2.1736557939926535,2.1233385364155253,2.1539221454190716,2.1103085990954358,2.1475337479369574,1.921627267356548,2.04795930079006,1.9224203650285103,2.048410530855941
2015-07-27,2.1489386344473247,2.09849122760653,2.1290701661225087,2.085613766620667,2.12275547804642,1.896318741066663,2.022813111420419,1.8971013933553702,2.023258800987189
2015-07-28,2.1402367361922963,2.087314044841865,2.1190782025770196,2.074505173008575,2.112793150035758,1.8899445737503706,2.015323293442079,1.890724595280582,2.015767332765576
2015-07-29,2.148496164101687,2.1017646993088603,2.130527070955795,2.088867150555376,2.1242080617916907,1.9020269287632747,2.025674783627816,1.9028119369460985,2.026121103711285
2015-07-30,2.1714351938274032,2.1140555824236222,2.148083223536763,2.101082610258446,2.1417121439293596,1.9151565746002164,2.0434441834093127,1.9159470016755196,2.0438944186523416
2015-07-31,2.1888603013188805,2.1270112447846294,2.1632704554122335,2.113958769767878,2.156854331431207,1.9326625654829468,2.0609911301140467,1.933460217664206,2.061445231503202
2015-08-03,2.1829074245919995,2.1324275025040564,2.1631163069032016,2.119341790442254,2.156700640116948,1.9316027163229705,2.0576411570459383,1.9323999310812623,2.058094520330304
2015-08-04,2.1867830440212144,2.1416810389743084,2.169729901968413,2.12853854227919,2.1632946196755585,1.9418098890547169,2.0649043644178953,1.9426113165368122,2.0653593280160654
2015-08-05,2.197679012736442,2.1422844888708834,2.1754345599253373,2.1291382890854695,2.168982357976122,1.9475565337264447,2.073100524527719,1.9483603329746926,2.0735572939986255
2015-08-06,2.2037842054727026,2.145962668795375,2.180325037428636,2.132793897736918,2.173858330631028,1.9506312846877887,2.077615637794474,1.9514363529531196,2.0780734020873264
2015-08-07,2.211462778320493,2.1536006720218914,2.188003478064277,2.1403850301034257,2.1815139974951436,1.9540626721382317,2.0830622504989784,1.9548691566123377,2.0835212148525004
2015-08-10,2.2255344369118535,2.1706761357349156,2.2036361202189045,2.1573557096673013,2.197100274217301,1.9717847153117547,2.099133537827808,1.9725985140613302,2.0995960431931255
2015-08-11,2.2225190912089787,2.162248657021398,2.197867735201295,2.1489799464562913,2.1913489978665024,1.964491299306229,2.0938277245951875,1.965302087903236,2.0942890609224025
2015-08-12,2.1938944356750185,2.133921023699897,2.1693175137053964,2.1208261465957645,2.1628834545301676,1.9388032135682516,2.0666545848440268,1.9396034001295037,2.0671099340709924
2015-08-13,2.2018033695948147,2.1369564173429696,2.1747756666123523,2.123842913445119,2.1683254188992223,1.9450233599063818,2.073695132129702,1.9458261136582977,2.074152032611429
2015-08-14,2.195865175078138,2.1318424253099795,2.1692396933918197,2.1187603035937745,2.162805865026742,1.941564512096062,2.069054146651794,1.9423658383057107,2.0695100245779545
2015-08-17,2.207527724247994,2.143221244026291,2.180789387716875,2.1300692958118113,2.1743213036855455,1.9533414916513807,2.0808235111030156,1.9541476784785001,2.081281982191596
2015-08-18,2.203485854091274,2.142973348036925,2.178661043458955,2.129822921044402,2.172199271962704,1.9538225612290496,2.079174777353434,1.954628946604123,2.079632885173937
2015-08-19,2.1741657900704534,2.111978213786637,2.1484133250283675,2.099017989462969,2.142041266360722,1.9247663322537307,2.0498799279062165,1.9255607254865463,2.0503315811468648
2015-08-20,2.140948020029186,2.0738839185127826,2.1126337584172448,2.061157461094937,2.106367819691648,1.8926517750054173,2.017119117314539,1.8934329138568955,2.0175635523147095
2015-08-21,2.0774743270233738,2.0054492669060715,2.0464748869136047,1.9931427609965064,2.0404051712358244,1.8324331885587766,1.9551295457056068,1.8331894738803685,1.9555603224468117
2015-08-24,1.9574135989998425,1.8833644613058844,1.9250678885583838,1.8718071328531516,1.9193582583944895,1.7244510338059253,1.841029994283243,1.7251627525265938,1.8414356312923812
2015-08-25,1.8906732236679138,1.8255159105002317,1.8626597096911812,1.814313571597271,1.8571351782568701,1.668511167466613,1.779779765694715,1.6691997985789209,1.780171907345488
2015-08-26,1.9491138606718335,1.8867922458214843,1.9226942014965502,1.8752138826554363,1.9169916115390444,1.7217320322243168,1.8356700564217714,1.7224426287534649,1.8360745124674434
2015-08-27,1.977044618138125,1.9193596800320751,1.9530510285042013,1.907581465726342,1.9472584021089192,1.748932017077988,1.8633214326293774,1.7496538396367785,1.8637319811458826
2015-08-28,2.043434425129657,1.9798078558460244,2.0166040311380247,1.967658699305475,2.0106229105379403,1.8038550996807166,1.923864870943288,1.8045995901989438,1.924288759089955
2015-08-31,2.0275723698006365,1.9626012466156688,2.00001779039522,1.9505576790030825,1.9940858635409844,1.7901048633384762,1.9090652412706037,1.790843678832927,1.9094858685917897
2015-09-01,1.9493255643637852,1.887055347767946,1.9229318864006795,1.8754753700680813,1.9172285914847116,1.7175767670611155,1.8335571785722182,1.7182856486212978,1.8339611690842192
2015-09-02,1.9292167963630136,1.8667648794541123,1.9026755232775368,1.8553094148857103,1.8970323074593431,1.7031118652329904,1.8163790872724468,1.7038147768112935,1.816779292908808
2015-09-03,1.9399506871181673,1.8745331372465603,1.9119277743686365,1.8630300025066873,1.9062571169561864,1.7133607080605826,1.8268977465078267,1.7140678495608506,1.8273002697367777
2015-09-04,1.9037395142286615,1.8426496313704332,1.8778224995847492,1.8313421508213479,1.8722529962701944,1.6827776803717964,1.7935433491347306,1.6834721995865287,1.7939385233373029
2015-09-07,1.9037399486704107,1.8428706134081205,1.8779353055293384,1.831561776795435,1.8723654676394537,1.681819252622031,1.7930319803730488,1.6825133762726339,1.7934270419049445
2015-09-08,1.867552277182254,1.7986859838274611,1.8375741265223833,1.7876482876589743,1.832123997348476,1.6364676058524563,1.7518056963242332,1.6371430118848802,1.7521916744046853
2015-09-09,1.983331031023972,1.9146664197409768,1.9537724100637064,1.9029170057826077,1.947977644096134,1.7434736711175411,1.8633729416274807,1.7441932408973728,1.8637835014930437
2015-09-10,1.9484111360245477,1.8817791415580356,1.9197926043655036,1.8702315414724913,1.9140986203624173,1.7096948650936605,1.8289200517831936,1.710400493620225,1.829323020589819
2015-09-11,1.9503300119437068,1.8878372979826148,1.9238257184229355,1.8762525218193353,1.9181197724574615,1.7139329286052494,1.8320846303945828,1.714640306273472,1.8324882964577478
2015-09-14,1.9302104564324654,1.8746288769866917,1.9071723798804303,1.8631251547367298,1.9015158266686545,1.7000681366179897,1.815221781979676,1.7007697919828115,1.8156217326251576
2015-09-15,1.9291315090922727,1.8767054791070592,1.9076982517843986,1.8651890137193436,1.902040138869662,1.7035902774921312,1.816594334865882,1.7042933865216543,1.8169945879280809
2015-09-16,1.9367912029937626,1.866590170582032,1.9063224330182236,1.8551357781204156,1.900668400695332,1.6984767910258636,1.8174673423839427,1.6991777896074964,1.8178677877972493
2015-09-17,1.961538254946848,1.8903461403468083,1.9306322307989396,1.8787459685891899,1.9249060971462655,1.7183850370805942,1.8397322989393337,1.719094252231521,1.8401376500252333
2015-09-18,1.9219295963547929,1.8525423076747334,1.8918347721990398,1.8411741203895522,1.8862237093660605,1.6843715510220825,1.8029489941837025,1.6850667280621505,1.8033462407467136
2015-09-24,1.8762570662964888,1.8158860001654196,1.8506311008876906,1.8047427555264726,1.8451422455498239,1.6496361623034717,1.762928492367641,1.6503170032876378,1.7633169211510877
2015-09-25,1.916500053864438,1.862699054590821,1.894331681761662,1.8512685400914803,1.888713213252114,1.692111585203322,1.8045267926732873,1.6928099567250638,1.8049243868750997
2015-09-28,1.9110408054284278,1.8590219936698256,1.8897655319412363,1.8476140435767257,1.8841606063445915,1.6869116657599381,1.7991837543770595,1.6876078911610066,1.7995801713389135
2015-09-29,1.829898351494596,1.7873972205383546,1.813250386761816,1.7764287982400282,1.8078724002687256,1.6177620333674436,1.7241125081144821,1.6184297192003039,1.7244923845115976
2015-09-30,1.8724635696047005,1.8327859634466916,1.8573706663150522,1.8215390116228136,1.8518618218504201,1.6546564672573303,1.7638240419453841,1.6553393802313348,1.7642126680466659
2015-10-01,1.9116256372349638,1.86880199059686,1.8950372609602868,1.8573340252283979,1.8894166997472555,1.6811386255823377,1.7963871326738512,1.68183246832325,1.796782933451685
2015-10-02,1.9114873037543203,1.8698730463654953,1.8955117403425612,1.858398508427802,1.8898897718535532,1.6816923954973884,1.7966180019956715,1.6823864667912765,1.7970138536413027
2015-10-05,1.9403589105538792,1.8911436414978746,1.920606876933506,1.8795385758480043,1.9149104778492456,1.6982512729595716,1.819030598081214,1.6989521784649577,1.819431387929086
2015-10-06,1.9580328369471747,1.9024287127786261,1.9350889049099598,1.890754395914727,1.929349553042444,1.707450965833377,1.8322500263052715,1.7081556682535577,1.8326537288103755
2015-10-07,1.9863459593618484,1.9214035852263605,1.9587432468170685,1.9096128284286447,1.9529337376606266,1.7226725008425625,1.853685702545722,1.7233834855237125,1.8540941280067944
2015-10-08,1.9714698587597335,1.9020191486100637,1.9415414581496306,1.8903473450502626,1.9357829684154295,1.709593284938006,1.8397081169540546,1.7102988715402145,1.8401134627119
2015-10-09,2.019604722966204,1.932201512198892,1.9807030821346887,1.9203444935643443,1.9748284414891868,1.7343504091930841,1.8755518524323007,1.7350662136028483,1.875965095696271
2015-10-13,2.005217410195164,1.9227863321491243,1.968798171860415,1.9109870900790773,1.9629588404293072,1.7267380559403032,1.864724746498392,1.7274507185651096,1.8651356042092304
2015-10-14,1.962153215977986,1.8932907824078997,1.9324981100350107,1.8816725407566548,1.9267664423019892,1.7032434971045365,1.8319380680098334,1.703946463010196,1.83234170178068
2015-10-15,1.986610517506611,1.9142651709245762,1.9552550643765787,1.902518219242871,1.949455900949655,1.718866084043002,1.851776326797951,1.7195754977325481,1.8521843315632878
2015-10-16,2.0060840429214815,1.925820343449484,1.970766030275336,1.9140024830685112,1.964920862300057,1.7285280875120912,1.8660883138108133,1.7292414889221428,1.8664994719585635
2015-10-19,1.9916554646613092,1.9208139765312218,1.9610760195375359,1.9090268378868103,1.9552595915240658,1.7232881267676206,1.8565093334973017,1.7239993655310766,1.856918381093384
2015-10-20,1.991215153445329,1.913794088060715,1.957298555594796,1.902050027194621,1.9514933313015679,1.7194217076321705,1.8542367110214324,1.7201313506397444,1.8546452578870611
2015-10-21,2.026388020903628,1.9375073179162814,1.9867554454035068,1.925617740029055,1.9808628538295787,1.7384072956686252,1.8809065434777472,1.739124774444315,1.8813209665491442
2015-10-22,2.01615759323818,1.9298688093823944,1.9778117484345863,1.9180261054560126,1.9719456833028133,1.732485035190199,1.872935562931384,1.7332000697192456,1.873348229744209
2015-10-23,2.0529205500648677,1.9510481733183163,2.0067720649637826,1.9390755015230188,2.0008201053563948,1.7503826468307346,1.8997712317256295,1.7511050680962035,1.9001898112832016
2015-10-26,2.0636134038720275,1.9576874288806487,2.0154383281053003,1.9456740150734932,2.0094606649070235,1.7558468961336378,1.9077147823281564,1.756571572614504,1.9081351121006183
2015-10-27,2.0406458369368154,1.9487052384212136,1.9995000529442932,1.9367469441235834,1.9935696616667422,1.746959103875346,1.8921747333667664,1.7476801121696348,1.892591639176011
2015-10-28,2.0438940936105454,1.950612603219391,2.0020771584167485,1.9386426043144451,1.9961391236066093,1.7485599233591569,1.8945562352979444,1.749281592346717,1.8949736658272225
2015-10-29,2.0446466574886597,1.9460347132079354,2.0001290966462357,1.934092806676808,1.9941968396646665,1.746221379105733,1.8936604036174165,1.7469420829248474,1.8940776367667036
2015-10-30,2.0599572610387726,1.9566269795500582,2.0130884517616776,1.9446200732253751,2.007117758148698,1.7546314566837353,1.905347531272763,1.755355631526113,1.9057673394651087
2015-11-02,2.0149791039257736,1.9186808609555808,1.971548469831826,1.906906812245615,1.965700981190081,1.7258958386907097,1.86885615273277,1.7266081537140059,1.8692679207227854
2015-11-04,2.030859257840473,1.929004245043207,1.984621325309131,1.9171668465445542,1.978735063401048,1.735212350424027,1.881264539417159,1.7359285105758204,1.8816790413663593
2015-11-05,2.050277440215557,1.94769185517583,2.003722413449152,1.9357397795380804,1.9977794989161641,1.7528007323976096,1.8997921794248476,1.7535241516599671,1.900210763597859
2015-11-06,2.0610774191173737,1.9640478773179613,2.0174093612981534,1.9519954324081137,2.0114258521395136,1.766578851368806,1.9122602682670744,1.767307957162712,1.9126815995535404
2015-11-09,2.0910486036318368,1.9833385960081011,2.041983084743144,1.9711677729634995,2.0359266914678167,1.791444076128845,1.9396215672482402,1.7921834443457532,1.940048927092372
2015-11-10,2.0874615971013157,1.9758261787855733,2.0363685307220245,1.963701455938304,2.030328789860457,1.7869492040590127,1.935524529031285,1.7876867171437447,1.9359509861685984
2015-11-11,2.0973538828041223,1.9870558921231285,2.0469776342023582,1.974862257767684,2.0409064274077693,1.796577248969026,1.9453247658866781,1.797318735758822,1.9457533823254582
2015-11-12,2.0971325062414787,1.9924137470315613,2.04962207469112,1.9801872340218516,2.0435430246525232,1.7991093556363165,1.9465930282672737,1.799851887482007,1.9470219241442814
2015-11-13,2.0855940596018847,1.9807955163591897,2.0380080200279727,1.96864029900716,2.0319634165443388,1.7895054062938316,1.9360424451095557,1.7902439743792267,1.936469016360126
2015-11-16,2.0709817781020106,1.9630808356437826,2.0217579582280334,1.9510343250172273,2.015761551404668,1.7740032594186583,1.9208730191609853,1.7747354294284192,1.9212962481082845
2015-11-17,2.0929599924957056,1.9831165953655892,2.0428041214041515,1.9709471346352903,2.0367452929857772,1.7909786715875946,1.9402559787132052,1.7917178477218525,1.940683478338204
2015-11-18,2.092018729472749,1.9802526903974942,2.040872225122498,1.9681008041149741,2.034819126586872,1.7874665256547662,1.9379179436921532,1.7882042522494541,1.9383449281742504
2015-11-19,2.109425506947085,1.9968297016182406,2.0579049102810156,1.9845760899568152,2.0518012938735097,1.8024609543694294,1.9541084046459871,1.8032048694933436,1.9545389563975901
2015-11-20,2.112658801232491,1.999055511301473,2.0606302823741,1.986788240885138,2.054518582684543,1.804121444012425,1.956506831310632,1.8048660444567926,1.9569379115113217
2015-11-24,2.1163953384447067,2.0009380173080835,2.0634254709519335,1.9886591948312318,2.057305480909027,1.8067783292020252,1.9596780970203398,1.8075240262011172,1.9601098759509479
2015-11-25,2.106213247907772,1.9948112766741553,2.055296378639372,1.982570051144313,2.049200498972494,1.7975441178862097,1.949956693744508,1.79828600372399,1.950386330743175
2015-11-26,2.1155421698863828,2.004310889807373,2.064740985779623,1.9920113695866144,2.0586170940025563,1.8070305539559175,1.9594190065112378,1.8077763550536912,1.95985072835603
2015-11-27,2.1053024569729772,1.9886534596931054,2.0516870535362464,1.9764500218113068,2.0456018789003974,1.793928388597249,1.9475767081611761,1.7946687821443388,1.9480058207739086
2015-11-30,2.0829476767570316,1.9644336864680256,2.028307015470721,1.952378874027539,2.022291184555873,1.7716858741179713,1.9251674248101414,1.7724170876920498,1.925591599950533
2015-12-01,2.112629363152935,1.9925569021808873,2.057287270941382,1.9803295106948584,2.051185486413274,1.7961266950587216,1.9521782855382621,1.7968679958950482,1.9526084120237128
2015-12-02,2.113055535650014,1.9927786216865728,2.057609236369479,1.9805498696114472,2.0515064969121806,1.7988575759335939,1.9538592612231314,1.7996000038642852,1.9542897580805756
2015-12-03,2.1159308073868393,1.991754444838309,2.0584804879933887,1.9795319776583655,2.052375164458624,1.7993158396982287,1.9554367501558985,1.8000584567644153,1.955867594583939
2015-12-04,2.079163534444169,1.955041545969719,2.021625647674287,1.943044368710762,2.0156296332756947,1.7663586990515214,1.9205390575451198,1.7670877139837429,1.9209622129101356
2015-12-07,2.091724084696113,1.9724526724870401,2.0367297786519694,1.9603486512730084,2.030688966351785,1.7796414323294278,1.933560738802276,1.7803759293366692,1.9339867632546264
2015-12-08,2.066511688500648,1.9553712424117815,2.0156356410369107,1.9433720419596776,2.009657392620901,1.7628480377971822,1.9127857413111256,1.763575603802593,1.9132071883758868
2015-12-09,2.0497399745280087,1.9330936978955304,1.9959688312470651,1.9212312043338795,1.9900489133507586,1.7450687782891492,1.895374796673206,1.7457890064046555,1.8957924075573882
2015-12-10,2.032928706604579,1.9145858150085682,1.9782288241410189,1.9028368956838129,1.9723615219889583,1.7287518214350905,1.8787402525165167,1.7294653151850337,1.8791541982856486
2015-12-11,2.0432939135113832,1.9278165675660972,1.9901059489057313,1.9159864572896563,1.9842034199493488,1.7388141185426507,1.8889975111313282,1.7395317652230535,1.8894137168982437
2015-12-14,2.014621261529611,1.9062854991800067,1.9650299107289775,1.8945875150184994,1.9592017557231534,1.7185582536181325,1.8647421375383924,1.7192675402593187,1.8651529990810256
2015-12-15,1.9821776965974338,1.8779037214825378,1.9345811761744416,1.8663799030407633,1.9288433301983916,1.6928967815630156,1.835806875789247,1.693595477152497,1.8362113619805438
2015-12-16,2.0308198573866467,1.917613454177972,1.9787650187193933,1.9058459556450837,1.9728961262479698,1.731638366717866,1.8793345773637335,1.7323530518082857,1.879748654081386
2015-12-17,2.0646815894713133,1.9557361021299944,2.01493291829985,1.9437346627041345,2.008956754115238,1.7636738313411984,1.9123889586414462,1.7644017381696961,1.9128103182824632
2015-12-18,2.026530519439047,1.9281674415797807,1.9821249536980654,1.9163351781533235,1.9762460958710215,1.7366333906991096,1.8800672943665013,1.7373501373453566,1.8804815325248332
2015-12-21,2.0217777115779003,1.9214379019274563,1.9763367236372342,1.9096469345441685,1.9704750333361498,1.7312857111460425,1.8749652257174247,1.7320002506877819,1.875378339729016
2015-12-22,2.025658501866222,1.9301051232081448,1.982700681183507,1.9182609691341383,1.9768201157849865,1.7381878473156473,1.880509155482238,1.7389052355201948,1.8809234909965185
2015-12-24,2.0157123473417045,1.911447718146663,1.9682261223026032,1.899718055857333,1.9623884875344706,1.7218332241179044,1.8670260009762465,1.7225438624111635,1.867437365726072
2015-12-25,2.0020590575458668,1.908682244930443,1.960150650770264,1.8969695530591835,1.9543369673423012,1.7168861710339163,1.8580293974896993,1.7175947675699883,1.8584387800038513
2015-12-28,2.022846217709031,1.9207118370599687,1.9764821555616494,1.9089253251978102,1.970620033918633,1.729383942826786,1.8744254039046084,1.7300976974670765,1.8748383989764181
2015-12-29,2.040820116403335,1.9426198541461648,1.996543545631059,1.9306989030108783,1.990621923168071,1.7483927483016977,1.89305997469166,1.7491143482924496,1.893477075547506
2015-12-30,2.045545700597508,1.9475283514142325,2.0013784199726783,1.9355772791227377,1.995442457576775,1.7523398799831893,1.8973883499707949,1.7530631090416593,1.8978064045043148
2016-01-04,1.999986444632692,1.8983006618981666,1.9537871259701973,1.8866516769553476,1.9479923163561728,1.7093639577160624,1.852988468418586,1.7100694496699027,1.8533967402569762
2016-01-05,1.9947262473923915,1.8886944905412413,1.9462743044579043,1.877104454187411,1.940501777399512,1.7043827349665712,1.8478518026880666,1.7050861710606549,1.8482589427568874
2016-01-06,1.9748029048351914,1.8810176656515694,1.9325921384588294,1.869474738388171,1.926860191843423,1.6950909305375932,1.8335860480173938,1.6957905317004254,1.833990044890245
2016-01-07,1.9353779515894713,1.8575419553117578,1.901254069084375,1.846143087523109,1.8956150692098301,1.6708705254999405,1.8021946999905811,1.6715601303709966,1.8025917803587768
2016-01-08,1.9180897640490182,1.838930716968981,1.8832320341057929,1.8276460576614089,1.8776464864524085,1.6536966355123952,1.7848775037166031,1.6543791523428104,1.7852707685599432
2016-01-12,1.854811715084722,1.7811617985545918,1.8225951264652167,1.7702316401299827,1.8171894240624689,1.6003601562745087,1.7266549676480814,1.6010206599714547,1.72703540422927
2016-01-13,1.9040155624730806,1.8234444660452391,1.8683880355566944,1.8122548386298496,1.8628465142684958,1.6421262345853342,1.7720863405199925,1.6428039760578041,1.7724767870664015
2016-01-14,1.8571743299136185,1.775383843323182,1.8207757247797838,1.7644891415123973,1.8153754186078936,1.601617590039899,1.7284309926292645,1.6022786127073076,1.7288118205248062
2016-01-15,1.8537464711630394,1.7767395885595945,1.819799073383728,1.7658365671732217,1.8144016638983929,1.6034681439908207,1.7278460569598884,1.6041299304223864,1.7282267559756421
2016-01-18,1.8340131656104772,1.7611137352594628,1.8021190435311656,1.7503066024398832,1.7967740719013185,1.5889576633940405,1.7108397565848674,1.5896134610323704,1.7112167085759438
2016-01-19,1.8362395013828963,1.7559327914697191,1.8005403072351982,1.7451574516834603,1.795200018037815,1.5858123083357962,1.710166289857162,1.5864668078171855,1.710543093462264
2016-01-20,1.7653123106310642,1.6979779881980737,1.7360715164908744,1.6875582899833668,1.7309224376681753,1.5287283828343197,1.6463691294297733,1.5293593225290683,1.646731876507047
2016-01-21,1.7148420537200966,1.6493986517027432,1.6864196706650585,1.6392770621969066,1.681417856091223,1.4857174299957483,1.5996763562125724,1.486330618127983,1.6000288153983206
2016-01-22,1.813076210272763,1.741133647810192,1.7816103376148043,1.7304491234596102,1.7763261935155696,1.56879446350567,1.6902120285523847,1.5694419393496735,1.690584435603981
2016-01-25,1.8402325300657074,1.7775158426848068,1.813597659450677,1.7666080577892609,1.8082186429686542,1.5972053122053296,1.7181911959477099,1.597864513829012,1.7185697676928828
2016-01-26,1.797582490322502,1.7451667607841215,1.7761179281938229,1.7344574871020724,1.7708500742351534,1.5672531349734922,1.6821991416367328,1.5678999746774431,1.6825697831964612
2016-01-27,1.850418775548686,1.785703149636574,1.8227864410976988,1.7747451230604991,1.817380171267795,1.6062796340969498,1.7278283599489057,1.6069425808920756,1.7282090550654492
2016-01-28,1.8375206741530656,1.7845347181791156,1.8158850701952092,1.7735838617214144,1.810499269396923,1.603732603051176,1.720472792072588,1.6043944986307892,1.7208518665253925
2016-01-29,1.9016180471566333,1.8419071078141829,1.876718117170685,1.8306041837855185,1.8711518893848431,1.659096144360813,1.7801735703503312,1.659780889686821,1.780565798768698
2016-02-01,1.9444729664035376,1.8867255487680017,1.9207149885358765,1.8748371540815256,1.9148639441851132,1.6978117632716745,1.8210112424232372,1.698682411923558,1.8215035610419832
2016-02-02,1.925709676069085,1.8790171774011561,1.9075243512738747,1.8697428727627063,1.9030236351205545,1.6903732099606557,1.8082361112563707,1.6926347258676895,1.8094727373354587
2016-02-03,1.8697729940227175,1.8481415722544703,1.8641818180645993,1.8357427644078552,1.8581181792637762,1.6639345566472126,1.7678650131147327,1.6643781927084678,1.7681233340740368
2016-02-04,1.8515363475348796,1.8335502425875927,1.8477478078624918,1.8171304842471616,1.8396338819332485,1.652871701428362,1.7533928372898304,1.6510737913223001,1.7524484780682088
2016-02-05,1.8296766178373947,1.8211784118331114,1.8306541314893399,1.800015746673777,1.8201303850060087,1.6423745081260166,1.7375274954991504,1.6379504707226284,1.7351737300250691
2016-02-08,1.8427160063686734,1.8280208019426232,1.8405769947921766,1.8119723465226985,1.8326567355950178,1.6483459358493768,1.7468355987154123,1.6467286139895356,1.7459875337671404
2016-02-09,1.7458962839540864,1.77319503635084,1.7648518883785504,1.7466534250772618,1.7516273015149848,1.6018366480851831,1.6765573706870396,1.5943033264544988,1.6725312186226184
2016-02-10,1.6904011050072503,1.735787846389686,1.7184027837361757,1.6976637298752775,1.6992844324306822,1.571948539504263,1.6345431275415587,1.5579752093617747,1.6270610115200006
2016-02-12,1.602488391301322,1.6815385255818598,1.6473701825585727,1.6273169387168314,1.6200730819274698,1.5273059142286003,1.5694366917330158,1.504372867365241,1.5571454790024477
2016-02-15,1.7294910531245449,1.7614041834730865,1.7507478614434646,1.7321417832925672,1.7361388607072945,1.5926056547073648,1.6639251552849226,1.58354812022596,1.6590809164365463
2016-02-16,1.7338074011380749,1.7536624804359218,1.748939081357521,1.7181927800220804,1.731140768019759,1.5891794906840768,1.664108909348169,1.5767192333974989,1.6574412859223973
2016-02-17,1.706858653460022,1.7377663198914637,1.727538074968375,1.69862911434998,1.707880902322546,1.5758907369671624,1.6443635556166656,1.561375464403417,1.6365924472644129
2016-02-18,1.7502547036440073,1.764888186944227,1.7627762233580468,1.7262985700725924,1.7433786176923884,1.598112695333109,1.6766011262576703,1.583999405444733,1.6690481474965395
2016-02-19,1.72406995126422,1.7500886915387015,1.7423107580944344,1.7142034088991995,1.7243089094382138,1.5855494727827553,1.657602604933841,1.572849191125546,1.6508055310247498
2016-02-22,1.730028443017067,1.759431471642091,1.7500091482599898,1.7298765834154717,1.7352466838087273,1.5916343857845678,1.6636559159152398,1.5824105918697056,1.6587227310105175
2016-02-23,1.7201649263330723,1.7493435196283977,1.7400028037282766,1.716077518715566,1.7233431889536086,1.5844652045435135,1.655192591280072,1.5731857229011168,1.6491569285328294
2016-02-24,1.7118160142157974,1.742863765302599,1.7325811083622171,1.7094738678429922,1.7158599808023367,1.5795086679010093,1.6486250861502063,1.568137095274378,1.6425396358538542
2016-02-25,1.7466753991528055,1.7653979697509057,1.761267920740972,1.7387390100071267,1.7479692353732827,1.597762886767741,1.6747375096182848,1.5901369741941125,1.6706623427858815
2016-02-26,1.7513968941904263,1.77066189403268,1.7662792012013364,1.7432723092407778,1.7526090765408455,1.6014295144067285,1.6789147104415052,1.5934263268069822,1.674637388106788
2016-02-29,1.7270144842619493,1.7516735148629308,1.7445717231243199,1.716121717264924,1.7267383889537222,1.5869193581410446,1.6597160364745653,1.5744064986632755,1.6530196440572638
2016-03-01,1.7344972248028985,1.7585304925446852,1.751756971580236,1.7259095294594922,1.7354199552396101,1.591920035076982,1.6659018104714016,1.5810276727230566,1.6600736014396753
2016-03-02,1.7983856216798169,1.7909173111631538,1.800150077820984,1.757695568495759,1.783361743757492,1.6212383924496416,1.7119231277024516,1.6101454256902885,1.7059339116683605
2016-03-03,1.828285746272529,1.8060745221621928,1.8227983203307205,1.772571611313427,1.8057987670661801,1.6349595465425362,1.7334613597820592,1.6237726958072292,1.7273967915765827
2016-03-04,1.841716043184204,1.8128827160022816,1.832971275312571,1.7792535122965676,1.8158768483101395,1.6411227039189213,1.743135729227737,1.6298936831361819,1.737037314941402
2016-03-07,1.8226805511722703,1.8032330917005246,1.818552591603022,1.7697828897462549,1.8015926343216733,1.6323873249635619,1.729423717980718,1.6212180740880944,1.7233732755900197
2016-03-08,1.8041680033321477,1.7938485624530802,1.8045300188322588,1.7605724447034636,1.7877008371117957,1.623891924859834,1.7160884039244488,1.6127808018891812,1.7100846155426095
2016-03-09,1.778145545810286,1.780657049549869,1.7848189662302207,1.7476256360332914,1.7681736112583732,1.6119502304890925,1.6973434074730227,1.6009208159330206,1.6914051990412928
2016-03-10,1.7997124799868258,1.791589932819388,1.8011551240916117,1.758355712935186,1.7843574168915417,1.6218472871461656,1.7128789157649567,1.6107501541589093,1.7068863558767542
2016-03-11,1.8100226966709385,1.7968164705631473,1.8089647332812213,1.7634852977426583,1.7920941930826164,1.6265786410713037,1.7203057690894268,1.6154491348364963,1.7142872261250606
2016-03-14,1.8378778585872868,1.8109370326788448,1.8300639919238828,1.7773439216449036,1.8129966784634541,1.6393613626867816,1.7403709343735736,1.6281443934936364,1.7342821928075869
2016-03-15,1.8258023645175459,1.8048156263627881,1.820917250168063,1.7713360681903483,1.8039352399043407,1.63381992374177,1.731672482534567,1.6226408706245716,1.7256141727714942
2016-03-16,1.8084517416769308,1.7960201094563455,1.807774792765561,1.762703709235125,1.7909153500410715,1.62585773051192,1.7191741486126413,1.6147331569488954,1.7131595646575286
2016-03-17,1.807647078513228,1.7956122031508857,1.8071652900722297,1.7623033696432304,1.7903115316153768,1.6254884709381745,1.718594518186286,1.6143664239524849,1.7125819620861555
2016-03-18,1.7938592320854285,1.7886227574420395,1.7967215045082086,1.7554435790364258,1.7799651455754821,1.6191612342452841,1.7086625918052063,1.6080824799836255,1.7026847828568423
2016-03-22,1.8228218972212216,1.8033047439734506,1.8186596560262667,1.769853212860455,1.801698700254111,1.6324521886035805,1.7295255350817273,1.6212824939129367,1.723474736480751
2016-03-23,1.8165555315503379,1.8001281476226156,1.813913114956553,1.7667355427737572,1.796996425780892,1.6295765561390396,1.725011626194937,1.618426537330419,1.7189766196438745
2016-03-24,1.79941564811379,1.7914394604253052,1.800930284886535,1.758208031823048,1.7841346745536826,1.6217110711295075,1.7126650961285115,1.610614870170355,1.7066732842949235
2016-03-25,1.815248903269174,1.7994657811333556,1.8129233921849932,1.76608546326666,1.7960159332378134,1.6289769449925244,1.724070410613235,1.61783102889116,1.718038696934009
2016-03-28,1.8357713657764265,1.8098691924461667,1.8284684012474142,1.77629588998362,1.8114159683847952,1.6383946940575664,1.7388535450097378,1.6271843390816891,1.7327701120773928
2016-03-29,1.847818499725161,1.8159762222221951,1.8375936612566894,1.7822896335847833,1.8204561255377367,1.6439231185554568,1.7475315679416292,1.6326749365521218,1.7414177746775341
2016-03-30,1.8190643543937488,1.8013999402226388,1.8158134558061487,1.767983743460172,1.7988790439098041,1.6307278538441534,1.7268188296559275,1.6195699575344618,1.7207775005476367
2016-03-31,1.807491649128489,1.7955334116404138,1.8070475580411207,1.7622260397252443,1.7901948975619824,1.6254171444615246,1.7184825563063235,1.614295585511548,1.7124703919082946
2016-04-01,1.7452687560866584,1.7636960761462994,1.759768745529282,1.730979290831867,1.743357010786477,1.5967026685932901,1.6735767098800942,1.5857775821225009,1.6677216499753036
2016-04-04,1.7494887411576603,1.7710205407789668,1.7655503456395778,1.738167885719077,1.749084691262366,1.6014533943108304,1.6780897541484685,1.5904958020452653,1.6722189052186582
2016-04-05,1.7029735295576827,1.7423425115243534,1.727792426637059,1.7100218375348157,1.7116789054322792,1.577364662858173,1.6431632752135992,1.5665718924340617,1.6374146176510682
2016-04-06,1.7021116355611408,1.7417326496776704,1.7270536473430005,1.7094232887025345,1.71094701604909,1.5768756871186889,1.6424937717711072,1.5660862624034193,1.6367474564870863
2016-04-07,1.7085010867425738,1.744212663882279,1.7315121611590454,1.7118572983299336,1.7153639494323183,1.57939191514093,1.646875951147627,1.568585273689405,1.64111430467346
2016-04-08,1.7277382972879218,1.7594227661115005,1.7487987959182194,1.7267852512387736,1.7324893677447382,1.5911738149266637,1.6622740165196805,1.5802865584198245,1.656458499437349
2016-04-11,1.7195986025514896,1.7543636874964303,1.7421712289397242,1.7218200191719704,1.7259236099508406,1.5869364147977387,1.6561506441706348,1.5760781517683518,1.6503565498959414
2016-04-12,1.7454797929323116,1.7641759103591312,1.7601145234853262,1.7314502240593534,1.7436995639914799,1.5970019240761553,1.6738347254666182,1.58607479001561,1.6679787628863145
2016-04-13,1.7889833359882157,1.790724478751359,1.7952917379583497,1.7575063131495963,1.7785487131352442,1.6193828942283397,1.70642223554284,1.6083026233070485,1.7004522645501834
2016-04-14,1.842116638916212,1.8240363830905677,1.8386979730134962,1.7902002774494632,1.8215501384006278,1.647199644248724,1.746475584295271,1.635929043339711,1.7403654854226382
2016-04-15,1.8294869819893131,1.8165566880447461,1.8285991601077107,1.7828593316928991,1.8115455077781952,1.640825839338196,1.737079818526663,1.6295988497859903,1.7310025910313036
2016-04-18,1.7768450268957112,1.7818941984585734,1.7847668511625894,1.748839835673244,1.7681219822197545,1.6123653696429996,1.6969246959740756,1.6013331145886658,1.6909879524174813
2016-04-19,1.829432348015862,1.8155858816664938,1.8280872938548511,1.7819065338957671,1.8110384152282366,1.6402885106297824,1.7367720243328073,1.6290651976309627,1.7306958736649591
2016-04-20,1.8362815118580749,1.819467748325064,1.8334769391181491,1.7857163914367773,1.816377796257303,1.6436503264322102,1.7418177675265056,1.6324040109489188,1.7357239641699644
2016-04-21,1.8768265528047055,1.8454564906281545,1.8668833229224056,1.8112230392826527,1.849472629631365,1.6651858729056117,1.7725437276245817,1.6537922051869633,1.7663424285458877
2016-04-22,1.8937626135610899,1.8519745767779214,1.8786734930992215,1.8176202141098246,1.8611528438006055,1.671825305935325,1.7841434546659989,1.6603862093579458,1.7779015735833217
2016-04-25,1.8868192557208894,1.8440826521126115,1.8712357952651886,1.8098746856453594,1.8537845104920305,1.6662680326479853,1.7779019696842482,1.654866960489554,1.7716819246299091
2016-04-26,1.8720096218590343,1.8387929764731386,1.8611305094601531,1.8046831341581255,1.8437734673370898,1.6606849425360977,1.7678753820068744,1.6493220714425525,1.761690415279776
2016-04-27,1.864757910874069,1.838703824176308,1.8574300528560452,1.8045956356476789,1.8401075214676272,1.6593096341766187,1.763677707559739,1.6479561733277275,1.757507426526582
2016-04-28,1.8053736113082983,1.7991499187199664,1.8077583014762748,1.765775460140995,1.7908990125507807,1.6269585171852297,1.7182509113645517,1.6158264117317478,1.7122395573835194
2016-05-02,1.7532299098846005,1.7708403447040606,1.7673465875053298,1.737991032304155,1.7508641812423322,1.6020401832138509,1.6801910605625612,1.5910785759744073,1.674312860147241
2016-05-06,1.7479679652196902,1.7681829453944524,1.7633683528647643,1.7353829280878925,1.7469230479151248,1.5996360926985378,1.6764090099296214,1.588690934919147,1.6705440411354682
2016-05-09,1.7581377521805346,1.7733189144267438,1.7710571069948864,1.7404236242449511,1.7545400961500224,1.6042824905480557,1.683718598239931,1.5933055408143568,1.6778280566248944
2016-05-10,1.791552368833228,1.7901940404264207,1.796319855642819,1.7569857145226844,1.779567242517407,1.6195490446612653,1.707735531162754,1.6084676368922173,1.7017609655647339
2016-05-11,1.7883499500844464,1.7885767475976233,1.793898702625959,1.7553984226804435,1.777168669354397,1.6180859155274019,1.705433775704067,1.6070145188973217,1.699467262868742
2016-05-12,1.7935195823571393,1.7911875270921307,1.7978071455108409,1.7579607718850727,1.7810406618090466,1.62044783012474,1.7091494763155513,1.60936027261404,1.7031699639866624
2016-05-13,1.769260943583641,1.7789363739474353,1.779466671931699,1.7459368791809433,1.762871232856196,1.6093644822175133,1.6917134510491911,1.5983527600746958,1.6857949391942175
2016-05-16,1.7705109463940047,1.7795676532209366,1.7804117226301894,1.7465564481440663,1.7638074699412947,1.6099355866459863,1.6926118971981288,1.5989199568468546,1.6866902421015026
2016-05-17,1.79416590306621,1.7915139334524108,1.7982957890822728,1.7582811233660804,1.7815247482540386,1.6207431227561677,1.70961402275275,1.6096535447706501,1.7036328851937765
2016-05-18,1.8018784315781735,1.795408932212033,1.8041267603384414,1.7621038694060067,1.787301339436807,1.6242668421841466,1.7151574435216446,1.6131531539242452,1.7091569121335815
2016-05-19,1.7932821536395445,1.7910676202990348,1.7976276401740972,1.7578430893781565,1.7808628305524787,1.620339353094976,1.7089788231656526,1.609252537814469,1.7029999078720892
2016-05-20,1.801738839713771,1.7953384352099333,1.8040212234645534,1.7620346801322133,1.7871967868076863,1.6242030651019843,1.7150571111288246,1.6130898132227263,1.7090569307567423
2016-05-23,1.7937325969562108,1.7912951042113436,1.7979681928252726,1.758066353435116,1.7812002071841964,1.6205451527706174,1.7093025816882883,1.6094569293511403,1.7033225337155153
2016-05-24,1.7775089896259084,1.783101820992993,1.7857025152504515,1.7500250566568898,1.7690489202344561,1.6131328702418708,1.697641777882937,1.6020953637336668,1.6917025255930958
2016-05-25,1.7969157222730605,1.792902653427093,1.800374759257869,1.7596440824095634,1.7835843297985166,1.6219994670727658,1.711590469890458,1.6109012928278663,1.705602417670016
2016-05-26,1.7992610841417982,1.794087113433358,1.8021479439690449,1.7608065705328817,1.7853409776566522,1.6230710219032851,1.7132762111714874,1.6119655157803774,1.707282261333012
2016-05-27,1.80922928820278,1.7991212786092736,1.809684293593561,1.7657473513079784,1.792807042721745,1.6276253200504174,1.7204409107034901,1.6164886521451378,1.7144218949420058
2016-05-30,1.8279881295511584,1.8085949115002953,1.8238667066026995,1.7750452471104874,1.8068571894879977,1.6361959066749103,1.733923927404134,1.6250005964176013,1.7278577408915192
2016-05-31,1.8450758949110035,1.817224613779913,1.8367857212281693,1.7835148673211885,1.8196557204182602,1.6440030078980474,1.7462058493760042,1.6327542792694745,1.7400966941793328
2016-06-01,1.8195817501727718,1.8037445847874742,1.8172065674475792,1.7702848945717398,1.8002591632880265,1.6320255727000683,1.7277074224638422,1.6208587970348178,1.7216629845861176
2016-06-02,1.7798478875524082,1.7780058180408125,1.784400137220359,1.7450235852041005,1.7677586882791356,1.6109248858820808,1.6976747268987848,1.5999024870207363,1.6917353593357924
2016-06-03,1.7867969295592279,1.7885366421246474,1.793174832444624,1.7553590611690646,1.7764515500404323,1.6178884025769702,1.704659698088317,1.606818357385768,1.698695893387483
2016-06-06,1.7821527196420914,1.787791727210359,1.79048052139651,1.7546279645206655,1.773782366338368,1.6166509036221157,1.7017998155459775,1.6055893257450573,1.6958460162327107
2016-06-07,1.7953932593370052,1.7955078870675938,1.8009790236462102,1.762200988636479,1.7841829587720446,1.6232149961525983,1.7115602796831821,1.6121085049175876,1.7055723330841146
2016-06-08,1.8084866385706064,1.8083059364238703,1.8139639504301552,1.7747616325582842,1.79704678715907,1.632511542247275,1.7226972042721884,1.6213414414423915,1.7166702947978376
2016-06-09,1.7951120156624598,1.8004047036418156,1.8033052669915943,1.7670069686438175,1.7864875073982627,1.6258229250068652,1.7128071709418902,1.6146985895928454,1.7068148620551715
2016-06-10,1.7832135449094573,1.794219517424194,1.7942481231992715,1.7609365184129389,1.7775148312053475,1.6203307127844204,1.7042512204751568,1.6092439566233363,1.6982888448458917
2016-06-13,1.7205315443261389,1.7460537942547192,1.7386854332558117,1.713664275501068,1.7224703230578,1.5829383540252469,1.6547003973382473,1.5721074468464598,1.6489113767969716
2016-06-14,1.7051480283920653,1.7294387652525185,1.7226341992750545,1.6973574573886063,1.706568784083876,1.571158833759596,1.6411619486185456,1.560408525354781,1.6354202927590344
2016-06-15,1.7087003335305588,1.7334478389443655,1.7264275307637786,1.7012921622563346,1.7103267386798449,1.5739725054831013,1.6443377350508432,1.5632029451489922,1.6385849686042306
2016-06-16,1.6610199068797609,1.6937534512875247,1.682623116708791,1.6623341105117415,1.6669308478617093,1.5438701109662132,1.605767648034634,1.533306519639073,1.6001498202309168
2016-06-17,1.672027198445743,1.6992085179698886,1.6908674682183822,1.667687985017099,1.6750983119334222,1.548806092603923,1.6136060870763098,1.5382087279091603,1.6079608362510616
2016-06-20,1.7113381894125406,1.728190931262772,1.725096666128403,1.6961327708772165,1.7090082857874498,1.5715918308297376,1.6443299436523093,1.5608385597378014,1.6385772044641453
2016-06-21,1.728088227159057,1.7497463879323472,1.7443189190355324,1.7172883710988749,1.7280512705284223,1.58629853941007,1.6600665553326939,1.5754446409025846,1.6542587611216302
2016-06-22,1.7133688239783005,1.7411483610056582,1.7326377258793875,1.708849838659299,1.7164790170520197,1.5789904141532607,1.6492101680284068,1.5681865198838472,1.643440355224255
2016-06-23,1.7326126593451212,1.7489470140782981,1.746175512223449,1.7165038257309368,1.7298905489896157,1.586676189885215,1.6624144432238084,1.5758197073874993,1.656598434854307
2016-06-24,1.6103055988818258,1.6492655198109203,1.6348890822469717,1.6186714357916094,1.6196419845701258,1.510621169535262,1.5640917029109347,1.500285076769589,1.5586196796908063
2016-06-27,1.636629066297628,1.6900046046162451,1.6685552028351178,1.6586548054204313,1.6529941324034336,1.5374595967754388,1.590794825107976,1.5269398679802741,1.5852293801885697
2016-06-28,1.6382160238200345,1.6986578560723498,1.6737065626958492,1.6671475379674165,1.6580974502973929,1.5424419425391094,1.594185464069826,1.5318881231399981,1.5886081568950956
2016-06-29,1.6682481740673099,1.7176170669561115,1.6982533917385527,1.685755053091005,1.6824153537792526,1.5581218110700221,1.616742918790013,1.5474607056226564,1.6110866936619517
2016-06-30,1.6676073540614194,1.7129356876233799,1.6955752409215992,1.681160513937075,1.679762179596826,1.555465434493582,1.615032630062761,1.544822504718098,1.6093823884327332
2016-07-01,1.676487740420418,1.7264364480817918,1.7068090534886644,1.6944108335811803,1.6908912247889338,1.56438369963097,1.6239689049039006,1.5536797485897786,1.6182873994398268
2016-07-04,1.6870586686859201,1.7376666416137212,1.7177413718788863,1.7054327056025087,1.7017215875614076,1.5724621528487717,1.6332818680131846,1.5617029267700353,1.6275677808595033
2016-07-05,1.6803426747783787,1.734449171966122,1.7127321959320363,1.702274920423872,1.6967591275635303,1.569459495380317,1.628470553773317,1.5587208143242266,1.6227732991513797
2016-07-06,1.6487751960374109,1.7186638160071184,1.688860040268723,1.6867823848147052,1.6731096054067394,1.5549859791735519,1.605668870755105,1.5443463299655353,1.6000513885267564
2016-07-07,1.6380899203137218,1.712636587067422,1.6804414208323402,1.6808669617342653,1.6647694986439345,1.5497149372719754,1.5977576958408755,1.539111354007668,1.5921678911027588
2016-07-08,1.6136067329656791,1.6952168603137785,1.6593675798293646,1.6637703731154416,1.6438921938559765,1.5356749604092816,1.5786122208968847,1.5251674425955366,1.5730893971952755
2016-07-11,1.6737478527941676,1.7309447794312895,1.7076428712486085,1.698835534813855,1.691717266302178,1.5663234573388214,1.6236486971095831,1.5556062339325818,1.6179683119023858
2016-07-12,1.7114470937958037,1.7498065273694188,1.7361570668694757,1.717347394941781,1.7199655364052049,1.5836138968018405,1.650882325284853,1.5727783673703357,1.6451066623867978
2016-07-13,1.731945643153394,1.7589032850279247,1.7510883816311624,1.726275406595011,1.7347576006103327,1.5923851974622356,1.665363217635908,1.5814896523371011,1.6595368928878822
2016-07-14,1.7457908083107272,1.768890139721355,1.763072825913191,1.736077003870573,1.746630277069972,1.600398730105518,1.6762283170112564,1.5894483541475763,1.6703639803768684
2016-07-15,1.7545427636729602,1.7673840601544464,1.766783469779942,1.7345988622701447,1.7503063151949059,1.601213248909277,1.6808899810816462,1.5902572997857496,1.6750093354712625
2016-07-19,1.7721143288660415,1.7801825177845614,1.7820546315979335,1.7471599068922572,1.7654350570173112,1.611450840206488,1.694714297540679,1.6004248426184753,1.6887852871313993
2016-07-20,1.770654197680973,1.7818266594051115,1.7821240867910828,1.7487735494777674,1.765503864466142,1.612072229402887,1.6943296310215015,1.6010419800961067,1.6884019663799417
2016-07-21,1.7841577870105747,1.7864866872895282,1.7913015204834892,1.7533471332554496,1.7745957087265496,1.6171259219444163,1.7034930045525178,1.60606109385907,1.6975332815651187
2016-07-22,1.7677420130327355,1.778004125566777,1.7787521210358248,1.7450219241256721,1.7621633459153407,1.609450501126041,1.6915583601356399,1.5984381904177805,1.6856403908710254
2016-07-25,1.7681122557944093,1.7747053136454736,1.777309936256159,1.7417843055827982,1.7607346110586346,1.607726097713641,1.6908426405004506,1.5967255858560754,1.6849271752031263
2016-07-26,1.7407357761345061,1.7592358273377073,1.7557273190895826,1.7266017802028817,1.7393532749915739,1.5942064644895078,1.67056591945973,1.5832984577457199,1.6647213928983866
2016-07-27,1.7595055356271292,1.7689780763146483,1.7700976817386602,1.736163309228937,1.7535896185653872,1.6030060686448644,1.6842241862905651,1.5920378525470138,1.678331875860088
2016-07-28,1.7416878215282772,1.75849549151519,1.7558459916627864,1.7258751777035222,1.7394708408154973,1.593981634902449,1.6709103334173117,1.5830751665056106,1.6650646019130804
2016-07-29,1.7577412457711215,1.7672978879720573,1.7683690387850992,1.7345142885926397,1.7518770970651085,1.601763319702837,1.6827246342930207,1.5908036068410116,1.6768375700916072
2016-08-01,1.7538745040709713,1.7646834180551867,1.7651141105952304,1.7319483174234491,1.748652524578621,1.5996214212549988,1.6797456029800795,1.5886763638617305,1.6738689610118942
2016-08-02,1.7227483863194397,1.7490244459516906,1.7416199197949116,1.7165798212332828,1.7253774423562853,1.5854271318117445,1.6573876922617168,1.5745791957188968,1.6515892701359978
2016-08-03,1.6831282543768475,1.7290922929675505,1.7117143932906542,1.6970174122083521,1.6957508170255933,1.5673593591115846,1.6289285256000268,1.556635047775535,1.623229668749482
2016-08-04,1.6983162723554008,1.7367331029051103,1.7231784054464665,1.7045164841550322,1.7071079149478918,1.5742854757888347,1.639838088837693,1.5635137740243141,1.6341010645425882
2016-08-05,1.6933847798580262,1.7342521605639734,1.7194560836783443,1.7020815636081545,1.7034203078305672,1.5720365916699173,1.63629579455465,1.5612802773998535,1.630571163085703
2016-08-08,1.728269543711823,1.7518020377566332,1.7457873243601294,1.7193058883588872,1.7295059813953,1.5879449178946359,1.6613535432241247,1.5770797544048463,1.6555412464460986
2016-08-09,1.744148136678207,1.7597902631526878,1.7577725868901624,1.72714593116336,1.7413794684719015,1.5951859540661122,1.6727591469267633,1.5842712453805465,1.6669069472912614
2016-08-10,1.7390811417829326,1.7572411520702511,1.7539479870539698,1.7246441064139568,1.7375905371394076,1.5928752774592463,1.669119521182773,1.5819763790696315,1.663280054890557
2016-08-12,1.7518783304606145,1.7636791801631422,1.763607386112381,1.7309627082713348,1.7471598519208227,1.598711116082006,1.678311750171484,1.5877722872514661,1.672440124581717
2016-08-15,1.7394367711354148,1.7574200625965866,1.7542164183414215,1.724819698127397,1.7378564650166257,1.5930374533529426,1.6693749699790252,1.5821374453104808,1.6635346099912913
2016-08-16,1.713884500692311,1.7445651896168084,1.7349294027886357,1.7122032846674942,1.7187493216112666,1.5813849779142448,1.651020757424192,1.5705646993694977,1.6452446102170133
2016-08-17,1.7346185743024445,1.7549961172013109,1.7505796128582922,1.7224407172258251,1.7342535766530338,1.590840234895193,1.6659140560457497,1.5799552608362766,1.660085804172502
2016-08-18,1.7084994953760781,1.7418560933942346,1.7308647666727464,1.7095444425225412,1.7147225925953467,1.5789292805888595,1.647152704587043,1.5681258046124014,1.6413900898824039
2016-08-19,1.71790440161005,1.7465875271544413,1.7379636494593467,1.7141881075879848,1.7217552706709245,1.5832181534363285,1.6539082548799597,1.572385331791674,1.6481220056735846
2016-08-22,1.7268248546712175,1.7510752415154298,1.7446968639230762,1.7185925742798955,1.7284256906737194,1.587286103500835,1.6603158221423153,1.576425447803487,1.6545071558636042
2016-08-23,1.719388088285103,1.7473339423816932,1.739083545557853,1.7149206767183522,1.7228647225347808,1.5838947517283775,1.6549739879880738,1.5730573006088733,1.649184010281443
2016-08-24,1.7295385339994362,1.7524404432163814,1.746745166265726,1.719932451316601,1.7304548903957517,1.5885236092555968,1.662265059776861,1.5776544861975779,1.6564495740299703
2016-08-25,1.7240549551389246,1.7496817564733214,1.7426061262143493,1.7172249385615899,1.7263544513410034,1.5860229599246283,1.6583262014984497,1.5751709470090993,1.6525244959691257
2016-08-26,1.7038096567422074,1.7394967226264468,1.727324846771189,1.7072288383809493,1.7112156862511576,1.5767905966854345,1.6437839904320488,1.5660017541827207,1.6380331612781185
2016-08-29,1.7362186755390614,1.7558010984336947,1.7517873794051193,1.7232307659545212,1.7354500794788474,1.5915699211436471,1.6670634098094987,1.5806799543672274,1.6612311368865442
2016-08-30,1.736376407863313,1.7558804506383285,1.7519064367623822,1.7233086461657214,1.7355680264983053,1.5916418510349,1.6671767090410694,1.5807513920940357,1.6613440397372474
2016-08-31,1.7606175141934512,1.7680757012896193,1.770203777339109,1.7352776733747706,1.7536947247103425,1.6026964027917685,1.68458911155686,1.5917303055143404,1.6786955244240467
2016-09-01,1.7681654276328789,1.771872703782033,1.775900830669521,1.7390042409906412,1.7593386468959311,1.6061382476355974,1.6900106308933496,1.5951486002926014,1.68409807640738
2016-09-02,1.7751002273594072,1.7753473736713996,1.7811246843326463,1.7424144553140255,1.7645137825096695,1.6092879096825985,1.6949818365330163,1.5982767114704932,1.6890518901302929
2016-09-05,1.7827468161692062,1.7791786842991801,1.786884715269326,1.7461746946450123,1.7702200949676665,1.61276085360499,1.700463287607958,1.6017258925387186,1.6945141641790369
2016-09-06,1.7919185904817565,1.783774186590901,1.7937936396405216,1.7506849497879053,1.7770645861942083,1.6169265095136087,1.7070380666911777,1.605863045863917,1.7010659411941915
2016-09-07,1.789472857716422,1.7825487562493962,1.791951315338589,1.7494822513342487,1.7752394435463028,1.6158157014193801,1.7052848451136837,1.6047598382295114,1.6993188533166361
2016-09-08,1.7840093904242362,1.779811295033454,1.7878357886106184,1.746795570370142,1.7711622985279505,1.6133342922577856,1.7013683629532614,1.602295407563784,1.6954160730902395
2016-09-09,1.7832074624080692,1.779409490332367,1.7872317113812801,1.7464012191970875,1.7705638549679663,1.6129700708906873,1.7007935014960045,1.6019336783012013,1.6948432228035786
2016-09-12,1.7572940869192795,1.7664256365667979,1.7677116550264849,1.7336582175612856,1.751225844116521,1.601200679054538,1.6822175189943214,1.5902448159374751,1.676332228951472
2016-09-13,1.7571936830398172,1.7663753293696902,1.7676360226803172,1.733608843569048,1.7511509171232618,1.6011550774076286,1.6821455445536007,1.590199526309795,1.6762605063155591
2016-09-14,1.7467244983672916,1.7611297617711497,1.7597497835878892,1.7284605819130079,1.7433382256855652,1.59640016091019,1.6746407178910976,1.585477144281621,1.6687819355213558
2016-09-15,1.7278473683921534,1.7516714071381583,1.7455299980917502,1.7191776809549102,1.7292510549709166,1.587826505983782,1.6611086623604754,1.5769621527014226,1.655297222305728
2016-09-16,1.7408076054975687,1.7581651124223894,1.7552926999357714,1.7255509271846858,1.738922709128448,1.5937128139581724,1.6703991979679267,1.582808184909461,1.664555254686881
2016-09-20,1.746602563341609,1.7610686664289759,1.7596579322359116,1.72840061989716,1.7432472309461555,1.5963447802016277,1.6745533088654225,1.585422142503364,1.6686948322988617
2016-09-21,1.7937671813855163,1.7847004199940772,1.7951861482557716,1.7515940014442875,1.7784441081701174,1.617766106450738,1.7083632276026093,1.606696898043855,1.7023864659891703
2016-09-23,1.7903088645953873,1.782967636108108,1.7925810635316586,1.7498933609185945,1.775863318660693,1.616195400796657,1.7058841359764914,1.6051369395973967,1.6999160475418165
2016-09-26,1.7717028672572415,1.7736451320327296,1.7785655171303456,1.7407437904730814,1.7619784822918192,1.6077448894663318,1.6925464416599298,1.596744249030337,1.6866250155615279
2016-09-27,1.7926649551218692,1.7841481513546658,1.7943558620280502,1.7510519774579971,1.7776215652537626,1.617265494988732,1.707573097586732,1.6061997119055602,1.7015991002676023
2016-09-28,1.7818572355716462,1.778732961417713,1.7862146110058343,1.745737239979379,1.7695562401465799,1.612356822002582,1.6998255924678065,1.6013246254335969,1.6938787000350655
2016-09-29,1.8014871226010616,1.788568483722973,1.8010014341743643,1.7553903121017143,1.7842051602979394,1.621272365724336,1.7138972612909662,1.610179166510331,1.7079011386894294
2016-09-30,1.7777050483112395,1.7766525148846204,1.7830868467609229,1.743695385992645,1.7664576456646024,1.6104709727867617,1.6968491003498116,1.5994516797258365,1.6909126212668466
2016-10-03,1.7864587929929885,1.7801495563197387,1.7892355372551405,1.7471275568667772,1.7725489930120781,1.613963808533825,1.7028707303809438,1.602920616513303,1.6969131844389882
2016-10-04,1.7967053023021031,1.7926953356732982,1.8006716619813126,1.7594406104263272,1.783878463584988,1.6226399774456859,1.7123313214135802,1.6115374206495787,1.706340677301159
2016-10-05,1.8033046521296323,1.8006255274412422,1.807961799625418,1.767223696133832,1.7911006128609868,1.6281463263476286,1.7183814411830534,1.6170060935714687,1.7123696305394105
2016-10-06,1.812880872527293,1.8071599261891174,1.8160412274602595,1.7736368809583534,1.7991046913484574,1.633431268553073,1.725733551076939,1.622254874723435,1.7196960188493369
2016-10-07,1.8081781783606035,1.8017841211546772,1.8109846038915054,1.7683607977873244,1.7940952262287413,1.629657177006245,1.7215012273631958,1.618506606567091,1.7154785020510666
2016-10-11,1.8170999732069169,1.812483339876375,1.8208293490761054,1.7788615446483178,1.8038481585845303,1.6370894800496147,1.7296742599568062,1.6258880557132245,1.723622941037251
2016-10-12,1.7983607099250984,1.7932509167052417,1.8017798606906366,1.759985885359849,1.784976327150387,1.6232413196334177,1.7134375310057777,1.6121346482857861,1.7074430167848687
2016-10-13,1.7964870737494578,1.79193373845832,1.8001796358810738,1.7586931409360265,1.7833910261569053,1.6221862470177058,1.7119879502463775,1.6110867947721565,1.7059985074286095
2016-10-14,1.804208757780979,1.8000600224132668,1.8081303593914733,1.76666868129566,1.7912676006260755,1.6280020605384964,1.7187362361214102,1.6168628148693733,1.7127231842166972
2016-10-17,1.811968801702499,1.8069843718353853,1.8154962580225211,1.7734645831600901,1.7985648043363944,1.6331709684476996,1.7251615339661153,1.6219963556642238,1.7191260029580753
2016-10-18,1.8185571794309021,1.8138834256876537,1.8222627006398728,1.780235658690691,1.8052681426045694,1.6381144091552975,1.7309094660802153,1.626905971967156,1.7248538257538166
2016-10-19,1.8195986237813442,1.8153271447484247,1.8235097761295471,1.7816525965802588,1.8065035877750937,1.6390879507468297,1.7319194088506662,1.6278728523146884,1.7258602352082344
2016-10-20,1.8395019178310894,1.8314757261987737,1.841592393633221,1.79750161980196,1.8244175654374932,1.6514688683434127,1.7479368870685519,1.6401690562084694,1.7418216757829479
2016-10-21,1.8343677148250241,1.8259789273787501,1.836258874619232,1.792106787295375,1.8191337872201436,1.6475509890117583,1.743423049798498,1.6362779841035595,1.7373236303122543
2016-10-24,1.8377974667321273,1.8316657675198942,1.8408343490962888,1.7976881358325338,1.8236665904805245,1.651264273453663,1.7470166043792885,1.639965861214208,1.740904612731149
2016-10-25,1.8471684245257267,1.8403684230573572,1.8499006479518767,1.8062293560089189,1.8326483363559012,1.657691630633396,1.7548735581322241,1.646349240617522,1.7487340786882632
2016-10-26,1.8553848978305358,1.848149616599775,1.857925724745059,1.8138662074268288,1.8405985706835861,1.6634091222302594,1.7618057940504233,1.6520276115369292,1.7556420619645994
2016-10-27,1.8564267786504378,1.846669165718522,1.8577034712758063,1.812413219096695,1.8403783899667858,1.6627920321401999,1.7619768181803017,1.651414743749949,1.7558124877612675
2016-10-28,1.8701398490082715,1.8588822429317002,1.8707083704789145,1.8243997421826537,1.8532620045087016,1.6719135835082306,1.773324548288084,1.660473882910996,1.7671205174841365
2016-10-31,1.8676712268084408,1.8575591092170582,1.868807197322938,1.8231011527657903,1.85137856183556,1.6707477639957329,1.7715329704032914,1.6593160402618392,1.7653352074900104
2016-11-01,1.8696429680909394,1.8567141690781945,1.8693738132138693,1.8222718863733847,1.8519398934243767,1.6706359659716383,1.7724159152885386,1.6592050071911104,1.7662150633652558
2016-11-02,1.839166916576622,1.8303141010290223,1.8408479452445863,1.7963615429260487,1.823680059830127,1.6447679627985259,1.7442483344893513,1.6335140001344646,1.7381460277190806
2016-11-04,1.8129130644135878,1.8071530713217394,1.8160634345829791,1.7736301532496321,1.799126691365892,1.6227704142126689,1.7201351967464404,1.6116669649317021,1.714117250534693
2016-11-07,1.831862807676288,1.8254589274263568,1.8347522777168925,1.7915964334078767,1.8176412409530296,1.639274906656977,1.737872343383016,1.628058529020182,1.7317923432149225
2016-11-08,1.8326714888976814,1.8233342678125304,1.8340869870225727,1.7895111864986493,1.8169821548094098,1.6378092634539618,1.7374781898651397,1.6266029141580993,1.7313995686553247
2016-11-09,1.7541981130196242,1.7449027107506287,1.7553727839365494,1.7125345447415872,1.7390020462598539,1.5667084986988171,1.6625657136617837,1.5559886407318466,1.6567491760679736
2016-11-10,1.8552306293625955,1.8364682629033855,1.851976706781477,1.8024015443191606,1.834705033705813,1.6501001118502285,1.754691009669405,1.6388096651302373,1.7485521688768906
2016-11-11,1.8618156881402936,1.8343004443040398,1.8541774624516616,1.800273939029055,1.8368852649642622,1.6459767680610198,1.7556250427579894,1.6347145344130876,1.7494829342218128
2016-11-14,1.8918591698557834,1.8591602709517199,1.8817117050391958,1.824672612747732,1.8641627211491294,1.669641475327642,1.7824188226065907,1.6582173211303932,1.7761829752025373
2016-11-15,1.8965768159787242,1.8616605381277238,1.8853288459036637,1.8271264996513452,1.8677461282877619,1.6714768427169935,1.7856285714058173,1.6600401304224677,1.7793814945962712
2016-11-16,1.9178674319222475,1.8760471049394096,1.9032149507792748,1.8412461938288196,1.8854654260135435,1.6869841228037712,1.8039463054742058,1.675441305359422,1.797635143505218
2016-11-17,1.9203216250424886,1.8794174705924123,1.9061385436034366,1.8445540387726185,1.888361753192689,1.6907449327591353,1.8071045539843325,1.6791763828006676,1.8007823427852068
2016-11-18,1.925257548991487,1.8825049833135084,1.9101604324514967,1.8475842777421776,1.8923461336049918,1.6943195282538537,1.811340359587712,1.6827265199127166,1.805003329291615
2016-11-21,1.9446383484858876,1.9010683100072259,1.9291943857248053,1.865803252377525,1.9112025748085912,1.7113741568981782,1.8295736522704376,1.6996644560153855,1.8231728322356995
2016-11-22,1.9534008834729444,1.9088650552593665,1.9374999754095128,1.8734553670189749,1.919430705943626,1.7185788166933766,1.8375488748867026,1.7068198195121538,1.831120153288865
2016-11-24,1.9702658878474024,1.9212877074120887,1.9521849404429985,1.8856475774028383,1.9339787178965155,1.7303350766809609,1.8517791042035614,1.7184956398790976,1.8453005977081345
2016-11-25,1.9747256712573116,1.9273696370067277,1.9574762101552998,1.8916166864341522,1.9392206408323205,1.7361069686942736,1.856954800978804,1.7242280389920817,1.8504581871480579
2016-11-28,1.9833342821569355,1.9337325174304145,1.9649830281974552,1.8978615346210956,1.946657449728795,1.7417030815979753,1.8640037917110182,1.7297858617253115,1.8574825167680793
2016-11-29,1.9818929585496377,1.935045093280773,1.9649232328373387,1.8991497620233935,1.9465982120246725,1.7418252771232199,1.8633854265009129,1.7299072211545778,1.8568663149277955
2016-11-30,1.9805005380129108,1.9385457809377278,1.9659894010029577,1.902585511481486,1.947654437026356,1.744157995367533,1.8639628383340738,1.7322239782878885,1.8574417066677915
2016-12-01,2.005990541654302,1.9575224899202492,1.9882960040712805,1.9212102001118885,1.9697530070485751,1.7612160612627907,1.8851037082400428,1.748992051993425,1.8784159459298329
2016-12-02,2.000934500141159,1.9489642462403947,1.981443890210521,1.9128107129348857,1.9629647965134065,1.7537159390946664,1.8787141850997189,1.7404731206870458,1.8714740368096068
2016-12-05,1.985887395854832,1.9425371024682836,1.9707226108713662,1.9065027934927603,1.9523435046260489,1.746333231005713,1.8676930124623425,1.7312055755167481,1.859452290834157
2016-12-06,2.0035926072685157,1.9592797442283911,1.9880000525244612,1.922934857130327,1.9694598155679834,1.7589053566896846,1.8827403721031077,1.7456945247089004,1.875522458502677
2016-12-07,2.0221626099148122,1.9730452186211802,2.004194090520084,1.9364449802318413,1.9855028267558654,1.7703054945898629,1.897566856004397,1.7581519494880087,1.8909065950781803
2016-12-08,2.0540970173160082,2.004341472966871,2.0359145757535626,1.9671606851005436,2.016927484375126,1.7954460216567656,1.926026311842273,1.7857775314121045,1.9206932610930008
2016-12-09,2.07318107648582,2.0172007034521777,2.0519031294810675,1.9797813752336963,2.0327669276565206,1.8067586625746035,1.9410475088813766,1.7975819091183225,1.9359673937584374
2016-12-12,2.0815097703089216,2.018818421967031,2.056852318367491,1.981369084865463,2.037669960037777,1.8113419355078106,1.9474137351194434,1.801782697637775,1.9421227231102454
2016-12-13,2.0940651746878687,2.028025103223205,2.0677503540076247,1.990404981019719,2.04846635978365,1.82064459281604,1.9582916375958976,1.8123227044950443,1.953661162586287
2016-12-14,2.0879076634463294,2.018744745982591,2.059985630405691,1.981296775579854,2.040774050573908,1.815498959821646,1.9526446229290162,1.806789191741211,1.9478067120486173
2016-12-15,2.088965911462851,2.020926676770767,2.0616182031641666,1.983438231275902,2.0423913978369153,1.8163924594374543,1.9536200355134952,1.8071922655488242,1.9485186359185904
2016-12-16,2.0996317089535617,2.0319280777861635,2.072491236282519,1.9942355549108206,2.053163028236393,1.823678760685693,1.9625309757576406,1.81656071232669,1.9585432311796795
2016-12-19,2.0983518184896726,2.0310027420890573,2.071386994625088,1.993327384307948,2.0520690848191254,1.822481283181463,1.9612887401925903,1.8146570899129029,1.9569217400117602
2016-12-20,2.1012029701240476,2.0346567140018084,2.0746557030068886,1.9969135745795017,2.0553073089824454,1.8263982004184933,1.96472462738076,1.819137558435498,1.9606626634095146
2016-12-21,2.0914106553816874,2.025961272384524,2.0653866641158736,1.9883794345041634,2.046124713840353,1.8189528318093466,1.956138980956331,1.8104984832648465,1.9514387064017666
2016-12-22,2.090165275863844,2.027172418511763,2.0653845600708016,1.9895681137175365,2.0461226294177624,1.8193527975248573,1.9557678663692992,1.8115658853042615,1.9514288121559886
2016-12-26,2.081790965090039,2.0182910471211284,2.0567238428107943,1.9808514928896632,2.0375426826537164,1.8129964460115446,1.948431305830225,1.8042098240312616,1.9435577447756014
2016-12-27,2.0788832669415127,2.016974644070671,2.054614269041101,1.9795595092823124,2.035452782926545,1.811777242210501,1.946412587354121,1.802194499760236,1.9411141276030495
2016-12-28,2.0836911298405236,2.0246250429031427,2.0608823297911965,1.9870679922486911,2.041662387273978,1.8172698192562204,1.9516111191333267,1.8086976977171914,1.9468573911661344
2016-12-29,2.060107616817749,2.000806271223926,2.037097977516773,1.9636910617971222,2.0180998496451146,1.7990388130399009,1.9307732614236628,1.7889037672954642,1.9251862206848056
2016-12-30,2.057717108955614,1.9984191920354586,2.0347009639336355,1.961348263229559,2.0157251907896656,1.7975444324915848,1.9288502877645402,1.787432048698271,1.9232766688406833
2017-01-04,2.1075854135577194,2.0467805259706586,2.0839765232597536,2.008812488302707,2.0645412025695404,1.834834284618889,1.9722394758447286,1.8290121987560624,1.9689561727516736
2017-01-05,2.1064451580391292,2.0405526795111255,2.0802422696597644,2.002700169182801,2.0608417748975043,1.831240597035514,1.9697745568353828,1.8254299142502568,1.9664953572380273
2017-01-06,2.1023698586798867,2.0292529856772017,2.0724749242755367,1.9916100860988717,2.0531468683564063,1.8232281607163678,1.9635615302035911,1.8174429020757388,1.9602926737972157
2017-01-10,2.085263561280587,2.0160371713690086,2.0572895946231906,1.978639426817854,2.0381031582224596,1.8088417672050392,1.9478257782277197,1.8031021578194855,1.944583118053479
2017-01-11,2.0960433418715416,2.0362853606085496,2.0729271871605306,1.9985120095856703,2.053594913403959,1.823826855632421,1.9609231761389256,1.8180396972817006,1.9576587119557907
2017-01-12,2.07706962115516,2.0206826106698923,2.055603448541761,1.983198692632073,2.0364327372653097,1.8091738491612595,1.9441703846515417,1.803433186051302,1.940933809826054
2017-01-13,2.09079660024591,2.0279250752558178,2.0660770948845006,1.990306808583781,2.0468087056000703,1.8180957014486356,1.9553881027245381,1.8123267285395275,1.952132853103775
2017-01-15,2.090750621645563,2.027880740786046,2.0660317930289245,1.9902632965240317,2.0467638262329824,1.8180552275753221,1.9553448373426947,1.81228638309327,1.9520896597483581
2017-01-16,2.0686222704426713,2.003816188078002,2.0428406187861823,1.9666451443128112,2.0237889346131777,1.7976880181949486,1.9340449622609752,1.79198380060743,1.9308252438218751
2017-01-17,2.039641954132779,1.9784374895087813,2.0155928255185644,1.9417372238123738,1.9967952563004772,1.7746805465191269,1.9081201242501382,1.769049333603859,1.9049435644141746
2017-01-18,2.0506645651929225,1.996009135506663,2.029987881277207,1.9589829135542378,2.0110560626940717,1.7879236319564373,1.9203949121305988,1.782250397600241,1.9171979177330578
2017-01-19,2.0668515967800665,2.0150877782421257,2.0477034133660665,1.9777076450535704,2.02860637840765,1.804747718665929,1.9370106704635044,1.7990211000459837,1.9337860148354709
2017-01-20,2.075546599938839,2.0269663556491015,2.0580494377891774,1.9893658733470447,2.0388559150343353,1.8154508159253877,1.9468312920114006,1.8096902354638935,1.9435902874168756
2017-01-23,2.0497844541280297,2.0060805987458576,2.034680000801117,1.9688675498763375,2.015704423160888,1.7948529926345576,1.9237072560696282,1.789157770825227,1.9205047474182488
2017-01-24,2.037983301550387,2.001831232443181,2.0266822271122473,1.9646970098561067,2.0077812373067254,1.7874935491712274,1.9142303208729015,1.781821679504434,1.9110435890331239
2017-01-25,2.0565907530097554,2.028039919262808,2.049224221461891,1.9904195222199146,2.0301130033335966,1.8090180676722651,1.9345047877533021,1.803277898870275,1.9312843038156513
2017-01-26,2.0839755452248623,2.056111148947336,2.0770539202521374,2.0179700270428738,2.057683160274564,1.8388135833018566,1.963331284804659,1.8329788707845145,1.9600628117013463
2017-01-27,2.0909167951500383,2.0581195631406666,2.081508124218446,2.0199411848988604,2.062095824002037,1.8412193641153063,1.9678720027295131,1.835377017850012,1.964595970425916
2017-01-30,2.0845872316146212,2.0524062970843073,2.0754702474958515,2.0143339006505565,2.0561142569686743,1.8350375591636932,1.9615880876297944,1.8292148282933787,1.9583225165293807
2017-01-31,2.0546984086524014,2.022090827291679,2.0452600459788512,1.9845807866573915,2.026185798047162,1.8095424300673348,1.9339011924710539,1.8038005974186893,1.930681713373982
2017-02-01,2.06564105536253,2.0375956351146622,2.0585642956419052,1.9997979783339497,2.0393659712842784,1.8219923495997874,1.9457140013203171,1.8162110122933584,1.9424748567453418
2017-02-02,2.0417083406671153,2.0153838425145376,2.035418748509715,1.977998217296278,2.016436281253185,1.8020728368334655,1.923806317525926,1.7963547058419846,1.9206036439611118
2017-02-03,2.047265575937767,2.016463688481607,2.0387333260396145,1.9790580319840612,2.019719946785503,1.8062022083048832,1.9286285014736764,1.8004709744651137,1.925417800135529
2017-02-06,2.0532966397861565,2.023195363028924,2.0451390016511066,1.9856648331169902,2.0260658825878575,1.8118852857774868,1.9345034498215836,1.806136019047615,1.9312829681112664
2017-02-07,2.049737983064985,2.019284964881018,2.041390449359469,1.9818269733493805,2.022352289574839,1.809103974461712,1.931342338197052,1.8033635330701432,1.9281271189752416
2017-02-08,2.0581516532008113,2.024276660580998,2.0481044043990875,1.986726072462692,2.0290036297683502,1.8143078082921147,1.9380835317291978,1.8085508546914433,1.934857090045893
2017-02-09,2.0469589753445607,2.00879877192362,2.034708653277469,1.9715353005978125,2.015732808422106,1.8023372629214698,1.9264204050243048,1.7966182928834322,1.923213379634231
2017-02-10,2.092122047455832,2.0550914743139006,2.080597373986525,2.016969267502874,2.061193567494795,1.8428942183517079,1.9693463810638123,1.8370465576309045,1.966067894275856
2017-02-13,2.1050055301404456,2.0771304359870237,2.098149927354307,2.038599403649102,2.07858242443902,1.8603490457822793,1.9847341727873786,1.8544459994035594,1.9814300690371924
2017-02-14,2.086089234186543,2.05823361195046,2.079178537881639,2.020053118088805,2.059787963561384,1.8454160132430482,1.9678516192368802,1.8395603506517169,1.9645756208668825
2017-02-15,2.1043057319597946,2.079000876396534,2.0987460714443236,2.0404351471524116,2.079173008844732,1.865769066776907,1.987298620810842,1.8598488222087517,1.9839902478731508
2017-02-16,2.101475457461273,2.0773846986257674,2.096519377534145,2.038848949683734,2.0769670812482524,1.8647705427678927,1.9854324794564915,1.8588534666016827,1.9821272131941081
2017-02-17,2.092296217417041,2.066427578448343,2.0864105419534487,2.0280950854716417,2.066952521423124,1.8556456306696243,1.9762370559623144,1.8497575086286846,1.9729470978624386
2017-02-20,2.093878616080161,2.062848474877121,2.0853910628289345,2.024582374724411,2.065942550037061,1.8538354125172904,1.9760157496769553,1.8479530344531239,1.9727261599986734
2017-02-21,2.10629306819282,2.0747782820942655,2.0976033110493177,2.0362908825085952,2.0780409059185128,1.86491522354796,1.9877786869586689,1.8589976882972805,1.9844695148266163
2017-02-22,2.1072876360080874,2.0775462690026076,2.099497127263152,2.039007522909646,2.079917060260904,1.8681657062334662,1.9899827022385208,1.8622378569236648,1.9866698609525575
2017-02-23,2.108297250213469,2.0837692452383463,2.103143713009106,2.045115062149025,2.083529637675859,1.8688757049887688,1.9908373067008458,1.8629456027922895,1.987523042704553
2017-02-24,2.0990627208453856,2.0710199635180535,2.0921020252406035,2.032602281217387,2.0725909255120945,1.85607757722819,1.9796545215981791,1.8501880845839358,1.9763588742421911
2017-02-27,2.076363161713398,2.045127489959154,2.067711664322448,2.0071901163183203,2.0484280309213676,1.8313875119816123,1.9557803708370194,1.8255763630226867,1.9525244681844502
2017-02-28,2.079593748955818,2.0543475921792838,2.073978916658401,2.0162391844759533,2.054636834393989,1.8380487899986808,1.9608586883897374,1.832216504235796,1.9575943315631532
2017-03-01,2.101388612888951,2.076485571919228,2.096023401118042,2.0379665018913378,2.0764757303452464,1.85866969839148,1.9821340399081182,1.852771980725432,1.9788342647521162
2017-03-02,2.1177945328332606,2.095656216579694,2.1138809289447327,2.0567815286683273,2.0941667175338003,1.8767471615593714,1.9995106189603213,1.8707920825590447,1.996181915990812
2017-03-03,2.106843376161615,2.0815721996644307,2.101311063402144,2.0429587720484252,2.081714079495997,1.8658294715889274,1.9885243264546966,1.8599090353511458,1.985213913012705
2017-03-06,2.103352684388363,2.086576892422098,2.10209606485664,2.04787062712236,2.082491759968304,1.8660117039182194,1.9869751982500738,1.860090689441696,1.983667363732948
2017-03-07,2.105431520718929,2.0890308680346554,2.1043713618448066,2.050279081176884,2.084745837366836,1.8678823676966139,1.988953091474463,1.8619554174441844,1.9856419642421164
2017-03-08,2.097835524079526,2.0788027024037934,2.0954208588222567,2.0402406493123046,2.0758788074039107,1.8598663643826654,1.9810963930238923,1.853964849593243,1.9777983452997088
2017-03-09,2.1004102943590595,2.078386000594996,2.0964946457473803,2.039831677374772,2.0769425801119787,1.8608944957238747,1.9828589316788638,1.8549897185859139,1.9795579497528817
2017-03-10,2.1239809663520544,2.0953520701212582,2.1168127440828948,2.056483024165168,2.0970711903450323,1.8815072812856755,2.0049664527017814,1.8755370980189876,2.001628667084846
2017-03-13,2.1280245952777546,2.0934822888375075,2.1178857093932946,2.0546479275607528,2.0981341491008165,1.8801834453423527,2.006167641794968,1.8742174627201564,2.002827856487877
2017-03-14,2.1260601028665866,2.0937336462281344,2.1170328322504894,2.0548946222399875,2.0972892259539395,1.8806566835460445,2.00549347522772,1.8746891992986179,2.0021548122453785
2017-03-15,2.1179977483252355,2.080528588915747,2.1063472948693502,2.0419345204111425,2.0867033426924277,1.8722845674888045,1.9972269468394572,1.8663436486805278,1.9939020456332888
2017-03-16,2.121017317555698,2.0847814086901786,2.109999642199577,2.0461084498407907,2.0903216279586903,1.875533940066378,2.0003836586296386,1.8695827107214467,1.9970535022596265
2017-03-17,2.1097840542505932,2.0723601439588597,2.0981282820542555,2.033917601141488,2.078560981004654,1.8658139057754244,1.9899029233246297,1.8598935189292987,1.9865902148513186
2017-03-21,2.106022672257911,2.062142863297989,2.0910956848287445,2.0238898523293294,2.0715939703060724,1.8568478655819396,1.9833481522013814,1.850955928746964,1.980046355841212
2017-03-22,2.0626786982981646,2.014536959519822,2.0454521143267748,1.977167044088242,2.0263760751513296,1.8116388123662404,1.9387999992893432,1.8058903277175495,1.9355723648603376
2017-03-23,2.066925913115963,2.019342553648218,2.049995704981397,1.9818834938376637,2.0308772919401847,1.815335202541393,1.942774054841088,1.809574988931039,1.93953980456799
2017-03-24,2.084451524163098,2.033480346439513,2.0658715457760866,1.9957590287842946,2.0466050734579935,1.8287853820843758,1.9582113797878968,1.8229824899058122,1.954951430091698
2017-03-27,2.0564653055836404,2.0033929076908814,2.036728896327566,1.9662297158304152,2.017734210534644,1.8013375659341682,1.9303768496090383,1.7956217680200366,1.9271632376928856
2017-03-28,2.0825007433900327,2.026620062112566,2.061436229068822,1.9890260035994167,2.0422111208455767,1.8240103217302444,1.95474521845904,1.81822258122593,1.9514910390855384
2017-03-29,2.1000435917456723,2.048296745644973,2.0811255789151986,2.0103005819102666,2.0617168463448574,1.8407273883934832,1.9719326199363167,1.8348866032091649,1.9686498276843474
2017-03-30,2.081121147150059,2.042740480896848,2.0688842407110295,2.0048473865760688,2.0495896717749806,1.830233952371819,1.9574130879829914,1.824426463756039,1.954154467250128
2017-03-31,2.061503229685276,2.0229778063876735,2.0491260143652137,1.9854513121789545,2.030015712123638,1.8121851314504456,1.9385369236089356,1.8064349132846502,1.9353097271374935
2017-04-03,2.0663178982818495,2.016868170254218,2.0484421771394823,1.979455010568624,2.0293382524149437,1.80935529519607,1.9392978236489884,1.8036140563423515,1.9360693604624817
2017-04-04,2.052833451814684,2.0012659371206927,2.0338350380975925,1.964142200833358,2.01486734064264,1.7946205185938484,1.9250735640737318,1.788926034444501,1.921868780849031
2017-04-05,2.0521572955095424,1.9949797812294423,2.0303076019293105,1.957972653929069,2.0113728016074974,1.7903390756945197,1.9224618064479664,1.7846581769290872,1.9192613711698492
2017-04-06,2.0190109959679035,1.9637561434433135,1.998021605097338,1.9273282185735632,1.9793879063931437,1.761402605980396,1.8914001358200905,1.755813525104271,1.8882514107325952
2017-04-07,2.036135905507026,1.9832364743596613,2.0164026334877483,1.946447186887213,1.9975975119400637,1.7774642535611036,1.9080438156612989,1.77182420770569,1.9048673828607332
2017-04-10,2.048662699348406,2.000686434328517,2.0314734150143434,1.9635734478912825,2.0125277422326344,1.7932945750995049,1.9224057950526376,1.7876042982820881,1.9192054530199856
2017-04-11,2.043852130715684,1.9920043991579033,2.024679962741263,1.9550524655713333,2.0057976462027973,1.7859740113081473,1.9162252151726071,1.7803069632647484,1.9130351623149184
2017-04-12,2.024694767407412,1.969950198448502,2.0039844170262278,1.9334073730748773,1.985295108692673,1.7657089772951513,1.8963751470547079,1.7601062319351206,1.893218139773303
2017-04-13,2.0084941044117155,1.94445523078709,1.9830071162322402,1.9083853402886164,1.9645134437725045,1.745807675517122,1.8781074795976986,1.7402680786870184,1.874980883577096
2017-04-14,1.9950211487092464,1.934123009474541,1.9710819297133657,1.8982447829884082,1.9526994724336946,1.7363816342552743,1.8667336087063995,1.7308719470589906,1.8636259474378565
2017-04-17,2.006816525945154,1.9370147127941766,1.9783970838342446,1.9010828448456734,1.9599464048809363,1.740243301599698,1.8743382567942246,1.7347213610031802,1.871217935620587
2017-04-18,2.0129291173506503,1.942799064400792,1.9843643922387402,1.906759895998284,1.9658580617216046,1.7459329731008115,1.880255820216171,1.7403929786907757,1.8771256477265423
2017-04-19,2.0094441070273854,1.9384540539228161,1.9804304457542603,1.9024954860143046,1.9619608035158316,1.7426766121086565,1.876875318221608,1.7371469504101118,1.8737507734525432
2017-04-20,2.0058671285154213,1.9360882206345937,1.9774559935567129,1.9001735392328492,1.9590140912816147,1.741404375941576,1.8745149682444509,1.7358787511570266,1.8713943528888652
2017-04-21,2.0288961981295692,1.9597269953905394,2.0008753356057265,1.9233738117268424,1.9822150227976898,1.7630649737101343,1.8969297838321202,1.7574706179992523,1.89377185321424
2017-04-24,2.045191863077955,1.9702312756024551,2.014287043353273,1.9336832362120693,1.9955016519571773,1.7731030104060201,1.909956224543011,1.7674768031475474,1.906776608042863
2017-04-25,2.0668780992850477,1.9939735479005838,2.03709333602274,1.956985086355746,2.0180952514380026,1.7966128336481628,1.9327319122335214,1.790912027713023,1.9295143797060568
2017-04-26,2.0900907866422096,2.0244815875938644,2.0640920942349212,1.986927198053547,2.044842217214792,1.8228634261078318,1.957692710290294,1.8170793248012618,1.9544336240537243
2017-04-27,2.0877808308339016,2.0243628859276095,2.062886828078886,1.9868106983182163,2.043648191460939,1.8223435305898823,1.956330114406065,1.816561078956185,1.9530732965630329
2017-04-28,2.082811010194141,2.0187176565212246,2.0575566120778466,1.9812701886314235,2.038367685452393,1.8156699275230017,1.9504215150303426,1.8099086518016991,1.9471745335803263
2017-05-01,2.092519758006293,2.03004445286632,2.0681203237306667,1.992386871471514,2.048832879141426,1.8249294483464524,1.9599397819476505,1.8191387913749004,1.9566769548786855
2017-05-02,2.1084367759265157,2.047721160373949,2.0849901614609077,2.0097356738188292,2.0655453875051317,1.838474419204392,1.9746675691949287,1.8326407828836937,1.971380223912017
2017-05-08,2.1550842926104288,2.097983597517487,2.1336445416202405,2.059065736395317,2.1137460132815216,1.8828398887795905,2.0203373958081907,1.8768654770355329,2.016974021277911
2017-05-09,2.1501305859319397,2.0930115159376443,2.1286638997566323,2.054185887557733,2.1088118212558946,1.8776835073938025,2.0152485452986757,1.871725457288189,2.011893642477244
2017-05-10,2.1544009685606587,2.0950280311833023,2.1318013627532,2.056164996190501,2.1119200240382465,1.8802984463069417,2.018652650527343,1.8743320987768655,2.0152920806916548
2017-05-11,2.154109736063006,2.0971958866891134,2.132761702527853,2.058292637702453,2.1128714076124413,1.881336361946667,2.019073611282783,1.8753667210216376,2.015712340648958
2017-05-12,2.149007627781722,2.0940932998741797,2.1286600047361706,2.0552476042654035,2.1088079625606846,1.8773126892536942,2.0145235151391323,1.8713558157857038,2.0111698193180647
2017-05-15,2.1486030638884226,2.083019906363563,2.122819537446616,2.0443796236051575,2.1030219639052463,1.867816384719746,2.0092346236626857,1.8618896438369374,2.0058897325704335
2017-05-16,2.152241578388788,2.082035506923589,2.1241161500842387,2.0434134848993186,2.1043064842365777,1.8686922648606688,2.011408953947774,1.8627627447353812,2.0080604431199687
2017-05-17,2.138992615541152,2.056367698077759,2.1044942927920336,2.0182218171544744,2.0848676218508677,1.850924107841483,1.9956628604632318,1.8450509675956523,1.9923405630836788
2017-05-18,2.11349616181331,2.017495846270114,2.072094244688014,1.9800710431150261,2.0527697390151474,1.819421193918232,1.966805581139241,1.8136480151083347,1.96353132417041
2017-05-19,2.1197366636411776,2.0331858660332705,2.083170264768173,1.9954700110268389,2.063742463304866,1.831259883874196,1.976085400829209,1.8254491398901547,1.9727956951985575
2017-05-22,2.132018744746108,2.047164486298662,2.0963601017318045,2.0091893261180567,2.076809290863939,1.8437934503674147,1.9885677580654786,1.8379429363066409,1.9852572723203306
2017-05-23,2.1276847853630785,2.036991091155169,2.089036285134452,1.9992046487413775,2.069553776727126,1.8365010125023717,1.9826221057464646,1.8306736379696498,1.9793215180785473
2017-05-24,2.1404312763050406,2.05226803537796,2.1031169572096533,2.014198203716351,2.0835031314029897,1.8497497201337154,1.9957059796699854,1.8438803063203633,1.992383610507352
2017-05-25,2.1443888163630684,2.0512447804369063,2.104551430516413,2.0131939302838924,2.0849242267045622,1.8497961338744702,1.997584300533684,1.8439265727863554,1.9942588044197969
2017-05-26,2.130785471007555,2.0374116673815665,2.090782782788954,1.9996174232255737,2.0712839864140715,1.836687354752883,1.984174284415366,1.8308593889402887,1.9808711127442955
2017-05-29,2.1302073051888737,2.034353867960745,2.0889394946543436,1.9966163463708102,2.0694578889222637,1.8355817598766093,1.9833098234978896,1.8297573022109648,1.9800080909457696
2017-05-30,2.132910708965195,2.0348151722474506,2.0905104135716184,1.9970690934046438,2.0710141573323977,1.8381902795827065,1.9859766333595692,1.8323575448612914,1.9826704612121695
2017-05-31,2.125161562003311,2.022870588466772,2.080596709580616,1.9853460831640481,2.061192909285185,1.8298499963965145,1.9778688956512622,1.8240437261058315,1.974576220931848
2017-06-01,2.1492327921794385,2.038749841034272,2.1005922487643858,2.0009307735877466,2.0810019685772323,1.8484411642980627,1.999132087301568,1.8425759026441157,1.995804014495984
2017-06-02,2.185589953533621,2.0743883164023114,2.136719176795802,2.0359081507295556,2.116791974179818,1.8849869440868396,2.0358036455807587,1.8790057195529544,2.0324145234745195
2017-06-05,2.1785422002418233,2.0708777251199333,2.1314665111693487,2.0324626813595446,2.111588295305274,1.8772372331982867,2.028335127434339,1.8712805991588037,2.0249584386096715
2017-06-06,2.158908064668686,2.0516362918634,2.1119590725951163,2.0135781791238996,2.0922627845600275,1.85986185273524,2.009807736900088,1.8539603522616614,2.0064618917125103
2017-06-07,2.161034279401058,2.054556996765516,2.114502770201736,2.0164447045806217,2.094782759452801,1.8642318396901985,2.0131597189326746,1.8583164728748558,2.009808293503392
2017-06-08,2.150294475767538,2.0460342017842645,2.1048637372020624,2.0080800085243786,2.085233620794739,1.8576155865861734,2.0045870310126435,1.8517212137068961,2.001249877041319
2017-06-09,2.1502811359572873,2.045661713824908,2.1046653248369878,2.0077144302637864,2.0850370588381986,1.8571681415485721,2.004338865823729,1.8512751884506067,2.0010021249875956
2017-06-12,2.1551415286342994,2.0444946796374137,2.1064393047753716,2.006569044708096,2.0867944945071937,1.8610170996592454,2.0086807080212665,1.8551119334885295,2.0053367390649726
2017-06-13,2.1621916992960473,2.046301105929821,2.1108152225974157,2.0083419615642724,2.0911296021928294,1.867442200139408,2.015434051965051,1.861516646576225,2.0120788403197576
2017-06-14,2.1602855946714663,2.0415149090632303,2.1074180498967943,2.0036445492549957,2.0877641117785197,1.8627896631507506,2.0120316466143855,1.8568788724847158,2.0086820991534617
2017-06-15,2.153979529220578,2.033799779850113,2.1003617972751685,1.996072536664721,2.080773666295814,1.8521223579739905,2.0033303499226913,1.84624541557817,1.999995288022315
2017-06-16,2.161861071529756,2.0434698330223005,2.109195072374587,2.005563209127333,2.0895245616119738,1.8614661320075216,2.0120486551707746,1.8555595410188217,2.0086990793947064
2017-06-19,2.1726190763285502,2.0586897934008457,2.1222931569108634,2.02050083731558,2.102500492433682,1.8713183779108329,2.0223797088135083,1.8653805249045918,2.019012934324609
2017-06-20,2.1838944581700326,2.075908318904488,2.1366736697323474,2.037399956993041,2.116746891518636,1.883305394697601,2.034105786544715,1.8773295058635162,2.0307194909643074
2017-06-21,2.174281660715708,2.0665712840986004,2.1271659175724507,2.028236125363908,2.107327809365435,1.8732080701224763,2.0241748172499334,1.8672642209614856,2.020805054338404
2017-06-22,2.1694750755730605,2.063498217853417,2.1232338737777887,2.025220064886306,2.1034324361048524,1.8671808814077577,2.0186800963656557,1.8612561570312245,2.015319480839267
2017-06-23,2.1705757959055823,2.066235893394046,2.1251821378251967,2.0279069561993492,2.105362530496255,1.8698656066796209,2.020643816211419,1.8639323634405496,2.0172799315650667
2017-06-26,2.1716961420555925,2.069289625371923,2.1273028144664505,2.0309040410627492,2.107463429548777,1.8719189014603452,2.02227521026313,1.8659791429416024,2.0189086097391162
2017-06-27,2.181638576138396,2.081688189419719,2.1385488529026366,2.0430726101790797,2.1186045865906373,1.883950202927191,2.0334053075748937,1.877972268061533,2.0300201781230407
2017-06-28,2.182540861806317,2.0773878416712668,2.1367743894971674,2.038852034425342,2.116846671963407,1.8839226939103357,2.033810067132377,1.8779448463331372,2.030424263853474
2017-06-29,2.1961594482268745,2.0904189501728005,2.150142771395032,2.051641414215779,2.1300903793333226,1.8960124851484026,2.0466814998622653,1.8899962756312503,2.0432742687520005
2017-06-30,2.182964717813213,2.0761980559295075,2.1363685831834176,2.037684319359597,2.1164446502296452,1.8851286612013138,2.0346593350823183,1.8791469869869226,2.0312721179770925
2017-07-03,2.1880528436890563,2.080575143458118,2.141110233836121,2.041980211360864,2.1211420798942484,1.890503256228976,2.039936944424268,1.8845045279656218,2.03654094137226
2017-07-04,2.1848806667979717,2.0755260441222663,2.13696017106354,2.037024773456387,2.117030720917017,1.886465497210562,2.0362797624707087,1.8804795811013602,2.032889847744671
2017-07-05,2.193573444447324,2.086382991208833,2.1467997291708008,2.047680322801129,2.1267785145705376,1.8998236793446162,2.047538966907812,1.8937953765828388,2.0441303083217073
2017-07-06,2.1886769387883764,2.081934068751375,2.1421148185593575,2.0433139284180317,2.1221372957853326,1.8955676459525899,2.042960219209154,1.889552847948191,2.039559183133736
2017-07-07,2.174588876298248,2.072589387511118,2.1304136262907667,2.034142592196854,2.1105452297097,1.8875777796626467,2.0320823094710354,1.8815883341862458,2.0286993824919652
2017-07-10,2.1845208338023667,2.0854294324992595,2.141879880036031,2.0467444527262404,2.1219045483162198,1.8991421836762126,2.0429513788094025,1.8931160433583845,2.0395503574511182
2017-07-11,2.1971771594135814,2.099488372477786,2.1553062730525565,2.060542597589754,2.1352057257887713,1.9108406374765785,2.0551627446880727,1.9047773769659029,2.051741394350549
2017-07-12,2.1860486524081137,2.0913492561053886,2.1456734318986936,2.0525544628556367,2.1256627212309036,1.9034468189190505,2.0459860230545273,1.897407019626021,2.042579949745423
2017-07-13,2.1843693184232036,2.0896835418430735,2.143994689757287,2.050919647803595,2.1239996351640786,1.9024910604121172,2.044687542723959,1.8964542938224431,2.0412836310714577
2017-07-14,2.1939437395214285,2.097401342441251,2.1526503716262035,2.0584942822243995,2.132574593497467,1.912040709240042,2.0543029400721755,1.9059736407991859,2.0508830211019826
2017-07-15,2.1939226737640642,2.0973802568036843,2.1526292151545685,2.0584735877280766,2.1325536343326665,1.9120215844022597,2.0542828019213157,1.905954576646147,2.0508629164762877
2017-07-18,2.186162905863191,2.095701885116742,2.1479689681937915,2.056826350048236,2.1279368491830795,1.9084377784674667,2.0487320161674187,1.9023821424336087,2.0453213714420184
2017-07-19,2.1882643520325735,2.0948744617407624,2.1485714002258147,2.0560142754805475,2.1285336628889815,1.9078934599762203,2.0494179407272,1.9018395511114148,2.0460061541028285
2017-07-20,2.2037308365725052,2.1129785807443806,2.1654541655420565,2.0737825607865354,2.1452589782750553,1.923575442123632,2.0650884739713447,1.9174717729903776,2.0616505996882983
2017-07-21,2.197318827801393,2.110912315969935,2.1612537512067718,2.0717546254850316,2.1410977373175544,1.921089710995519,2.0607583865745216,1.9149939292993925,2.057327720842727
2017-07-24,2.186212761044236,2.0988515835150996,2.1496140309956786,2.0599176211428776,2.1295665700064204,1.9112574275747334,2.0502765196181905,1.9051928445534865,2.046863303667024
2017-07-25,2.180480359134329,2.092391158282236,2.143485124851494,2.0535770376153066,2.123494822498652,1.9056052735927722,2.0445548779143743,1.8995586253387513,2.0411511871167876
2017-07-26,2.187100898258116,2.0957450329879883,2.148450104157349,2.056868697521013,2.128413498036709,1.9122017405096778,2.0512000056714887,1.9061341611028528,2.0477852523387554
2017-07-27,2.193283318732075,2.1021827901636034,2.154787528425348,2.063187033486665,2.134691819012697,1.9169388018637028,2.0566377123140445,1.9108561913567006,2.0532139065111332
2017-07-28,2.1904576509797615,2.0930727360510346,2.148717448342457,2.054245972030277,2.1286783489499808,1.9091871945285637,2.0511383531982417,1.9031291805335508,2.047723702502008
2017-07-31,2.185301438592593,2.0907072255832033,2.1449774850578818,2.0519243420808535,2.1249732648423034,1.9087340732354785,2.0484902977961053,1.902677497033021,2.045080055473499
2017-08-01,2.2006109760584502,2.101599357522019,2.1580778237334544,2.062614423594384,2.1379514287810357,1.9167387367472624,2.0599468393363933,1.9106567610639584,2.0565175246350345
2017-08-02,2.2044547548870908,2.1139269033339785,2.1662919854818705,2.0747132918721363,2.146088984643541,1.9249948603233789,2.066182368335075,1.918886687254972,2.0627426729817215
2017-08-03,2.2076375158621,2.114795486005578,2.1682985704516278,2.0755657622253048,2.148076856052016,1.926276664553521,2.0683608137700324,1.9201644242108376,2.0649174918303936
2017-08-04,2.2032329752581292,2.109716637055542,2.163531196302064,2.0705811265657497,2.143353942789805,1.9229005681261147,2.0644851438426906,1.9167990404256825,2.0610482739588063
2017-08-07,2.213329456409421,2.119692540994076,2.1736038634649675,2.080371976224304,2.1533326715065066,1.933922983668122,2.075133673087951,1.9277864809019636,2.071679075970921
2017-08-08,2.2080606031308436,2.1158778471201805,2.169061749660809,2.0766280454043162,2.1488329177948975,1.9293816886800028,2.070227342597222,1.923259595830626,2.066780913337227
2017-08-09,2.19040148853717,2.099519648342772,2.1520039441809784,2.0605732932834884,2.1319341946828723,1.9119611681434503,2.0526011322747606,1.9058943520932858,2.0491840464041355
2017-08-10,2.191199371233292,2.103126633876445,2.1542471347416483,2.06411336877924,2.1341564650808484,1.9120789537809597,2.053037866059491,1.9060117639869096,2.0496200531324393
2017-08-14,2.1664640885713977,2.0741722714143567,2.1272522921546,2.0356961134034575,2.10741337841178,1.8862609383207924,2.02758727315834,1.880275671294415,2.024211829330688
2017-08-15,2.1851344155993884,2.0938263343484618,2.146498150225318,2.054985590983959,2.126479748172823,1.9036792928173178,2.0456856071624308,1.897638755864758,2.0422800339733382
2017-08-16,2.184706668350719,2.095149370362279,2.14696770599406,2.0562840845123604,2.126944924829399,1.9035417370992926,2.045411487885718,1.8975016366227722,2.0420063710391134
2017-08-17,2.183583685658877,2.09823058901629,2.1479990788118224,2.059308146170575,2.1279666789872382,1.9056782842268167,2.046033976390826,1.8996314043038194,2.0426278232509825
2017-08-18,2.160139273056702,2.071474180682228,2.1227657073797634,2.03304807259571,2.1029686358616186,1.8824376533858618,2.0225725382563278,1.8764645179690558,2.019205442752911
2017-08-21,2.1608416269826916,2.072717663250821,2.123748546820109,2.0342684884053583,2.1039423092679437,1.884261997019372,2.023881592057857,1.8782830728044349,2.020512317295558
2017-08-22,2.161811712138134,2.07979557443641,2.1278582761801106,2.0412151034431214,2.1080137109850132,1.8884527138430625,2.0265875424625497,1.8824604921257957,2.0232137629454066
2017-08-23,2.164866680391534,2.0812688588361996,2.13011267602393,2.0426610582309292,2.1102470861275275,1.8902729716063824,2.0289955177230157,1.8842749740557996,2.0256177295077817
2017-08-24,2.154362875047599,2.0693045796004,2.1188193776342037,2.0309187178883965,2.099059109881983,1.8806296932724502,2.018897433913841,1.874662294667467,2.0155364565728497
2017-08-25,2.160816607345603,2.07806226973567,2.126480397617821,2.0395139517638374,2.1066486826210973,1.8875840292364277,2.0256549999057225,1.8815945639295952,2.0222827728470403
2017-08-28,2.165921079718062,2.0820602120950094,2.1310359960927423,2.0434377317866845,2.111161795244423,1.892026301098955,2.030431182805056,1.8860227400841743,2.0270510045536927
2017-08-29,2.1628045668720275,2.0800810107630667,2.128491662233826,2.041495244889812,2.108641190033089,1.8911056871921639,2.028477832360014,1.885105047363921,2.0251009059660623
2017-08-30,2.1752267817951885,2.093245932825265,2.1413420804900074,2.0544159559824355,2.121371764328926,1.9024739329761826,2.040400731848661,1.8964372207333249,2.0370039567024416
2017-08-31,2.18680721538196,2.1052319789215583,2.1531744644405792,2.066179659407446,2.1330937985831158,1.9131958347522147,2.0515823265815363,1.9071251009994712,2.0481669367766906
2017-09-01,2.191221249790338,2.1094591489105485,2.157508874988687,2.070328414858417,2.137387786094752,1.917530468227853,2.0559804399949044,1.9114459803129538,2.0525577283918945
2017-09-04,2.1701105702913246,2.0879455089058885,2.1361140900183657,2.04921385559725,2.1161925304868565,1.8981134850737826,2.0356671029379054,1.8920906089044607,2.032278208142239
2017-09-05,2.1535124931264256,2.0715567210300985,2.1195616861437183,2.0331290818096854,2.0997944955669006,1.8833044438095992,2.019941132326296,1.8773285579927625,2.0165784174791512
2017-09-06,2.1555635247106286,2.0761201578566917,2.1229051160702834,2.037607866305885,2.1031067444162788,1.8874183686962798,2.023108833637234,1.881429429044487,2.019740845331344
2017-09-07,2.1645103592727217,2.0850997519431154,2.1319017755678344,2.0464208877861156,2.1120195003954723,1.8957217356571967,2.031757598668936,1.8897064487130069,2.028375212255044
2017-09-08,2.155958101004805,2.076324689224108,2.123203964014008,2.0378086035905634,2.1034028052817613,1.8883595695597417,2.0237985241141767,1.8823676433972394,2.0204293876399713
2017-09-11,2.177170246458936,2.099319190077392,2.145405997536876,2.060376553544288,2.125397780981916,1.9095125243820985,2.0450901192860873,1.90345347808768,2.0416855374406984
2017-09-12,2.196583794985297,2.120278821499652,2.16568195841359,2.080947381152339,2.145484646733257,1.9251324609911096,2.0625716629072617,1.9190238513040336,2.059137978507672
2017-09-13,2.2095956305446727,2.1340659443361942,2.1791383658358443,2.094478751116236,2.158815558694948,1.9362419858530437,2.0746318681502207,1.9300981246949311,2.0711781064173955
2017-09-14,2.2045011286331073,2.1271911948521245,2.17311463282013,2.0877315291047296,2.1528480034631987,1.9309628077690177,2.0694116586843396,1.9248356978937584,2.0659665873413458
2017-09-15,2.210138640174593,2.133281298597585,2.1790044342090074,2.0937086606553335,2.1586828761244647,1.9374413188922304,2.0755295796354973,1.9312936521479729,2.072074323429545
2017-09-19,2.2474399997412995,2.1706534063764553,2.2164798585231114,2.1303875111074535,2.1958088018326984,1.9689892815079264,2.1099420489874565,1.9627415103843877,2.106429504319101
2017-09-20,2.2485318340133342,2.168226476377579,2.215776271042376,2.128005600967055,2.195111776061353,1.9689942058727739,2.1104569124155774,1.9627464191238049,2.1069435106237813
2017-09-21,2.253969562422875,2.1619471426846246,2.2152421221096543,2.1218427497084207,2.194582608641469,1.9676252110955221,2.1122740503912003,1.9613817682838806,2.108757623502904
2017-09-22,2.250588342219818,2.1480432855506213,2.206467241250551,2.1081968108830464,2.185889562976578,1.9593367701949167,2.1062443412919203,1.9531196273140081,2.1027379524151226
2017-09-25,2.260548243239731,2.1573201411469456,2.216114657161618,2.1173015796345664,2.195447006366376,1.9688699683628574,2.1160276905173774,1.9626225758301157,2.1125050147235163
2017-09-26,2.2632865133459554,2.155758578869869,2.216664161855952,2.1157689845352623,2.1959913863388927,1.970051809683585,2.117945909856886,1.9638006670674144,2.114420040690431
2017-09-27,2.266858246264983,2.1625408376264588,2.2218909256764836,2.122425431533983,2.201169404969692,1.975208408534042,2.1223860121393936,1.9689409035893934,2.118852751273433
2017-09-28,2.279817136727134,2.1778177008562056,2.2360831048498953,2.1374189070183434,2.2152292268202407,1.9890134618618776,2.135866454516121,1.982702152304197,2.132310751964608
2017-09-29,2.2770845222910125,2.1780415450776425,2.234852290037427,2.137638598901157,2.2140098906786325,1.9885608660030412,2.13434183778389,1.9822509925706682,2.1307886733515526
2017-10-02,2.2743538325482224,2.1784743651160747,2.2337289036849297,2.138063390073126,2.2128969811111547,1.9871945718844617,2.1323283967956743,1.9808890338199958,2.1287785842570117
2017-10-03,2.2913841231298737,2.1944665178273177,2.2502908376648305,2.1537588863286192,2.2293044572578906,2.0008551909502392,2.147640959060126,1.9945063065749884,2.1440656547981405
2017-10-04,2.290780893227475,2.1962152320407133,2.250891144401554,2.1554751616721495,2.229899165489156,2.001100857087076,2.1474899830309084,1.9947511931921953,2.1439149301076017
2017-10-05,2.2893847424072677,2.191511567010623,2.2477940540565235,2.150858750223366,2.226830958839978,1.9970614159945208,2.1446682700961444,1.9907245695911573,2.141097914644377
2017-10-06,2.295599666469817,2.1989051688348167,2.25463657611259,2.158115199798454,2.233609667024341,2.0030629906585786,2.1508016304303363,1.9967071007463275,2.1472210644127614
2017-10-10,2.301358098830588,2.2042609267629523,2.260210163536466,2.163371607739536,2.2391312747556587,2.008832827988919,2.156596666987402,2.0024586298901283,2.153006453631517
2017-10-11,2.3037011203779234,2.2003686469942827,2.2593652470464374,2.1595515302529362,2.2382942380199156,2.007384370958673,2.1569178988084277,2.001014768937724,2.15332715067903
2017-10-12,2.3052015246269444,2.1987411596693667,2.25926766557166,2.1579542330237693,2.2381975665972593,2.0074247544452963,2.157642919874079,2.001055024284095,2.1540509647594566
2017-10-13,2.3164666226933934,2.210364917338954,2.2707588955407623,2.1693623685182177,2.2495816284974888,2.0176108673193505,2.1683887613649264,2.011208815752201,2.164778917015737
2017-10-16,2.3324809696672486,2.2246930555788613,2.2859688210448317,2.183424717981311,2.2646497051004086,2.0302502205535276,2.1826771461348766,2.023808063239283,2.1790435150708976
2017-10-17,2.3387177760393896,2.236717359471017,2.295196166117222,2.1952259695152314,2.2737909952635427,2.038530930499002,2.190043559816709,2.032062497785005,2.1863976654504675
2017-10-18,2.3408428266943275,2.234969582289465,2.2953436586341733,2.1935106138214855,2.273937112254266,2.0369333251000166,2.1901825912761606,2.030469961724371,2.1865364654560686
2017-10-19,2.3464444478075035,2.2458265608831685,2.303660617383134,2.2041661940889026,2.2821765064248116,2.0440361121389063,2.196619268899318,2.037550211013474,2.1929624275632817
2017-10-20,2.3460800883298254,2.2480401425643133,2.30461655511103,2.206338713549851,2.2831235290060663,2.0453079157688316,2.197130810253684,2.0388179791018817,2.1934731173246584
2017-10-23,2.3637787809307333,2.2728572560437303,2.326031118499128,2.2306954664349394,2.304338378576737,2.0657862110085423,2.2164145048247565,2.059231294962141,2.2127247091948137
2017-10-24,2.380687582485216,2.288644874567269,2.342428532012152,2.2461902226377832,2.320582868586757,2.0825419382215955,2.2333306948185214,2.0759338548219644,2.2296127378118245
2017-10-25,2.372557269252668,2.284766924313172,2.3364478329370235,2.242384208851448,2.3146579459578502,2.0786417894398155,2.227426895842597,2.0720460815453055,2.223718767237408
2017-10-26,2.3763809103836464,2.288506201628083,2.3402425641374975,2.246054122099161,2.3184172872117528,2.082014929240568,2.231029077649052,2.0754085180854354,2.227314952279874
2017-10-27,2.397169467097014,2.3072379886439607,2.3600546267760536,2.264438432096383,2.338044581074549,2.0997383554373927,2.2502831938706493,2.093075706337522,2.246537015041372
2017-10-30,2.3955191731623184,2.3087496640664438,2.3600192274164584,2.2659220657485566,2.338009511852025,2.100419951453836,2.249875262474238,2.0937551395916034,2.2461297627523575
2017-10-31,2.3891241523320907,2.304001187071903,2.354444373152194,2.261261673602932,2.332486649094967,2.095810604344532,2.2444044310836766,2.0891604183342722,2.2406680389766906
2017-11-01,2.4174488009255612,2.334973761936615,2.3842335996910897,2.291659703285972,2.3619980590824596,2.1237068835257986,2.272649322941714,2.1169681802396147,2.268865909901451
2017-11-02,2.428439777199994,2.349343690696209,2.396990123237998,2.3057630680493255,2.3746356143380942,2.136738948655366,2.2847886673336304,2.1299588935137095,2.2809850452125344
2017-11-06,2.425305503236607,2.340938476656535,2.3911532509313074,2.2975137717933203,2.3688531771384413,2.1331314379308477,2.2813851395930693,2.126362829728768,2.2775871835248513
2017-11-07,2.4553677999415484,2.3712773955625575,2.4214673570646603,2.3272898999158596,2.3988845716540945,2.1639754939358955,2.3120195823892287,2.157109014910317,2.3081706273616964
2017-11-08,2.45823248304293,2.3757287222446166,2.425152635674033,2.331658653924888,2.4025354810799344,2.1690616409775036,2.3160875575615925,2.162179023173053,2.3122318303364495
2017-11-09,2.4538735291943268,2.3736869107590346,2.4219606609623767,2.329654718300646,2.39937327496282,2.165089229930686,2.311913121614212,2.1582192169256937,2.3080643438181956
2017-11-10,2.4413842933628427,2.358148746994488,2.407868860157799,2.31440478943946,2.385412895344941,2.1607904367006103,2.3037424008157954,2.153934064133614,2.29990722529942
2017-11-13,2.416314738238875,2.3308313506914478,2.381559458361922,2.2875941342934047,2.3593488569950356,2.1399236472111394,2.280793304350485,2.1331334867490224,2.276996333545216
2017-11-14,2.407058201929657,2.326134733652894,2.3745969318936813,2.282984640095023,2.352451263568609,2.1328473471486533,2.272655966587617,2.1260796403908846,2.2688725424872858
2017-11-15,2.357002283922532,2.273549479876449,2.3230655413917924,2.2313748494279975,2.3014004586629775,2.082571526341309,2.222226209815939,2.075963349056048,2.2185267390987633
2017-11-16,2.3752958568995672,2.2915230153596626,2.341263010429911,2.2490149735544027,2.3194282167458335,2.0972789124493345,2.2386945567363288,2.090624067372079,2.2349676701931123
2017-11-17,2.375988809508192,2.2938471508375424,2.3427913095606936,2.2512959960251724,2.320942262844787,2.0991976797701155,2.240046948270275,2.0925367462803064,2.2363178103213035
2017-11-20,2.370224542768872,2.29083513697013,2.3384109976033023,2.2483398553960106,2.316602802003838,2.0936881837248977,2.234389500467452,2.0870447323364996,2.2306697808046967
2017-11-21,2.387301675960288,2.3087271132040805,2.355966963619649,2.2658999332075433,2.333995039770012,2.1146097521647085,2.253611059960028,2.107899914853144,2.249859341036276
2017-11-22,2.396183670564238,2.3190065876998793,2.3655951104755806,2.2759887221511246,2.3435333938093215,2.1273058220169614,2.2645792951721675,2.12055569899163,2.2608093167819368
2017-11-24,2.3961856945871474,2.314459297654651,2.363274497545282,2.2715257849114527,2.341234423088517,2.1251850673101815,2.263445501516283,2.1184416736206275,2.2596774106190587
2017-11-27,2.3905391770278195,2.3056976498966004,2.356016785654761,2.262926666827634,2.3340443971611036,2.1190614923781013,2.2575148287407956,2.112337529314703,2.253756610983474
2017-11-28,2.384616357695398,2.2972828087587502,2.348799882557482,2.254667922057342,2.326894799441078,2.108427956441904,2.2490411504054775,2.101737734496036,2.2452970392790337
2017-11-29,2.407399917968863,2.3200745596365016,2.3716714310410945,2.2770368830732273,2.349553046155453,2.126095892691396,2.2692041127067064,2.1193496088751314,2.2654264351106224
2017-11-30,2.4245432174315535,2.329429870681208,2.3849016460484527,2.2862186519146377,2.3626598751896015,2.1363008312241516,2.2827226628039705,2.129522166266516,2.2789224800821697
2017-12-01,2.433037871213105,2.3329293743921937,2.390892694615196,2.289653239389108,2.3685950507899913,2.147394485267221,2.292654341147988,2.140580619198012,2.288837624576913
2017-12-04,2.4241215686838613,2.327181005755023,2.3835661721101378,2.284011503717307,2.36133685598097,2.1399824833173104,2.2844967278636963,2.1331921361632045,2.2806935917514126
2017-12-05,2.4361007793490415,2.3289565485212522,2.3903618539724976,2.2857541099406222,2.3680691608067708,2.1454358817064043,2.293051885694791,2.1386282304535404,2.289234507307919
2017-12-06,2.4000922806447917,2.292921190572435,2.35420413366754,2.250387212440113,2.332248650101686,2.11212435724643,2.2583040248723596,2.1054224063051707,2.2545444932938055
2017-12-07,2.424101155792379,2.3184264737615714,2.3790701201196494,2.275419369399754,2.356882734507116,2.1370621533984404,2.2829281729381523,2.130281072700536,2.2791276480915403
2017-12-08,2.448774760369,2.3436500656385264,2.4041183689833274,2.300175060456688,2.381697381531253,2.1595901682148595,2.3065791135151628,2.1527376042022603,2.3027392155562585
2017-12-11,2.4632230335536756,2.3608816237453247,2.4200472131257875,2.3170869709808684,2.397477672083652,2.173132701084977,2.3206157323286623,2.166237165459175,2.3167524667845685
2017-12-12,2.471543662480088,2.372506626162845,2.4300923794718385,2.328496328133018,2.407429156458173,2.18208581659715,2.3293153745211934,2.1751618719713157,2.3254376261708942
2017-12-13,2.4654558172568564,2.3587389216343975,2.4200462972458237,2.3149840162651434,2.3974767647452535,2.169668909975224,2.319818660524354,2.1627843652543888,2.3159567219125887
2017-12-14,2.464126688452805,2.3635119743793194,2.4218390658031326,2.319668528277871,2.3992528138091105,2.172582134679761,2.3207475851937422,2.1656883460481757,2.316884100146426
2017-12-15,2.444483586159608,2.346422281820295,2.403430494772341,2.302895851677608,2.38101592248653,2.158351669372454,2.303896185994239,2.151503035222438,2.30006075446263
2017-12-18,2.471883379554616,2.3755395702123843,2.431813445583636,2.3314730106867803,2.4091341717788803,2.1849453199182194,2.331001899195982,2.1780123018441717,2.327121343188829
2017-12-19,2.4678909793363464,2.371554861786337,2.427809968033743,2.327562219106089,2.4051680309596026,2.179047768422751,2.32597263277395,2.172133463783194,2.3221004492825084
2017-12-20,2.47737820038139,2.3864145955639655,2.440085876864048,2.342146302942434,2.417329453747374,2.1899128574235216,2.336242569684566,2.1829640769287884,2.3323532892249133
2017-12-21,2.4798966705552523,2.3927853899859834,2.444587840143986,2.3483989183220384,2.42178943138155,2.196853667612575,2.3411343079391598,2.1898828633344314,2.337236883915027
2017-12-22,2.4902043770976254,2.405511538302355,2.456173587513334,2.360888994977324,2.433267129205692,2.207757372461648,2.35181143105928,2.2007519697969435,2.3478962322000956
2017-12-25,2.4940374004867074,2.4148371626091603,2.4628355644167708,2.3700416277735767,2.4398669760150016,2.2151743054655535,2.3575766868054346,2.2081453682390904,2.3536518901858083
2017-12-26,2.4877587489064883,2.4047011210914535,2.454556678744294,2.3600936111082,2.431665299848585,2.208113437865531,2.3508492476230116,2.2011069053748953,2.3469356505672043
2017-12-27,2.499438491579902,2.421944859032317,2.4691314771531316,2.377017475528983,2.446104172598995,2.2217714336720475,2.3636431084146774,2.2147215631944523,2.3597082126660776
2017-12-28,2.486350188207528,2.4077053585793005,2.4554040379386226,2.3630421196106206,2.432504756507785,2.2088683352219327,2.3505885845330172,2.201859407377524,2.3466754214183925
2017-12-29,2.4851861562507445,2.40403671951871,2.4529522091358755,2.359441534268675,2.4300757936435584,2.2068117795083495,2.3489423148135207,2.1998093772908307,2.345031892340957
2018-01-04,2.545987320182672,2.472185109466165,2.517751802867349,2.426325762962051,2.4942710615245676,2.265682950199955,2.4090197571590277,2.258493744730783,2.405009320233508
2018-01-05,2.568113439287157,2.4908134994261864,2.5381780427149967,2.444608593931882,2.514506804733936,2.2860313380853743,2.430305509615736,2.278777565443879,2.4262596370457445
2018-01-09,2.5809941845228455,2.5032559995314414,2.5508829088573184,2.456820284086248,2.527093184345797,2.297391826751608,2.4424390076850155,2.290102006309495,2.438372935766908
2018-01-10,2.588554293931754,2.5159984991543123,2.5611097250696924,2.469326408729229,2.537224624506422,2.3038674064316162,2.4494583314705336,2.2965570384222245,2.4453805740711356
2018-01-11,2.586322157459658,2.5201400377449596,2.562114971450948,2.4733911212551285,2.5382204958848527,2.305415480671635,2.4492253108554873,2.2981002004904885,2.445147941379217
2018-01-12,2.5693424047614735,2.5108476385425273,2.5489874123754,2.46427109723336,2.5252153654056277,2.296504117242026,2.4364546007732635,2.289217113577989,2.432398491449438
2018-01-15,2.5760720505931434,2.5100810273249237,2.5519245481193265,2.463518706750817,2.528125109202257,2.295540643394356,2.439126191214339,2.2882566969151092,2.435065634336722
2018-01-16,2.584107971681263,2.526360564190191,2.5641877472582295,2.4794962561479243,2.540273940830158,2.3056807800159143,2.4483188183719644,2.2983646580172943,2.444242957987066
2018-01-17,2.5748088583449102,2.5148340982313604,2.5537202956809546,2.4681836075906913,2.5299041094880166,2.2946843637533587,2.4380733475564247,2.287403134322531,2.4340145434095897
2018-01-18,2.5540465126966,2.5009528327379384,2.5363856914335448,2.454559841328108,2.5127311690543905,2.2781024703011448,2.4194351875785403,2.27087385663418,2.4154074114732054
2018-01-19,2.572767327950655,2.523004980359591,2.5568715938625477,2.4762029188218526,2.5330260184274245,2.2973386198342727,2.438518584743036,2.290048968222252,2.4344590393836607
2018-01-22,2.5750664440512288,2.523614327006111,2.5583186920654333,2.476800962010999,2.5344596208843986,2.2968027636978756,2.4393214211845433,2.289514812403133,2.4352605392961086
2018-01-23,2.5998418329103297,2.5434598455178388,2.580674657499466,2.4962783436439397,2.5566070929152187,2.3162040587062878,2.4613570415581942,2.3088545454457936,2.457259475676048
2018-01-24,2.5954347812023646,2.5290454509152194,2.5711555306483937,2.482131337884574,2.547176742152061,2.3057111117821343,2.453693671879013,2.29839489353823,2.4496088636592495
2018-01-25,2.5780469192374724,2.511949668711452,2.553852573450989,2.465352684603248,2.5300351536256884,2.289845188645807,2.4370326173078865,2.282579314330816,2.432975545725928
2018-01-26,2.565242854085463,2.4915876150938865,2.5371528597874544,2.4453683496560235,2.5134911827389383,2.2759554661490324,2.423590774687437,2.2687336651095764,2.419556080531746
2018-01-29,2.567495825435367,2.4994382898418697,2.542264540711113,2.4530733933943463,2.5185551917445554,2.282504935256463,2.428138566619991,2.2752623521922657,2.4240963014874986
2018-01-30,2.53654229848131,2.462822421029336,2.508314036046502,2.4171367535800754,2.484921312021918,2.251508699639729,2.3970158180554497,2.244364470277933,2.3930253647936137
2018-01-31,2.505086081102471,2.4344615925079016,2.4783185711965325,2.3893020220152676,2.4552055871172427,2.2231423519492,2.367053378953726,2.2160881314308476,2.3631128059271167
2018-02-01,2.552323990529325,2.4830832519168284,2.526434270705198,2.4370217434916746,2.502872556018942,2.2669431049605504,2.412690136061321,2.259749900912717,2.408673588840095
2018-02-02,2.5457381984760925,2.4701282166777276,2.5165841708076693,2.42430702579503,2.4931143188886766,2.2601666386156762,2.4059713189421115,2.252994936874202,2.4019659569310488
2018-02-05,2.487703414272231,2.401943456487759,2.453173535719032,2.357387101531739,2.4302950561184713,2.201905634345477,2.347538055566888,2.194918799745498,2.343629970847314
2018-02-06,2.3778783819653917,2.2914518706425753,2.342607725395105,2.248945148580816,2.320760390798835,2.1000439935325668,2.2414244406084514,2.0933803746169213,2.2376930094669416
2018-02-07,2.386071926418703,2.3068154943587293,2.3544788667674577,2.264023775133586,2.3325208210201955,2.1111489297672263,2.25120653368494,2.10445007394065,2.247458817717552
2018-02-08,2.4040908444159648,2.327682036636243,2.3740123584015524,2.284503240412301,2.3518721418525224,2.1304601714451272,2.2699995016657284,2.123700039399707,2.2662204999388496
2018-02-09,2.3541072865049815,2.2628920265862424,2.316313511070886,2.2209150932444572,2.294711398281093,2.0792603944884025,2.219129221120174,2.0726627237072495,2.2154349061422955
2018-02-13,2.3317711263932335,2.2417781020866174,2.2945174439617233,2.2001928347151445,2.273118602921551,2.0602890486147842,2.1984766012809276,2.053751575534064,2.1948166679344023
2018-02-14,2.3171244273512985,2.22945315175146,2.2809983164590792,2.1880965137677713,2.2597255558116243,2.048496758225847,2.1852786792876593,2.041996703089483,2.1816407172983823
2018-02-15,2.334448258400514,2.251851294825573,2.3009669601149585,2.2100791684545658,2.2795079704054824,2.0653038426709944,2.202410539726459,2.0587504572205173,2.1987440573211487
2018-02-16,2.3635465234481563,2.2770329042490784,2.3281791340835625,2.2347936558378723,2.306466361607412,2.0895226764649735,2.229051670221098,2.0828924425868056,2.2253408367584098
2018-02-19,2.414842231905978,2.324481053736596,2.3777050896300946,2.281361636150357,2.3555304343938492,2.1365095166892156,2.2783002350322357,2.1297301895547784,2.274507414586145
2018-02-20,2.398923078776839,2.302161322910048,2.3584715513037104,2.259455939154016,2.3364762694822847,2.1188346445954895,2.261370499767373,2.112111401339475,2.2576058632476466
2018-02-21,2.393839875844554,2.304469049178907,2.357129738697537,2.2617208568086675,2.3351469707206847,2.1183180408554763,2.2586930368458744,2.111596436827242,2.254932857656203
2018-02-22,2.3697662271075197,2.279643189420539,2.3325853693367096,2.2373555198892094,2.3108315039815244,2.0969486138607407,2.235943070745208,2.0902948168491102,2.232220764762609
2018-02-23,2.394536064898627,2.3091081119681993,2.3598343293336392,2.2662738643963922,2.3378263381425324,2.1213827303315194,2.260652950374355,2.114651401781882,2.2568895084013203
2018-02-26,2.4140631797100345,2.3248163520584453,2.3774900907951073,2.281690714645922,2.3553174406540536,2.1383084895743516,2.278889335841108,2.1315234541453347,2.2750955346842408
2018-02-27,2.432055634054368,2.352146018991673,2.4002984655226185,2.3085134128004228,2.3779131027754943,2.1598946909876746,2.298880406976151,2.153041160698313,2.295053325506981
2018-02-28,2.3982008077782244,2.3113736530691233,2.3628006610299948,2.26849737942331,2.3407650056079574,2.127460857319822,2.265619527430614,2.1207102423542348,2.261847817304542
2018-03-01,2.360896233507005,2.270144751934036,2.3233625284122796,2.228033279619603,2.3016946759603303,2.0905214559213556,2.2283307388363323,2.083888052830686,2.2246211055505363
2018-03-02,2.3183426898118604,2.2284062528244566,2.2810655401837248,2.187069034948293,2.2597921526027935,2.052716193724879,2.1880999566768784,2.046202749959375,2.1844572979411394
2018-03-05,2.3008371471552236,2.2053596892794465,2.2606585052302273,2.1644499880723593,2.2395754351812984,2.0317210585589165,2.168649079974491,2.025274234150083,2.1650388022575995
2018-03-06,2.330096179309961,2.244031661966974,2.294844709586731,2.202404590774652,2.2734428164428997,2.0644678403450962,2.1999098828022,2.0579171076013854,2.196247563387598
2018-03-07,2.3129486565908173,2.221862866419914,2.2750630112074535,2.1806470291892714,2.2538456036600323,2.0464272611021235,2.1822026261847416,2.039933772656848,2.1785697850820447
2018-03-08,2.31779770743069,2.2273052815277605,2.2802339906926083,2.1859884868084194,2.2589683582043323,2.049043084688955,2.185885143957648,2.0425412960120717,2.182246172350952
2018-03-09,2.3223987908725943,2.2362696909651865,2.2870852368504693,2.194786605316812,2.2657557091288645,2.05656455519899,2.192065155835928,2.050038900253915,2.1884158959998548
2018-03-12,2.3581743024213213,2.2778136231956525,2.325947523834451,2.235559892349228,2.3042555635221436,2.0928227452305634,2.2282726884946475,2.086182039952407,2.2245631518486704
2018-03-13,2.3679269256429607,2.277371658156808,2.3305201485849723,2.2351261258177613,2.308785543632751,2.0950199128508147,2.2340461963524914,2.0883722357721815,2.2303270482082964
2018-03-14,2.3587226244985393,2.2665977677822524,2.3204779349153193,2.224552092472516,2.298836984397748,2.085825812709053,2.224802366569651,2.0792073092952603,2.2210986071727605
2018-03-15,2.3585198293561414,2.26307830936469,2.318577167780755,2.2210979204537997,2.296953943959432,2.08353431789981,2.2234853862932176,2.0769230855947187,2.2197838193508783
2018-03-16,2.3503209641596405,2.2526472828092836,2.3092051305322476,2.210860390760488,2.2876693110302218,2.074048519138094,2.2145605827771213,2.067467386082473,2.21087387348029
2018-03-19,2.3305857970710986,2.23437321755746,2.2901431954265243,2.1929253117306966,2.268785148954867,2.054997229893543,2.1950934842203025,2.048476548205497,2.1914391829477946
2018-03-20,2.330983144355629,2.2289970501686844,2.2875876115527376,2.187648872927051,2.266253398647142,2.051465140391009,2.193398538036462,2.0449556663245616,2.189747058440589
2018-03-22,2.3461447947603666,2.259019655527261,2.3104111207632823,2.217114555158462,2.2888640541062975,2.0737827380814666,2.2124480942632196,2.067202448371833,2.208764901750307
2018-03-23,2.2662408508728396,2.167556763260974,2.2242908045524796,2.127348311113478,2.203546902396063,1.993916306371144,2.1321737916411423,1.9875894396691756,2.1286242364827794
2018-03-26,2.27222900828122,2.174904451542305,2.230997251252505,2.1345596988477316,2.2101908042733167,2.0013735632441003,2.138974174724611,1.9950230340292938,2.1354132985684253
2018-03-27,2.3358052550799435,2.239885038724115,2.2955319506694782,2.198334887917482,2.2741236482639855,2.061551303895339,2.20104973823181,2.0550098255708282,2.1973855212328104
2018-03-28,2.3359089489567584,2.2301952233508833,2.290624489102383,2.1888248198451543,2.269261954049961,2.05632772640115,2.198314713443303,2.0498028229340735,2.1946550496009847
2018-03-29,2.3434126223493554,2.234505959140264,2.2965225738372985,2.1930555909403475,2.2751050328061617,2.0619121625042616,2.2048321665297475,2.055369539144571,2.2011616526998186
2018-03-30,2.359873553689595,2.2551003179544855,2.3151607615665823,2.213267921793445,2.2935693994047566,2.0798133488721695,2.2221411127840223,2.073213923519539,2.2184417837328843
2018-04-02,2.3484103802828673,2.24228873308425,2.3029669047710906,2.200693993443177,2.281489263428394,2.069646036700754,2.2113122222340826,2.063078873097837,2.207630920674166
2018-04-03,2.34278108409998,2.226796128368198,2.2922507985478244,2.185488778504373,2.2708730964120596,2.059007041845618,2.2029782766172423,2.052473636681847,2.1993108490669258
2018-04-04,2.3500019467500297,2.2271297349766965,2.295962682498298,2.1858161966680836,2.2745503630556025,2.0579769103357477,2.2058276123620506,2.0514467738672213,2.202155441354878
2018-04-05,2.373979620955192,2.249733500749712,2.31932724785181,2.2080006597267055,2.297697028727729,2.078842844085927,2.2282636495535586,2.0722464982278552,2.2245541279552388
2018-04-06,2.3696786681999775,2.253487737222464,2.3191462993755585,2.211685254637989,2.29751776779048,2.076819409965431,2.225157747556556,2.070229484636606,2.221453396536028
2018-04-09,2.3776844158944286,2.25110130387551,2.321846208562076,2.209343089931497,2.300192497422291,2.076520226415091,2.228767105851978,2.069931250421219,2.225056746120337
2018-04-10,2.3858674827025457,2.2694728506999677,2.335292915745214,2.2273738422384195,2.31351379961002,2.0926055688220004,2.241212966918397,2.0859655526631333,2.2374818878295812
2018-04-11,2.3812433849159063,2.2820857544117326,2.3395027163198665,2.239752774990839,2.3176843392701194,2.0980657153455673,2.2419528387755348,2.0914083736755353,2.2382205279785077
2018-04-12,2.3715412308621,2.269218831888074,2.3281379552179766,2.2271245355076186,2.306425566779002,2.085979743460601,2.2309283382512994,2.0793607516113894,2.2272143805889266
2018-04-13,2.386301950327272,2.2881613705506765,2.345103069183629,2.245715687681859,2.323232462824832,2.1039583448582246,2.2474824526097716,2.0972823053715737,2.2437409363392575
2018-04-16,2.395495144537038,2.292548857902149,2.3518638269176226,2.2500217865879586,2.329930169227296,2.1089919906304946,2.2544998024609515,2.1022999789559815,2.250746603995271
2018-04-17,2.387737286166152,2.2893593385015527,2.346422042671674,2.2468914331757075,2.324539135467625,2.104042190153265,2.2482030159302298,2.0973658846183327,2.2444603000955614
2018-04-18,2.4148701243307253,2.316577100832743,2.3737030901724516,2.2736043025726946,2.3515657578820233,2.130447966882256,2.275084058398171,2.1236878735629556,2.2712965921105477
2018-04-19,2.422309597490482,2.3281421990695628,2.3832898767408937,2.284954866774273,2.3610631373629736,2.1405067998027776,2.283960317366347,2.13371478894769,2.2801580742481806
2018-04-20,2.425945406672721,2.3333404645217826,2.387742070924223,2.2900567037447903,2.365473810050853,2.141895830838709,2.286414149007411,2.135099412469534,2.2826078208513394
2018-04-23,2.427345574453641,2.332666812597622,2.388082666925491,2.289395548149038,2.365811229628377,2.1411268402450756,2.286662548810287,2.134332861948719,2.282855807128449
2018-04-24,2.453928952278217,2.363326029620427,2.4168615921266876,2.319486032817777,2.394321760423897,2.168172899065613,2.313626954149328,2.1612931013151377,2.309775323235459
2018-04-25,2.4527243364200326,2.3537520896824358,2.411354429999475,2.3100896906767083,2.3888659585019654,2.1583653240866107,2.307820359263174,2.1515166466090196,2.303978394929445
2018-04-26,2.4560653279356295,2.3543533754182393,2.413301378940868,2.3106798224860516,2.3907947500521307,2.1606439575224883,2.31061063527934,2.153788049746431,2.3067640258089597
2018-04-27,2.4672809124542288,2.3654949278023762,2.42452218224135,2.321614697664092,2.4019109073030473,2.1680109402835095,2.3198266739310123,2.1611316564420795,2.315964721978859
2018-05-01,2.469521106683481,2.3727909748619203,2.4293668492014704,2.328775402127755,2.406710392537291,2.1694079176596697,2.3216326799078226,2.1625242010897363,2.3177677213912626
2018-05-02,2.462179306593488,2.3570469450972777,2.4176959257184625,2.313323426106816,2.3951483129582867,2.1592618077891683,2.3127525882890083,2.152410285692237,2.3089024129834304
2018-05-07,2.4691266412891144,2.3638648958840864,2.4246033690867876,2.3200149030440804,2.4019913369939014,2.165084626307875,2.3191339328120675,2.15821462791057,2.3152731341068127
2018-05-08,2.4761242208235075,2.3659781060573106,2.4291270671066107,2.3220889129012767,2.4064728466681555,2.1675224605597365,2.3237276430019107,2.160644726706182,2.31985919687703
2018-05-09,2.4633097438410503,2.3563777754825135,2.4179093914100056,2.312666669673053,2.3953597878528488,2.158891463190218,2.313085792912538,2.152041116228323,2.309235062901619
2018-05-10,2.4703131133024385,2.3709328446513167,2.42880519616184,2.3269517404676052,2.406153977515854,2.168692632604826,2.3216222304974825,2.1618111856954503,2.317757289376671
2018-05-11,2.4884993713113404,2.381216978428207,2.4430151437266843,2.3370451022620244,2.4202314020484894,2.181305059422714,2.336919526088662,2.1743835922060613,2.3330291186598564
2018-05-14,2.506967242794134,2.395142405102849,2.459227665730864,2.3507122105103297,2.4362927248616844,2.1968887923162206,2.3539390956763486,2.1899178765843916,2.3500203547686964
2018-05-15,2.505880302901019,2.397331053647382,2.4598134494717563,2.3528602593475045,2.436873045539662,2.1977679551328095,2.3538985979924285,2.190794249742291,2.3499799245036535
2018-05-16,2.4987161075706434,2.3891648571780237,2.4521091425008197,2.344845546855651,2.429240589510905,2.19126991843975,2.3470540178387242,2.184316831874531,2.343146738925235
2018-05-17,2.5104160688676402,2.403604637146687,2.4652560409721582,2.359017467079309,2.442264879025271,2.2024774987923954,2.3585506710986532,2.1954888496176945,2.354624253030072
2018-05-18,2.522611960184474,2.425122229300493,2.482270158905085,2.380135905176755,2.459120322023717,2.218518099452288,2.372866513652487,2.2114785520819757,2.368916263158527
2018-05-21,2.5176519480308444,2.4219393306941965,2.4782010823900036,2.3770120497422322,2.4550891940200996,2.216759412844235,2.369593978126485,2.2097254459367055,2.3656491756149562
2018-05-22,2.5104103275566887,2.417798279255215,2.4725192517965078,2.372947815331273,2.449460352603046,2.2115745774331623,2.3634156772450385,2.2045570624511286,2.35948116011449
2018-05-23,2.4891901686040856,2.3846938474663255,2.4451348112658704,2.3404574749396727,2.422331301409906,2.1886300712903926,2.341163739975905,2.181685361185597,2.337266266954531
2018-05-24,2.461697225095105,2.356463880101559,2.417160320595087,2.312751177040523,2.3946177029282927,2.165200791608728,2.315703839987911,2.158330424609004,2.311848751559992
2018-05-25,2.4531940092890427,2.3441091254829582,2.406653175357409,2.300625604682934,2.38420854811179,2.157618143856347,2.3076494850692706,2.1507718372454288,2.3038078051998663
2018-05-28,2.448380150354939,2.3262359158439705,2.3951356967786888,2.2830839453436536,2.3727984823984363,2.147683753125523,2.3000709581684307,2.140868969184698,2.2962418947186443
2018-05-29,2.437571582401966,2.3147072885671407,2.383917530502866,2.2717691755611438,2.36168493757909,2.1382911412313894,2.289964472140445,2.131506160850146,2.2861522335525692
2018-05-30,2.4010863038373413,2.2790335101279293,2.347709330547808,2.236757150224599,2.325814418000892,2.1066010614893202,2.255857434453845,2.0999166364371358,2.2521019758583094
2018-05-31,2.416378501657257,2.3015410846795574,2.366753222428135,2.2588472064211578,2.3446807051233187,2.1246180638070133,2.272686260078156,2.117876469267991,2.2689027855464716
2018-06-01,2.4186400242548056,2.308536264519831,2.3714474055485506,2.2657126247905266,2.349331109941385,2.1267061019978133,2.2748665742402507,2.1199578819353126,2.271079470011301
2018-06-04,2.452679886464674,2.3402030295720935,2.404400109347621,2.296791967345325,2.381976494363871,2.1543042744124947,2.3056351960840806,2.147468482992296,2.3017968695200612
2018-06-05,2.448748609853559,2.3321127175005603,2.398317431950379,2.288851731586117,2.375950544470298,2.148408430572137,2.300633109288831,2.1415913471678936,2.2968031099929993
2018-06-06,2.4555513227153645,2.3465116136857684,2.4090480650085655,2.3029835264256753,2.386581102843205,2.1589424851229424,2.3094662391298613,2.1520919762640993,2.305621534803082
2018-06-07,2.4709500905318817,2.3587893567887708,2.422903383355822,2.3150335158410216,2.4003072054568206,2.1737150922090134,2.3246088239644993,2.1668177086064433,2.3207389108858254
2018-06-08,2.4594902532059573,2.3477442539778686,2.411612217766585,2.3041933010844318,2.389121342121109,2.162360642725996,2.3131467762180833,2.1554992877611996,2.3092959446846675
2018-06-11,2.467152888722574,2.3602346399162455,2.421784162692606,2.316451988783658,2.399198422729095,2.1719098732672366,2.3218575921031777,2.1650182177785173,2.317992259162053
2018-06-12,2.4767564312739863,2.3739474762764416,2.4335355076329894,2.3299104502947428,2.4108401737489573,2.1817031706079324,2.331611708998924,2.174780440150495,2.3277301378055153
2018-06-13,2.4874157701447444,2.3774519460874517,2.4405611702903,2.3333499117474545,2.417800314551639,2.1889542901762407,2.3405027023367464,2.1820085512972347,2.3366063297836224
2018-06-14,2.4672587464911833,2.3586061514602448,2.420999625198502,2.3148537089945154,2.398421201890251,2.169758967103659,2.3207569984005674,2.1628741366238637,2.3168934976825333
2018-06-15,2.475062291478324,2.372098418670637,2.4317552421775117,2.3280956929414263,2.4090765111820702,2.1802393607263624,2.3300320979582683,2.173321275062675,2.3261531564362956
2018-06-18,2.4455341151539267,2.3378616007307995,2.399694319828724,2.294493972305221,2.3773145913894624,2.152908856681163,2.301528380867198,2.146077493040581,2.297696891160096
2018-06-19,2.4107492605373606,2.3089569122879685,2.367795061698838,2.266125469489355,2.3457128281231774,2.121272282892221,2.2682495338372983,2.1145413048017394,2.264473445384823
2018-06-20,2.421163726715535,2.312026648636794,2.3744773866869577,2.2691382618405984,2.3523328332494127,2.1265507174357854,2.2759703112426184,2.1198029904217677,2.272181369557741
2018-06-21,2.415808056616269,2.3082100093460416,2.369891477409706,2.265392421691482,2.3477896925045623,2.124066260956293,2.2721228871024155,2.1173264173348345,2.2683403504508695
2018-06-22,2.4089013828555808,2.3029955112393283,2.363827221627767,2.2602746531842657,2.3417819924249326,2.119039537054194,2.2661863706739176,2.112315643656912,2.262413716890548
2018-06-25,2.389526828492423,2.289876707945681,2.3475908076918324,2.2473992053512024,2.325697000497923,2.104343952581636,2.2492152549996893,2.0976666895287512,2.2454708540310855
2018-06-26,2.3974521459863465,2.285922361307553,2.349445092540189,2.2435182123434236,2.3275339921473033,2.105738570434555,2.253688245865106,2.0990568821401356,2.249936398445438
2018-06-27,2.405914800609332,2.3183489000542106,2.37024896373305,2.275343234694477,2.348143844883757,2.1247999040497887,2.2678626828423827,2.1180577325161485,2.264087238403519
2018-06-28,2.397182605923194,2.3085678455452827,2.360944256292456,2.265743619983962,2.3389259138396428,2.116940009793666,2.259552390104182,2.1102227783756624,2.2557907802985797
2018-06-29,2.4010851142835277,2.308535427821485,2.3628407869304877,2.2657118036130415,2.3408047572913087,2.117813575216376,2.2618548659782562,2.1110935719006916,2.258089423105599
2018-07-02,2.3507956347074637,2.2578366269363177,2.3121467454209763,2.2159534718975302,2.290583492198817,2.071873777757625,2.213637356882174,2.0652995453421075,2.209952184533808
2018-07-03,2.3470707598970026,2.258120056311933,2.3104600514201294,2.2162316436223746,2.2889125284321867,2.0705264949665474,2.2111638503814075,2.0639565375943714,2.2074827958248435
2018-07-04,2.355011626250912,2.2761940217630117,2.323619566393564,2.233970334728037,2.301949316786208,2.084391810462515,2.2223096369505453,2.0777778572603016,2.218610027347312
2018-07-05,2.330634382161576,2.243417099297314,2.2948486645518322,2.201801428320254,2.2734467345237035,2.059493270257869,2.1975310807300343,2.052958322249828,2.193872721447199
2018-07-06,2.3494579587034377,2.25642691242343,2.310767091701235,2.214569907767181,2.2892167052327004,2.0760320571202335,2.215228942962714,2.06944463012922,2.2115411210073583
2018-07-09,2.374332502107908,2.275240867121121,2.332633138351976,2.233034861225325,2.3108788274993897,2.097686134536032,2.238508412114562,2.091029997308322,2.2347818354572513
2018-07-10,2.3804687052040743,2.2937857265668034,2.3451462671744046,2.2512357111824244,2.323275257947922,2.1087991939737725,2.247334227340845,2.1021077940595148,2.243592957829656
2018-07-11,2.3627017509488466,2.2872252082807707,2.3330496785816885,2.2447968913404823,2.311291483043812,2.0981212844980694,2.2332647994492154,2.091463766502372,2.2295469521424187
2018-07-12,2.3681325409721237,2.2804214470927873,2.3322367208047377,2.2381193407831903,2.3104861069718017,2.0989645954999783,2.2362722698471424,2.092304401606461,2.232549415827428
2018-07-13,2.3905480236200147,2.298631367575959,2.352584169660483,2.2559914649379023,2.330643793999942,2.1191181593917054,2.2575923546559395,2.1123940165190334,2.253834007836667
2018-07-15,2.390496142713709,2.298582434338454,2.3525336005482824,2.255943439418143,2.330593696499059,2.1190725457925734,2.2575435604041694,2.1123485476557464,2.253785294815559
2018-07-17,2.4119781065043098,2.310187488012262,2.369040093551736,2.2673332178782997,2.3469462487160344,2.1349897829962154,2.2761610248940984,2.1282152781065578,2.2723717657169846
2018-07-18,2.421164816029051,2.322970380594914,2.3801031164965285,2.279878986186548,2.3579060970826413,2.144816498802819,2.285735922231859,2.138010812904797,2.281930723159804
2018-07-19,2.4197680997797337,2.3289186743001595,2.3824619270510206,2.285716938291121,2.360242909193743,2.145403182211297,2.2853917231303362,2.1385956347167228,2.2815870970667764
2018-07-20,2.414317736881551,2.3259240494806983,2.3782482208425786,2.282777864140871,2.356068500324086,2.142863735435515,2.281468942151682,2.1360642458224053,2.277670846572416
2018-07-23,2.408713624215351,2.3151032649326524,2.3699516983435402,2.2721578065149863,2.3478493518134695,2.133396920515567,2.273773092264807,2.126627469914576,2.2699878084196365
2018-07-24,2.42262725312578,2.326952547466217,2.382861290308388,2.283787283358657,2.360638547959547,2.141482594788129,2.2846434678186855,2.13468748765223,2.2808400874197665
2018-07-25,2.434830345530369,2.3427608144945657,2.396956782344403,2.299302305033935,2.3746025843841627,2.155722419227612,2.29799609358334,2.1488821279128185,2.2941704842827026
2018-07-26,2.455578456762161,2.366025506637584,2.4190724316255166,2.322135434194791,2.396511981468453,2.1736007522346807,2.317315680097381,2.1667037314426127,2.313457908344397
2018-07-27,2.4681521752212574,2.376982909540032,2.430866416469327,2.3328895758873225,2.4081959747288186,2.185204878594245,2.3294347866415586,2.178271036918354,2.3255568394988777
2018-07-30,2.4562934585461695,2.3631583757393693,2.417956006421505,2.3193214889374216,2.3954059681292703,2.17130376234285,2.31642524414921,2.1644140300958505,2.3125689547573387
2018-07-31,2.43468541576521,2.3456452380249466,2.398362411641511,2.3021332221429573,2.3759951046774717,2.155743479566321,2.2979391073723536,2.1489031214252745,2.294113592940015
2018-08-01,2.456281095615466,2.3649854993979416,2.4188907839843234,2.321114719221002,2.3963320278867273,2.1766986786797475,2.3193015774930643,2.169791827902536,2.3154404996998452
2018-08-02,2.430241318279633,2.335955548795016,2.3912232721289577,2.2926232778739566,2.3689225453131733,2.1542352204830184,2.2950402117426645,2.147399648176835,2.2912195232724386
2018-08-03,2.413195424176759,2.3301884251034894,2.379880777077868,2.2869631350564306,2.3576858312180033,2.1432366932885483,2.281133025221522,2.1364360202483246,2.2773354888629336
2018-08-06,2.402315361413312,2.3268489587557757,2.3728157641052072,2.283685616231899,2.350686707083951,2.1386516321802076,2.2735536462785215,2.131865507930402,2.2697687277579957
2018-08-07,2.420670059414475,2.347012512109798,2.3921649838452437,2.303475133120579,2.369855474555665,2.1552886695692415,2.2910826947334675,2.1484497545791528,2.287268594574649
2018-08-08,2.4122245767350856,2.33486318590504,2.3817933991155305,2.2915511784537705,2.3595806159997057,2.1451137472820974,2.2816746852205174,2.138307118189269,2.2778762471286598
2018-08-09,2.4014755355123483,2.3211428860484036,2.369484177390061,2.2780853918950488,2.3473861909953175,2.132860568044413,2.270071922453609,2.1260928193356134,2.2662928001635834
2018-08-10,2.3775203663751188,2.3051196655892396,2.349494700080897,2.2623594042022885,2.327583137044381,2.116683112216611,2.2501436444229777,2.1099666959565573,2.246397697909879
2018-08-13,2.327530335676828,2.260550457135479,2.302087628190424,2.2186169602032075,2.280618187046785,2.0760774707226037,2.2049095997518213,2.0694898996303532,2.2012389570142528
2018-08-14,2.3639924319579757,2.2939540863573553,2.337123657645161,2.2514009478775656,2.3153274678742877,2.108213409470707,2.239244592800439,2.101523868300699,2.235516790579828
2018-08-15,2.346902946416601,2.277972575065327,2.3205360962204966,2.2357158956416145,2.298894603286252,2.0956753607469802,2.224496635644676,2.0890256038762054,2.2207933852160444
2018-08-16,2.3317213922759708,2.256379506980047,2.3020182482138805,2.214523381700771,2.280549454113084,2.079847559758629,2.2088968068131822,2.0732480258519366,2.2052195263374297
2018-08-17,2.3469831153616583,2.271016971429949,2.31701849890946,2.2288893193335344,2.295409811350437,2.091943977130565,2.222546565130809,2.0853060602586306,2.2188465610992956
2018-08-20,2.3404275006481767,2.2650574528133056,2.3107429102283783,2.22304035054109,2.289192749278065,2.0842835559817,2.2153704107425214,2.0776699462801993,2.21168235327743
2018-08-21,2.332779030534559,2.261904556927037,2.30536450888989,2.219945941272343,2.283864507312126,2.078442014524651,2.2086473216365667,2.0718469405330073,2.204970456493466
2018-08-22,2.350981737052471,2.2789976362479623,2.323068659935969,2.236721941809645,2.3014035481233783,2.0945494269450458,2.225822451160615,2.0879032427583692,2.222116993568889
2018-08-23,2.3515378858974376,2.2886109513027426,2.328258717437061,2.2461569286541057,2.3065452027606144,2.0987800903684035,2.228338932449311,2.0921204819254253,2.2246292855231253
2018-08-24,2.3632577688590675,2.3052109333877797,2.342518630313521,2.2624489789716207,2.320672126624639,2.1122162939649596,2.241030309746848,2.105514051300643,2.237299534738172
2018-08-27,2.389383244008935,2.328556861491032,2.3673215493992097,2.285361837155372,2.3452437318346178,2.1337999198553974,2.2648633982981883,2.12702919050309,2.2610929469447707
2018-08-28,2.391749086796436,2.3259066582473986,2.367131159219461,2.28276079551715,2.345055117247904,2.132226434852856,2.2651420670053617,2.1254606983028226,2.2613711517357515
2018-08-29,2.4034366140811905,2.335201607539295,2.377639372056314,2.2918833223239004,2.355465329707073,2.1417647528616692,2.2757415440208804,2.13496875041411,2.2719529831782572
2018-08-30,2.401593985762746,2.3374641932352174,2.3778891609288006,2.2941039367689537,2.35571278902988,2.1403054246098656,2.2740941419294463,2.1335140527354626,2.2703083236140102
2018-08-31,2.393302352665667,2.3308499568051446,2.3704239557530045,2.2876123952613385,2.3483172049150656,2.1336521990848927,2.266634974859199,2.1268819384632036,2.2628615742580482
2018-09-03,2.372486645784053,2.316472882035843,2.352821960856205,2.273502017047661,2.3308793675372153,2.1203402211504647,2.249722098284617,2.11361220057148,2.245976853544177
2018-09-04,2.3683602675679625,2.3100489011317946,2.3475134811768155,2.267197201801996,2.325620395135761,2.1151057834712486,2.24498874914417,2.1083943722099923,2.2412513842885327
2018-09-05,2.3504250836899505,2.2950777995064184,2.3310172075680304,2.252503816005567,2.309277967006616,2.0985501076542397,2.2277022395361343,2.091891228966051,2.223993652550101
2018-09-06,2.332994232521228,2.2793254191621806,2.3143742410967296,2.2370436443093404,2.2927902140835466,2.082988543235465,2.2111822336477753,2.0763790427199895,2.2075011484875064
2018-09-07,2.325538670072071,2.2683591924061957,2.305108206110533,2.226280842446872,2.2836105948316314,2.0806765343217988,2.206420803668574,2.0740743700080304,2.2027476451409327
2018-09-10,2.3302308712713895,2.275835708341516,2.311231777805568,2.2336186680658363,2.289677057639722,2.086532208818241,2.2117519971744803,2.0799114639492755,2.2080699634953467
2018-09-11,2.3458071210188,2.302714041799388,2.3326053979775816,2.2599984050380413,2.3108513458337994,2.106936724894841,2.22996191843439,2.100251234754009,2.226249569627946
2018-09-12,2.338157809671203,2.2974687883456415,2.3261486636554394,2.2548504516993697,2.3044548274981436,2.10384092384913,2.2246928174567637,2.097165256949369,2.220989240432727
2018-09-13,2.3694748669378636,2.3358463256523496,2.3611672748147936,2.2925160808344023,2.339146852474587,2.1366137969270187,2.256927421014279,2.129834138902484,2.2531701811491627
2018-09-14,2.3915994737592206,2.356726449759233,2.382741769726722,2.3130088759978342,2.3605201420357536,2.152237644562362,2.275705907162635,2.1454084107351497,2.2719174056467866
2018-09-18,2.442839448159768,2.408439302955062,2.4344115564361584,2.3637624492253697,2.4117080524555656,2.1979149962836297,2.324232463724991,2.190940824318986,2.3203631771953512
2018-09-19,2.4799096876900064,2.4519986276981554,2.474914464591051,2.4065137429843633,2.4518332274641916,2.2314422081228105,2.3595949929601474,2.22436165145209,2.3556668363475195
2018-09-20,2.485972384101337,2.4561796539799414,2.4800440036046125,2.4106172106997357,2.4569149280138314,2.2369480971573648,2.3653904112898605,2.229850069830586,2.361452606703363
2018-09-21,2.5147567722731616,2.4904250027469894,2.5117082618892175,2.4442273039152274,2.4882838830609426,2.263416810103326,2.3930797888176976,2.256234795290189,2.3890958880953126
2018-09-25,2.5370605077956503,2.50409112587842,2.529707978824133,2.457639918733849,2.506115733291479,2.281391864985008,2.4131905430455847,2.274152813787829,2.409173162767411
2018-09-26,2.5566552865461145,2.5347976797779253,2.5550183550307355,2.4877768621742375,2.5311900630393644,2.3035824221053414,2.4342532713176626,2.2962729583755532,2.4302008266764994
2018-09-27,2.5268795056975715,2.5054215964020226,2.52533534494217,2.4589457088609388,2.501783878919654,2.2770938412237016,2.4060833071731715,2.2698684280229284,2.4020777587287125
2018-09-28,2.54736680475785,2.5272498230158997,2.54657946135823,2.480369019109928,2.5228298711194777,2.2988483846335663,2.427337894324318,2.2915539424089184,2.423296962118105
2018-10-01,2.5470392373913837,2.5353819590697344,2.550540709537013,2.488350303011275,2.526754176401914,2.301986516156897,2.428846368594026,2.2946821163729583,2.4248029251419445
2018-10-02,2.5585624798579736,2.5616448579005753,2.5695202122073213,2.514126021746631,2.545556674812903,2.3174060552996836,2.442475273602482,2.31005272800136,2.4384091413103697
2018-10-03,2.5314423894304885,2.5358970342202025,2.5429906422497623,2.488855823452546,2.5192745216060333,2.2953774908538147,2.41792320228742,2.288094062071512,2.4138979432729584
2018-10-04,2.532472211347066,2.538503496919528,2.544817284284319,2.4914139359390903,2.521084128240559,2.2932786752832457,2.417306979853552,2.2860019062219674,2.4132827467008315
2018-10-05,2.5225547921705194,2.5241485428892916,2.5326313675405854,2.4773252681219704,2.509011858266439,2.282135288130889,2.4066996310849356,2.2748938779885868,2.4026930566097984
2018-10-09,2.4850507023940023,2.485691896842654,2.494510256889688,2.4395819977241406,2.4712462679404097,2.248417786726439,2.371029939296639,2.2412833650952533,2.3670827462560644
2018-10-10,2.4952298860284645,2.499130028820555,2.506366083977359,2.452770850653971,2.4829915266992515,2.2594896287604347,2.3817243528880434,2.252320075229043,2.377759356227952
2018-10-11,2.4105032818479457,2.403935714220476,2.4160628089984435,2.3593424026315,2.3935304268067643,2.180736437524041,2.2997802835564327,2.1738167745932304,2.2959517040097746
2018-10-12,2.402516535139691,2.3912753518645253,2.4056959172775727,2.346916891598748,2.383260217492296,2.1722173825771627,2.291477953617279,2.165324751335146,2.2876631954477418
2018-10-15,2.369908504638247,2.3697085931668154,2.378521636624851,2.3257501990030063,2.356339366210355,2.1462597120149893,2.262236426178077,2.1394494466782095,2.2584703480997064
2018-10-16,2.390307608153304,2.3955024640619444,2.4017092546430527,2.3510655903301885,2.3793107347712352,2.165214925280511,2.281962584424461,2.158344513433441,2.27816366704986
2018-10-17,2.4236386095363707,2.423729936972876,2.4325957865987173,2.378769440047937,2.409909216623232,2.1931053224518067,2.312568441410095,2.186146411992932,2.3087185726646604
2018-10-18,2.4110803072196356,2.4002465316617796,2.4144960984355626,2.3557216548759374,2.391978327503597,2.178482928714922,2.2988665595376085,2.171570416359991,2.295039501121084
2018-10-19,2.396218777595325,2.387459763868569,2.4006235091970387,2.3431720832427763,2.3782351150683363,2.1660688875690344,2.2852315297107495,2.1591957660267025,2.2814271703306006
2018-10-22,2.39905982938735,2.37992391352786,2.3982555347702768,2.335776023879148,2.375889224547922,2.1628880834930517,2.2849080902085,2.156025054913664,2.28110426927712
2018-10-23,2.335185161501978,2.3197826190429716,2.336023859751307,2.276750358014636,2.314237926777728,2.1087450981765095,2.2258894053079774,2.1020538699128366,2.222183836253743
2018-10-24,2.337787571377277,2.315517724858457,2.3351816567421024,2.27256457815674,2.3134035782166844,2.1102349680795536,2.227916216568443,2.1035390123314572,2.2242072733622553
2018-10-25,2.2726484727640153,2.2485965078880046,2.26890666781625,2.2068847582264093,2.247746674787064,2.0495075644062495,2.1648210145678317,2.043004301895562,2.1612171096566493
2018-10-26,2.2703324100672155,2.2467750532401936,2.266830872040665,2.205097091792723,2.2456902380379056,2.043590483299665,2.160595138183228,2.0371059961925924,2.156998268337094
2018-10-29,2.272284194929586,2.2505715481247752,2.269717702893568,2.208823161216951,2.2485501460906816,2.0420604635854076,2.1607185766008614,2.0355808313615373,2.1571215012595313
2018-10-30,2.295561457509088,2.270432862823982,2.2913623656532507,2.2283160460160945,2.269992949109014,2.0624631504830924,2.182580656425832,2.0559187787914968,2.178947185993952
2018-10-31,2.329790585918844,2.3038577803167697,2.3253128382057637,2.2611209270612456,2.303626797019033,2.0958576954239954,2.2165184761099423,2.08920735998972,2.2128285073928873
2018-11-01,2.3147615284974252,2.275124589779461,2.3033339579630563,2.2329207408430607,2.2818528934548823,2.066982960221678,2.1941372648443855,2.060224811105011,2.190384449601693
2018-11-02,2.3462969966517724,2.314198597436623,2.338803093494389,2.271269920715445,2.316991241179365,2.089641523109085,2.221109551681858,2.084839450043533,2.2183898135267173
2018-11-05,2.3215529688426573,2.282478225952446,2.3104353211753983,2.2401379661348253,2.2888880288235662,2.0662753986185196,2.196980486759391,2.05946687175365,2.1931947984867315
2018-11-06,2.3520805648672765,2.325174866595231,2.3472367835699273,2.2820425786926983,2.325346278031419,2.0976291664990914,2.2280901514420544,2.0946064247590996,2.226318229272328
2018-11-07,2.3360234330367877,2.2941128979287364,2.3235242995928207,2.2515568134742066,2.3018549384507643,2.076773618415634,2.2094107031997363,2.0707924224981227,2.206061800889863
2018-11-08,2.383578540028821,2.358280408912152,2.3796660308529547,2.3145340090118944,2.357473087732423,2.1270768321227926,2.258648042194318,2.1245420612359154,2.257134436143354
2018-11-09,2.3701915985715534,2.328190946813427,2.357774333291727,2.2850027102413217,2.3357855537775536,2.1095977663222962,2.2430262125896543,2.1067063638239585,2.2413193647233056
2018-11-12,2.371103091389748,2.3259807932172496,2.357109051067861,2.2828335552739305,2.3351264760253914,2.109814238759449,2.243573104222696,2.1069996155060626,2.2419065121846913
2018-11-13,2.323601485299736,2.2765626248145954,2.308460048355117,2.234332100146386,2.286931177545122,2.071351752076041,2.2006456873839975,2.062921096714595,2.196000248083263
2018-11-14,2.3241306002894917,2.263601410455584,2.302162339267976,2.2216113179532866,2.28069220136325,2.069077830079395,2.199689555283954,2.06017418996297,2.194790365755655
2018-11-15,2.3215680009539503,2.256883882745525,2.297486955837975,2.215018401231995,2.2760604209082813,2.0678623288661884,2.1978298877547675,2.055898826261404,2.1913051780312434
2018-11-16,2.312193921226071,2.250129311263953,2.2894038942127164,2.208389127905838,2.268052742519394,2.0604947924392802,2.1894767115969618,2.0488792742550976,2.1831384683147688
2018-11-19,2.3175840462852086,2.257638204068237,2.2958866496380526,2.2157587297987513,2.2744750392834923,2.066053441911055,2.1949816321133975,2.054342262306413,2.188592782085785
2018-11-20,2.3079460015328563,2.2415014826979434,2.28292301728953,2.1999213466511205,2.2616323067383943,2.0580370312136727,2.186158955678835,2.0463071193691373,2.1797613048986015
2018-11-21,2.2892938719045977,2.2150584478836954,2.2602575420438122,2.1739688334776366,2.239178211407508,2.038022154720492,2.166695815883024,2.0236223912467133,2.1588774043721544
2018-11-22,2.3070488038527817,2.231166072065354,2.277244853185059,2.1897776591931626,2.2560070976164153,2.052055952855692,2.182559225956109,2.038682725188723,2.1752837684570343
2018-11-26,2.309634323399318,2.2259392480552256,2.2758854150171635,2.1846477934295985,2.254660337670398,2.050226664214253,2.1828137085092782,2.036109343212087,2.175139084713404
2018-11-27,2.3235909076328753,2.2321716511037226,2.285984095974856,2.190764584613167,2.2646648375752956,2.056235000993229,2.19261733107309,2.045354039762053,2.186656794498089
2018-11-28,2.332215667496435,2.2407645425228324,2.294624903971117,2.199198076809479,2.2732250607508755,2.061853831805338,2.199687230910042,2.0503532001507807,2.193394958211131
2018-11-29,2.3383902302189905,2.252334743499751,2.3035537741669305,2.2105536490946824,2.282070659636423,2.068492171035074,2.2061369858308035,2.0564708184638016,2.199568410107101
2018-11-30,2.350775423739262,2.2792423485757793,2.323336415983581,2.2369621146928242,2.301668807058096,2.0842527004188125,2.2203719147591734,2.0728353578305354,2.2141274695966087
2018-12-03,2.3814670788550907,2.311084419194374,2.3547429087042753,2.2678380350350866,2.332590905733837,2.1095959445377828,2.2483849522662283,2.10056436074239,2.2434137514570622
2018-12-04,2.325082539797825,2.2690224245906974,2.3054387130941683,2.2180986767350377,2.2793974665027674,2.0718451938647644,2.201650960220126,2.05764821614446,2.1939384502852692
2018-12-05,2.3144287419557945,2.26794608835361,2.29962325656685,2.21696223391481,2.2735954488319723,2.0693233969574556,2.1952778890837887,2.055342273950914,2.1876889718039076
2018-12-06,2.2781103208032674,2.2371965638876463,2.2660026181750905,2.1838824800201784,2.238796794947191,2.0444260074878646,2.16486577237646,2.0290214236897444,2.15652704518569
2018-12-07,2.288245861328563,2.250374626243349,2.2777270232880986,2.2043003814240008,2.254261000223637,2.0576176239616975,2.17668008577554,2.0455839693297295,2.1701454802795057
2018-12-10,2.2506236634565973,2.22005776606447,2.2436822307036923,2.167706374568394,2.2170165398826684,2.0305278231465596,2.144484185439418,2.0153551244094086,2.1362825757887607
2018-12-11,2.2250601406202897,2.2021253718183313,2.221908325952483,2.1512463833016593,2.1960321215348966,2.0168119099074078,2.1251075623615927,2.00057011031528,2.116346535078576
2018-12-12,2.268441661226848,2.2443604447695185,2.2648721444674944,2.194799300493671,2.239675945315893,2.048806081657,2.162635714866498,2.034842942136388,2.155081666960309
2018-12-13,2.2836162910482662,2.253692618148441,2.277128549928709,2.206178700847471,2.2529596979515922,2.05784576734026,2.1746162328092624,2.044106447039821,2.1671758821472444
2018-12-14,2.2533375837284906,2.233890412009398,2.252070942017794,2.182612620784456,2.226011580174161,2.039328325496233,2.150455056337087,2.0245663745792974,2.1424797048675277
2018-12-17,2.2562324654146706,2.240577939211087,2.256909070417494,2.1907030555509484,2.2315900335949808,2.0443567521078903,2.1545012325319504,2.032619855756736,2.148143817821656
2018-12-18,2.2135199716260514,2.19643983279504,2.213306519743654,2.139192255136902,2.1841813067308595,2.008039544961511,2.114985177413498,1.9927929919592646,2.1067579400149095
2018-12-19,2.1978396378096643,2.170224709939113,2.192199157836269,2.1090256447633813,2.160988073841686,1.9884244837188352,2.097130375976397,1.9735030191923155,2.0890713705011854
2018-12-20,2.1484562954583333,2.1430184830791297,2.153924481188046,2.073601587648368,2.1185854089900773,1.9599039760319446,2.0586201078721396,1.9398305557911946,2.0478298884584287
2018-12-21,2.1030456537013245,2.103408073521769,2.111294610056098,2.025697846369477,2.0717103211210226,1.9251219664801287,2.0186484669245917,1.9006196944806253,2.0055020892485413
2018-12-25,2.004162903836798,2.0209915304692343,2.02042131936196,1.930091403939932,1.97411552736808,1.854241922772986,1.9341983964271494,1.8240028920022138,1.9180132508036958
2018-12-26,2.0273979052103828,2.0398754329912805,2.0415287699632096,1.953304723006369,1.9974326564838423,1.8713145590950833,1.954264600378015,1.8432794869065514,1.9392510387494024
2018-12-27,2.125687806351599,2.117028940748052,2.1294277332756306,2.0439823425836434,2.092202332561697,1.9393386253928926,2.036912876227202,1.9209351285829588,2.0270153793683865
2018-12-28,2.1137934718852116,2.0983766953514476,2.1140450018715065,2.0179669978548236,2.0729981459802302,1.9227112837721894,2.0224374289963447,1.9044646005827293,2.012617663489425
2019-01-04,2.0915326603355506,2.0958643991441384,2.1017655739389953,2.016111181140241,2.0611467339865603,1.9177313236288778,2.0092811575836285,1.899771790064294,1.9996323143579402
2019-01-07,2.146245941003381,2.126351016283683,2.144542285872176,2.045437701365155,2.1030967407737204,1.944501958541902,2.049586286076669,1.926291718264474,2.039743892105456
2019-01-08,2.154018801651937,2.1304367631023355,2.1504963561053665,2.049367974644169,2.10893574230997,1.9481704424786646,2.0552416849839146,1.9299258468879652,2.045372133012822
2019-01-09,2.177565058651506,2.1479462139981487,2.171106460642593,2.0662111443363926,2.1291475348051776,1.9621011321342061,2.0738496847857295,1.9437260757822084,2.0638907746518167
2019-01-10,2.1612001000837084,2.1425636348764834,2.1601850809949825,2.0610333866746884,2.1184372223562438,1.9561450584994033,2.062868785084033,1.9378257807140062,2.0529626067339715
2019-01-11,2.1714247165066767,2.1528116272938673,2.170460824871174,2.070891415708134,2.1285143766270695,1.9636462465870068,2.0717096891355236,1.945256720254499,2.061761055553727
2019-01-15,2.1848146026327293,2.150778647817921,2.176169171436334,2.068935796511511,2.134112403364748,1.9649855756476615,2.0788429806081763,1.946583506512665,2.0688600919840514
2019-01-16,2.1752116623999624,2.1482233190555173,2.1700629481116556,2.0664777048088827,2.1281241892562326,1.961821697096275,2.0725728739886344,1.9434492576504523,2.0626200952749874
2019-01-17,2.1843375079842264,2.1568905526098656,2.1789940138305814,2.0748151270608237,2.136882652695656,1.9682535484751078,2.080325805042544,1.9498208748091432,2.0703357956924595
2019-01-18,2.20635615520245,2.170239620847531,2.196750528154486,2.087656227726855,2.1542960036228536,1.9796200358953342,2.096856730457363,1.961080915194887,2.0867873373400534
2019-01-21,2.22273402808592,2.178180351130346,2.2089610735336374,2.0952947920901503,2.1662705673137337,1.9869829140279371,2.10858081507986,1.968374840051645,2.0984551213029534
2019-01-22,2.207452304730803,2.169736860170991,2.197049196266221,2.0871725984320286,2.1545888996578255,1.9795450304950977,2.0973439586353435,1.9610066122194303,2.087272225781613
2019-01-23,2.1909137347638072,2.159090035550348,2.183401052389999,2.0769309138220495,2.1412045205794623,1.970667025933518,2.0847489570217976,1.9522117500766794,2.074737707090299
2019-01-24,2.1962883459224525,2.160617914585345,2.1868675962146917,2.078400652993699,2.1446040697828,1.9724914370370068,2.088286334743848,1.9540190755894784,2.0782580978401968
2019-01-25,2.213347246154,2.1692302346907604,2.1997570616305993,2.0866852513995773,2.157244432663538,1.9803479080652227,2.1005961201856294,1.961801970849602,2.0905087700068545
2019-01-28,2.195826705623791,2.1542182436217288,2.1834268017391847,2.072244506541365,2.1412297722952744,1.968893333646881,2.086179655887368,1.9504546683995487,2.076161535544028
2019-01-29,2.1997947529442126,2.163861418250559,2.1902556954319583,2.081520732712682,2.1479266904036165,1.974915141452616,2.0912402962178644,1.9564200820388673,2.0811978739867643
2019-01-30,2.18979026354262,2.152002310941116,2.1792827279606715,2.0701128959963975,2.1371657871201943,1.9665698111861138,2.082062907147315,1.948152905702054,2.072064555995082
2019-01-31,2.2121995507683523,2.1580137774174237,2.193556387040155,2.0758956101752744,2.1511635926597426,1.9739795586459081,2.096708656802209,1.9554932609552498,2.0866399747548647
2019-02-01,2.202326443349104,2.147400608471182,2.1832725701131275,2.0656863005517194,2.141078521358316,1.9663399856717914,2.087963472849008,1.9479252325012424,2.077936786372381
2019-02-04,2.228569908872667,2.1624745613422185,2.203943657890487,2.080186649400475,2.1613501185281208,1.9793080490211643,2.1072889036231586,1.9607718500744937,2.0971694137819528
2019-02-05,2.2304606643381675,2.1678471940674338,2.2076120473165166,2.085354839152584,2.164947612453326,1.982597459696436,2.109931624384598,1.964030455453579,2.099799443836459
2019-02-06,2.2315001369201957,2.166295232842062,2.2073383437670167,2.0838619341819924,2.164679198514052,1.981930414170544,2.110070219621822,1.9633696568019827,2.099937373520378
2019-02-07,2.2058020025735505,2.151140268670469,2.186896380266286,2.0692836567282575,2.144632297552191,1.9690152218117474,2.0910313659904745,1.95057541508304,2.080989947070932
2019-02-08,2.1619704206831205,2.126987032853061,2.1528918424695496,2.04604951581147,2.1112849333696526,1.9479182085116307,2.0590526633042225,1.9296759750893648,2.049164810493443
2019-02-12,2.2006263459352247,2.1505675985157358,2.184039822811813,2.0687327781969294,2.1418309460880995,1.9677763773043415,2.087920183873491,1.9493481723413446,2.0778937052764515
2019-02-13,2.222688353682701,2.1591251031190777,2.1993256178521152,2.076964646976466,2.156821326991836,1.9764175567312239,2.102966196920927,1.9579084272142802,2.092867465309162
2019-02-14,2.225261526325959,2.1611048895908196,2.2016075022455057,2.0788690973042536,2.1590591115588165,1.9779647615524012,2.1050074248872344,1.9594411424786697,2.0948988910192936
2019-02-15,2.21039776976664,2.155984670432983,2.1916370465922124,2.0739437161115495,2.1492813454934843,1.9724974491411311,2.0950587307903272,1.954025031390311,2.084997971913596
2019-02-18,2.2490258947654156,2.176407268489357,2.22116588660876,2.0935891799622657,2.178239509483416,1.990615633761817,2.1229892695746533,1.971973539403635,2.112794384426483
2019-02-19,2.25964627406461,2.1865133735729785,2.231567597001603,2.103310720852596,2.1884401958348927,1.9980645060955295,2.131978513033112,1.979352653126719,2.1217404603070644
2019-02-20,2.2673512390304675,2.194675559188951,2.2395360157208075,2.1111623135842743,2.196254616444773,2.003924765433725,2.138742308995819,1.985158031198188,2.128471775595472
2019-02-21,2.26559666064057,2.193383175053256,2.2380093299746475,2.1099191081042985,2.1947574355133983,2.0029014023715783,2.1373672454701276,1.9841442519202956,2.1271033153131023
2019-02-22,2.2560679441020746,2.187638445991282,2.2303658446242816,2.1043929812712854,2.187261668591755,1.9980436524108873,2.130271184497395,1.9793319947366128,2.1200413305967403
2019-02-25,2.2686742085963703,2.1952394585535195,2.2404784371379307,2.1117047550773447,2.1971788245724677,2.0044708193600815,2.1396593584528336,1.9856989713352993,2.1293844212554336
2019-02-26,2.2636749919235832,2.1954916103606426,2.2381286366493462,2.111947311837168,2.194874436460577,2.003716647295687,2.1368891405860735,1.984951862084312,2.1266275063541626
2019-02-27,2.26978885040486,2.2001075755974466,2.2435056553227617,2.1163876273124798,2.200147538568023,2.0073444538187752,2.141713426945587,1.988545694237678,2.1314286258300457
2019-02-28,2.251897790405901,2.1870199066603893,2.227984371278248,2.1037979790080197,2.1849262197338435,1.9969591589109188,2.127718595863545,1.9782576575068027,2.1175009998430054
2019-03-01,2.2610967957924792,2.1895994957900573,2.2338582444521786,2.1062794079063756,2.190686574103722,2.000019254458759,2.133707203625609,1.9812890952922,2.1234608494906473
2019-03-04,2.275255359637296,2.1912056177082215,2.241671538393408,2.1078244126112637,2.19834886788583,2.0034042397665774,2.142193265187852,1.9846423802484092,2.1319061598233726
2019-03-05,2.264528583338423,2.1848599514923785,2.2331357947638972,2.10172021588233,2.1899780865188387,1.9980288510929276,2.134264700121245,1.9793173320328399,2.1240156688117797
2019-03-06,2.257470934514178,2.181475380398614,2.2279229887195964,2.098464436725869,2.184866023457981,1.9949253870299428,2.129279233768657,1.9762429318779837,2.1190541433512173
2019-03-07,2.2422482224256823,2.1731981818186963,2.216181070209005,2.0905022075796014,2.1733510299263834,1.9876960581649092,2.118240418855928,1.9690813056013163,2.108068338339113
2019-03-08,2.2013717410951545,2.1432454878059723,2.1807099745919056,2.0616892932856308,2.1385654507025835,1.9640491273381044,2.086339878008078,1.9456558280316236,2.076320988256176
2019-03-11,2.2169709515655125,2.163560876331383,2.198778634496521,2.0812316272133478,2.156284914667404,1.9779425999182936,2.1011111348422773,1.9594191883880314,2.091021311492605
2019-03-12,2.2487413054561505,2.1855221379829937,2.2256750331024433,2.102357204414735,2.1826615119577957,1.995598882898978,2.1255195890176353,1.9769101204653279,2.1153125529290535
2019-03-13,2.2304586682816536,2.172529050947507,2.2100159771536956,2.089858538918785,2.1673050838069696,1.9852436858624263,2.1113696034384155,1.9666518997395108,2.1012305175179744
2019-03-14,2.228489833899258,2.1719810086173896,2.208763858850828,2.0893313510578055,2.1660771640130014,1.9845950302915791,2.110094641115018,1.9660093188212246,2.0999616777382197
2019-03-15,2.2488126955645606,2.187412845544953,2.2266747605307016,2.1041759655223182,2.1836419185974236,1.9966477159257792,2.1261127432820017,1.977949131181925,2.115902858785429
2019-03-18,2.2638138241672925,2.1980267526770367,2.23949919238399,2.1143859852417797,2.196218504757839,2.005118479896186,2.137709216810739,1.9863405665373324,2.1274436444605147
2019-03-19,2.2587892739186155,2.1881623548667584,2.2319852873741772,2.1048969540197984,2.1888498138997834,1.9988234115868773,2.131980556776601,1.980104451476166,2.1217424942362175
2019-03-20,2.265051195114281,2.1927131842062697,2.237399938525856,2.1092746121920523,2.1941598211980966,2.0024252745188975,2.1368564316112106,1.98367258299992,2.1265949544522758
2019-03-22,2.2709207617163463,2.1988617338691485,2.2434357833107286,2.1151891931774385,2.2000790169064337,2.0068333589303315,2.141977237730089,1.9880393857474592,2.1316911697590406
2019-03-25,2.2149189607403597,2.1617975468262944,2.1968655128577685,2.0795353970885855,2.1544087661252798,1.9766131943946414,2.0994338100297996,1.9581022327330488,2.0893520414235334
2019-03-26,2.2703524191001576,2.207822332633141,2.2477258957423483,2.1238088173120793,2.2042862183833782,2.011643677634801,2.1442750047730077,1.9928046558681334,2.1339779026100127
2019-03-27,2.280480738920944,2.2109579146775853,2.2543285307431518,2.1268250821151686,2.2107612504879848,2.015153906267199,2.1509262832642917,1.9962820112465118,2.140597240751301
2019-03-28,2.240935748868967,2.179491675697067,2.2187430915318367,2.0965562172673473,2.1758635374807165,1.9909130261776908,2.119337154718493,1.9722681467426797,2.109159807525903
2019-03-29,2.2507588034745307,2.183810917045756,2.225798725036515,2.1007110999881435,2.182782813414578,1.9950179565757122,2.1261616266890027,1.9763346345109358,2.1159515074476167
2019-04-01,2.2864847914628874,2.2107394862945964,2.257187071389651,2.1266149655134448,2.2135645468168224,2.0160978357604042,2.154266486276913,1.997217100849996,2.143921403651722
2019-04-02,2.2790982760076535,2.185847693979053,2.2408337528270654,2.1026703721387587,2.197527273410567,2.0011750939852213,2.1428140760652132,1.9824341103937204,2.132523989481901
2019-04-03,2.289047633157466,2.188168273290409,2.2469293560048103,2.1049026472316785,2.203505072617707,2.0041994144782045,2.1491168814871098,1.9854301081572707,2.138796527969193
2019-04-04,2.282237951948448,2.173190654286849,2.2359219938829296,2.0904949664903736,2.192710439396647,1.9948031726883022,2.1408888333915295,1.97612186207236,2.1306079920871364
2019-04-05,2.288306503417212,2.178036458944415,2.24139119757822,2.0951563753848275,2.1980739449530393,1.9985248536588696,2.1457360179786606,1.9798086895399971,2.1354318998302126
2019-04-08,2.2819774148981273,2.177493772367301,2.237990157790339,2.0946343394761966,2.194738633851806,1.9971117806353929,2.1419995093304154,1.978408849930441,2.131713334408092
2019-04-09,2.275736424076303,2.158688640856377,2.22530953319594,2.0765447932643957,2.1823030757230883,1.9857215123698841,2.1329740226208482,1.9671252514067796,2.1227311893214567
2019-04-10,2.25845592016084,2.1439665212671,2.2092642770398494,2.062382889504713,2.1665679110918954,1.9746185528554645,2.118901464291925,1.9561262709907918,2.108726209344417
2019-04-11,2.255399756895378,2.139175705961447,2.205310040267203,2.057774377470991,2.1626900941220057,1.971458192607625,2.1157732713796737,1.9529955074832506,2.1056130384428364
2019-04-12,2.248943025470423,2.1348874884815023,2.1999338845883956,2.0536493380781717,2.1574178383308857,1.9679731535344498,2.1108696500686346,1.9495431057641393,2.1007329649927278
2019-04-15,2.278962994703306,2.156959988340874,2.2260196610536034,2.074881920577482,2.1829994796097463,1.9853446418942524,2.134292668857139,1.9667519103191666,2.1240435032379743
2019-04-16,2.2723794084824367,2.1466448164589935,2.21750410041282,2.064959268436945,2.1746484911739046,1.9785394406132961,2.127555436939269,1.9600104396762372,2.117338624430223
2019-04-17,2.277427868016629,2.140782186551605,2.2170030843179167,2.059319727199449,2.174157157744292,1.9762218545586332,2.128695492301421,1.9577145577904662,2.1184732050904316
2019-04-18,2.2566346267713207,2.1204437458032563,2.1963568046415363,2.0397552182472247,2.153909889232709,1.9614263231988944,2.1109953122069705,1.9430575864254394,2.1008580236842698
2019-04-19,2.2536907789983522,2.110916046181567,2.1900398029690367,2.030590072951719,2.147714970290603,1.955693870748852,2.1065458473352536,1.9373788183319673,2.0964299257520795
2019-04-22,2.259338279832494,2.121280194759677,2.198118320997967,2.040559838094855,2.155637362424743,1.9623607929656832,2.1127682237522025,1.9439833048927448,2.1026224214655183
2019-04-23,2.2687622069393405,2.1338272183832405,2.209175226270061,2.0526294140787913,2.1664805813223027,1.9708880966195772,2.1217635646735604,1.9524307504381018,2.1115745655281466
2019-04-24,2.2466395230678,2.1039350482149453,2.182995516116463,2.0238747205358996,2.140806821722808,1.9506305689037196,2.1005189405638096,1.9323629342550672,2.0904319610121447
2019-04-25,2.2584821384240397,2.1205777547892493,2.197337136240182,2.0398841278346698,2.15487127488762,1.9618254564465996,2.112078894380147,1.943452981794501,2.1019364023474894
2019-04-26,2.2533834857503634,2.114832667510929,2.191887579811907,2.034357656416396,2.149527036894054,1.9577827523901359,2.1075171046649914,1.939448137618772,2.097396518971137
2019-05-07,2.2240571786597862,2.0915967791215446,2.165566554713883,2.0116804221047477,2.123550595962204,1.9397187209615132,2.0840728733211495,1.9215532756534401,2.074064870036148
2019-05-08,2.184852103150727,2.0673945850051285,2.1339504903797617,1.9858837646016243,2.0912183007456298,1.9179558373812877,2.0540128979242267,1.8999942012477875,2.044149246756836
2019-05-09,2.1516020883813236,2.04588387940857,2.1066269869499656,1.9637692189503961,2.0636724169937515,1.899361936281553,2.0284454535732084,1.8815744318352097,2.018704580774237
2019-05-10,2.1521709569457763,2.0474062612388484,2.1076920514741833,1.9643544358801686,2.0642528780193694,1.8997997339489707,2.028947174604286,1.882008129532102,2.019203892472229
2019-05-13,2.1420146293517917,2.043137837828616,2.1005377500693014,1.9598231957736592,2.057012587840575,1.8954066697746652,2.0218286370098095,1.8776562063573294,2.012119539069938
2019-05-14,2.1372860793091606,2.041354920048205,2.0973126677420715,1.9555242690747159,2.0524861602622098,1.8920947782430924,2.0178339902470723,1.8743753306549245,2.0081440751478947
2019-05-15,2.1482385749454815,2.050498532083029,2.1073783842966365,1.9666594913733952,2.063592160635504,1.900447365510859,2.0274526517622906,1.8826496960312622,2.017716546533548
2019-05-16,2.141454265314937,2.0502758928650016,2.103960183529564,1.9670222951797403,2.0605447892102164,1.899473869324628,2.023751030487218,1.8816853166265202,2.014032700950657
2019-05-17,2.162977037043786,2.063943603569052,2.121514091144185,1.9856048824651282,2.0806278464571712,1.9139788117437329,2.04162728552226,1.8960544204132688,2.0318231117614376
2019-05-20,2.1663125048986474,2.068433725248531,2.125462423134181,1.9909836780602044,2.085059170454923,1.9176724509784857,2.0451743108715017,1.8997134687556507,2.0353531038093005
2019-05-21,2.1579953965353407,2.0636856186090675,2.11895522280619,1.9871056874021868,2.079041720564767,1.913978131885156,2.039292874671938,1.8960537469215604,2.029499911071642
2019-05-22,2.152721487312815,2.0554175930502145,2.112107404593567,1.9793378262050698,2.072424014451341,1.9085642065967197,2.0339134773267893,1.8906905229861946,2.0241463463290814
2019-05-23,2.145381434790472,2.0558738442058715,2.1087700898795654,1.9783765924127337,2.068412494899912,1.9067277672882996,2.029487892364706,1.8888712819124762,2.019742013631929
2019-05-24,2.143587387292932,2.0561745200658224,2.108052311680135,1.9799480285672266,2.068385420338516,1.9073239641188195,2.0289676110995774,1.8894618953659834,2.019224230828671
2019-05-27,2.1521209986559913,2.0612914283846355,2.114855838810316,1.9863495270293825,2.0758381502021765,1.9125159901999145,2.0357550686261194,1.8946052981777377,2.0259790940548448
2019-05-28,2.152313343238355,2.057912813479608,2.113200431681715,1.9841753401332736,2.074782429352543,1.9112916937764906,2.0351874833688597,1.8933924672773714,2.025414234419703
2019-05-29,2.133248358939264,2.0463696252558363,2.097942927366717,1.971133966396713,2.058797412397223,1.9004212609927367,2.020415269480585,1.8826238359816758,2.0107129587251027
2019-05-30,2.129034920815483,2.0430190628177813,2.0941570851418576,1.9644679287582167,2.053267528300349,1.89582975988848,2.015974548704015,1.8780753342367025,2.006293562897717
2019-05-31,2.1012073185875777,2.0288030150873344,2.0732498033083786,1.9486458885928033,2.031631546490252,1.8818221399782764,1.995411461139315,1.8641988955388187,1.985829222094962
2019-06-03,2.085951651648496,2.0235107452613073,2.0630833199714265,1.939956703655567,2.0197630219304794,1.874129386866021,1.9841317199630346,1.8565781849781038,1.974603647780211
2019-06-04,2.0925149390720135,2.0266941562035576,2.067951820445875,1.9430086663952617,2.024529294400114,1.8770777892954689,1.9888139090566588,1.8594989756499811,1.979263352360731
2019-06-05,2.131097940991633,2.045408185099455,2.0965718321915525,1.9609499626764988,2.0525483476548003,1.8944102949827226,2.0163386690024176,1.8766691626047758,2.0066559346405923
2019-06-06,2.1209614063698323,2.0404916313742723,2.089052776506337,1.9562364214312213,2.0451871759145117,1.889856695334167,2.0091073581073196,1.8721582073687717,1.99945934949051
2019-06-07,2.1314525101675703,2.0455801628480477,2.096834843711525,1.9611148391848359,2.052805836500374,1.8945695768413828,2.0165916154028083,1.8768269527905141,2.0069076663577357
2019-06-10,2.1581499862869036,2.058529319592916,2.1166384370583327,1.9735293042390605,2.0721935971186825,1.9065627897499502,2.035637350176717,1.8887078493870284,2.025861940905554
2019-06-11,2.169361071945246,2.0639670660233693,2.124954570776803,1.9787425172972273,2.0803351099734457,1.9115991061656172,2.0436352359327317,1.893697000752725,2.033821419719113
2019-06-12,2.1601322772299176,2.059490796101792,2.1181088563427264,1.9744510798229902,2.0736331407709443,1.9074532873093457,2.037051498367228,1.8895900074461978,2.0272692981628317
2019-06-13,2.140260934036836,2.049852539040033,2.103368736411851,1.9652108020323724,2.059202531552692,1.8985265539871174,2.022875464259544,1.8807468728871264,2.0131613393118886
2019-06-14,2.1462150786667356,2.0527404956299953,2.107785388324997,1.9679795102093287,2.063526443305822,1.901201313350722,2.027123096467161,1.8833965831575779,2.017388573808067
2019-06-17,2.1364161265614654,2.047987680563154,2.100516743834026,1.963422946587541,2.0564104246650308,1.896799364703814,2.02013261384532,1.8790358587131948,2.0104316604409
2019-06-18,2.1188678488015693,2.0394761868811413,2.087499822116765,1.9552629062886644,2.0436668302161882,1.8889162138616749,2.007613833326145,1.871226533495323,1.9979729968198254
2019-06-19,2.158476169316747,2.0586875291241116,2.1168803923671713,1.9736809810420353,2.072430471888122,1.9067093198004537,2.035870046160652,1.8888530071851584,2.0260935194515137
2019-06-20,2.1630808821339325,2.060920966763247,2.120296065807716,1.9758221964175324,2.075774423556685,1.9087778786766734,2.0391550060809878,1.8909021940293786,2.0293627045445417
2019-06-21,2.148363954278949,2.0537827711995438,2.109379376407876,1.9689787485296277,2.0650869610784355,1.9021666451527288,2.028656084633886,1.884352874637468,2.0189142003557214
2019-06-24,2.149997922527612,2.0545752997094864,2.110591417673256,1.9697385522516002,2.06627355209256,1.9029006669383262,2.0298217426067193,1.885080022316806,2.0200742606793693
2019-06-25,2.1430009027598955,2.051181514270214,2.105401184203243,1.9664849017191766,2.061192302326039,1.8997574204597232,2.024830132834018,1.8819662123082335,2.015106621300238
2019-06-26,2.1344924229305366,2.0470546208336047,2.0990897833132496,1.9625284144080162,2.0550134272361253,1.8959351861157114,2.0187602613062836,1.8781797731484309,2.009065898126655
2019-06-27,2.15895244460228,2.0589185383512953,2.117233682769368,1.9739024515234398,2.0727763439541955,1.9069232752648932,2.0362098165841593,1.8890649589589366,2.0264316582509263
2019-06-28,2.154391412134179,2.056706287122607,2.1138504104392,1.9717815477371297,2.0694641130426064,1.9048743387576252,2.0329560178245183,1.8870352107203903,2.023193484678433
2019-07-01,2.198854422784744,2.0782649754495486,2.1468283848048815,1.9924500428463414,2.101749621105798,1.9248415029698362,2.064671966650076,1.906815382650919,2.054757129175243
2019-07-02,2.2034541084435753,2.080438690431262,2.1501965258347866,1.9945340016098354,2.1050470384417803,1.926854748086246,2.0679112131652566,1.908809773748105,2.0579808203851457
2019-07-03,2.190488417690042,2.0743113768864543,2.1407023390039566,1.9886596947822164,2.095752209048038,1.9211797703754736,2.0587803569056238,1.9031879421435776,2.048893811747451
2019-07-04,2.204980142165954,2.081159861965792,2.15131397106357,1.9952253948016796,2.1061410197319597,1.9275226806727168,2.0689858951726614,1.9094714511529673,2.0590503416224077
2019-07-05,2.207077021536375,2.082150803182303,2.152849420649938,1.9961754184476623,2.107644228190175,1.9284404677706448,2.0704625850374017,1.9103806431844295,2.060519940220232
2019-07-08,2.187732184019482,2.0730088386551095,2.138684074191448,1.9874109404676752,2.0937763234416225,1.9199733892467366,2.0568393285452964,1.9019928587613528,2.0469621044710724
2019-07-09,2.1857728096727627,2.0720828794291632,2.137249313292634,1.98652321560044,2.0923716894257858,1.919115786982726,2.0554594741388637,1.901143287933475,2.0455888763144263
2019-07-10,2.1799184278836505,2.069316221368687,2.132962415236725,1.9838707973398935,2.0881748069788713,1.9165533715437717,2.051336630271804,1.8986048694880073,2.0414858309081088
2019-07-11,2.1901431280742294,2.074148200255139,2.1404494990908676,1.9885032559787446,2.095504678227551,1.9210286399104073,2.058537192857533,1.903038227013718,2.0486518154064135
2019-07-12,2.188310724136617,2.073282244581822,2.1391077128595017,1.9876730570201013,2.0941910666117654,1.9202266115649256,2.057246755095136,1.9022437096552098,2.0473675745028355
2019-07-15,2.188241482215336,2.0732495223019067,2.1390570101434134,1.9876416858962123,2.0941414285433098,1.9201963049374278,2.0571979927081276,1.9022136868489579,2.047319046279486
2019-07-16,2.1755722693465738,2.0672623179879626,2.1297799206105776,1.9819017029620019,2.0850591378727517,1.9146510931928344,2.048275925706349,1.8967204059537086,2.0384398242650423
2019-07-17,2.17468422730046,2.0668426479402227,2.1291296477281136,1.9814993617714038,2.0844225193176737,1.9142624043899217,2.047650537948017,1.8963353572173245,2.037817439704353
2019-07-18,2.1275950866830686,2.04458930759739,2.0946484074129446,1.960164897955037,2.050665310646217,1.8936518693630628,2.014488851267354,1.875917839633023,2.0048149999835654
2019-07-19,2.1672981534624824,2.0633521443387806,2.1237211611077647,1.9781529867266414,2.0791275992460316,1.9110295797608738,2.042449027298133,1.8931328079567387,2.0326409074207903
2019-07-22,2.1545211396473687,2.0573139955582995,2.114365133834962,1.9723641629055695,2.069968028357716,1.9054371844161646,2.0334510434042667,1.8875927853352896,2.023686133077569
2019-07-23,2.1686703543890236,2.0640006177200467,2.1247259615625707,1.978774683589915,2.0801113010594245,1.9116301809799567,2.043415375305174,1.8937277845517566,2.033602614892391
2019-07-24,2.173119977392415,2.066103416237784,2.127984218521186,1.9807906541452844,2.0833011416525085,1.91357774488886,2.0465489428740637,1.89565710954525,2.0367211346407723
2019-07-25,2.1744900602497355,2.0667508886639543,2.1289874680100396,1.9814113913845222,2.084283325066887,1.914177419046219,2.0475137992686654,1.8962511677604672,2.0376813576628607
2019-07-26,2.1647693242518087,2.062157072686247,2.121869414259425,1.9770072615215186,2.0773147350858463,1.9099227317203238,2.040668144469231,1.892036325536383,2.030868576635067
2019-07-29,2.1626246274807266,2.061143533968969,2.1202989501609673,1.9760355734622375,2.075777247344741,1.9089840153338529,2.0391577800536744,1.891106400218944,2.0293654651962303
2019-07-30,2.1738710212494414,2.066458343814369,2.1285341738480787,1.9811309261863994,2.0838395491042188,1.9139064706952564,2.047077852103317,1.895982756837946,2.037247503975489
2019-07-31,2.160347420567629,2.0600673737374633,2.118631454900098,1.9750038496326479,2.074144765886264,1.907987300332678,2.0375540977360727,1.890119019443214,2.027769483980691
2019-08-01,2.1599155318204293,2.0595227654011534,2.1181442796532317,1.974481729058114,2.073667820268365,1.9076100843174102,2.0371534753876284,1.88974533605194,2.027370785475616
2019-08-02,2.1106799792912128,2.0308640965171754,2.0792653944663817,1.9470064231080393,2.0356053077783858,1.882986376612744,2.0007869512662517,1.865352229109517,1.9911788983823058
2019-08-05,2.0739609185733925,2.007367230680274,2.04917808847177,1.9244797809827432,2.0061497702878954,1.863442188007074,1.9730352076192001,1.845991071623447,1.9635604224079637
2019-08-06,2.066681927882682,2.001525903122525,2.042605181914118,1.9188796513167954,1.9997148805850726,1.858910166641867,1.9671826758746462,1.8415014925903965,1.9577359953221647
2019-08-07,2.0668552888202245,2.001923773778883,2.042894783795104,1.9192610932482486,1.999998401451455,1.8591619026449722,1.9673988452667968,1.8417508710884947,1.9579511266392966
2019-08-08,2.059520006260404,1.9981875250688308,2.0373767741524733,1.9156791203091061,1.9945962581046728,1.8557898215660789,1.9621391224872642,1.8384103695132434,1.9527166617687026
2019-08-09,2.067267265209381,2.003053662546469,2.043677813079675,1.9203443270754954,2.0007649888106545,1.8598626012645343,1.9679672669005386,1.842445007672895,1.9585168186345259
2019-08-13,2.040427983571942,1.9860365711750931,2.0217669688407804,1.904029899015289,1.9793142250220108,1.8456646433214108,1.9477292899388938,1.8283800134557566,1.9383760272091966
2019-08-14,2.056917253694695,1.997386725180846,2.0356887687908003,1.91491138674771,1.992943697213252,1.854885038734949,1.9604285991428183,1.8375140599637585,1.9510143525915584
2019-08-15,2.035158677030682,1.9840604011926,2.018167058430793,1.9021353282975013,1.9757899049628211,1.8436356430436331,1.944160987598222,1.8263700147441224,1.9348248603449298
2019-08-16,2.0397665089843553,1.9866942741644231,2.0217808395795567,1.9046604443811355,1.9793278045052027,1.8459133161760752,1.947550130554996,1.828626357491767,1.9381977281731904
2019-08-19,2.056331232876581,1.9959317341775977,2.034653222326065,1.9135164746835565,1.9919298949897952,1.8539729239469023,1.959665214746679,1.8366104871210556,1.9502546340718105
2019-08-20,2.071780343184214,2.0061205190375797,2.0474677873798997,1.9232845480864353,2.0044753818285024,1.8623641649988987,1.971431272975468,1.8449231442893428,1.9619641900779983
2019-08-21,2.0561691581116657,1.997037677099774,2.0351424631913746,1.9145767514281997,1.9924088628526073,1.8545589158784588,1.9599016761977508,1.8371909912443705,1.9504899600026184
2019-08-22,2.0559533957948397,1.997035314890101,2.035035453655556,1.9145744867579966,1.9923041002861377,1.8545194913862204,1.9597788757478107,1.837151935962085,1.9503677492572524
2019-08-23,2.0622870192821847,2.0001234592709873,2.0397290435853836,1.917535116647206,1.99689913495517,1.8573544622784077,1.96427944206256,1.8399603573818486,1.9548467032363492
2019-08-26,2.0312707818931695,1.979759672558013,2.0140491339324416,1.8980121837257182,1.9717584479933628,1.8405587938042518,1.9406846301288094,1.8233219801653284,1.9313651968200614
2019-08-27,2.0454149919986326,1.9895806403548717,2.0260347235749747,1.9074276278287545,1.9834923661156596,1.8485151287033725,1.9516031012017474,1.8312038040722622,1.9422312358999707
2019-08-28,2.0471781070488095,1.9917171238394087,2.0279978801860383,1.9094758924439947,1.9854143006739498,1.8500138973440368,1.9532348281383756,1.832688536760457,1.943855127060436
2019-08-29,2.0510650184861094,1.991598225014415,2.0298426092743944,1.909361903144386,1.9872202944319686,1.8506343943203158,1.9553991416915517,1.8333032227891155,1.9460090472835962
2019-08-30,2.080079188396262,2.0094923224307655,2.0532708516569973,1.9265171242471197,2.0101565942775133,1.865703909291822,1.9771281279447832,1.848231611912283,1.967633687969748
2019-09-02,2.0703417554442085,2.002941561319916,2.045137727474245,1.92023685469046,2.0021942481531116,1.860341204023078,1.969681462845778,1.8429191283216668,1.9602227827761314
2019-09-03,2.079356064264379,2.00874083428488,2.0525507358754034,1.9257966662659884,2.009451599373482,1.8651930310940803,1.976537973720885,1.8477255180834602,1.9670463677472356
2019-09-04,2.072888108922235,2.005929708578532,2.047920954176721,1.9231016165008123,2.0049190331004247,1.862464060802192,1.9720165506657663,1.8450221045694948,1.9625466571846921
2019-09-05,2.1084556923123854,2.0312692149172062,2.0784249167774824,1.947394813512072,2.0347824783073887,1.8829773026294108,1.999795138699627,1.8653432401039418,1.9901918486354224
2019-09-06,2.1097559398158343,2.0279800442323923,2.0773878940378236,1.9442414580211684,2.0337672308075962,1.8813779765947194,1.9995669906933862,1.8637588917406516,1.9899647962271452
2019-09-09,2.1302245362359793,2.0431469138909417,2.095240797240541,1.9587820630248616,2.0512452615656813,1.8935086928744005,2.015725541298832,1.8757760039906632,2.0060457512601855
2019-09-10,2.145148176348777,2.0425980449387353,2.102331562211984,1.9582558577621743,2.05818713577303,1.8958847964075918,2.0240824453496074,1.878129855339395,2.0143625243134973
2019-09-11,2.186236010416563,2.06183627944276,2.132447144839238,1.9766997143515106,2.087670356147892,1.9139899681120855,2.053212159676091,1.8960654723023496,2.0433523537634
2019-09-12,2.2014066715829212,2.0736627991173493,2.1459779678148276,1.9880378978414486,2.1009170610375243,1.9233070548907185,2.0653610365065207,1.9052953046618346,2.0554428900238886
2019-09-13,2.2232301484724357,2.0969514209960045,2.1686464911821033,2.0103648947393884,2.123109594327757,1.94020737357455,2.084689056344061,1.9220373520399234,2.074678094063813
2019-09-17,2.2378823449164855,2.1101280797120605,2.182610528928648,2.0229974678393123,2.136780417412936,1.9501836944320903,2.0969402947767697,1.9319202447581387,2.0868705003721515
2019-09-18,2.2212843219124263,2.0998771542086394,2.169179106961957,2.0131698196809786,2.1236310263255014,1.9414881429523352,2.0844414690906934,1.9233061270260308,2.074431695758335
2019-09-19,2.2363048610101393,2.1144554558567075,2.1840406597019135,2.027146159602233,2.13818051852587,1.9523117713220168,2.0973164781263045,1.934028392230497,2.0872448772377354
2019-09-20,2.2361172420046755,2.1152491669940816,2.1843532083857484,2.027907097119032,2.1384865043617554,1.9527203751669322,2.0974435392798068,1.934433169504726,2.0873713282261814
2019-09-24,2.2440499030647176,2.120087396705059,2.190741331991911,2.0325455484757224,2.1447404911563495,1.9568422427979137,2.1033990900552118,1.9385164358889349,2.09329827963134
2019-09-25,2.241621717782507,2.1195961194018285,2.189291205986166,2.0320745568093885,2.143320814667673,1.9561320849135004,2.1018680783006563,1.9378129286255987,2.0917746200048533
2019-09-26,2.2476977631076296,2.1213025520123425,2.1931634353162575,2.0337105280489065,2.147111735537249,1.9581749973338594,2.1058398834833465,1.939836709192746,2.095727352035244
2019-09-27,2.24010760795131,2.1155092647015903,2.186456890908463,2.0281564549702162,2.1405460140907757,1.9535824455198865,2.0997980851593723,1.9352871665779419,2.0897145672540534
2019-09-30,2.213434603543639,2.0999536228564906,2.1653410682309095,2.0132431308142973,2.119873578126166,1.9401200577099371,2.0799831903339947,1.9219508538874595,2.069994826266645
2019-10-01,2.233622718971073,2.111858092888618,2.1813880480884293,2.0246560459650444,2.135583606032519,1.9501854694654603,2.0949141204488555,1.9319220031683402,2.0848540560107796
2019-10-02,2.2272758102097874,2.104261605009861,2.1743655111577325,2.0173732293953064,2.128708527224282,1.945841638563926,2.089604639180847,1.92761885219726,2.079570071598784
2019-10-03,2.1881047074635895,2.072696592414191,2.1389358571076715,1.987111587380633,2.094022819459899,1.917717294057817,2.0561295911497526,1.8997578918800184,2.0462557753316752
2019-10-04,2.193302718093463,2.08174648838993,2.1461480085814735,1.995787798469027,2.101083531314982,1.9257619172187201,2.0628880159385616,1.9077271772300965,2.0529817452392978
2019-10-07,2.1921389966724334,2.0816005418703987,2.1455043792476816,1.99564787831807,2.1004534168083895,1.9262336499091326,2.062595659579933,1.908194492148852,2.052690792815932
2019-10-08,2.2081004126359254,2.097145691639677,2.161326929330795,2.010551143633,2.115943727481328,1.9382289002868107,2.0765234888755963,1.9200774071336004,2.066551738768346
2019-10-09,2.2017933330774118,2.0918007899093705,2.1554866995126205,2.0054269415666806,2.1102261298874083,1.9344920262347625,2.0715586859036192,1.91637552886753,2.061610777460012
2019-10-10,2.201745887177891,2.088089491898582,2.153546787701937,2.0018688890719494,2.1083269520388477,1.9320629301133643,2.070231753128291,1.9139691812056194,2.0602902167975516
2019-10-11,2.22324892791713,2.101574333337536,2.1710112824429917,2.0147969195301485,2.125424730074865,1.9440161786414736,2.0867357671224838,1.925810487687676,2.076714976256846
2019-10-15,2.257099182968577,2.133261367878195,2.2039057480020365,2.0451755450057347,2.1576284828361665,1.969498298091206,2.1162964484363194,1.9510539673582508,2.10613370313162
2019-10-16,2.2695638443439923,2.145763161942402,2.2164490307387865,2.057161119710181,2.1699083837010806,1.9795955274113761,2.12756503593753,1.961056636232622,2.117348177332776
2019-10-17,2.256882059388509,2.134768342256154,2.2045780196918017,2.0466202939667197,2.1582866382710604,1.969093562289424,2.115977242182106,1.950653021902972,2.105816029749544
2019-10-18,2.256082737655778,2.1336833845160763,2.2036273659226633,2.04558013589196,2.1573559461797727,1.9673558227076207,2.1146690493495552,1.9489315562339748,2.104514119038091
2019-10-21,2.2681333361991194,2.145608060470099,2.2156703993473132,2.057012422629305,2.169146101888713,1.9765206642929956,2.1252426707417076,1.9580105691748266,2.1150369644525977
2019-10-23,2.285567088338672,2.1544237852149632,2.2287364108293835,2.0654641317968654,2.181937755323229,1.986721173664364,2.138896985033125,1.9681155508838089,2.1286257088572653
2019-10-24,2.2947561878196074,2.157864646213186,2.235000587388707,2.068762914062036,2.1880703976915172,1.9898002073950976,2.1448599806083752,1.971165749496217,2.134560069311321
2019-10-25,2.3016351055200244,2.162130281111553,2.24056264979405,2.0728524139749043,2.193515668788051,1.9940938634132677,2.150391998143607,1.9754191954711848,2.1400655213409148
2019-10-28,2.2993879850769976,2.1606974913392762,2.2387253835549417,2.071478786416876,2.1917169811755493,1.9919899185972856,2.148208169141171,1.973334954076154,2.137892179384355
2019-10-29,2.317292818773121,2.177176182167043,2.255979056773839,2.087277045365417,2.2086083644864685,2.003462025100439,2.1627663799961843,1.98469962442323,2.1523804797175594
2019-10-30,2.318739163644953,2.1759008488218408,2.2560266564176423,2.0860543726031326,2.2086549646404614,2.0041968884651444,2.1638393430231226,1.9854276058002966,2.1534482902291345
2019-10-31,2.320301796129489,2.184558725851552,2.261261163810946,2.09435475184379,2.213779558673417,2.0077626929675705,2.166487355659645,1.9889600165812682,2.156083586746415
2019-11-01,2.3140856490685247,2.1878604460469817,2.25993098521832,2.0975201386556557,2.2124773109610043,2.009426106624638,2.164466722346434,1.990607852387029,2.154072656791035
2019-11-05,2.3519442080390554,2.2198790966383113,2.294953968325646,2.1282166872171677,2.246764886994944,2.040714073496912,2.1990231362202626,2.0216028077804338,2.188463126034043
2019-11-06,2.356906559125593,2.21784782169857,2.296327985246496,2.1262692869152184,2.248110052525282,2.041154852757144,2.201581283674414,2.0220394591475555,2.191008988913863
2019-11-07,2.359324193331975,2.2226236485496744,2.2999750873172284,2.130847912127363,2.25168057332217,2.0443482992353035,2.204431864887954,2.02520299903322,2.1938458812461192
2019-11-08,2.3658190893812105,2.2243836113908784,2.304055506938016,2.1325352032474987,2.255675312935566,2.044187267417033,2.2073826184999708,2.0250434752762243,2.1967824649352794
2019-11-11,2.3638955674263635,2.222609184510976,2.302199814039896,2.1308340453322887,2.2538585855841307,2.043101766079824,2.2058984133932245,2.0239681396475584,2.19530538718467
2019-11-12,2.3710317283735605,2.228401045337931,2.3086757191882423,2.136386750829012,2.260198510697936,2.0485496646390677,2.2121699170931564,2.0293650186944094,2.2015467742651524
2019-11-13,2.3529282650687833,2.21269594590661,2.291724596472841,2.1213301404330864,2.243603324982777,2.036131135435049,2.197015081128074,2.017062788885053,2.186464713897346
2019-11-14,2.32923247625482,2.1945516028179948,2.2707829498064855,2.1039350067078932,2.2231014077089637,2.0177384795393256,2.176027335198568,1.9988423800172792,2.165577753997396
2019-11-15,2.345470007562152,2.209164605645337,2.286258904231365,2.11794461494043,2.238252400484615,2.031476188132777,2.1910200082100797,2.0124514351150378,2.180498430140338
2019-11-18,2.3463874638878446,2.216498225244421,2.2904944957158464,2.1249754174882396,2.2423990536873935,2.0351654059708664,2.1934360097531176,2.0161061034670893,2.182902829713172
2019-11-19,2.3417486866614814,2.2137392876555126,2.2868044758475636,2.122330400908464,2.238786516274096,2.0321830628435937,2.189660357546225,2.0131516899516635,2.179145308705132
2019-11-20,2.3316866234448614,2.2047590681849205,2.2772531624705965,2.113720989269277,2.2294357598684194,2.024589679676532,2.180864979382162,2.005629418737657,2.1703921671512596
2019-11-21,2.330495134513569,2.2060776159225606,2.277352350806122,2.1149850920316244,2.229532865462925,2.024221468283741,2.180109442539683,2.0052646556406653,2.1696402585001446
2019-11-22,2.3316040074697826,2.205497337855611,2.2775941157247446,2.1144287745874997,2.2297695538399323,2.0244508675789126,2.1807515810052194,2.0054919066138637,2.170279313328849
2019-11-25,2.3516189731718145,2.2211427185700043,2.295447780012305,2.129428132149207,2.2472483297017214,2.039693437273977,2.1983213403828916,2.020591729804933,2.1877647003163716
2019-11-26,2.3509987044412837,2.2259032669202967,2.297603586504323,2.1339921097346255,2.249358868909161,2.04246878727759,2.1995260013616056,2.0233410886851138,2.188963576348126
2019-11-27,2.3599360822648534,2.2326101788284887,2.305431620821433,2.1404220823688673,2.257022531396782,2.048043669481788,2.206708274631827,2.028863762176427,2.1961113593587203
2019-11-28,2.3560652634348593,2.230563078448256,2.3024842371547507,2.13845951008454,2.2541370364272972,2.04430668942517,2.202885344063992,2.025161778898519,2.192306787026901
2019-11-29,2.34489888431482,2.220227796312234,2.291693837566397,2.1285509885158254,2.243573211946998,2.0344843104439416,2.1923730192827118,2.0154313863925717,2.1818449438685477
2019-12-02,2.363805356103399,2.2358085175546347,2.3089779407526994,2.143488356500042,2.260494386261668,2.0487301211246485,2.208901748595307,2.029543785206912,2.1982942999599016
2019-12-03,2.3502765522335425,2.227557107011632,2.2981097123614362,2.1355776600854077,2.2498543672153835,2.0395098971732915,2.19761009295027,2.0204099085553495,2.1870568683913043
2019-12-04,2.3467885128107784,2.2217774209854717,2.293421727940022,2.130036626672202,2.245264820351183,2.033999440285929,2.1930097266229795,2.014951057038461,2.1824785936529905
2019-12-05,2.3620575005143154,2.233080254974733,2.306715509258878,2.1408727483083845,2.258279460947389,2.045802484944259,2.206506829811132,2.0266435663083904,2.1959108819036355
2019-12-06,2.365521732772696,2.237617427628672,2.310750278165714,2.145222573742356,2.2622295084133226,2.048323860945783,2.209484687609703,2.029141329650325,2.1988744396213353
2019-12-09,2.3806906527749616,2.2510596235134033,2.325099873642506,2.158109719550454,2.276277793348362,2.058102142344287,2.2218435051704306,2.038828037546943,2.21117390844799
2019-12-10,2.3757905297815416,2.248854300269047,2.3215678927331767,2.155995457680763,2.2728199764168933,2.0566124474065903,2.2187509194346045,2.0373522935865833,2.208096173732298
2019-12-11,2.3704979839710334,2.2414089602034073,2.315138500231465,2.148857547785717,2.2665255872845074,2.0504776498733315,2.2129708497899205,2.0312749483673445,2.202343860773444
2019-12-12,2.3658121878574434,2.241443815613242,2.3128679427012444,2.14889096395913,2.2643027065630594,2.0482811697072165,2.20959738374006,2.029099038214756,2.1989865945694436
2019-12-13,2.404802755916083,2.279538538631217,2.3515817507509116,2.185412694059001,2.3022036081795365,2.083951075544134,2.247044419550317,2.064434895760742,2.2362538045865623
2019-12-16,2.3999387174712536,2.275008372178997,2.3468669304361285,2.1810695855293125,2.2975877889178222,2.0779339365480047,2.241527991828137,2.0584741072076764,2.230763867505603
2019-12-17,2.415537166330824,2.2872463338945215,2.3608044869124827,2.1928022219507937,2.311232686782344,2.090290293150964,2.255477315753317,2.070714746661725,2.244646204867379
2019-12-18,2.4038177868432196,2.2735901500850715,2.3480291609492636,2.1797099241265614,2.298725615098019,2.07757265682761,2.243145663528935,2.0581162108680426,2.2323737709254052
2019-12-19,2.39893204818537,2.271125958203238,2.344370535181855,2.1773474827254216,2.2951438125772192,2.0767568043640963,2.2404230607006195,2.0573079988542213,2.229664242408645
2019-12-20,2.3959762182667985,2.2664635626485463,2.3405194108790854,2.1728776050474305,2.2913735535749318,2.0711836243236945,2.236037547439721,2.051787011585958,2.2252997889828814
2019-12-23,2.387748323970846,2.2605320598501173,2.333438075859379,2.1671910236227894,2.284440911310681,2.066944370015666,2.2299078516621944,2.047587457849691,2.2191995288437445
2019-12-24,2.385020407865381,2.2611094090353356,2.332403876010866,2.1677445331234617,2.283428427427412,2.0658283745203554,2.2280316532362003,2.0464819136403913,2.217332340179478
2019-12-25,2.3734083338838277,2.253560476637075,2.322834517492344,2.160507308391276,2.274060004789215,2.0578358841321114,2.218297418942631,2.038564272840108,2.207644851011779
2019-12-26,2.386642156728249,2.2663098312882983,2.3358812486171123,2.17273022150446,2.2868327827123296,2.0691344191010943,2.230571646996603,2.049756997148595,2.2198601365420716
2019-12-27,2.3942649448147577,2.271876139337568,2.342478475031839,2.1780666876636245,2.2932914816077052,2.073850019723896,2.2366754101714634,2.0544284362214347,2.2259345886104507
2019-12-30,2.376542819309293,2.2562014651029565,2.3257291176425254,2.1630392461586747,2.276893824582151,2.059773611179053,2.2208065681333324,2.0404838530937472,2.210141950924519
2020-01-06,2.348994065903264,2.228764077039709,2.298106812852882,2.136734792362842,2.249851528590253,2.0317197405394274,2.1928156254665896,2.0126927066559746,2.182285424596929
2020-01-07,2.382577858158846,2.2623957271979602,2.331873948826881,2.168977737122235,2.2829096275708243,2.0633787505540413,2.225575705463471,2.0440552303766153,2.2148881862042167
2020-01-08,2.349979781570398,2.234924092880293,2.3017648287984187,2.142640451155389,2.2534327340941243,2.0363180228235165,2.1957571554571307,2.0172479260751026,2.1852128289577064
2020-01-09,2.3789756097361483,2.2718336227291775,2.334977609823612,2.178025926634973,2.2859481183836396,2.0682338983426183,2.2265143904823,2.0488649097574982,2.2158223635290626
2020-01-10,2.3839053542305573,2.282804553892735,2.343045217400859,2.188543850251602,2.2938463236098814,2.0777673521219064,2.233960062457701,2.0583090828429658,2.2232322803681903
2020-01-14,2.3860940733915696,2.2893756538805734,2.347503641536608,2.1948436188600224,2.298211130459075,2.083099353052966,2.237859049673766,2.063591149641695,2.2271125441138016
2020-01-15,2.3746220987290427,2.2766757301399307,2.3353443893755013,2.182668095574925,2.286307196356369,2.070569440906585,2.225742726072046,2.0511785799900535,2.215054404756961
2020-01-16,2.3720958491617243,2.2779754174783964,2.334778690220647,2.183914116714579,2.2857533756631123,2.0690933353108947,2.2237670098302686,2.049716298107656,2.2130881761750882
2020-01-17,2.3806176771036283,2.2835629587856316,2.3418279904441195,2.189270939376039,2.2926546557927256,2.076233643447481,2.231597859869379,2.0567897373340562,2.220881421400126
2020-01-20,2.392718876641661,2.2934963661371017,2.352868744450814,2.1987941802220554,2.3034635777887895,2.086987467717796,2.243049420851693,2.0674428521538086,2.2322779904186767
2020-01-21,2.3808999267906508,2.2813762716353705,2.3408386976595055,2.1871745440858823,2.2916861360219127,2.0757497221857277,2.23146845590528,2.0563103479898017,2.2207526388515806
2020-01-22,2.3891385276717663,2.2932703131672336,2.3510008082363782,2.1985774613460602,2.3016348642042628,2.087658870254775,2.241740589520926,2.0681079670131295,2.2309754442751633
2020-01-23,2.366777830639758,2.27549931351476,2.3309007131549215,2.18154025510082,2.281956827747948,2.0706395309129157,2.222119188145302,2.051248013604216,2.2114482675554705
2020-01-24,2.366646111817883,2.278180076035949,2.3322183645453727,2.184110324588253,2.283246811302401,2.0704024287649796,2.2219297565166065,2.0510131319153877,2.2112597456033924
2020-01-27,2.3333578681388647,2.2434306746696535,2.298019537862823,2.15079578238163,2.249766086186665,2.0380295806844035,2.188922406395711,2.0189434552147234,2.178410901297082
2020-01-28,2.3176752525064335,2.229300052675457,2.283062968138761,2.1372486366950256,2.2351235721538316,2.0244914408180095,2.174296654280556,2.005532099885004,2.163855384046114
2020-01-29,2.3282654310509066,2.238210567190965,2.292837219725868,2.145791221609813,2.2446925855482873,2.0338418254257395,2.184285577190702,2.014794918239769,2.1737963387807806
2020-01-30,2.299465672267255,2.204786718100107,2.2615174143701307,2.1137474974746056,2.2140304285237926,2.00554779802812,2.1555743717540623,1.9867658641095012,2.1452230084837316
2020-01-31,2.3121154617434665,2.219073882078025,2.275071127923771,2.1274447212724508,2.227299543338729,2.0174491840750406,2.16790126676244,1.998555793801957,2.157490708054504
2020-02-03,2.2970828647915376,2.2072761393154634,2.261632101740253,2.116134126449155,2.2141427077066123,2.004091118633048,2.153681912740078,1.9853228265015586,2.1433396373170446
2020-02-04,2.3135130930469234,2.2229284338293733,2.277739304900252,2.1311401123283793,2.2299116943560406,2.017478351932317,2.1685774248471614,1.9985846885025582,2.1581636191355247
2020-02-05,2.336749255238053,2.2480430819478823,2.3020446430743933,2.155217735880193,2.2537066728740798,2.0403125632060997,2.191739528491424,2.0212050576292477,2.1812144951867762
2020-02-06,2.3833695772782186,2.295460121125627,2.349287420648076,2.2006768485811175,2.299957454058202,2.079950055425448,2.2348925673943154,2.060471345153153,2.2241603072884235
2020-02-07,2.376137869452385,2.2952242587827816,2.3456065347027177,2.2004507253770695,2.296353858775157,2.0787807293829954,2.2308741380507144,2.0593129698367214,2.220161174992726
2020-02-10,2.36005689357791,2.2759862196531984,2.327834239495737,2.182007056094847,2.2789547434188324,2.062761828122237,2.2147282992756687,2.04344408541686,2.204092870746136
2020-02-12,2.35013852339466,2.2757310332713714,2.3228208539789015,2.181762406772739,2.274046628180071,2.05936839660209,2.208255340080283,2.040082433347011,2.1976509955870718
2020-02-13,2.3422694902295227,2.2655120009413943,2.3137117164523566,2.1719653348669743,2.265128762886075,2.0499970374484326,2.199531013805684,2.03079883687272,2.188968564721762
2020-02-14,2.3278444222853585,2.2507352386261856,2.299040167123464,2.1577987290415073,2.250765284435124,2.0369232654227027,2.1857439228002034,2.017847500583748,2.1752476812149917
2020-02-17,2.3072634291880942,2.2290441409837274,2.277795854040937,2.1370032920122366,2.229967056086791,2.0171134832322797,2.1654516163621316,1.9982232367940376,2.1550528212108198
2020-02-18,2.2823528800893054,2.1996265859656092,2.250461808043676,2.1088004355677135,2.2032069660746343,1.9928179790332146,2.1407193991943148,1.9741552597348566,2.130439371536131
2020-02-19,2.2857187928371547,2.211804440213584,2.258357663322801,2.1204754464564988,2.21093702543041,2.0006693194714322,2.1465159858339042,1.981933072452903,2.1362081221730196
2020-02-20,2.286804254732896,2.2135980154430643,2.259810890067538,2.1221949620548664,2.2123597375492507,2.002145595365416,2.14781807005448,1.9833955230387523,2.137503953606889
2020-02-21,2.286901189768261,2.2141919635036453,2.2601628968447662,2.1227643850364077,2.21270435294371,2.001122263345914,2.147313653722354,1.9823817745127905,2.137001959551054
2020-02-25,2.2088823821060077,2.1387891380010577,2.183125682587818,2.050475064531996,2.1372847539568522,1.933373437333242,2.074336615222593,1.9152674155392415,2.064375366782047
2020-02-26,2.191697049493087,2.1191436419320655,2.1646009853040553,2.0316407628684487,2.119149035343841,1.9153805756021678,2.0566124180325844,1.897443056767993,2.0467362836137086
2020-02-27,2.1396373879226056,2.0690630818037694,2.113315954334948,1.983628110318305,2.068940879363307,1.8675672181160003,2.0065164243182414,1.8500774708690275,1.9968808577202306
2020-02-28,2.065710103158372,1.9914341292253999,2.0371524557656975,1.909204583136728,1.994376649919991,1.7962569055809634,1.933543772896778,1.7794349786567303,1.9242586309621705
2020-03-02,2.0794135742441466,2.0123367729243946,2.054607965346728,1.9292441227650448,2.011465631464957,1.813950479336669,1.949479749160293,1.7969628522813343,1.9401180804857445
2020-03-03,2.051258053927155,1.99543435650369,2.0320694062304474,1.9130396345407485,1.989400333456882,1.79989660133436,1.9287296925443267,1.7830405886978886,1.9194676684827066
2020-03-04,2.0465658659917714,1.9913003607949216,2.0276408818797984,1.9090763382217695,1.9850647985618186,1.7968420996621364,1.9248888367915555,1.780014692401522,1.915645257045143
2020-03-05,2.060395357669635,2.005051614467631,2.0414931971814223,1.9222597803203665,1.9986262451323475,1.80669224805436,1.9366645601958437,1.7897725942582239,1.927364431813334
2020-03-06,1.9978659498435367,1.9658708022011755,1.9905995315430203,1.8846968073591506,1.9488012366550544,1.7745919960681018,1.8901041455835583,1.7579729607923371,1.8810276066869809
2020-03-09,1.8809702729453157,1.8960577063313604,1.8972091296700941,1.8177664074822242,1.857371831705585,1.7164391575312319,1.8040596039118844,1.7003647229733625,1.7953962626854703
2020-03-10,1.9018329460515846,1.9122050951040646,1.91575931997882,1.833247044375059,1.8755325080450442,1.7288123147523877,1.8204879387277497,1.712622005707996,1.8117457063882132
2020-03-11,1.880044629816185,1.8939011592577746,1.8956509053918196,1.8156989077360781,1.8558463267748502,1.7151112966036204,1.8029121661103293,1.699049297449295,1.7942543350373432
2020-03-12,1.8035736046809208,1.8423568424762478,1.8315579805412792,1.766282939419707,1.7930992150477854,1.6738918966601475,1.7449162769662558,1.6582159167503718,1.7365369500936272
2020-03-13,1.7056443185025196,1.780430980382588,1.7515641042888497,1.706914096640109,1.7147850375875275,1.6233138792994248,1.671832752472102,1.6081115619873385,1.6638043826905522
2020-03-16,1.6767744063151955,1.7598177188482407,1.7267782126709417,1.6871519901173693,1.690519596211112,1.6071283563424066,1.6496023642153785,1.5920776162816408,1.6416807478019804
2020-03-17,1.7242114859826756,1.7879447910815884,1.7645727658783845,1.7141176499049782,1.7275205453535025,1.6306170835037035,1.6844606755080151,1.61534637176148,1.6763716647110558
2020-03-18,1.724390623711543,1.7846990720340308,1.7630043169154157,1.711005951862733,1.7259850304343893,1.62889289338544,1.6836181411177613,1.6136383286654399,1.6755331762863022
2020-03-19,1.7468027517814395,1.8042522845420605,1.7840586761493031,1.7297517805032703,1.7465972935550254,1.6433784164339709,1.7019078895439845,1.6279881949438146,1.693735094836385
2020-03-23,1.7610040548610386,1.819784845593388,1.799004042238407,1.7446429769088376,1.7612288392050595,1.6542568521091134,1.7144104600545325,1.6387647541839057,1.706177626291513
2020-03-24,1.813244864734379,1.8467072691464395,1.8385568315924434,1.7704537299145757,1.7999511053288508,1.6779321410808887,1.7516208043686121,1.6622183243248412,1.7432092814374265
2020-03-25,1.9384974337418055,1.9296778444023721,1.9427927671155545,1.8499983155071371,1.9019983111241192,1.744659195007177,1.8461901173926516,1.7283204800967897,1.837324459672073
2020-03-26,1.9025152761498072,1.906198185797326,1.9130298699326773,1.8274881700991763,1.8728603705603195,1.725682528420257,1.8191259716808659,1.7095215297917663,1.810390279693567
2020-03-27,1.981476661003721,1.9631752081276432,1.9811265332648131,1.8821125187382335,1.9395271509000502,1.7702746884530358,1.8801016125142749,1.753696084717428,1.8710731071510245
2020-03-30,1.977442646550836,1.9674769121396833,1.9813296200460175,1.886236598412553,1.939725973297066,1.7718974562405552,1.8790826460256,1.7553036553017791,1.8700590338789433
2020-03-31,1.928688282270443,1.9382312793924794,1.9423132530554275,1.8581985652894522,1.9015288658245697,1.7475739334098526,1.8431582645146594,1.7312079220051497,1.8343071661667167
2020-04-01,1.8610899314415454,1.8912934308795,1.8849545669582481,1.8131988566933086,1.8453745883680464,1.7103885209516165,1.7914884854223978,1.6943707505413261,1.7828855124281846
2020-04-02,1.8308483107318283,1.8759272259419624,1.8619825116698532,1.7984671472876974,1.8228848966720825,1.6964921153983372,1.7696555069214588,1.6806044846790902,1.761157378879337
2020-04-03,1.826628527351577,1.8737830929659105,1.858777091628161,1.7964115490408576,1.8197467835346768,1.694553071794761,1.7666090286687226,1.6786836001983547,1.7581255302322887
2020-04-06,1.8917778171460475,1.9068863895162567,1.9082656128130508,1.8281479567700143,1.86819615255999,1.7244899908898799,1.8136436455329266,1.7083401603627493,1.80493428042642
2020-04-07,1.9254547571327578,1.9239981298714512,1.9338471957164463,1.8445531256039394,1.8932405774218237,1.739964968912417,1.8379567573785165,1.723670215379763,1.829130637380022
2020-04-08,1.9498512253323044,1.9363943282665292,1.9523791726134871,1.8564374648557533,1.9113834227919426,1.7511754532784103,1.855569820210443,1.7347757136782265,1.8466591198726825
2020-04-09,1.938513688055202,1.9306335615748504,1.9437669842766316,1.8509145695670135,1.9029520718269595,1.7459657121243124,1.8473846700162593,1.7296147616949404,1.8385132758904266
2020-04-10,1.9581843973632302,1.9406285335175006,1.9587091934301502,1.8604968329023583,1.9175805268302435,1.7550046507674781,1.86158596489866,1.7385690507733054,1.8526463742103874
2020-04-13,1.9255867842972452,1.9240652147835435,1.933947485821639,1.8446174404711733,1.8933387616512112,1.7400256370571365,1.8380520745664233,1.7237303153679489,1.8292254968417418
2020-04-14,1.9591207239363775,1.9411042945935868,1.9594204432012123,1.8609529490317405,1.9182768418908334,1.7554349046191373,1.8622619471199042,1.738995275302194,1.853319110272451
2020-04-15,1.951873360848956,1.9374218045733915,1.953915221535436,1.8574225149989327,1.9128872180009853,1.752104650013361,1.8570297036500518,1.7356962084955814,1.8481119927521297
2020-04-16,1.9355032172873516,1.929103897830262,1.9414801788971525,1.849448068120158,1.9007132844260282,1.7445823628951855,1.845211256620758,1.7282443675167147,1.8363502995236298
2020-04-17,1.9573635108872112,1.9402114292246442,1.9580856339425947,1.8600969515224617,1.916970060746423,1.7546274430942037,1.8609933248098678,1.738195375645902,1.8520565800604445
2020-04-20,1.9452483772820777,1.9340555545905076,1.9488827700592448,1.8541952629392293,1.9079604371468746,1.749060386634991,1.8522467879071054,1.7326804546115546,1.8433520452254484
2020-04-21,1.9274357552061072,1.9250047036483053,1.9353519959288426,1.8455181363164868,1.8947137800767868,1.7408752624741208,1.8393869415859374,1.7245719840518883,1.8305539536470605
2020-04-22,1.91309730410846,1.917719129235208,1.9244602618340736,1.8385333950909863,1.8840507488960496,1.7342865636285347,1.8290352776471357,1.7180449883013114,1.820251999815823
2020-04-23,1.9445570379924646,1.9337042750970066,1.9483576168428722,1.8538584883459293,1.9074463110148812,1.748742707525277,1.8517476745827284,1.7323657505633434,1.8428553287115925
2020-04-24,1.9378981568592448,1.930320801270325,1.9432994161922033,1.8506147236428827,1.9024943216633956,1.745682867788296,1.8469402864464441,1.7293345661931394,1.8380710263113573
2020-04-27,1.9713961368247137,1.9473416094500113,1.968745057985106,1.8669327150383541,1.9274056598847262,1.7610756114274029,1.8711241978654496,1.7445831569508539,1.8621388032765134
2020-04-28,1.9690079087198797,1.946128116203445,1.9669309188358797,1.8657693288967039,1.925629613743122,1.759978190537925,1.869400013392379,1.7434960133964,1.8604228985733546
2020-04-30,1.992921954244827,1.9582791886591573,1.9850964391709642,1.8774186638568795,1.9434136973483531,1.7709669956097203,1.8866647905294351,1.7543819084249113,1.877604767886738
2020-05-01,1.947235019542271,1.9347435380430658,1.9502361406789028,1.8548548384388506,1.909285389903795,1.7497992297476859,1.8535948416532482,1.7334123784663127,1.8446936254329294
2020-05-07,1.9330217142911796,1.9298260977493333,1.9406401265940032,1.8501404472328773,1.8998908714085978,1.7445763683308972,1.8440636022813408,1.7282384290914572,1.8352081563774851
2020-05-08,1.980801151075483,1.9569746932272798,1.9782496592785672,1.8761680331577915,1.9367106850598568,1.7678954150766615,1.8791556427835014,1.7513390932110606,1.8701316800964187
2020-05-11,2.0161025859397785,1.9717984898015226,2.003398829995258,1.8903797311214292,1.9613317774578567,1.7822839030598456,1.9035785549092947,1.7655928331564494,1.8944373100542449
2020-05-12,2.00585669647268,1.9692716465453568,1.9969944510967643,1.8879572253228485,1.9550618766969952,1.7790713175566195,1.8970003906318613,1.762410333482486,1.8878907350223415
2020-05-13,2.0011776727076693,1.9722585800305839,1.9961567592959768,1.8908208234784845,1.9542417746164702,1.7798512422484654,1.8951864774072664,1.763182954187841,1.8860855324574086
2020-05-14,1.9635480234630556,1.957389294498378,1.9698187606346165,1.8765655148697593,1.9284568170954104,1.765019639896582,1.869420738955974,1.7484902496351298,1.8604435246099553
2020-05-15,1.9694215257374754,1.958305755207075,1.9732219376247715,1.8774441334289331,1.9317885347120771,1.7665725471952565,1.8730387770615706,1.750028613973375,1.8640441884011938
2020-05-18,1.9783557635531719,1.9649886036039494,1.981064122254815,1.88385103617328,1.9394660503865935,1.7718046375632839,1.8800623029008543,1.7552117058704384,1.8710339863077492
2020-05-19,2.01796682022973,1.9866436854104093,2.011814418547409,1.9046119445188527,1.9695706568093951,1.7906746219067884,1.9089100698698898,1.773904973010128,1.8997432223500177
2020-05-20,2.0308145676187372,1.9972970328615436,2.0236175203175444,1.9148253979697911,1.981125918910846,1.7987646265323922,1.9193099733655519,1.7819192148279699,1.9100931840851585
2020-05-21,2.028670722864089,1.996564641844493,2.0221748180237746,1.9141232485660622,1.9797135102522123,1.7979819031431674,1.9178750217233878,1.7811438216350073,1.908665123277251
2020-05-22,2.0062267035646846,1.9822661313962322,2.003729009351189,1.9004151468120434,1.9616550237597672,1.7861892122247804,1.9009465566300752,1.7694615691423559,1.89181795099113
2020-05-25,2.0412876433725042,2.006536008334038,2.033518607488493,1.9236828811557578,1.9908191046155654,1.8056603494524421,1.9279470761852007,1.7887503593757998,1.9186888103544917
2020-05-26,2.0873670142630174,2.0358463415718195,2.0713663211546045,1.9517829431812108,2.0278720979617013,1.8298469148302423,1.9626894501014658,1.812710417824625,1.9532643466343507
2020-05-27,2.1132315850276138,2.051514261988212,2.0922152292841956,1.9668039097440533,2.048283224007913,1.8429974560392228,1.9819651438584025,1.8257378043542585,1.9724474758706751
2020-05-28,2.146067686816196,2.073066652603513,2.119521070529336,1.9874663671843555,2.075015701506884,1.8605941109639172,2.006913902320083,1.8431696667916788,1.9972764269782857
2020-05-29,2.1247856682028257,2.075300432367399,2.1099894945273845,1.9896079105577178,2.0656842680339365,1.857981426471774,1.9954007736681962,1.8405814500621738,1.9858185859465411
2020-06-01,2.1268944458900494,2.0694111486999445,2.1080789172395935,1.9839618049676373,2.063813808746585,1.8549819866459203,1.9948211813806873,1.8374318534231613,1.98514880342947
2020-06-02,2.153918238946588,2.08960235509528,2.131755524598573,2.0033192836927953,2.086993258439919,1.8735128261861498,2.0174579331668183,1.8595169109133904,2.0096904799851933
2020-06-03,2.1710053181942723,2.1013880180348763,2.146226425336447,2.0146182974886138,2.1011603014873073,1.8833659424118283,2.0307688969737465,1.8718040522849355,2.024302112120216
2020-06-04,2.1711457253693367,2.1040946169884314,2.147674594283909,2.017213136580204,2.1025780620117014,1.885751240021636,2.0321172986664306,1.8747384214397314,2.0259527732100193
2020-06-05,2.188812342203151,2.1118616553792973,2.1603858433094993,2.024659461354706,2.1150224022358244,1.8918600431127524,2.043686747081255,1.8826692416417463,2.038481592871908
2020-06-08,2.2218866746002326,2.1330884064874307,2.1875884044902194,2.045009725471408,2.1416537683288723,1.9093838708321345,2.0686194460005627,1.900272593799756,2.0634259198720772
2020-06-09,2.218183121558249,2.1306074056699678,2.1844893300215764,2.0426311692028616,2.1386197677369525,1.9084091900112496,2.066358579881735,1.8996942058843231,2.0613851107462025
2020-06-10,2.2051634552960477,2.127266625384735,2.17633548395215,2.0394283351556717,2.130637134840784,1.9041667638930635,2.05797186404758,1.8946633882454271,2.052591491176237
2020-06-11,2.148757846326666,2.0831424581561184,2.125907852604515,1.997126126378757,2.0812683749397514,1.8677505249309951,2.011939610393246,1.8542893503296558,2.0044583290117512
2020-06-12,2.1236861759172396,2.061153418719028,2.102282958729559,1.9760450500549336,2.058139552858863,1.8503331094115476,1.9908169898388288,1.8343619376907445,1.9819932171085481
2020-06-15,2.0719271938962343,2.011519727120387,2.051351851700865,1.928460814107858,2.0082778891796838,1.8110931367394498,1.9454454779214838,1.7894609213928443,1.9335830743078728
2020-06-16,2.155536326027077,2.0914257984557,2.1334861685131328,2.0050674341185184,2.0886875625666215,1.8737865403062464,2.0183639118516603,1.8608335331143406,2.011156840098614
2020-06-17,2.141786535905547,2.0850851144592286,2.123442510975728,1.998988567251356,2.0788548001655056,1.8678901777680408,2.0087454934299838,1.8538861291282946,2.0009871545503612
2020-06-18,2.1323658882756487,2.0806257577599094,2.1165025161705837,1.9947133446249905,2.0720605302762927,1.8634462782855705,2.001938212413183,1.848404639683612,1.9936296656776913
2020-06-19,2.1286765770492586,2.0813674541876934,2.1150519569258566,1.9954244152039466,2.070640429645718,1.8642804824333254,2.000656649569533,1.8493160029161766,1.9924002613648508
2020-06-22,2.1211316768196222,2.080693781191757,2.110969749292992,1.9947785592589764,2.0666439395646408,1.8629659729836596,1.9964116540424335,1.8480752598399859,1.9882089788268973
2020-06-23,2.130085022358438,2.089549516315092,2.119917423291603,2.0032686267115674,2.0754037317163867,1.8690912758492586,2.0039038716007127,1.8553055605866817,1.996293090074965
2020-06-24,2.1164236725742125,2.0808724227958013,2.108727561599056,1.9949498244613624,2.0644488329741315,1.862079919512237,1.9937274032010535,1.8480706696612568,1.986009378206747
2020-06-25,2.0864445286062945,2.05921497205655,2.082839530159712,1.9741866450000762,2.039104394334356,1.843413412784458,1.9696317875450768,1.8279410668017289,1.9611448349183151
2020-06-26,2.107484957965048,2.078620000543046,2.1031504875451734,1.992790408377742,2.0589888654412856,1.8587305848114186,1.9877346651341798,1.84477558798326,1.9800578867678862
2020-06-29,2.0738072801943006,2.043897232554704,2.0687748247632456,1.9595013998136865,2.025335017402685,1.8326416267849275,1.957913616917708,1.81681584948214,1.949237507406197
2020-06-30,2.088505867812206,2.0540884016757603,2.081249900773501,1.969271759027632,2.0375481437351857,1.8403693734601378,1.9689616976551663,1.8265909864340346,1.961377507349187
2020-07-01,2.0598654485997834,2.02598213237911,2.0527405760561184,1.9423260431897138,2.0096374533200376,1.817394854066346,1.9431826421685188,1.8027310075637881,1.9351216367004063
2020-07-02,2.066150094139352,2.0295861357269196,2.0576978317038646,1.945781231392175,2.0144906172958446,1.8191088545840242,1.9470632814531275,1.8044311784833247,1.9389861777275406
2020-07-03,2.0731353123328473,2.0423376224757357,2.06763831210918,1.9580061885651827,2.0242223690620107,1.8299312024286554,1.9561437475848331,1.8151662050464876,1.9480289748900241
2020-07-06,2.106651755597993,2.0705745848320323,2.098643521698912,1.9850772009342788,2.0545765361527577,1.859276170232939,1.9876406997610923,1.8442743998113067,1.9793952666238668
2020-07-07,2.0924891455493313,2.062037572407866,2.0872618271064547,1.9768926956035133,2.043433832587557,1.8523523305639211,1.9772589906741453,1.8374064258898382,1.9690566245198693
2020-07-08,2.0741344068140553,2.045065995366322,2.0695183355943234,1.9606219025126177,2.026062916110642,1.837175320243131,1.9604877508963563,1.8223518729146346,1.9523549577470167
2020-07-09,2.068635725359476,2.044222290313415,2.0663510803639693,1.9598130354101682,2.022962166405888,1.8359392569226907,1.9572333412465948,1.821125782904484,1.9491140485338136
2020-07-10,2.0327075389369913,2.017137954693773,2.034728095295195,1.933847055949754,1.992003195788136,1.8082802204906514,1.9255001351722347,1.7936899163926967,1.9175124829661847
2020-07-13,2.0872585333008584,2.062869598814656,2.0850770748258096,1.9776903662900913,2.0412949553905926,1.8516965107215688,1.9744412251298005,1.8367558976006564,1.9662505480586647
2020-07-14,2.079368876127537,2.0511300077524433,2.0751985693339714,1.9664355219890919,2.0316238771984483,1.8422118534375351,1.9656492940904746,1.827347768297447,1.957495089043453
2020-07-15,2.1141944869486466,2.080818296314066,2.1075913459606546,1.994897932949872,2.0633364754124335,1.873028018294737,1.9985502622820388,1.857915289603,1.990259572440051
2020-07-16,2.1090823247589814,2.0618810115494774,2.09545040529265,1.976742599396971,2.051450468300987,1.8591395694946078,1.9887141158678987,1.844138901250774,1.9804642298228925
2020-07-17,2.0991108717999016,2.0586132569991284,2.0888264670131185,1.9736097757335946,2.0449656184323284,1.8539287447633102,1.9812250686477728,1.8389701206211424,1.973006249806272
2020-07-20,2.1001818862311405,2.0642827340307286,2.0922323006848513,1.979045150860428,2.048299936945992,1.8591841840152732,1.9845398342257519,1.844183155794365,1.976307264570061
2020-07-21,2.0968150611835883,2.0768938982485907,2.0969435748904863,1.9911355796474437,2.0529122845591985,1.8663678719630175,1.9867922271532796,1.8513088813806817,1.9785503137790361
2020-07-22,2.08503362782743,2.062871149684096,2.0839692556303793,1.9776918531216157,2.040210398007836,1.8541619358878931,1.97470982082795,1.839201430217972,1.966518029527331
2020-07-27,2.0929205500980164,2.0679037824277207,2.0904486276942538,1.9825166802943375,2.046553717239424,1.8604515486439257,1.9817923699188098,1.8454402945547446,1.9735711977119852
2020-07-28,2.0780896972059915,2.065007384273336,2.081591524110986,1.9797398791188492,2.0378825937197305,1.8525811393461296,1.97058942360809,1.8376333885036957,1.962414725165239
2020-07-29,2.0505446997814394,2.042423404311635,2.0564255325957523,1.9580884283299054,2.0132450337236616,1.8323979561830663,1.9468070162974591,1.8176130555320336,1.9387309756499258
2020-07-30,2.028449515088311,2.030947686092723,2.039602510097655,1.947086561134401,1.9967752583976548,1.819782861167156,1.9296411107735847,1.8050997467716057,1.9216362803433982
2020-07-31,1.9680953945702249,1.9758141267866027,1.9815989575614756,1.8942295559404463,1.9399896553058706,1.7689506829010202,1.8739982363729695,1.7546777134213187,1.8662242321683118
2020-08-03,2.000606702063885,2.012334235329306,2.016296221929981,1.9292416899513762,1.9739583519916761,1.7977547286161646,1.904728775898335,1.783249350585248,1.8968272906006618
2020-08-04,2.0492736944196452,2.0469156364592456,2.0581452940353544,1.9623951689239654,2.0149286838838973,1.8289414793092442,1.94441735071538,1.8141844676148704,1.9363512232416813
2020-08-05,2.0509142653726307,2.046606305960134,2.05881704274062,1.9620986111830183,2.0155863273158374,1.8279255718590084,1.9446601453512464,1.8131767571235275,1.936593010679951
2020-08-06,2.045299483555419,2.0395928870777706,2.0524740215729196,1.9553747877448442,2.009376495905819,1.8221889011223869,1.9389482835242284,1.807486373333812,1.930904843665979
2020-08-07,2.043769757411175,2.0369224275315556,2.05036530151142,1.9528145958058327,2.0073120544154586,1.8206346684457193,1.9373967180117502,1.8059446811512199,1.9293597145932924
2020-08-11,2.110018031682685,2.0882923777255535,2.1094847557389635,2.0020633974139654,2.065190127670957,1.8630847834167008,1.9914214385343314,1.8480522827885921,1.9831603215621112
2020-08-12,2.1416570881412453,2.1095367191032603,2.136071430896862,2.0224305254694714,2.091218540018717,1.8820675442169383,2.016538982841722,1.8668818791348054,2.0081736694560437
2020-08-13,2.1575896757670243,2.1352344758046415,2.1569743753002837,2.0470671801047384,2.111682567693607,1.9008605771982863,2.0340791457625125,1.8855232785015101,2.025641069608092
2020-08-14,2.1517831117982706,2.137872431790608,2.1553698995369523,2.0495962106082377,2.110111782459201,1.9012902206183007,2.0315426064131126,1.8859494552972256,2.0231150527166033
2020-08-17,2.1352696107804405,2.1187567772577696,2.137471751239477,2.0312698724642044,2.092589456655719,1.886984807210645,2.0161032327724318,1.8717594666614055,2.0077397270313955
2020-08-18,2.133478396065705,2.1191230849071436,2.136752634615349,2.03162105467644,2.0918854399290026,1.8884678070035967,2.0160361691747193,1.873230500710491,2.0076729416370878
2020-08-19,2.140247732523419,2.1234193842523976,2.1423162257614172,2.0357399528514337,2.097332207666005,1.893356319290901,2.0218483288972844,1.878079569508866,2.013460990475638
2020-08-20,2.124746692725176,2.105199895059954,2.125377243005304,2.018272775926956,2.0807489069971843,1.8803836189272654,2.0075969326226843,1.8652115407780514,1.9992687140083094
2020-08-21,2.130183278727317,2.1108830143868196,2.130964008167074,2.0237212300365504,2.0862183621455634,1.8849388964248228,2.0125981209291584,1.8697300635275411,2.0042491556256095
2020-08-24,2.130045155495805,2.1147739099698604,2.1328436830324877,2.0274514642283976,2.0880585678947265,1.8883805297664442,2.0143555816282848,1.8731439276791448,2.005999325759249
2020-08-25,2.1611424829342463,2.133925338106103,2.1581088525195886,2.0458120988257122,2.1127932233392577,1.9044353214720233,2.037664144601342,1.8890691795653092,2.0292111966100617
2020-08-26,2.156606451352896,2.131738778856748,2.154727617955569,2.043715826155226,2.1094829874051246,1.901406953103906,2.0339005375849957,1.8860652459141736,2.0254632023601538
2020-08-27,2.139386823197452,2.1204805093821526,2.1404100647702635,2.032922428892598,2.0954660719425906,1.8914086036627202,2.0204066970334007,1.8761475692344167,2.012025339008083
2020-08-28,2.1356693693625295,2.1019159600151887,2.1292362109074614,2.0151244398880297,2.0845268449001972,1.8783466028700961,2.0117174258566277,1.8631909606047619,2.0033721139861846
2020-08-31,2.1581855012766678,2.118296828533825,2.1487891269117387,2.030828915769291,2.103669191859262,1.893817920834936,2.030631919044758,1.878537446571029,2.022208143199953
2020-09-01,2.1527838965450754,2.1157549995496336,2.1447914199641356,2.028392043027708,2.099755428131389,1.8905893962823257,2.0263451177525287,1.8753349717171748,2.017939125068146
2020-09-02,2.157928795864592,2.1236282412266325,2.1513449657347725,2.035940185782355,2.106171363581948,1.8985870872913786,2.0330524672665664,1.8832681324932576,2.024618650135868
2020-09-03,2.1670260568267277,2.1319442700346927,2.1600917874606766,2.043912832269046,2.1147345209253188,1.906119367010732,2.0413705158822553,1.8907396372008562,2.0329021925585105
2020-09-04,2.155725957696904,2.1105798795045523,2.143633917706801,2.023430612085377,2.0986222309238243,1.88733368024803,2.025985002711812,1.8721055247790397,2.0175805039113546
2020-09-07,2.150315995432606,2.1081905334450526,2.1397279105429923,2.0211399260011373,2.0947982414821538,1.8803445126396328,2.0196933763864173,1.8651727500237205,2.0113149774661827
2020-09-08,2.164956680485445,2.121959300276742,2.1539999394312006,2.034340158111967,2.108770588559598,1.8920807005607037,2.0328732340395033,1.8768142432460502,2.0244401604313085
2020-09-09,2.144766320802944,2.104947381842685,2.13531954500175,2.018030689390105,2.0904824421049977,1.8761943621228718,2.014857434540492,1.861056085444264,2.006499096808958
2020-09-10,2.171506397563862,2.130042458038492,2.1613596847779815,2.042089549175659,2.1159757951348026,1.8970268281598819,2.0386063960395435,1.8817204624809376,2.030149539257689
2020-09-11,2.1858231729907986,2.1451418192289773,2.1761447877851414,2.0565654332454595,2.130450442881801,1.9111963621618497,2.0529378484236567,1.8957756680687181,2.0444215397336145
2020-09-14,2.2066838981770096,2.1643285333912847,2.196261441768014,2.0749598968515746,2.150144690538333,1.9266259639875687,2.0710243779636888,1.9110807744870348,2.0624330399838837
2020-09-15,2.187413458011797,2.150175824093714,2.179488523765081,2.061391575882187,2.1337239676212065,1.9134777153074092,2.054908874109969,1.8980386138702325,2.046384388911713
2020-09-16,2.184602377675304,2.1528485245862083,2.179442892028563,2.06395391623517,2.133679294052692,1.919037905925665,2.056565608009957,1.9035539414904619,2.048034250096426
2020-09-17,2.175866612804101,2.1473449179048902,2.1723016570689224,2.058677562402748,2.126688009617995,1.9146402068990753,2.0500975228678264,1.899191725773042,2.041592996847792
2020-09-18,2.1863884446306714,2.1559860392521353,2.181922896818384,2.066961877830252,2.1361072240932297,1.922307840643001,2.0591585591096573,1.906797492386659,2.0506164447224218
2020-09-23,2.1785871180202707,2.150374692058348,2.175192536813806,2.0615822322659185,2.129518187126116,1.9206435845746797,2.0545951123883652,1.9051466645480217,2.046071928784153
2020-09-24,2.1529330065455228,2.128841431215581,2.151498712474529,2.0409381146988057,2.1063218819719203,1.9004314750692286,2.0316896936398385,1.8850976386292868,2.0232615297737477
2020-09-25,2.1630232240593075,2.1375103316989494,2.1609190264655407,2.049249062216834,2.1155443896960793,1.9095883122044843,2.0413456662474174,1.894180592835965,2.032877446008704
2020-09-28,2.2008858068161277,2.1747919432551286,2.198676663506257,2.084991255546355,2.152509197831588,1.9424495518943417,2.0767755094985167,1.9267766880671937,2.0681603138010973
2020-09-29,2.2036482516448737,2.184482791645919,2.2049646802977905,2.094281953084705,2.1586651798386516,1.9514438910369478,2.0828957024822556,1.935698455413812,2.074255118070447
2020-09-30,2.1534393966350285,2.1373871795494335,2.1560824821870104,2.049130995219373,2.1108094024112036,1.912365143847572,2.0383233069461606,1.8969350193132812,2.029867624517494
2020-10-01,2.153377597128715,2.1366172717853904,2.1556657901801413,2.048392878196002,2.110401460037349,1.9123130548463911,2.038264932736416,1.8968833505978275,2.029809492464515
2020-10-02,2.130264627422499,2.1072094750191748,2.129262037733875,2.0201993770693285,2.0845521294189844,1.8892006799201115,2.0150089006142458,1.8739574603627915,2.0066499345481326
2020-10-05,2.173915007817025,2.1413034920852905,2.1683094067254007,2.0528855968568185,2.122779587917292,1.9208723686327345,2.052546236633594,1.905373602637215,2.0440315524870782
2020-10-06,2.185027170541663,2.1536124288096645,2.180080729121049,2.064686277613885,2.1343037379425476,1.9301821099465946,2.062766765026176,1.914608227298632,2.054209682530956
2020-10-07,2.183650749080659,2.149519285774941,2.1773269698397395,2.06076214709576,2.1316078016641407,1.9292996168817238,2.061645035205074,1.9137328547242887,2.0530926060399244
2020-10-08,2.1923530975985943,2.162157859577127,2.1880583927304738,2.0728788536808938,2.1421138878302117,1.938343147202674,2.0705831946586004,1.9227034163449197,2.061993686862412
2020-10-09,2.1787174532975992,2.150178980187736,2.1751904887551787,2.061394601655966,2.1295161820723014,1.9306497515509815,2.0600297761230073,1.9150720956862688,2.0514840476209915
2020-10-12,2.171972118151782,2.145529927943885,2.1694689874654287,2.0569375163218635,2.123914819963899,1.9259267086890173,2.0543203407457837,1.9103871612053192,2.0457982969910464
2020-10-13,2.1772390077904262,2.148782573129803,2.1737460522972207,2.060055854510979,2.1281020756631857,1.9299885214173609,2.058977679273523,1.9144162007593373,2.050436315239505
2020-10-14,2.1636321985061953,2.1410683308323257,2.163043909890499,2.052660145793513,2.117624655154144,1.9236936939112494,2.0491832489921653,1.9081721637482596,2.040682515701929
2020-10-15,2.1493793603314457,2.122449937785014,2.1465177277060716,2.0348105364015145,2.101445487135736,1.9073631307954249,2.0337347087933244,1.891973365543233,2.0252980614846705
2020-10-16,2.1317030081745623,2.1017208732274235,2.127213225248845,2.014937408550239,2.082546337575256,1.8916959113083378,2.017019433569434,1.8764325587072914,2.0086521271050515
2020-10-19,2.159245258049055,2.129319271664501,2.154921206268951,2.0413962243403434,2.109672510781647,1.9163278124130734,2.0431815220587413,1.900865714659834,2.0347056860440254
2020-10-20,2.1374677678157146,2.113426194097624,2.1360035063840517,2.0261593977310537,2.0911520417741096,1.9035618554275677,2.0260714697345223,1.8882027611758925,2.017666612238424
2020-10-21,2.1595292701297075,2.1265191431434136,2.1536508169953397,2.0387117176688063,2.108428796941562,1.9167739247332964,2.04355368435963,1.9013082274746593,2.0350763044847135
2020-10-22,2.1348676294510605,2.0997141464571105,2.127784908620725,2.013013542783976,2.083106016829893,1.892939930340802,2.01918013627289,1.8776665402379449,2.010803866453272
2020-10-23,2.145311498537004,2.1057887477953763,2.1360767710479123,2.0188373139775813,2.0912237680381183,1.8979828543920507,2.0268104575978354,1.8826687749122835,2.0184025345200065
2020-10-26,2.138494083756249,2.09798410812823,2.1287273314770427,2.011354940544501,2.0840286508397683,1.8893033529004486,2.0189583862994596,1.8740593049151069,2.0105830363767727
2020-10-27,2.1287540539216008,2.097056593416803,2.1233842497727324,2.0104657244203037,2.0787977623220577,1.8860089158458886,2.012592996452857,1.8707914493814377,2.0042440524074387
2020-10-28,2.1113637697861116,2.0891743948300343,2.1107036329354583,2.0029089946012233,2.066383411076394,1.8793768146097882,2.0008282110643627,1.864212859969858,1.992528071489142
2020-10-29,2.1053221489710947,2.089053900494657,2.107618828307734,2.002793475672443,2.063363380689524,1.8768964558336292,1.9966470213956233,1.8617525142361502,1.9883642268666437
2020-10-30,2.068149838577436,2.046749839837513,2.0676723169659637,1.9622362183137327,2.0242556598901764,1.8409109492697013,1.9598766011719844,1.8260573606152768,1.9517463432867845
2020-11-02,2.1127948314330816,2.0822369437079185,2.107934175540297,1.996258002091226,2.0636721063106536,1.8745224783049397,1.9989290747833928,1.8593976914013366,1.9906368134938328
2020-11-04,2.136899772387527,2.1087501309466847,2.1333791137737386,2.0216764168140386,2.0885827557457532,1.893987909608045,2.0207106439460922,1.8787060637713784,2.0123280250420117
2020-11-05,2.156363542389239,2.1368682899075693,2.1573211946982456,2.048633531372665,2.1120221046325716,1.9146792304970812,2.0409503160926796,1.8992304345049362,2.032483735905544
2020-11-06,2.1714654857743803,2.153726645123321,2.173387998256143,2.0647957777506454,2.127751539984369,1.927245921310797,2.0547946927725222,1.9116957296176986,2.0462706812386378
2020-11-09,2.192717325954699,2.1869170741841457,2.2007894913834005,2.0966157201475597,2.1545776608823286,1.950958758298889,2.077491240052976,1.9352172370216028,2.068873075253328
2020-11-10,2.2449775644144023,2.206800709921343,2.2369240076479104,2.1156783283060547,2.1899534302755947,1.97045418397805,2.1126077577230715,1.9545553617548403,2.103843917249497
2020-11-11,2.2903489364649454,2.2430214778586817,2.277891390636353,2.1504034819708644,2.2300605866198504,2.001703370896132,2.150732386569415,1.9855524112360463,2.141810391718104
2020-11-12,2.2728020149992076,2.24193304272253,2.2685871801141357,2.149359990087356,2.220951744442167,1.9974332407325732,2.140154994581135,1.9813167350785195,2.1312768784743157
2020-11-13,2.237326361381972,2.2108999514603047,2.2351821227179958,2.1196083055112833,2.188248121170605,1.9734216563134295,2.1105705384027518,1.95749889071945,2.101815149031881
2020-11-16,2.2781338334765864,2.2464850705902397,2.273551058812067,2.1537240573392205,2.225811392398396,2.002709173711302,2.1454902694725306,1.9865500986226619,2.136590020767807
2020-11-17,2.291483869195326,2.250044968056452,2.2820126356273387,2.1571369608634927,2.234095294358762,2.005843290760543,2.1534766073699676,1.9896589277102754,2.1445432285249963
2020-11-18,2.2732037474548403,2.2332493534733153,2.2643921561829137,2.1410348644556167,2.2168448069615647,1.9918572037713822,2.1373719842935452,1.9757856889732828,2.1285054130928294
2020-11-19,2.277704890968053,2.2411853840342877,2.2706545355325,2.1486432034393497,2.2229756898576425,1.9969958360991278,2.142241099216028,1.980882859691561,2.1333543292130157
2020-11-20,2.277900800406172,2.2427012742992707,2.271519563957994,2.150096500135919,2.2238225545527417,1.9969494070027065,2.142309019589312,1.9808368052133147,2.1334219678286876
2020-11-24,2.321687504794357,2.289346135845913,2.3169728054831227,2.194815319672906,2.2683213760839056,2.032917146611889,2.1821998708350847,2.0165143352340342,2.173147337784621
2020-11-25,2.3272739846824027,2.2980455865939335,2.3241630254091037,2.2031555559855946,2.2753606169063483,2.037876227716249,2.187486673938435,2.0214334034573493,2.1784122093681026
2020-11-26,2.329949433877701,2.313199050035052,2.333167909887478,2.2176833083363245,2.2841764182412296,2.0479247065839843,2.194109987541157,2.0314008050889676,2.1850080471350433
2020-11-27,2.336327584270006,2.324655402318037,2.342148516871747,2.2286666092468153,2.2929684518569973,2.0556959179687846,2.201270674565645,2.0391093136160863,2.192139029109678
2020-11-30,2.2790386320733194,2.28556220360705,2.2937821125307885,2.191187632135218,2.245617637643173,2.0223530328035384,2.15639206982099,2.0060354591179634,2.147446596611726
2020-12-01,2.3011040629801944,2.306038839960685,2.315152074464079,2.2108187549526175,2.2665388764875254,2.0381647294523573,2.1752639075275724,2.021719577386066,2.1662401472938955
2020-12-02,2.3140489041994186,2.3118205844364526,2.3245663052332923,2.216361761818707,2.2757554287244175,2.0434178094198425,2.1841855885868555,2.026930272310952,2.1751248180803184
2020-12-03,2.318395508506774,2.309913872685694,2.3257957517382035,2.214533781289577,2.2769590595055997,2.0439974581293914,2.1865493593484997,2.027505244062336,2.1774787830889566
2020-12-04,2.319441775622469,2.3084024613184293,2.3255633868176053,2.213084778549773,2.276731573746942,2.043506114869542,2.1867816873982693,2.0270178652586015,2.177710147360212
2020-12-07,2.3014024947710334,2.2877304474774776,2.306111828599512,2.193266345698488,2.257688456279259,2.0242953073419883,2.1680037819813265,2.0079620622047005,2.1590101393034864
2020-12-08,2.294429500689613,2.2865759360001126,2.3020245098455248,2.192159505873097,2.253686962399574,2.021363259073818,2.1631433128098876,2.005053671484391,2.154169833068726
2020-12-09,2.317752977185104,2.3161794030305534,2.328617670329042,2.2205405977213313,2.279721723895108,2.046001588414552,2.187315132749084,2.0294932038060165,2.1782413797919746
2020-12-10,2.3126438682501633,2.311056682162663,2.3234760378867585,2.2156294023091534,2.2746880546396047,2.040998625240929,2.1822305326096214,2.0245306075806497,2.1731778723633246
2020-12-11,2.322173066293417,2.314724207690389,2.330110733922244,2.2191454897576643,2.2811834363745547,2.0463101486755915,2.189568974843363,2.0297992744152915,2.180485872156047
2020-12-14,2.332666585328024,2.328351250213259,2.342229971999627,2.2322098495863183,2.2930481966029537,2.056832080890103,2.200143655784163,2.0402363092842655,2.191016685598735
2020-12-15,2.3179875663943057,2.3165440506744934,2.328918725352992,2.220890188472451,2.280016457413166,2.0466063438335667,2.1877487303270184,2.030093079690671,2.1786731786545586
2020-12-16,2.328124377452938,2.324673303742306,2.338098762524887,2.2286837714922334,2.2890037336129447,2.052112924145114,2.1954784536304084,2.0355552295647366,2.1863708363453482
2020-12-17,2.3225635580157413,2.33315878039074,2.3395608838825255,2.236818869043058,2.290435153577008,2.0550173165423007,2.1943999754090133,2.038436187558442,2.1852968320311668
2020-12-18,2.3261084520522655,2.3310060648541184,2.3402635400871885,2.2347550426234988,2.2911230555175504,2.0558900968203426,2.196541237221389,2.0393019257146254,2.187429211135966
2020-12-21,2.318659044150036,2.3266280160590753,2.3343184219861652,2.230557770566128,2.285302772068396,2.0513676973635264,2.1906069240557677,2.0348160157258572,2.181519515589831
2020-12-22,2.2808880286869475,2.2882032594005053,2.2960293163839154,2.193719634450127,2.2478176550643543,2.0184882711270506,2.1552086586640082,2.002201880688124,2.1462680946607033
2020-12-23,2.2814722653476136,2.2956416344414667,2.3000571034446238,2.200850866917664,2.2517608672878633,2.0245780636312403,2.1587345161876716,2.008242537044319,2.149779325686496
2020-12-24,2.2996442318338217,2.308963455929273,2.315885789707872,2.213622608782981,2.267257185294395,2.0379260776381876,2.17444655626213,2.021482851159812,2.1654261866891535
2020-12-25,2.3099580366858463,2.3127502900916954,2.322975074186252,2.2172530784190956,2.2741976100958397,2.044339055979014,2.1827436207420248,2.0278440856928452,2.1736888320255825
2020-12-28,2.319346138075961,2.3269509787603724,2.3348261857779464,2.2308673976135154,2.2857998739161918,2.053658843790772,2.19215431484955,2.037088675790907,2.183060487262024
2020-12-29,2.3571607576120344,2.3699733315165967,2.3754451091844033,2.272113287625181,2.3255658875777847,2.090921478323832,2.2299122145744033,2.0740506527360734,2.220661753930601
2020-12-30,2.3394906525652117,2.3512486041817957,2.3571567567530884,2.2541617346609395,2.307661551085299,2.0750495910224807,2.213090560535392,2.0583068294702134,2.2039098820326237
2021-01-04,2.321348144740015,2.340482142292097,2.3426248590159213,2.243839837450121,2.2934347918439846,2.061673702776997,2.197377587157009,2.045038866022485,2.1882620915977142
2021-01-05,2.3141288117647503,2.339531061136127,2.338506131574971,2.2429280279781105,2.2894025487919896,2.0579949646784654,2.192000252936991,2.041389810219289,2.1829070644524973
2021-01-06,2.335608801088002,2.347131592386552,2.353148310275428,2.250214720962141,2.3037372733343267,2.066084883634447,2.206477890577252,2.049414454791158,2.197324643756681
2021-01-07,2.382839930510014,2.392183079001928,2.399526693169171,2.293405958603857,2.349141810261615,2.104652282481945,2.2493852714449822,2.087670668419089,2.240054029708086
2021-01-08,2.4144504667827795,2.42954954676752,2.4341771656254227,2.329229504292234,2.383064697564357,2.1369297824698124,2.281547504229051,2.119687733915107,2.2720828422316437
2021-01-12,2.4227084374129677,2.4349682821432563,2.441055843983236,2.3344244912929764,2.389798938519326,2.139748520984048,2.2869581199657736,2.122483729133459,2.2774710128301208
2021-01-13,2.4315680133281976,2.445309497642303,2.4507015753742736,2.34433870122653,2.399242130364511,2.1467781313264998,2.294897494437877,2.1294566203062684,2.285377451982793
2021-01-14,2.4394977262799227,2.4571917660212717,2.4606493457330467,2.3557303314663973,2.408981019010843,2.1563686144213063,2.3037614843921594,2.138969721553276,2.2942046709872224
2021-01-15,2.4187162733065186,2.4351702975672844,2.4391425666826483,2.3346181651723974,2.3879258359136206,2.1369935120292336,2.283600462937265,2.1197509492657005,2.2741272845446336
2021-01-18,2.399938117255815,2.420829877976126,2.42249065731451,2.320869884771984,2.371623580711068,2.1235074779761853,2.267525947222365,2.1063737287337427,2.258119451578058
2021-01-19,2.4114061310704105,2.43288753177703,2.4343115665500568,2.3324296584851707,2.3831962763595813,2.132631827423262,2.2778161991286363,2.1154244573826597,2.268367015897952
2021-01-20,2.404799857743097,2.4259415559667254,2.4275019869877084,2.325770493285191,2.3765296832744722,2.1274988130556145,2.271954024683493,2.110332859295362,2.2625291598154944
2021-01-21,2.415688748621889,2.4413053147621757,2.440685246600685,2.3404998575538905,2.389436122882141,2.140546206719649,2.2840608128176063,2.123274978655621,2.2745857247316597
2021-01-22,2.408209946916193,2.4361654838140407,2.434339303390897,2.3355722585644405,2.383223430786613,2.137810465992977,2.279063206401456,2.1205613115482267,2.2696088501457417
2021-01-25,2.4167260816150953,2.4420367296601007,2.4415747092789206,2.3412010711440363,2.3903069087633972,2.1455531162006354,2.2872200177839526,2.1282414893471433,2.2777318242039795
2021-01-26,2.3992085951273303,2.4221510186955526,2.422783728083598,2.3221364734476944,2.3719104976263865,2.128369967212764,2.269771940530126,2.111196984451184,2.260356127715141
2021-01-27,2.4110603196554683,2.4382612399386474,2.4368263899475204,2.337581477518518,2.385658293892131,2.1420811486019677,2.282688175483556,2.124797535693719,2.2732187815803457
2021-01-28,2.392148132610578,2.409227705499753,2.412753567626368,2.309746784820469,2.3620909488958852,2.1218301417949146,2.262945094156008,2.104709926320458,2.253557601502369
2021-01-29,2.356005089891239,2.3654759794794797,2.372620518227932,2.2678016385501585,2.3228006069365534,2.0855745514941075,2.2265176679159837,2.0687468681624823,2.21728128904637
2021-02-01,2.375469162321549,2.395447201727442,2.397441087500509,2.296535300406339,2.3470999978117164,2.108851230608099,2.248134333090769,2.0918357368791605,2.238808280686411
2021-02-02,2.398071052998332,2.4196040391900415,2.4209350334240933,2.319694662858173,2.370100621565655,2.1295102768087526,2.2698412578563483,2.1123280933361417,2.2604251574886987
2021-02-03,2.4365519423310866,2.4451365547842814,2.4531303267509132,2.344172899459699,2.4016198832029487,2.1555677914091333,2.3019396026972734,2.1381753600679962,2.2923903470987845
2021-02-04,2.4322248634738117,2.4361240162809565,2.4464367555319653,2.3355325032930745,2.3950668625363494,2.1459695253747815,2.2947759368879637,2.128654538678931,2.285256398696376
2021-02-05,2.4643132900059403,2.46726937129754,2.4782150095609388,2.3653918160709524,2.426177841801173,2.170959480634811,2.323280347192333,2.1534428597881763,2.313642562675185
2021-02-08,2.5175901229419866,2.515966387582537,2.5294685933038252,2.4120780535477415,2.4763552108793796,2.2128395818095856,2.370813912137436,2.194985046847169,2.3609789416643068
2021-02-09,2.5139415801023817,2.5172779205535454,2.5282837605901385,2.4133354311945525,2.4751952570960727,2.215173027748784,2.370331210515078,2.1972996651259957,2.3604982424581564
2021-02-10,2.5188380557238608,2.522723834883929,2.5334798670590883,2.41855647488681,2.4802822565412255,2.2188785055917433,2.374623319398367,2.2009752449211053,2.3647725461632665
2021-02-12,2.522945855114757,2.527438345336505,2.537911981642204,2.4230763155540003,2.4846213062816207,2.2208422175147646,2.3776138262102173,2.2029231124225634,2.3677506473004057
2021-02-15,2.5479254529079554,2.556531352402932,2.565075916585238,2.4509680251583026,2.511214857204627,2.2455488027026003,2.4026033103481046,2.2274303498616224,2.392636466263487
2021-02-16,2.561939173245404,2.5701257004866673,2.578950418545245,2.464001040554257,2.524798024561587,2.257225679948506,2.4154586236921776,2.23901301096337,2.405438451243611
2021-02-17,2.568105657411208,2.566827430846041,2.5804116716038767,2.4608389618181885,2.5262285944590492,2.2554064638592966,2.4174069065893797,2.2372084734154956,2.4073786519776923
2021-02-18,2.5409209012047733,2.5397887991022796,2.55316300179322,2.4349167990464706,2.4995520879178006,2.2348592831958887,2.393591006149804,2.216827079896601,2.3836615482747208
2021-02-19,2.5157090735082943,2.522115155935576,2.531596312379927,2.417972929279752,2.4784382524460318,2.21811791552175,2.372737279044587,2.200220791754171,2.3628943297686322
2021-02-22,2.5350563533636983,2.5345645088160427,2.547589286375847,2.4299082281820152,2.494095408497345,2.2285887276660965,2.3874735608971056,2.2106071190207826,2.377569480337856
2021-02-24,2.511236245535967,2.487591996264089,2.5120632648947394,2.384875286881306,2.4593153568100274,2.193629129701215,2.3575676487653556,2.175929596344714,2.34778762845448
2021-02-25,2.5389537880231776,2.522522895795577,2.5435302103682864,2.418363832899419,2.490121564327353,2.218702457775615,2.384048205312743,2.20080061756578,2.3741583343339503
2021-02-26,2.4678385827401073,2.4413547552687147,2.467025866322129,2.3405472565817034,2.4152236464266763,2.1504018411649852,2.313990804537072,2.1330510918508723,2.3043915563121464
2021-03-01,2.5126247649506923,2.492933668465515,2.5154358626241464,2.3899963927712324,2.4626171372644383,2.1945847244798116,2.358741349053031,2.176877480803717,2.348956459820299
2021-03-02,2.499425035137376,2.484240874621985,2.5044429846592755,2.381662538488648,2.451855086016625,2.184460120664782,2.347104720881115,2.166834568447156,2.3373681044773433
2021-03-03,2.5232279045989823,2.494688720224827,2.5216288105592284,2.3916789755960153,2.468680046655898,2.204605801950631,2.3691035599454464,2.186817702129548,2.3592756846151377
2021-03-04,2.505152054545853,2.4662368228732094,2.498226416347308,2.364401903246265,2.4457690522252262,2.1800372022238297,2.3474159794705196,2.1624473368009403,2.337678071856577
2021-03-05,2.5207901337089362,2.483036735236328,2.5145299812574557,2.380508119971815,2.4617302774517555,2.195635004678183,2.363138414127109,2.1779192867029677,2.353335284320981
2021-03-08,2.5354452115182253,2.4773727552107396,2.5190081654720333,2.3750780148706965,2.4661144294607604,2.198400732902545,2.3715034879944246,2.18066269935069,2.361665656917957
2021-03-09,2.581044199824106,2.504579606876869,2.555559383129102,2.401161451491269,2.501898150416491,2.227540998474697,2.408566637807592,2.209567843545428,2.398575055741986
2021-03-10,2.574802092102021,2.507875569261967,2.55409769398167,2.4043213182421335,2.5004671535871528,2.22503155648092,2.404288154956365,2.207078649255182,2.394314321543361
2021-03-11,2.582017370093982,2.5174142023295243,2.562521735415381,2.4134660856748997,2.5087143083279777,2.2343794332225513,2.4126983999411618,2.216351101644556,2.4026896778721256
2021-03-12,2.606159582499896,2.5574439308564103,2.594801872897801,2.451842921766876,2.540316632576679,2.2676453403573626,2.44190733351743,2.2493485992177895,2.4317774425123573
2021-03-15,2.6381870077739853,2.575070907579693,2.6197265438591426,2.468742052023334,2.5647179392297708,2.2892643377944233,2.4685583584380053,2.270793161441035,2.45831790960221
2021-03-16,2.6494075901447314,2.592812377368218,2.634293917394538,2.485750947740617,2.5789794293540997,2.2998648849890055,2.479521790585278,2.2813081769766295,2.469235861574552
2021-03-17,2.651422868986649,2.593690528734503,2.635745723103648,2.4865928388122795,2.5804007502759947,2.2997428769699995,2.4804021508910776,2.2811871533924912,2.4701125698359756
2021-03-18,2.682028354843142,2.623335155499795,2.6660216919563053,2.515013390843136,2.6100409891116043,2.327395112807671,2.5096280134309525,2.30861627418124,2.499217193212515
2021-03-19,2.695025768562126,2.6259829658981664,2.673863524784652,2.517551868854364,2.6177181603715,2.3341750836430206,2.5193722718392473,2.3153415400902504,2.508921029007615
2021-03-22,2.6759985651752913,2.5967768889772165,2.6496044281793947,2.4895517582332762,2.593968452449177,2.3128254620900432,2.498968027189786,2.2941641802626984,2.488601428345869
2021-03-23,2.6451324448327806,2.5705839797709062,2.620939433341929,2.464440396743342,2.5659053606505657,2.2857260449932566,2.4699169135716454,2.267283417737166,2.4596708289710367
2021-03-24,2.5805141843370736,2.5155496994710504,2.56082863536767,2.4116785711644133,2.5070567597279316,2.2317922789709175,2.410602499994876,2.213784822126192,2.400602472456432
2021-03-25,2.625630935551156,2.555393602917522,2.603514024093722,2.4498772551950267,2.5488458473963838,2.2711878975259716,2.452950528983076,2.252862572881592,2.442774826916757
2021-03-26,2.6627174930354505,2.590756947836285,2.6399193230069584,2.4837803902287767,2.5844867135870424,2.3007005101387312,2.486218230865604,2.2821370597946586,2.475904522663903
2021-03-29,2.6707932720041296,2.604285086343959,2.650786854426828,2.4967499299494835,2.595126050296829,2.3136568096230357,2.4969715438083373,2.2949888199784065,2.4866132270801136
2021-03-30,2.6741333220193413,2.609442353823091,2.6550606573366036,2.501694245487277,2.5993101125674225,2.3177287560346542,2.5007275552218142,2.2990279114509824,2.4903536572363865
2021-03-31,2.6362714874688113,2.5781301285407467,2.620311129517639,2.4716749527876414,2.5652902498508445,2.29013320876005,2.468126187024809,2.2716550218275118,2.457887530988131
2021-04-01,2.6256491842479233,2.583917193769807,2.6179227721404486,2.4772230607044876,2.5629520428250268,2.287697994898597,2.461831366681925,2.2692394567518934,2.4516188237753793
2021-04-02,2.6291852564179767,2.6028821557938455,2.629292880452459,2.495404928677892,2.5740834033966693,2.2999703396609457,2.4700923337890646,2.281412780776168,2.4598455214836585
2021-04-05,2.651188227703694,2.621100587281623,2.6494910897353607,2.5128710915720456,2.5938574938679078,2.3167403171562784,2.4894306531735455,2.298047447898363,2.4791036187135567
2021-04-06,2.6127521813882457,2.585153531224546,2.612119550626804,2.478408347779893,2.557270676441098,2.283219067172432,2.4533752702282463,2.2647966677374267,2.443197806185762
2021-04-07,2.632552339644455,2.612288898063191,2.6357367376970253,2.504423251297484,2.580391953543522,2.304655544042455,2.474191751676372,2.286060182080526,2.4639279335428523
2021-04-08,2.6050495690188997,2.5980496395542967,2.614812491177424,2.490771954874125,2.559907071050927,2.289518565715271,2.453153751915765,2.2710453380964686,2.4429772068092004
2021-04-09,2.6085059919864175,2.599356358847409,2.6171975752797265,2.49202471760761,2.562242073533566,2.289895328364371,2.4549768583390503,2.2714190607954765,2.444792750345432
2021-04-12,2.605014221507096,2.5917500731359238,2.611603633576238,2.4847325077735527,2.556765592535359,2.2828972590026733,2.449574529531475,2.264477456111614,2.4394128322990034
2021-04-13,2.606914456754202,2.599669168869956,2.6165626127185537,2.4923246111968247,2.561620443816069,2.2865719469025,2.452442565618715,2.2681224943955702,2.4422689707631995
2021-04-14,2.5936928162368966,2.592491242778787,2.6063350503997342,2.485443073319393,2.5516076382371224,2.2776545098398757,2.4414460993088736,2.2592770086362033,2.4313181216656212
2021-04-15,2.6099626272750998,2.6053833305882876,2.6209768945042837,2.497802825907179,2.565942035209344,2.2935918313613604,2.4576486706505496,2.27508573815913,2.4474534790391664
2021-04-16,2.6137347542500153,2.606417222179483,2.623381156982276,2.498794026437193,2.568295813363166,2.2971724848121324,2.461343661620227,2.2786375007211315,2.4511331418859155
2021-04-19,2.6027580646878423,2.603544219872092,2.6164535563825138,2.496039655056219,2.561513677427766,2.290639929500944,2.452682844262572,2.272157654037426,2.44250825264668
2021-04-20,2.5653636140981777,2.5628877096887654,2.5772155662115406,2.4570619181392845,2.523099600383461,2.2576605080167034,2.4174073014027173,2.2394443305743756,2.407379045153205
2021-04-21,2.516379818850401,2.4989890109861927,2.5204259221211074,2.395801700375076,2.4675024162794092,2.2073100677763087,2.367351996873617,2.189500148294583,2.3575313876433612
2021-04-22,2.552703784198903,2.5502562493421452,2.5645054299117347,2.444952031283595,2.5106563495202825,2.2443459872349782,2.4043083254303426,2.2262372394404024,2.394334408343114
2021-04-23,2.546467882947059,2.5330934410259465,2.552702314861851,2.4284979031676284,2.4991010744179287,2.230794485600697,2.3940934053700786,2.2127950795594553,2.3841618633662187
2021-04-26,2.5526542293367758,2.5448389082775775,2.561736407468525,2.439758381020651,2.5079454705734405,2.2387740994951906,2.401287091529393,2.2207103090781284,2.391325707583655
2021-04-27,2.5374296527438642,2.533494875000839,2.548399856531079,2.4288827612824124,2.4948889584283473,2.2283956154194833,2.3885655111562003,2.210415564921171,2.378656900802983
2021-04-28,2.5429374010015424,2.5407171748582202,2.554804301302536,2.4358068406612587,2.5011589236789824,2.2358077484360397,2.395135729586651,2.21776789234261,2.3851998636551133
2021-04-30,2.5385659615817944,2.5325767112980624,2.548501215473842,2.4280025100485476,2.4949881890520227,2.231161763606744,2.390586567595109,2.2131593941432763,2.3806695731885084
2021-05-06,2.5916167996630843,2.591822354857792,2.6049619716830557,2.484801804865855,2.5502633912106933,2.2806693970380976,2.4420986496780945,2.2622675698917174,2.431967965026257
2021-05-07,2.609653207025,2.6153388907945647,2.6258444915575505,2.507347304880686,2.5707074232276925,2.2998860990780483,2.460885010862822,2.281329219897506,2.450676393773266
2021-05-10,2.638837382351109,2.6566080836182167,2.661250925627534,2.5469124257777134,2.6053703985814765,2.336349454356763,2.4941573807448707,2.3174983666592444,2.4838107381554284
2021-05-11,2.5883113587675672,2.5978505650774157,2.6063301263299956,2.4905811005053717,2.551602817562223,2.289787404861088,2.4454229767826106,2.2713120080846263,2.4352785016520064
2021-05-12,2.5427741320623243,2.544499378803967,2.5566334402549633,2.4394328712698563,2.502949654660287,2.2383891687378856,2.3964498122879805,2.2203284841761786,2.3865084950789304
2021-05-13,2.514717867457855,2.5070233686925945,2.5237000719551337,2.403504306416877,2.4707078160318137,2.2069012369596193,2.366372657265574,2.1890946161734566,2.356556110680674
2021-05-14,2.5533530288314075,2.539685193755324,2.5595308302952238,2.434817471732382,2.50578620576163,2.2351268638241084,2.3996874886113666,2.2170925015216465,2.3897327403814845
2021-05-17,2.55033687436093,2.522588688873269,2.5494233983866836,2.418426909274192,2.495891008113562,2.2251095717439378,2.392903251243861,2.207156035043632,2.3829766464181703
2021-05-18,2.5890611422329393,2.5713974502518218,2.5934133371646553,2.4652202777083296,2.538957253097775,2.2654892649894007,2.432767240281295,2.247209920376606,2.422675265599659
2021-05-19,2.568784681835226,2.5447893388005194,2.569851398999726,2.4397108583477207,2.5158900647928473,2.241516847257575,2.4103793040244366,2.223430926684211,2.4003802023814282
2021-05-20,2.5581450200273395,2.5294612199006865,2.556801260859389,2.4250156623455266,2.5031139513941394,2.226192017390064,2.3971616177987296,2.208229746860251,2.387217347769914
2021-05-21,2.558127164094622,2.532403359772021,2.5582708146563427,2.4278363164882606,2.50455264773233,2.22403713775662,2.395999502266001,2.2060922541056716,2.3860600531014007
2021-05-24,2.5717841347597163,2.5479537199552627,2.5729490598162665,2.442744577070708,2.5189226814163086,2.238912975249816,2.410398417750101,2.2208480642987416,2.400399236816632
2021-05-25,2.5761298325246824,2.560384278532185,2.581379886025573,2.454661857716712,2.5271764784670814,2.2470143411411585,2.4167833049128005,2.2288840634451383,2.4067576372203336
2021-05-26,2.570152530419784,2.5546053044763415,2.575471709629479,2.4491215068754135,2.521392361026765,2.2395934917220917,2.409994023887539,2.2215230899504235,2.3999965205221305
2021-05-27,2.5535508013682193,2.536392615069975,2.557975590321109,2.4316608489628138,2.504263622471107,2.2217654965005424,2.392627117210343,2.2038389418322115,2.382701657885804
2021-05-28,2.6028681253828103,2.59626570213568,2.612849539848731,2.4890616791257734,2.5579853374645203,2.2711870161073535,2.442322972020523,2.2528616985747965,2.4321913568006637
2021-05-31,2.568765349229074,2.5607074135697614,2.5778410697926413,2.4549716499843344,2.523711969739057,2.2417360939548,2.4104875780555397,2.2236484043658007,2.400488027253745
2021-06-01,2.5739898710229494,2.5635034759609447,2.581887306689004,2.457652258423068,2.5276732443914827,2.248083204948528,2.4163645173461563,2.2299443030095336,2.4063405869319006
2021-06-02,2.603984475529829,2.591488183887169,2.6110233215028056,2.4844814323567657,2.5561974657632835,2.2726296593690876,2.4436353638549924,2.2542927017136924,2.433498304371931
2021-06-03,2.6215612932734738,2.6094931290288903,2.628905727325778,2.5017429241024507,2.5737043796502586,2.286852542212282,2.4595293619948295,2.268400825691817,2.449326368613875
2021-06-04,2.6245419778170977,2.618017551689402,2.634693419442133,2.5099153595213286,2.5793705427207323,2.292406975898337,2.4639135457556813,2.2739104428302745,2.453692365237552
2021-06-07,2.620413713339848,2.6044408833800214,2.6257859382897375,2.4968992938731622,2.570650099452159,2.2831787811289916,2.457016328548069,2.264756706746278,2.446823760114269
2021-06-08,2.626684024314193,2.604889892273916,2.6291568274147643,2.497329762461358,2.573950207179195,2.281382352994412,2.458994043862205,2.262974773285962,2.4487932711692606
2021-06-09,2.629300835809477,2.6034525533810116,2.629745424281602,2.4959517736232733,2.574526444781891,2.278729837418587,2.458796790352414,2.2603436598183047,2.448596835936448
2021-06-10,2.6272450134549934,2.6026134353304893,2.6282917914611836,2.4951473041184378,2.5731033351140824,2.277994754072836,2.4574367719695456,2.259614507571855,2.4472424593884656
2021-06-11,2.620959133677659,2.5963459513504485,2.6219829932902465,2.489138614720268,2.566927008091741,2.271061994891562,2.4507604416098974,2.2527376861061774,2.4405938247967645
2021-06-14,2.624633201580102,2.603679929780835,2.627518950121835,2.4961697612826534,2.5723467217752387,2.276643383244841,2.4554845726167125,2.2582740404252175,2.4452983584455894
2021-06-15,2.6418079767334866,2.621813294282794,2.6452643880338544,2.513554369744845,2.5897195437818445,2.2911038467154308,2.471317541971461,2.272617828085807,2.4610656470713237
2021-06-16,2.6458817024218786,2.62465844660927,2.648740278299874,2.5162820411157996,2.5931224478524815,2.2977312137990333,2.4767914027760227,2.279191721542909,2.4665168003748406
2021-06-17,2.6322484978583867,2.610195721409198,2.634619540157541,2.5024165053034926,2.5792982147417014,2.28346614332886,2.4627257894223793,2.2650417503332263,2.452509536135529
2021-06-18,2.598382499334273,2.5714452371075507,2.5981203984216985,2.4652660913672557,2.54356547622522,2.2510581466150175,2.4294127727921,2.232895241038149,2.419334713622153
2021-06-21,2.5378187000082355,2.5071341548170936,2.5353594483626116,2.403610518002556,2.4821223706930957,2.1953277326649974,2.371034198609583,2.177614493947182,2.3611983143106405
2021-06-22,2.6178684759219237,2.5877839190001954,2.6161212061582795,2.480930122576756,2.5611883058411027,2.266062086161081,2.446622655588475,2.247778119678849,2.436473203767978
2021-06-23,2.6031023114247342,2.572438197039731,2.600987585464653,2.4662180503728637,2.5463724585270295,2.2540042116888066,2.433211460567484,2.2358175354679686,2.4231176431037644
2021-06-24,2.6007909244296283,2.5751256981298627,2.601181733181041,2.468794580182795,2.546562529560301,2.254666831972442,2.432482649658215,2.2364748093283393,2.422391855558639
2021-06-25,2.6231043959582774,2.6054227490394966,2.627629860823791,2.4978406167065836,2.5724553035917754,2.278694275082734,2.455869186265118,2.2603083844209966,2.4456813765812226
2021-06-28,2.629997140168714,2.614226985122852,2.635520494237601,2.506281311598108,2.580180250730141,2.2848914984203446,2.4624350699740303,2.2664556047933395,2.452220022693765
2021-06-29,2.601939533989647,2.584961634190034,2.606711036621301,2.4782243744852677,2.551975729559332,2.260183584504255,2.4359866411068465,2.241947049347014,2.4258813112175743
2021-06-30,2.5899189187909077,2.5723956752304757,2.5943542513356834,2.4661772843580994,2.5398784101014975,2.249152683486835,2.4244160791162876,2.231005152344843,2.414358747990205
2021-07-01,2.586625054281382,2.568920201505655,2.590952208589697,2.462845318581968,2.5365478029123194,2.2458127538277104,2.4210851477274584,2.2276921712685986,2.4110416344770385
2021-07-02,2.6091623648337468,2.5946592834055617,2.6152196300319983,2.4875215920312677,2.5603056608680714,2.2688963116518317,2.444075173361937,2.250589476915375,2.4339362893942567
2021-07-05,2.5975225608616634,2.5817532592999908,2.6028816364920337,2.4751484785996856,2.548226738569779,2.256318050599884,2.431847775942774,2.2381127049200966,2.4217596155228023
2021-07-06,2.6076226591687375,2.5915998393134285,2.612905647809382,2.4845884773493254,2.5580402672790674,2.2682582879204882,2.4430106810375936,2.2499566011473595,2.432876212958704
2021-07-07,2.5773507319023263,2.5623082848718535,2.582972978477791,2.456506418713117,2.528736119415346,2.237103430069398,2.412050240042972,2.2190531196288896,2.4020442067693017
2021-07-08,2.554242253634314,2.5385873314068768,2.559437213749961,2.433764941901468,2.5056945549618144,2.213694935654155,2.3886177594807547,2.1958334991769424,2.378708932383099
2021-07-09,2.5462838231698086,2.529104903532847,2.550669465368744,2.424674058858601,2.4971109103777374,2.208284425470207,2.381976823479522,2.190466644278284,2.372095545321559
2021-07-12,2.594298275541451,2.5830319220358033,2.601911611394676,2.4763743432766403,2.5472770819063664,2.2512307627007266,2.4275966475538295,2.233066464352344,2.4175261223105244
2021-07-13,2.620324819273382,2.603630913595163,2.6253344811631014,2.496122769054811,2.570208121951038,2.273963875840387,2.452030739670607,2.255616152915414,2.4418588532140597
2021-07-14,2.6140351360940377,2.5886705854414234,2.614640061858267,2.4817801771221024,2.5597382623754092,2.2637876604837177,2.4436019585922453,2.245522045450507,2.4334650376859694
2021-07-15,2.5845401202215483,2.5631908677293986,2.587018762293146,2.4573525582925764,2.5326969505004877,2.240311640201773,2.417144175442881,2.222235443971601,2.4071170107324527
2021-07-16,2.5767385392794084,2.562210159764705,2.5826168867669557,2.4564123453508406,2.5283875048620716,2.236906716004663,2.4116577001939934,2.2188579927728145,2.401653295313764
2021-07-19,2.5461075867026763,2.5210603644216882,2.5465244336998216,2.416961691818763,2.4930529154297996,2.2030870473142863,2.3790928432928276,2.185311201728885,2.3692235288996435
2021-07-20,2.5172862048586646,2.489473272161874,2.516160637786547,2.3866788818451,2.4633266937123337,2.1722023202029472,2.348956865127267,2.1546756713711415,2.339212565377333
2021-07-21,2.5338696727225143,2.5105862736327973,2.535113280104803,2.406920093231659,2.481881371437525,2.1867822016545517,2.3645768186756437,2.169137913475879,2.3547677218612275
2021-07-26,2.562391526455852,2.546901785502858,2.567711547563424,2.4417360786984963,2.5137951456193814,2.215049109212727,2.3931615550101597,2.1971767464400234,2.383233878649541
2021-07-27,2.5830686816566413,2.5698458378129585,2.5896378350096594,2.4637327338643953,2.535261028341335,2.2365510588636592,2.4144285048016765,2.218505205289834,2.4044126056487993
2021-07-28,2.566062981097113,2.555903603962415,2.5740898565519634,2.4503661974693522,2.520039523882145,2.226235850276577,2.400909698688195,2.2082732260763933,2.3909498803007785
2021-07-29,2.5676939190225703,2.5687053741980974,2.581362471178636,2.462639361842474,2.5271594292943544,2.232501861144375,2.405050496894668,2.2144886789593135,2.3950735010190116
2021-07-30,2.535624405580813,2.5414665155413987,2.5515646554026374,2.436525239851901,2.497987303352542,2.209254230356624,2.377510953815292,2.1914286241893204,2.3676482016563787
2021-08-02,2.5884505558405144,2.601887118695989,2.608494558096462,2.4944509782761486,2.5537218009319607,2.258181596088083,2.428614806157198,2.239961214190423,2.418540057233683
2021-08-03,2.572483231303579,2.59499643201416,2.596994980584572,2.4878448192268285,2.5424636897342703,2.250073493799742,2.4167641065409,2.231918533000374,2.406738518490035
2021-08-04,2.563036300675123,2.5791161052303395,2.5842746112293846,2.472620216900076,2.5300104206877925,2.2375062353414545,2.4055744355836732,2.219452674823142,2.3955952662259437
2021-08-05,2.570369821148374,2.587436120476091,2.592140337376588,2.4805966852179786,2.5377109835584055,2.2450061140589646,2.4130477358683033,2.226892039959877,2.403037564630899
2021-08-06,2.572957193734237,2.5887840399728206,2.5941197127523807,2.48188894693183,2.539648796322362,2.2473912659624715,2.4155441215816267,2.2292579470078593,2.405523594457725
2021-08-10,2.581010204423185,2.5917183784495754,2.599648292947498,2.484702121812223,2.5450612882628376,2.248706022154989,2.4200289847102487,2.2305620949481564,2.409989852795722
2021-08-11,2.6139848900688123,2.6320608843043467,2.6364857850594645,2.5233788201487672,2.58112527252763,2.2805187900636854,2.4526051377711813,2.2621181781059354,2.442430868509163
2021-08-12,2.6187566065834726,2.637572185144401,2.6416527668575407,2.5286625504356284,2.586183758857153,2.282538492320431,2.4559297385495196,2.264121584177068,2.445741677673439
2021-08-13,2.617240791225286,2.645680416140476,2.644953401063995,2.536435979419121,2.5894150868673114,2.2847318549662,2.45639808322218,2.2662972494396345,2.446208079487572
2021-08-16,2.5762273569471343,2.6012912601763234,2.602036946842471,2.493879723721477,2.5473997855802035,2.246771964325895,2.416745216279997,2.228643642273368,2.406719706592583
2021-08-17,2.563297204828353,2.5837767234991693,2.586742300385607,2.477088390679221,2.5324262936964623,2.2314371281145275,2.402433249844238,2.213432536842817,2.3924671112304403
2021-08-18,2.5713351204340897,2.5879785324383247,2.5928986191826784,2.4811167001102845,2.5384533430827725,2.2354740128211517,2.4083748202348367,2.2174368495095487,2.3983840338960296
2021-08-19,2.531953942916866,2.52328410577215,2.540626195375554,2.419093611281076,2.4872785273832445,2.1878365779647884,2.364283714177448,2.1701837824370744,2.3544758332636437
2021-08-20,2.512681982850701,2.4761357665095085,2.5072815621271194,2.3738921034398235,2.454634059482668,2.1581553332194026,2.3392820535913277,2.1407420240179413,2.3295778883645224
2021-08-23,2.549480798995682,2.513908544571702,2.544757799031751,2.4101051822134596,2.4913233762777502,2.192726392012991,2.3751354372492357,2.175034142492949,2.36528253956906
2021-08-24,2.5718750522505167,2.541515460738655,2.569880143744419,2.436572164022554,2.515918205959927,2.217276542036674,2.3988426656866872,2.199386206981859,2.3888914220796176
2021-08-25,2.574423964085379,2.555211286881789,2.57802977178386,2.449702467284197,2.523896709395638,2.2263431003265746,2.4049138467529056,2.2083796107677878,2.3949374177501297
2021-08-26,2.5779993173430396,2.5605976068148246,2.5825312907097473,2.4548663773284582,2.528303706137366,2.2297678650112602,2.4084327571802877,2.2117767423690347,2.398441730498641
2021-08-27,2.5675285369480405,2.549423245669379,2.5716539904858102,2.444153423683937,2.5176548057473185,2.221299635490789,2.3989669712983006,2.203376839672291,2.3890152120278065
2021-08-30,2.601018460850066,2.595447624851415,2.611599247797562,2.48827738157982,2.5567612988485724,2.2582315993017112,2.434537615766991,2.240010813947725,2.424438296944788
2021-08-31,2.6075154369631033,2.6098948388407117,2.622114842139883,2.502128046664409,2.567056088400036,2.2683385074910647,2.443020367757786,2.2500361734576746,2.4328858594949727
2021-09-01,2.6320553463294227,2.623820866090812,2.6414640523736055,2.5154790456558347,2.5859990069701757,2.2849693042093384,2.4634787667548035,2.2665327827979294,2.453259389852983
2021-09-02,2.62944067271995,2.618432771432956,2.6374398795483556,2.5103134341680198,2.5820593330909793,2.282963651925325,2.461173991329153,2.2645433133358077,2.4509641754469227
2021-09-03,2.6705135766981827,2.667519594533727,2.68275818959531,2.557373382704739,2.6264260564138584,2.3228600101223127,2.501901732521342,2.3041177634613037,2.4915229636352456
2021-09-06,2.6979271443754196,2.701630992489983,2.7136843560362074,2.5900762656972165,2.6567028400913384,2.351447308864718,2.5301409482255073,2.3324744024988338,2.519645033134383
2021-09-07,2.7221371553930362,2.7264567211170068,2.7383289641597472,2.6138768997120905,2.680829964621909,2.371698987415456,2.5523875621130756,2.3525626781957434,2.5417993602382474
2021-09-08,2.742141730906993,2.742874151516528,2.7566309192305045,2.629616427774857,2.69874761812776,2.387997168721678,2.5705349532240316,2.3687293558672926,2.559871469584225
2021-09-09,2.7295990853122514,2.7254439110757636,2.741563455848288,2.6129059102406282,2.68399653896431,2.3734396780495106,2.556817907684561,2.354289323879572,2.5462113271771214
2021-09-10,2.757173403253659,2.752912669347261,2.7692266315599277,2.639240438917917,2.7110788476770327,2.400198715132841,2.5841468048994676,2.380832452784518,2.5734268545084635
2021-09-13,2.768439814778844,2.7614796579577483,2.779192271649028,2.6474536826696373,2.7208352308279133,2.409708400313608,2.5945455247187943,2.3902654080441748,2.583782436778336
2021-09-14,2.7938067963773436,2.7906842770512332,2.8066216005278957,2.6754523956593217,2.7476886029867624,2.437618954903892,2.621462179913221,2.417950763312805,2.6105874322141807
2021-09-15,2.7596391129294604,2.7576233843939333,2.7728350889353464,2.6437566408976716,2.714611535233822,2.407480257473276,2.58922589888016,2.388055243214798,2.578484878619828
2021-09-16,2.759728475764561,2.753698800742718,2.7709044433382037,2.6399941096726405,2.712721429028312,2.405258622173122,2.588070120115383,2.385851533418809,2.5773338944321234
2021-09-17,2.766141327365227,2.75004076342067,2.7722810136132883,2.636487118646402,2.7140690942979546,2.4048192812874776,2.5908343505069893,2.385415737402511,2.5800866578232435
2021-09-21,2.724474175261203,2.6995606450083316,2.7259631853077377,2.588091406222005,2.66872384044317,2.360825278398112,2.547619632090315,2.3417767048730314,2.5370512092672093
2021-09-22,2.700046865377027,2.670564859780997,2.6991104908470254,2.5602929040093265,2.642434994623945,2.333508080443903,2.521462576761225,2.3146799186784266,2.5110026626091324
2021-09-24,2.7583887372567357,2.7351839937382874,2.760912527076243,2.622243809087755,2.7029393214475026,2.388938600086683,2.578645655853416,2.3696631911917345,2.567948526164686
2021-09-27,2.762668373579184,2.740845158928119,2.7659096104578684,2.627671215582252,2.707831476860717,2.394703183594437,2.583755890047694,2.3753812625353765,2.57303756130907
2021-09-28,2.7624377604400965,2.7433311493048733,2.767045245085674,2.6300545553830914,2.7089432656117873,2.398584737654308,2.5857403656143996,2.3792314978574414,2.5750138045727247
2021-09-29,2.7368765438312503,2.716330210379776,2.7406277006545468,2.604168529032402,2.683080432610484,2.374493643483632,2.56079173778504,2.35533478527985,2.550168672431825
2021-09-30,2.7225965129230536,2.691175322857458,2.7208001446244605,2.5800523276270466,2.6636692124735393,2.357907579644906,2.5451681111350286,2.338882547887077,2.534609858083614
2021-10-01,2.6672216981588495,2.6338367673188783,2.664153342711549,2.5250813740724456,2.6082118711695035,2.3075402752739453,2.492103241899012,2.2889216375467756,2.4817651206004205
2021-10-04,2.66462492000709,2.6151900383376283,2.6534257669344754,2.507204598783193,2.5977095513360076,2.29867365059124,2.486102199550283,2.2801265541821563,2.475788972687314
2021-10-05,2.6463965309185578,2.592246803315538,2.632718396622118,2.4852087271581564,2.5774369911182746,2.2828919758566735,2.469064437636793,2.264472215593251,2.4588218894063765
2021-10-06,2.6502430207606866,2.5829499031254586,2.629937473331964,2.4762957110601707,2.574714461216595,2.2828898448787354,2.4708602597496356,2.264470101809338,2.4606102618170875
2021-10-07,2.6307827100996897,2.5739420322039055,2.6156627338491054,2.4676597897432937,2.5607394604611393,2.2735200161955524,2.45670931936075,2.2551758746000217,2.446518024509105
2021-10-08,2.65359073171641,2.605636321340568,2.6430831774597108,2.4980453702608445,2.5875841339231873,2.297955601879236,2.4805595943491765,2.2794142991236725,2.4702693601632015
2021-10-11,2.6957545191273713,2.6539127990646203,2.6885568988868624,2.5443284338961507,2.632103005322623,2.3401154460651794,2.523023288509368,2.32123397205716,2.512556899975679
2021-10-12,2.681125395053166,2.6521550742546567,2.6803617729939164,2.5426432883953143,2.624079959390156,2.3358017710093626,2.51385962266678,2.3169551023540373,2.503431248243994
2021-10-13,2.6697591495905364,2.6382630465761023,2.6676592226950975,2.529324885077965,2.6116441352383117,2.323669434084334,2.5019982735389585,2.3049206564987386,2.4916191041667446
2021-10-14,2.6751589039898445,2.6531951862356546,2.67790800142453,2.543640452465145,2.621677711729028,2.3295331552219847,2.5076872465282944,2.310737065569612,2.4972844772939884
2021-10-15,2.716233285369088,2.7000425632038425,2.722114871303763,2.588553425233362,2.6649563327294654,2.3701694113073803,2.548819276276095,2.351045443637558,2.538245876906712
2021-10-18,2.718499155598494,2.716356511897377,2.7314973676690446,2.6041937445176706,2.674141816916433,2.380986866527545,2.5557191591424626,2.3617756170529227,2.54511713663066
2021-10-19,2.716592871208296,2.7148628207886265,2.7297898799002214,2.602761730338157,2.6724701827063733,2.378420296811451,2.5534426709589018,2.3592297559815525,2.542850092121254
2021-10-20,2.717847432286448,2.709094646991821,2.7274991548609524,2.5972317337956783,2.67022755795005,2.374774512101868,2.5520600749776015,2.3556133876793304,2.541473231634664
2021-10-21,2.688149352371481,2.674156377648346,2.6949969853459295,2.563736122277072,2.638407863862334,2.346364848002477,2.5228449891520324,2.327432950020529,2.512379340266827
2021-10-22,2.6824553195040464,2.6693092605469575,2.689701789367559,2.5590891505047386,2.6332238555736454,2.3413335179793426,2.5174680214074847,2.3224422158266376,2.507024678076811
2021-10-25,2.6765883450845958,2.669956306580864,2.6870989237272283,2.5597094789581405,2.630675644495352,2.3388619763841185,2.5133925236141943,2.3199906161314887,2.5029660868826658
2021-10-26,2.704820069691093,2.705680748876736,2.7192663700989117,2.593958801072456,2.6621676439034796,2.368211267838754,2.5424299596943527,2.34910309966082,2.5318830654587567
2021-10-27,2.699996171175853,2.698598539087798,2.7132753310230826,2.5871690272158463,2.656302403720903,2.3639618384756993,2.5378817139979213,2.3448879572771544,2.527353687486148
2021-10-28,2.6754599915710484,2.6689269760506518,2.6860148067158995,2.558722651155502,2.6296142916019765,2.3381691402393,2.5124912628338594,2.319303370209871,2.5020685648492305
2021-10-29,2.6748744730219856,2.6718650780763995,2.687208344641328,2.5615394341818445,2.630782767806362,2.341070190697463,2.513784266833512,2.322181013229348,2.5033562050132425
2021-11-01,2.727195035907057,2.7278455760606337,2.7416560966356194,2.6152084065818246,2.6840872344950046,2.3877153548562227,2.5634202528721497,2.368449815847422,2.5527862835132935
2021-11-02,2.703133093264846,2.7008957110260496,2.7160181772814416,2.589371345197847,2.658987656126293,2.3646007159832036,2.539703982700222,2.3455216799325456,2.5291683967765564
2021-11-04,2.726996170857316,2.7234013494928155,2.7393227734798065,2.610947689339283,2.681802906090667,2.3877106547186444,2.5633242685120594,2.3684451536334112,2.552690697330109
2021-11-05,2.702609101017098,2.6887788734157123,2.7096657005803007,2.5777548314707386,2.652768567728633,2.3625169733482836,2.538339180548689,2.3434547501999403,2.5278092563046655
2021-11-08,2.698754154471629,2.688812975594212,2.707745144218869,2.5777875255149607,2.6508883389066544,2.361228590071353,2.5358358610038487,2.3421767623825143,2.525316321410296
2021-11-09,2.6748239191111103,2.669393412138264,2.6859576406697405,2.559169827340313,2.629558325919434,2.3428278093472774,2.5147118583006747,2.3239244503434144,2.50427994850455
2021-11-10,2.6596724115395194,2.654371326482353,2.6707926464550606,2.544768027972893,2.614711763860552,2.3284367607693506,2.499866025599435,2.3096495174939355,2.48949570154208
2021-11-11,2.6625852055247745,2.6521439338920816,2.671137431340774,2.5426326080363846,2.615049309007635,2.3303985570345622,2.5022880418831104,2.3115954847942755,2.4919076704498258
2021-11-12,2.694609444658836,2.684698195488875,2.7035939943727607,2.573842651355972,2.6468243542500494,2.359138480247476,2.53276599871052,2.340103516835303,2.522259193986143
2021-11-15,2.696028822760095,2.6872375363301164,2.7055835450785346,2.5762771386940644,2.6487721286840133,2.3599078220842653,2.5338460468961173,2.340866651154459,2.523334761751763
2021-11-16,2.6931403714201374,2.687295607925603,2.704160844144201,2.5763328124191585,2.6473793013994267,2.362062191714954,2.533645002191032,2.3430036380212953,2.523134551050869
2021-11-17,2.672555279161345,2.672865345296527,2.6865620613383747,2.5624983987456247,2.630150055058234,2.3493305915511873,2.5171363083748717,2.3303747641473693,2.5066943411065976
2021-11-18,2.659934356242854,2.644039382695723,2.665732187147357,2.534862706907708,2.6097575632789565,2.3318824504985973,2.50183875665192,2.3130674053037623,2.4914602490118924
2021-11-19,2.6702123398306328,2.6641270506282844,2.6809931124806696,2.5541209224412,2.624698042109978,2.345633671484693,2.5140507056199963,2.3267076730793814,2.503621538517872
2021-11-22,2.668234664012804,2.65176435438128,2.673786388202694,2.542268701979412,2.61764264349132,2.3408167057806266,2.5105355338958564,2.3219295735829166,2.5001209489631457
2021-11-24,2.653042484138501,2.654259411533184,2.6674038642512166,2.544660734173546,2.6113941387707453,2.3344754647553727,2.499991670798466,2.315639497545184,2.489620825520608
2021-11-25,2.6646516644142126,2.6657715653409078,2.6790244521966167,2.5556975324732867,2.622770719443956,2.3453279415728088,2.5112732202081607,2.326404409982284,2.500855575093011
2021-11-26,2.6130833655138064,2.6127141033912165,2.626440540784589,2.5048308992076636,2.5712909567071063,2.2987934736520215,2.462058071711778,2.28024541043764,2.4518445883529836
2021-11-29,2.5596334822957263,2.551774252014765,2.5689497004548367,2.4464073531630617,2.5150072999717343,2.249274423110583,2.4103565233381636,2.231125909699299,2.4003575161974586
2021-11-30,2.5324465591501935,2.524850853437569,2.5417543059077663,2.4205956653935075,2.4883829500284933,2.2276787919553747,2.3859869878023447,2.2097045252245398,2.376089074071465
2021-12-01,2.544477799055371,2.542410024109582,2.556642620349949,2.4374297894205608,2.5029586419930867,2.241497647016178,2.399068077990045,2.223630898927298,2.3892341638345584
2021-12-02,2.535995142013255,2.527470061528853,2.544869215793438,2.4231067221333116,2.491432453527854,2.2312438474708927,2.3895818242665796,2.212390549651918,2.3792128741925875
2021-12-03,2.582338907839147,2.568225708787487,2.5886437806683182,2.462179502594875,2.534287846996211,2.2648050392636705,2.4293897199838015,2.2510005601663754,2.4217137258193504
2021-12-06,2.5773555589680583,2.5634731848339056,2.583750629393396,2.457623218065809,2.5294974413397213,2.261132346321009,2.4250750016927594,2.245556610728245,2.416449381610108
2021-12-07,2.635725020293703,2.6195404950088634,2.641265478029885,2.511375418040314,2.5858046022591936,2.3080085429577006,2.4776776323763774,2.2970929589463425,2.47154073379139
2021-12-08,2.6387777432983563,2.6294467890093767,2.6477800119477957,2.5208726650896236,2.5921823450217545,2.3132309917876746,2.4819115521362893,2.302905721468381,2.4760968008059456
2021-12-09,2.6261042787130124,2.613254038906766,2.6332712854048026,2.505348539909788,2.5779782704295346,2.3004795316266415,2.4691130217896227,2.2893949236682554,2.462888182881993
2021-12-10,2.6094528565860697,2.5977646040945923,2.617117697289461,2.490498688990992,2.5621638728087377,2.2886867628277616,2.454952219409194,2.276912078508769,2.448364192051659
2021-12-13,2.6110355585696907,2.5948772220473044,2.616461058717642,2.487730531632911,2.5615210222300457,2.2873223182003675,2.4549681664700715,2.277868940607775,2.4496213229982233
2021-12-14,2.6084729160423232,2.5917819019094077,2.61361728763911,2.4847630222853403,2.5587369642079327,2.2850749148069363,2.452557374608225,2.276823087115902,2.4478563063570085
2021-12-15,2.6217495095254364,2.61182547629889,2.6303652111125175,2.503978964969684,2.575133217426721,2.3001906920614883,2.466905496525111,2.2937125301461228,2.4631632233510294
2021-12-16,2.6555931142731404,2.649118818579212,2.666118971009913,2.539732404642716,2.6101362255149936,2.328485638297054,2.498002262898041,2.324052247885391,2.4953522158905352
2021-12-17,2.6314873915331765,2.6254325564817953,2.6420990567012304,2.5170241867357768,2.5866206775771197,2.3112736414753985,2.4774272147348495,2.3040868998257653,2.4733085972014304
2021-12-20,2.571242850214306,2.5559348607195855,2.5768894008785916,2.4503961635843092,2.5227802838187117,2.2590677233046437,2.421088429487114,2.2462786211407875,2.4139673922750498
2021-12-21,2.6039082675860095,2.5869818773678164,2.6089106041981287,2.4801611985446073,2.5541291109632276,2.284317352376385,2.450000070388284,2.2741690520385514,2.444287385067568
2021-12-22,2.603575199684153,2.5917788825794736,2.611155203667661,2.4847601276284377,2.55632657868725,2.286643944614975,2.451088125661972,2.277839618181952,2.44610297610285
2021-12-23,2.624503553853515,2.6216890554340098,2.6367082147268017,2.5134352609196924,2.581343031651907,2.3097191901644925,2.4733029869535765,2.3023893612663993,2.4691177465097303
2021-12-24,2.6171560098095776,2.616555836315654,2.6304359012468406,2.508514000746843,2.5752024232207567,2.3055478971932426,2.4676068995721034,2.2961933285241365,2.4623393797557496
2021-12-27,2.6051089876187303,2.607123603687665,2.619641075042968,2.499471240306871,2.564634265074313,2.297504619155778,2.457623267181293,2.2883044399599077,2.452445171164804
2021-12-28,2.635363312260374,2.637063869048403,2.6498944949544123,2.5281752235359245,2.59425242844782,2.321531492707132,2.484743899540563,2.315384766167909,2.481197952047767
2021-12-29,2.637185153696599,2.6354070728565775,2.6499767351386816,2.5265868391468373,2.5943329417656757,2.3216703738014943,2.485677085717239,2.314862178318371,2.4817725420905052
2021-12-30,2.6278138405334275,2.6271598219774805,2.641121967240569,2.5186801306368376,2.585664104886789,2.3151043335201695,2.477745394759457,2.3076312720538144,2.4734880553792165
2022-01-04,2.670646194529918,2.679018876451172,2.6887195879947554,2.568397840615435,2.6322622783102974,2.353001079009812,2.5182219270653503,2.351579194799263,2.517207046711632
2022-01-05,2.6947954670855028,2.705315032046751,2.7140716253581685,2.593608185283719,2.65708197759318,2.3827939014968678,2.545549810063046,2.3813540139185094,2.544523916171853
2022-01-06,2.6560229104704924,2.6565174586564066,2.6700670173399983,2.546825542867605,2.6140013713911596,2.348139987624157,2.5087263776665627,2.346721040900186,2.5077153241584567
2022-01-07,2.6619490126900214,2.6654062915404015,2.677510630318793,2.5553473414206214,2.6212886845590733,2.357070923838921,2.51629933601846,2.3556465802805406,2.5152852304971187
2022-01-11,2.6643033412650854,2.6550637272459996,2.6735057536460904,2.5454318383856607,2.6173679016548577,2.357796318599927,2.5177974798455827,2.3563715366960793,2.5167827705503165
2022-01-12,2.7037331654678964,2.706736241784473,2.719283895108709,2.594970710965607,2.6621848009258864,2.396184921055355,2.5569292533560186,2.3947369414793163,2.555898773382356
2022-01-13,2.6970783667677662,2.706127546976541,2.715628528394407,2.5943871501538376,2.6586061890251105,2.3993824157565946,2.5555027684651686,2.397932503981175,2.554472863385829
2022-01-14,2.6686003325126975,2.6728145723957684,2.6845763494770445,2.5624497223403115,2.628206038861264,2.3721697670540056,2.5275147073510364,2.370736299485035,2.5264960818706306
2022-01-15,2.6685699265134204,2.6727845806648807,2.684545993426887,2.562420969016651,2.628176320222658,2.3721425238673404,2.5274857939845545,2.3707090727610294,2.526467180156659
2022-01-17,2.680183241714005,2.6881721046713865,2.698113568207582,2.5771731171922845,2.64145900520879,2.3857408086705485,2.540237601108132,2.384299140319195,2.5392138481150246
2022-01-18,2.6638295775371095,2.6821725580345266,2.6868707645546666,2.571421301569696,2.6304522761730973,2.3766447367294683,2.5276600671986653,2.3752085650016337,2.5266413831361096
2022-01-19,2.603632636331148,2.618925019059496,2.624830325888155,2.510785356091441,2.5697145528490086,2.318349302356564,2.4680850499607754,2.3169483577089127,2.467090375503536
2022-01-20,2.620203784832006,2.6350106977192573,2.6412439345310204,2.5262068309820145,2.585783511127319,2.329746787898992,2.4819966257538124,2.328338955917171,2.480996344727585
2022-01-21,2.6117404504061943,2.6083217603242757,2.623590840894629,2.500619923112073,2.568501094365812,2.3093792602239276,2.4671076384846486,2.307983736041822,2.466113357938563
2022-01-24,2.624572265249492,2.6264943487292274,2.639169363098259,2.518042135858666,2.583752501218178,2.320860213211421,2.4793009208204313,2.3194577512569867,2.478301726202811
2022-01-25,2.591846832700539,2.5933379812487063,2.6060577001495395,2.486254848584143,2.5513361117437214,2.2900388855774145,2.447379333509322,2.2886550485014396,2.446393003759358
2022-01-26,2.5828201311657364,2.5739292619590888,2.5917743065528662,2.4676475468026045,2.5373526385921674,2.2774473562726545,2.4363857425794184,2.276071128074068,2.435403843407765
2022-01-27,2.534540240022458,2.5247448077310155,2.5427897203261547,2.4204939984862253,2.4893966229782913,2.23638053527671,2.3916483520351415,2.2350291231586907,2.390684482687727
2022-01-28,2.5842679234099593,2.5762129417745006,2.593649076089784,2.4698369297734066,2.539188042014149,2.2821285899407897,2.4395732912033847,2.280749532941019,2.438590107402906
2022-01-31,2.59664849533584,2.597366004791543,2.6104960834053097,2.4901165484998495,2.5556812985281723,2.2951181291414744,2.452361086543823,2.293731222752744,2.4513727490743533
2022-02-01,2.5890514329767043,2.5852522984481716,2.6006120254530867,2.478503036744614,2.5460047844653304,2.284777636713857,2.4432756024384963,2.2833969789337836,2.442290926552314
2022-02-02,2.6366486920542327,2.634645379622303,2.6493601900983688,2.5258565974619733,2.5937293428408417,2.329134752788888,2.489451369828844,2.327727290650952,2.4884480844314667
2022-02-03,2.6289454721983456,2.637702589375432,2.64702906877877,2.528787570064394,2.5914471700389092,2.32944910834132,2.4859847051419495,2.3280414562429113,2.484982816861262
2022-02-04,2.642519024353089,2.6490414629760024,2.6595492696178034,2.539658243177864,2.603704473676153,2.342531668191681,2.499384410588283,2.3411161104932914,2.4983771220298614
2022-02-07,2.647603810428845,2.6536175556251838,2.6644046551752893,2.5440453815373303,2.6084579066137823,2.355449211904386,2.5086904800577985,2.3540258483228595,2.5076794410169536
2022-02-08,2.6659141740278804,2.670231683800134,2.681957135294182,2.559973485405257,2.625641822524556,2.370454384273338,2.5253532321038845,2.369021953285146,2.524335477729689
2022-02-09,2.679030490427095,2.679729588966678,2.693321744356105,2.56907920665812,2.6367677993184966,2.3768201795070985,2.5349458343272477,2.375383901761754,2.533924213993729
2022-02-10,2.6930104110788733,2.6872202509597676,2.7041104992294427,2.5762605670647014,2.6473300136192464,2.3824532534001017,2.5445541505949745,2.381013571670417,2.543528657969142
2022-02-14,2.676181520372525,2.684778041315078,2.694430122067734,2.5739192002184703,2.6378529034898164,2.3765900820417167,2.533478524727194,2.3751539433409126,2.532457495740955
2022-02-15,2.6538120307607955,2.6556074800832423,2.668523499351664,2.5459531387860723,2.61249026395001,2.346955825784686,2.5070785225286563,2.345537594632433,2.506068133130327
2022-02-16,2.6913351344565895,2.679864426556285,2.699569356973346,2.5692084765848926,2.642884225551745,2.374900916090596,2.539725548943924,2.373465798128123,2.538702002315344
2022-02-17,2.676995587823517,2.6784476999597064,2.691654997407463,2.567850248927977,2.6351360504593044,2.3681501147722126,2.5293499111988176,2.36671907622045,2.5283305461043555
2022-02-18,2.668941614567747,2.6664795181806733,2.681590385447529,2.5563762527917193,2.6252827736333177,2.355861700801738,2.518979224415178,2.3544380879591915,2.5179640388595237
2022-02-21,2.655836892706799,2.654243771942632,2.668854545854485,2.5446457403670615,2.6128143591905966,2.3469667657445537,2.5080397982930025,2.345548527981443,2.5070290214864475
2022-02-22,2.620583880828155,2.6182252731119178,2.633033086770368,2.510114503789303,2.577745073452444,2.3143344998659416,2.473957743850008,2.3129359813048413,2.4729607026110365
2022-02-24,2.5956872411976657,2.603597251418715,2.6131717174223548,2.496090496844243,2.5583007500042876,2.297552634868018,2.4532373009787447,2.2961642573430088,2.4522486103820116
2022-02-25,2.5987859415679986,2.6015088773797967,2.6136775949073607,2.4940883551575594,2.5587960051536807,2.2871439874651167,2.4491340610909993,2.2857618997338207,2.4481470241600944
2022-02-28,2.624306410484942,2.622059042544083,2.636830935968896,2.5137899706617253,2.5814631760127233,2.306241745553085,2.471387131124498,2.304848117325304,2.4703911258801394
2022-03-01,2.636072883707171,2.6347242102958637,2.64911052552075,2.525932173089129,2.5934849206806323,2.311248392197972,2.4796157369232366,2.309851738526694,2.47861641543011
2022-03-02,2.5951805531479994,2.6111741777421753,2.61672392532559,2.5033545595870392,2.5617783692064355,2.278192170152925,2.4426509666733307,2.276815491874181,2.441666542524518
2022-03-03,2.6339444555909837,2.661356398805348,2.66142985178473,2.551464675327124,2.6055455676754553,2.3239512320900984,2.4854287878572596,2.3225469022780683,2.484427123619387
2022-03-04,2.589824949052393,2.6209622072196157,2.6189536166479814,2.5127384254473046,2.563961241822238,2.2867903747383633,2.444744377183669,2.285408500690077,2.443759109359731
2022-03-07,2.54614940421986,2.6006023341170406,2.5867723159224125,2.493219244536893,2.532455678971762,2.257349314164486,2.40840985240374,2.255985230919419,2.4074392279259516
2022-03-08,2.481819768929069,2.5108278899371963,2.509316097053902,2.4071517328068515,2.4566258735660655,2.184471311700863,2.3390606220714245,2.1831512675690474,2.3381179463501196
2022-03-09,2.475693607971968,2.510577954108084,2.5061122167410956,2.406912117233618,2.4534892678265616,2.188425251263308,2.3383003286042636,2.1871028178235217,2.3373579592923717
2022-03-10,2.5627347635897757,2.5888006353195077,2.5891729403710895,2.481904857029728,2.5348058954870347,2.2629388630787823,2.419208707168869,2.2615714021508846,2.4182337305942996
2022-03-11,2.537026356091009,2.5733953037589634,2.5685104371135536,2.467135636602853,2.5145772602127856,2.251019119557648,2.4007234006396203,2.2496588615567945,2.3997558739145766
2022-03-14,2.5555659990408572,2.5926912071360406,2.587526737953041,2.4856347808239114,2.533194259767624,2.273516633182143,2.4215112305206627,2.272142780262152,2.4205353259954276
2022-03-15,2.566920044699013,2.5820767877753332,2.5878956500325314,2.4754586480593894,2.533555425489476,2.277688368655326,2.4290891254400258,2.2763119948164743,2.4281101669120466
2022-03-16,2.5960826179951075,2.6096029258372875,2.6163872728062603,2.5018481872224942,2.56144878566359,2.2996810829669423,2.454602386305115,2.2982914192518105,2.453613145558983
2022-03-17,2.6470464457130767,2.661465346040531,2.668068018194696,2.55156912395421,2.6120443469145105,2.3434742462976805,2.502063568807952,2.3420581190130987,2.501055200509491
2022-03-18,2.661238749796502,2.671149610030205,2.6800678381564786,2.560853508972048,2.623792196550059,2.3532504169843214,2.513982714822404,2.3518283821024744,2.5129695429333645
2022-03-22,2.7030564922106204,2.740794875703766,2.736092895610586,2.627623008633811,2.6786408486873383,2.4142430592232835,2.5663684796002113,2.412784167377905,2.5653341954799918
2022-03-23,2.7540916666430664,2.790684108010009,2.7868175097701573,2.6754522335980835,2.7283003554020806,2.4553600525472854,2.612427657777364,2.453876314302934,2.611374811133112
2022-03-24,2.7524330431823354,2.8010181943687344,2.791179353031015,2.685359608765086,2.7325706093663555,2.458293755700319,2.613221274862759,2.456808244661969,2.612168108379187
2022-03-25,2.7549948853764934,2.807304603701464,2.7956269768058153,2.6913864420574276,2.7369248426388753,2.4573862280810013,2.6139393511606173,2.4559012654483467,2.61288589528177
2022-03-28,2.750042148178177,2.812444958658927,2.795722571790674,2.6963145434190103,2.7370184303353247,2.4612820206613457,2.613699755432612,2.459794703858093,2.612646396114356
2022-03-29,2.7662340672226082,2.8280106349005147,2.811683907324833,2.7112374876349064,2.7526446122643056,2.4734902142982595,2.627863962169306,2.471995520261768,2.626804894468088
2022-03-30,2.7558877095006626,2.807735305498263,2.796292123531749,2.691799359478268,2.737576022718804,2.4591321604479632,2.6152958267012933,2.457646142773861,2.6142418241429177
2022-03-31,2.7250132082374448,2.783263349013007,2.768475732420223,2.6683378897794707,2.7103437157989876,2.4297193602278933,2.584997097149741,2.428251116279691,2.583955305423554
2022-04-01,2.720108193554155,2.7674619076435305,2.758066212392888,2.6531889155603205,2.70015277323078,2.4233001108874936,2.579246488135506,2.4218357459979805,2.5782070139890556
2022-04-04,2.73235657602023,2.7802963264813383,2.770671286875352,2.6654933804218173,2.7124931683480806,2.431436610006946,2.5893835892892496,2.429967328349765,2.5883400297424246
2022-04-05,2.720885280687191,2.7724300319646074,2.760935806553063,2.6579518979679198,2.702962112105542,2.418017969101361,2.5768038793939376,2.416556796133037,2.575765389654619
2022-04-06,2.689020704056794,2.744076836695953,2.7306527222895554,2.630769452131993,2.6733149072673563,2.3904117268925837,2.5470052580104174,2.3889672359735203,2.545978777552364
2022-04-07,2.654316482470876,2.70292132376116,2.6925505759711315,2.59131331709678,2.636012823805597,2.3554054171227152,2.511922198461888,2.353982080005737,2.5109098569911503
2022-04-08,2.661064064744064,2.6973182810635867,2.6931794369901114,2.5859416331225384,2.6366284801001214,2.357004438078681,2.515972237996657,2.3555801346966767,2.5149582643006134
2022-04-11,2.668436504511427,2.708517222615976,2.7024975568387526,2.596678152209122,2.645750939538387,2.3663046546845052,2.524416921994074,2.3648747313173404,2.5233995449665803
2022-04-12,2.6375325600581703,2.6743357498870517,2.6697972462237,2.5639080879450287,2.613737264886198,2.341399824648709,2.4965113713043534,2.3399849509068544,2.495505240622883
2022-04-13,2.6677402313547853,2.7183295688996645,2.7070340785508162,2.6060853307952545,2.65019220408331,2.3716928665199353,2.5269542932165603,2.370259687134998,2.5259358935912664
2022-04-14,2.699222448217644,2.7569311417441194,2.7422301069588277,2.6430929820699594,2.6846491918400144,2.4043076955071117,2.5592370869484027,2.4028548074570235,2.5582056768839694
2022-04-15,2.6902022151463663,2.7541921358953783,2.7362922001741485,2.6404670742164624,2.678835968285121,2.401405932117602,2.5534162781622465,2.3999547975607793,2.552387213969087
2022-04-18,2.671056313427468,2.74245446128914,2.7207367503682787,2.6292140672378617,2.663607149359947,2.389677418685582,2.5380974271277714,2.3882333714982518,2.537074536656153
2022-04-19,2.6948757351300623,2.7791508995357987,2.751098582302522,2.6643952500131944,2.693331448337703,2.4199614984671425,2.56550686364245,2.418499151052389,2.564472926766094
2022-04-20,2.719335145744703,2.8064096752546934,2.7770820635316897,2.690528466658152,2.718769332527676,2.441659457298568,2.58865039224962,2.440183998123969,2.587607128191951
2022-04-21,2.7301645030499664,2.8093014628343416,2.784013286748887,2.6933008476370146,2.7255550150133625,2.442753811107998,2.5943670592940014,2.4412776906313636,2.5933214913357077
2022-04-22,2.699457178387465,2.770525033396458,2.7491229796234555,2.65612555988131,2.691397329051983,2.4104972597449255,2.5626423145506623,2.4090406314315027,2.5616095321295846
2022-04-25,2.6572912375737845,2.7211358230851057,2.703135039295758,2.6087757101925253,2.6463750362393417,2.366664417889917,2.5193243267031775,2.365234277123097,2.518309002066244
2022-04-26,2.655550805250685,2.7094208784809353,2.6964150937761255,2.59754449465733,2.6397961950754625,2.355053974405314,2.5123203704076005,2.35363084966004,2.511307868467732
2022-04-27,2.635418235753267,2.6863897071113416,2.674731848464217,2.575464317719246,2.618568251127446,2.3346318455520296,2.4919071955728165,2.3332210616011655,2.4909029204416635
2022-04-28,2.6952493722387807,2.7591425080735688,2.7413177769341566,2.645213037495956,2.683756018777254,2.3984544355090245,2.5542384553762845,2.3970050844985247,2.5532090598336548
2022-05-02,2.695112642034184,2.7603571027365037,2.7418548921249615,2.6463774795747064,2.684281855708028,2.3996646324062514,2.5548222902582896,2.398214550091429,2.5537926594216436
2022-05-06,2.735054742017383,2.817727492639846,2.7906652296929995,2.701378953001501,2.7320672815090723,2.4430730790324633,2.596861351201553,2.441596765626881,2.595814778007054
2022-05-09,2.6881831426804177,2.777321008849819,2.7467551520707474,2.662640918482445,2.6890792207686314,2.4078211727234295,2.55587985651384,2.406366161530337,2.5548497994624886
2022-05-10,2.662875778271146,2.7206106317459073,2.7057168842962565,2.6082722048557914,2.648902668065881,2.3664090438445133,2.521839965812193,2.3649790573965017,2.5208236273358184
2022-05-11,2.642940166407419,2.688559129623512,2.6796578701946654,2.5775441612562293,2.6233908370308225,2.332758569981558,2.4944778961006575,2.331348918023781,2.4934725849395045
2022-05-12,2.627011085886592,2.6810688242903216,2.667835148682234,2.570363142782481,2.6118163671593284,2.3251980947930178,2.4829032785201575,2.3237930115200536,2.4819026320995734
2022-05-13,2.66772363098388,2.7225666212143365,2.7091542890268108,2.6101474283456816,2.6522678947142544,2.358906130388599,2.5201436994037376,2.3574806778416852,2.5191280445475934
2022-05-16,2.6581757112249513,2.707878047857628,2.697002473589761,2.596065370013541,2.640371241180447,2.3450916707771166,2.508264403507248,2.343674566106527,2.5072535361815005
2022-05-17,2.6633156883747584,2.7236154612568626,2.70743299842432,2.6111529600812187,2.650582747500251,2.3532499038448385,2.515043479182378,2.3518278692730736,2.514029879789752
2022-05-18,2.6826678888362636,2.7439873552883496,2.727394586855605,2.630683665556885,2.670125185647181,2.3711873239854335,2.5337645128885775,2.36975445009247,2.5327433686449177
2022-05-19,2.6562769483141055,2.7191219831325384,2.7016209112221206,2.606845024958845,2.644892701588096,2.3459792137780213,2.507836905691557,2.3445615727781495,2.5068262106536965
2022-05-20,2.6745456559219436,2.739873201576715,2.7212197484674534,2.6267393919267867,2.664080005541242,2.36583533748408,2.5270657744371223,2.364405697718448,2.5260473298832626
2022-05-23,2.6953730326276633,2.7529122106159183,2.73828985031398,2.639239999128337,2.6807916720825036,2.387091001670485,2.548252399771282,2.3856485174172066,2.547225416696817
2022-05-24,2.677901455595476,2.7421169954282356,2.724041125727452,2.6288905358898575,2.6668421399666897,2.3746453971727237,2.5333461840490687,2.373210433616603,2.5323252083980647
2022-05-25,2.683826983551103,2.751310892409629,2.7316214098390965,2.6377048019487557,2.6742632544685696,2.3787404174239932,2.538334623612466,2.3773029793069003,2.5373116375471874
2022-05-26,2.6881764820808645,2.753923020042787,2.735131186005929,2.6402090705940373,2.6776993329092207,2.3845724507876542,2.5435007299807384,2.3831314884579164,2.5424756618988584
2022-05-27,2.70063846537247,2.76760654988038,2.748266149563536,2.653327585284545,2.69055849057447,2.399605569153398,2.557409941307228,2.3981555225296365,2.5563792676092745
2022-05-30,2.736029552666221,2.796413083280142,2.7805753170281893,2.680944650184652,2.7221892352384183,2.4267308931632257,2.588623965372323,2.425264455102053,2.587580711965074
2022-05-31,2.723631100632468,2.796102655824372,2.774114402381498,2.6806470407821665,2.7158639858580798,2.4254856729222105,2.5820845645879205,2.4240199873294555,2.581043946655055
2022-06-01,2.759193773357891,2.824221466930304,2.8061692093138317,2.7076047805577135,2.747245711012033,2.4588212233564612,2.616687171611005,2.4570901505629923,2.6155027597511262
2022-06-02,2.747284002528675,2.8131561615209373,2.7946156533116997,2.696996379560997,2.735934754755922,2.4517118847304857,2.607256950605492,2.449973434160617,2.606070216581431
2022-06-03,2.7540780945141967,2.82440784095478,2.8036604138920165,2.7077834588963463,2.744789594880649,2.455226327092898,2.612348587920311,2.4547044331219565,2.6118083611097123
2022-06-06,2.7719109309601593,2.852733090284694,2.8268007326591773,2.734939112726683,2.7674440168854,2.4749855260911917,2.6313184002081886,2.4763222956270052,2.6317662381497464
2022-06-07,2.7873216346701946,2.880671041204106,2.8485169551714566,2.761723460326238,2.7887042455837365,2.493354155434409,2.6483997703439526,2.497975980528432,2.650595183697858
2022-06-08,2.822753540966738,2.9191495238996725,2.8856507887099223,2.798613104044003,2.8250583487445113,2.5200245587826116,2.6793921052996166,2.5247142877567206,2.6816196248264115
2022-06-09,2.82363766263852,2.93662946048009,2.894784478584103,2.8153712656836523,2.834000250839821,2.5278947946618193,2.683999102532029,2.5309939675003825,2.6853809348523554
2022-06-10,2.7905862429741513,2.9005952813879774,2.8600754922032934,2.780824996307928,2.8000200782786764,2.5010348838562306,2.654034700019428,2.4998959899300415,2.6531643798323676
2022-06-13,2.7465182516882405,2.8568630615232005,2.8159400234481904,2.7388985507523063,2.7568113591328305,2.4685372398632675,2.6158466543017527,2.4611678444743617,2.611665346332625
2022-06-14,2.714633123462837,2.8286159314209036,2.7856927481921554,2.7118177904799383,2.727199211390228,2.44713034136572,2.5893368377716177,2.4372058706595925,2.583799605228926
2022-06-15,2.6802472827145607,2.785178125506829,2.7466270403335096,2.670173602045339,2.6889537991014385,2.4178630111978676,2.5574586921946145,2.4034173611768224,2.549518588659962
2022-06-16,2.699496198698886,2.805443790421263,2.7664834192756755,2.689602464776541,2.7083932369315025,2.433568119782426,2.5749427860302543,2.4215907511163905,2.5683143610944574
2022-06-17,2.6622794655710407,2.7651434817743836,2.727536888457316,2.650966221256714,2.6702644992223106,2.4024378378303846,2.540731018815172,2.38453032305457,2.5309501785199506
2022-06-20,2.626180354295118,2.699788311717932,2.676711326249684,2.5883096722038004,2.620506164150694,2.358701509985581,2.5003414994131883,2.3348080576551298,2.487376622257449
2022-06-21,2.677951889816961,2.762772219843049,2.734328460069432,2.648692872577648,2.676913462485285,2.4074090065897513,2.550807675558417,2.3868755621748043,2.539626523118008
2022-06-22,2.673130969680146,2.736958771282571,2.7190527365196036,2.623945303187844,2.661958496168363,2.3924214521641995,2.5405468036772403,2.3700411195777327,2.5283816997144535
2022-06-23,2.67557435958535,2.72830116201916,2.715994095733552,2.615645180656982,2.6589640802389467,2.3906619659531936,2.5407691745775587,2.365451308318463,2.527096910308454
2022-06-24,2.6860522257200343,2.7248640650419467,2.7196146583162113,2.612350006990287,2.662508618819745,2.388790350649151,2.544741637515475,2.36415200143008,2.531371476886831
2022-06-27,2.7137969542537848,2.753015573646253,2.747708983307026,2.6393390941314525,2.690013023607105,2.41172885718922,2.5701031473400278,2.3907135647875153,2.558658422961848
2022-06-28,2.7529038187432158,2.800758382343968,2.7913141336188496,2.6851105248003404,2.7327025598526706,2.447498186599111,2.607679615797948,2.4286178453617886,2.5973675833975327
2022-06-29,2.74483158783936,2.7948277137123103,2.7842629229912563,2.6794247430983713,2.7257994094333005,2.439975376956356,2.5998490555524203,2.420662801706654,2.58930769828477
2022-06-30,2.716311003860655,2.7591806332924214,2.7520502355051644,2.6452495884626677,2.6942631188765467,2.412795182114978,2.5718626430151637,2.390009755606567,2.559475393012828
2022-07-01,2.6798598787309635,2.720014866689716,2.7140546870342477,2.607701039905335,2.657065394937512,2.3845508310411123,2.539549490124971,2.358367772981081,2.525379244040601
2022-07-04,2.7157082329487556,2.7562407825613686,2.7502808435494397,2.642431128937899,2.6925308803339347,2.4123276104287887,2.5713263562917903,2.3955820084859565,2.5621949908619563
2022-07-05,2.7262807402412665,2.7823137590987272,2.768642471707709,2.667427509973361,2.710506953921221,2.430347058412502,2.585931202491305,2.41212988734761,2.5760363894782334
2022-07-06,2.6733935307405736,2.6941555438659655,2.6978789284418228,2.5829094904750156,2.6412292923718104,2.3656495871998393,2.526420672923929,2.339040792919335,2.5119846214324886
2022-07-07,2.7045507289453146,2.7181713106973406,2.7256378806590815,2.605933607330861,2.668405366490199,2.3855163772040013,2.551762695274373,2.3609220108058815,2.538380576670268
2022-07-08,2.7166087742626934,2.737489313896475,2.74138166968875,2.6244539388364694,2.683818569921866,2.4007642734628227,2.5655955681089697,2.379433627505924,2.55397332883755
2022-07-11,2.7576003957610147,2.781344952471142,2.784018775804729,2.666498706943216,2.7255603888108744,2.435703587996808,2.6036234782209102,2.4153596102558272,2.5925227261847383
2022-07-12,2.7178499636268834,2.743704661460765,2.7451110472642384,2.6304126446160803,2.6874696386154433,2.4053863254298267,2.5686449155313,2.3847741632000825,2.557417516318826
2022-07-13,2.7237140055770768,2.7417013390874954,2.7470810142880078,2.6284920426737832,2.6893982405824675,2.406529698697892,2.5720322705782084,2.3890355902509137,2.5624621241301964
2022-07-14,2.723588708738944,2.7404926015572397,2.746414522026047,2.6273332158772016,2.6887457432198647,2.402855035809679,2.570016142077133,2.3809039337117865,2.5580493308783483
2022-07-15,2.7170644652311506,2.723740039278589,2.73475284907034,2.6112723940743114,2.6773289402329112,2.387926708415425,2.5589754731320755,2.3679069757012585,2.5480165753957915
2022-07-19,2.733959425663741,2.7530421521336192,2.757927071077107,2.6393645751499535,2.700016553582392,2.4107113193502503,2.5791134845480177,2.3864806053442202,2.5659215752765325
2022-07-20,2.784902121931261,2.80428816095758,2.8092902901785597,2.6884945531282995,2.7503012559132047,2.4501626481015952,2.6242590763140763,2.427382940518741,2.611824075217174
2022-07-21,2.7852517007098703,2.8002783092970023,2.8074667772916113,2.6846502747483507,2.748516032862144,2.448027577229598,2.6232877876748706,2.4233980112066087,2.6098552247343485
2022-07-22,2.784110795092142,2.7913366351470263,2.8024280051080446,2.6760778168309556,2.743583064021874,2.443359923802641,2.6202616740249347,2.412457400040334,2.6034599619454584
2022-07-25,2.7761299083971314,2.786196497860764,2.795822206976597,2.671149924152577,2.7371159733973327,2.4400174204159097,2.6147002747021566,2.41052027060499,2.598662392741319
2022-07-26,2.781944659239753,2.8074823050799984,2.8093862628413895,2.69155680585774,2.750395213357203,2.453442136660254,2.624604097058619,2.422835515499211,2.6079958564145564
2022-07-27,2.7843694188539323,2.8086155548785503,2.8111794958161305,2.6926432619335308,2.7521507923088753,2.4552455551831347,2.6267133213026748,2.422266613003359,2.608833753432848
2022-07-28,2.7940203967769754,2.8224176107785306,2.8229524638566827,2.7058754085530135,2.7636765534240424,2.4638591940809786,2.635872928270863,2.439215531266164,2.6224556679780213
2022-07-29,2.7849582903490098,2.814749097275552,2.8145377397372022,2.6985235404139316,2.7554385203539535,2.458113384628926,2.6285194620684984,2.4322403792076996,2.614451253381827
2022-08-01,2.8115528330843826,2.8436090649621213,2.8424065922403323,2.7261918332124524,2.782722187089351,2.4806685308309997,2.6531304032886607,2.45109597429568,2.637076990892992
2022-08-02,2.7601113166559075,2.7890867108583053,2.7891539272943655,2.673920795566383,2.730587713199752,2.4323562666501277,2.60302340854264,2.4033596504897843,2.587273180735851
2022-08-03,2.7586403052184525,2.780587147335867,2.784162365531513,2.665772192811436,2.7257009634632308,2.432909246012218,2.6026250582183277,2.4039060376718857,2.5868772407273024
2022-08-04,2.747746880791068,2.7503947244223617,2.763566053783009,2.6368264640240677,2.7055371298191506,2.408867240411689,2.5846285206284425,2.3801506417336347,2.56898959557605
2022-08-05,2.767235756330711,2.7543783895663974,2.775408416533514,2.6406456371712275,2.7171308285051,2.4184262250793953,2.5989356628488647,2.3895956717915277,2.5832101689440767
2022-08-08,2.7803225258182933,2.787921955094491,2.798788298370967,2.67280413445775,2.7400197832725914,2.436924836173075,2.6150026866928235,2.4078737571617608,2.59917997534278
2022-08-09,2.766289552298235,2.7777771921417678,2.786624576712366,2.6630782652261584,2.7281114735221945,2.426639215682868,2.6028812071388914,2.3977107536555105,2.5871318397563674
2022-08-10,2.7712523325808935,2.7925604785262195,2.7965217149325983,2.677251125731465,2.737800793195642,2.4345417433682495,2.6094487434487896,2.4055190736932994,2.5936596375865153
2022-08-12,2.8208147345977097,2.8375081590139386,2.844039199651947,2.72034284356895,2.7843205132681286,2.477502908775435,2.655807562341086,2.447968090267605,2.639737951141821
2022-08-15,2.832511367892944,2.837696583553485,2.850045867695804,2.7205234877535593,2.7902010542441285,2.480569565463859,2.662966273090362,2.450998188714907,2.64685334636626
2022-08-16,2.825575467607557,2.8275090946943293,2.8414482700961505,2.71075665683753,2.7817839876423496,2.4719655379389756,2.6550926315534666,2.4424967315605706,2.6390273462172478
2022-08-17,2.860471405688023,2.8613320194515137,2.875992022826943,2.743182978157343,2.8156023961035896,2.5048263371953996,2.689130140137406,2.47496579051323,2.672858902556419
2022-08-18,2.840571451417586,2.8492846558202554,2.8599117208367093,2.731633069716003,2.799859745757408,2.4924035616252125,2.673097595899444,2.462691109389483,2.6569233671364496
2022-08-19,2.8479416010019194,2.861836893833516,2.869910700382703,2.743667005457007,2.8096487683085267,2.5022188616422296,2.6818238692668115,2.4723893992090247,2.665596840059154
2022-08-22,2.852364718996166,2.8785378125221794,2.880493457051974,2.7596783161175273,2.820009309922996,2.5139536869355306,2.690186142540751,2.4839843312517345,2.673908515359747
2022-08-23,2.8316936337200214,2.862506903846921,2.862032428129326,2.744309349669938,2.8019359227728975,2.4982011320900153,2.6720091215850776,2.4684195658319146,2.6558414789013165
2022-08-24,2.833693553019415,2.879619381568363,2.871595981954154,2.7607152254230614,2.8112986626034426,2.5095947650715233,2.6790456090414247,2.47967737298611,2.6628353903746613
2022-08-25,2.8452818213542814,2.8856247846403256,2.880455132281254,2.766472655659046,2.8199717898897645,2.5189061132738684,2.6894926088575613,2.488877718703556,2.673219178071206
2022-08-26,2.8483555118133075,2.884149167419213,2.881271346114636,2.765057969067027,2.8207708649938548,2.5197476023929046,2.691392853248575,2.489709176258827,2.675107924570211
2022-08-29,2.8114641751291143,2.8628661675837126,2.8519862564996625,2.744653778824169,2.792100699070036,2.495595108260717,2.6610707260983846,2.4658446089452837,2.6449692688435333
2022-08-30,2.8487532147323726,2.9031416200699867,2.8909645904247414,2.7832661925345885,2.83026057208933,2.530627943018475,2.6973988836987894,2.5004598101201623,2.681077614068786
2022-08-31,2.834759354512314,2.8756805969853696,2.870166171213869,2.7569390796457642,2.809898874803488,2.512002432505047,2.680836009505175,2.4820563381240985,2.664614957583867
2022-09-01,2.7973178051758913,2.8347444556270283,2.830786685693461,2.7176932579787034,2.77134627350677,2.4728729475906728,2.642245067963565,2.4433933237963608,2.6262575199433607
2022-09-02,2.7889713841892,2.8208995761489746,2.8196507693952007,2.704420056036163,2.7604441874219234,2.4658291345919414,2.634540075432146,2.436433481531946,2.618599148347897
2022-09-05,2.7864886012621777,2.827036098380307,2.8214585024566317,2.7103031913087,2.762213961989753,2.467233398353004,2.6341177243517344,2.437821004777721,2.6181793528056754
2022-09-06,2.783454537724245,2.821535224976021,2.8171767233198075,2.705029457891867,2.7580220909756683,2.4629234305774803,2.6303822079591774,2.433562417008886,2.6144664390658514
2022-09-07,2.769184024221445,2.7984131292933094,2.7984111891257344,2.6828621110530695,2.7396505925077896,2.448091878485722,2.6157188052032674,2.418907674880768,2.5998917608035708
2022-09-08,2.819437314747091,2.8373339488438862,2.843271705313551,2.7201758268194567,2.7835691346547544,2.4853935941985124,2.6593808173395908,2.455764709217118,2.6432895852897205
2022-09-09,2.8345273821701413,2.8586876332290805,2.86156894814652,2.7406477829322737,2.801482174869643,2.5019759260162435,2.6753666276713264,2.4721493596682853,2.659178669578358
2022-09-12,2.8508445758398757,2.863420956141448,2.8721885168043038,2.74518565926227,2.8118787555002984,2.508109978537406,2.686350035857541,2.4782102868957145,2.6700956199753496
2022-09-13,2.861269406102946,2.8745806860739425,2.8830353711253367,2.7558845858403607,2.8224978492857073,2.5156426251619006,2.695297780865511,2.4856531353003364,2.678989224470495
2022-09-14,2.8157549924642895,2.8338138466999534,2.839650921604146,2.7168010754040437,2.7800243795903956,2.4828946967596375,2.656306697205236,2.453295601645318,2.640234065868776
2022-09-15,2.8203854720171466,2.835571630322365,2.842871527108019,2.7184862772888665,2.783177359328043,2.485572367361108,2.6599241236959554,2.455941351188307,2.643829604238507
2022-09-16,2.813210588961647,2.829237638952421,2.8360785891218767,2.7124138266988242,2.776527058381949,2.4863914079002924,2.6569731255308318,2.456750627777835,2.6408964618072988
2022-09-20,2.822722383369814,2.838920636299515,2.845726128034263,2.721696997375809,2.7859720197944347,2.4950650416645983,2.6660992280816136,2.4653208613813886,2.649967344649456
2022-09-21,2.790607153701201,2.8070048923517255,2.813540797576404,2.69109910627557,2.7544625118273514,2.471269441197015,2.6382190819050075,2.4418089331301345,2.622255894095074
2022-09-22,2.7858294522046165,2.8097462821888493,2.8124921463087666,2.6937272996787014,2.7534358799735763,2.4686101907895375,2.6345419660721263,2.439181384190241,2.6186010275480998
2022-09-26,2.7067334228977424,2.7061827270710923,2.720761472507095,2.59444005177276,2.6636313523871924,2.3826419184779803,2.551258136568952,2.354237957222421,2.535821127161733
2022-09-27,2.7171265277094587,2.7130628054057446,2.7294554360609284,2.601036040510769,2.67214276146605,2.390045610550631,2.560122004764583,2.361553388368766,2.5446313623616437
2022-09-28,2.6880535112839894,2.691102776388663,2.7037803192637475,2.5799827767196457,2.6470067667203745,2.367587660147973,2.5343932750271074,2.339363163782635,2.5190583105766655
2022-09-29,2.7383510386451086,2.7390069204491145,2.7531486096630315,2.625908880952393,2.6953384295471476,2.41112708415488,2.581408650259154,2.382383545417715,2.565789207817505
2022-09-30,2.6989237031955313,2.6951873645935396,2.7113198868708164,2.583898705650727,2.654388019676418,2.3736054771983537,2.5427420646019443,2.3453092412060847,2.5273565837645644
2022-10-03,2.7074112775839763,2.701684993642419,2.718872591276638,2.590559944775156,2.662004006207845,2.377028399199777,2.5485946618710917,2.3486942937971853,2.533177778215761
2022-10-04,2.7948610977557626,2.7771506557533225,2.8007554825333676,2.685496592617293,2.7537730198682366,2.4446508739149344,2.626006294523394,2.4276387479048944,2.616661465311047
2022-10-05,2.799588339923734,2.780720114208941,2.8049251928903987,2.6892718617230997,2.7580366924522473,2.4475594016269406,2.629790493650527,2.429062605183999,2.6196408259438995
2022-10-06,2.8089881133957104,2.791566315132294,2.815102576886579,2.7032621649760675,2.7698458234077554,2.456912223662212,2.6392286245762766,2.4403608955732623,2.630131124890242
2022-10-07,2.7843802542987883,2.7735286241523798,2.7936703393375324,2.6803117421140112,2.745956566968331,2.4399560107922564,2.618556414062732,2.4225094053210103,2.608992167965695
2022-10-11,2.748089541837047,2.746331245520459,2.7617629666237464,2.646294048884429,2.7106376079772208,2.4148553383285245,2.58801928443307,2.398909575259554,2.5792877771036307
2022-10-12,2.7434495247157056,2.740100024884115,2.75629770551683,2.638324451865636,2.7042618156315643,2.409652965076327,2.5830464355548717,2.39514662906539,2.575087813379939
2022-10-13,2.7211977342357376,2.7252060433784786,2.7376303438348497,2.6180513036066677,2.682906391199108,2.3945844214255096,2.5644951134690195,2.3765754092721827,2.554662948056326
2022-10-14,2.778978070325466,2.775394429514724,2.7918966504163807,2.6789300512068217,2.7425908782532327,2.4382467371591154,2.615097446249959,2.427117496170797,2.6089499246683134
2022-10-17,2.753724039668743,2.7477557628910056,2.7653089317674926,2.6430806434767207,2.711756594139947,2.4140756025643526,2.5902532663710485,2.4044096128201344,2.584889749198748
2022-10-18,2.776885700891057,2.767151572477487,2.7866983886239107,2.6662037486489814,2.7350236014001448,2.4308729406923253,2.610159623991406,2.4256674798642273,2.6071891108617864
2022-10-19,2.7853810002878725,2.768028810793003,2.7914054295121633,2.6675118470684414,2.7398720987448426,2.4330848315138662,2.615343875754758,2.429007286952098,2.6129644760082718
2022-10-20,2.773585089329978,2.7625930041512374,2.782747312057575,2.660629481969189,2.730536975052377,2.427224493835509,2.606650235062088,2.4245632490487194,2.6050495267628
2022-10-21,2.749819565874962,2.746973328564123,2.762954724433448,2.641653228608516,2.7091037086304217,2.412604145082309,2.5876267163222906,2.4056777368998836,2.58374701297002
2022-10-24,2.7494278007363744,2.742274252720548,2.7603935274045086,2.640069215032152,2.7080972620597477,2.4116632843503143,2.5869379396987338,2.404924005519175,2.5831572688271414
2022-10-25,2.774910928049097,2.7684050777449483,2.7863375622020463,2.670589041343622,2.736305891404404,2.432940478313988,2.610338540528372,2.430364666124949,2.6087983356501976
2022-10-26,2.785574646094612,2.780032571131338,2.7975427252674936,2.6822895001087383,2.7475598979250324,2.4412545816963718,2.6198147272650694,2.4361964802435807,2.616932010280701
2022-10-27,2.7699534675288735,2.7772631494194884,2.7883055512131234,2.675910075036498,2.7366026233209686,2.434999439842067,2.6091089978400803,2.4211819688747496,2.6015271358413705
2022-10-28,2.7616631463515575,2.7686754417032144,2.7798216723446463,2.663659114673135,2.7262325707197568,2.42679901584062,2.600810840060711,2.4122227136565466,2.5928172440203436
2022-10-31,2.7986275884533978,2.7979605867509094,2.8131178601230493,2.6979591513091825,2.7620278098357676,2.452173433759332,2.6318118257968566,2.444257403103423,2.627385518218914
2022-11-01,2.8123445502644486,2.810981381883971,2.826557492561912,2.724454240098593,2.7823837332448798,2.469168791402357,2.647380742014464,2.461185614938067,2.6429307359448653
2022-11-02,2.8176425658968642,2.8168691048480996,2.8321800617574,2.7301607281947167,2.7879184322947794,2.4768556051518624,2.653995171160069,2.4688475761174185,2.6495340468371045
2022-11-04,2.788876643365541,2.788814209717913,2.803619236352975,2.702969413984827,2.7598039586913106,2.4577789764723206,2.630229130844539,2.449832624911536,2.6258079550722218
2022-11-07,2.81400115331866,2.8079647732372166,2.825873318048379,2.7215304881764584,2.7817102510878158,2.4766257623967896,2.652158046299872,2.468618476476903,2.647700010016587
2022-11-08,2.843732093570218,2.834555655354536,2.854183028126671,2.747302854368346,2.8095775338237936,2.499658678203077,2.6784992087629425,2.4915769235664267,2.6739968953830613
2022-11-09,2.8319085279346323,2.8053572853902713,2.8335612870487497,2.7190032635685695,2.78927807164148,2.484006898948409,2.6645434713909957,2.475975748756544,2.6600646163354216
2022-11-10,2.817794534821161,2.7895925013706293,2.818542556413259,2.7037237483987586,2.774494055422408,2.47478284997115,2.6529555205844195,2.4667815224511727,2.648496143819446
2022-11-11,2.854008760956228,2.8096796839005282,2.8468404231220528,2.7231926107569073,2.8023496798784016,2.493195382827604,2.679871251550377,2.485134524950909,2.6753666318914497
2022-11-14,2.821435164663355,2.772355118431872,2.811705621729234,2.6870169635945755,2.7677639691248017,2.4613510387132695,2.6474684359364753,2.4533931381634857,2.643018282461375
2022-11-15,2.8343494288468505,2.7864359089416726,2.825274793925168,2.700664321650948,2.781121080767115,2.4778762435053676,2.662405766466431,2.4698649146008993,2.6579305046982666
2022-11-16,2.831358414774722,2.7833487880534826,2.822219615373957,2.697672227982974,2.7781136488909133,2.4783301979134555,2.6612413407027176,2.470317401309347,2.656768036228279
2022-11-17,2.8405995804866326,2.7986356092291462,2.8345493135769924,2.7124884928782445,2.7902506571796954,2.487898308374164,2.670720237664818,2.4798545766980977,2.6662310000273304
2022-11-18,2.8456716640506157,2.800783902689516,2.838178270684742,2.7145706579415925,2.7938229005364343,2.4899829328811793,2.674225063752084,2.4819324613154143,2.669729934820944
2022-11-21,2.855394878610377,2.803863417887918,2.844612737058851,2.717555380036803,2.800156808344269,2.4978938184567956,2.683042429916114,2.4898177698645596,2.678532479794986
2022-11-22,2.8921788212428,2.842875769412593,2.8827119198605184,2.7553668601172516,2.8376605728196913,2.5344317299823005,2.7199430979997037,2.5262375490872584,2.71537112121413
2022-11-24,2.925172914626995,2.8647823685300327,2.91030633242607,2.776599134096828,2.8648237367931397,2.565133929521492,2.7519315402428592,2.5568404840165875,2.7473057937973797
2022-11-25,2.9311998562284307,2.871159157461694,2.91654109449943,2.782779633816621,2.8709610613015633,2.5713211286349438,2.758085129484915,2.5630076790288556,2.7534490394160036
2022-11-28,2.9083299932304083,2.8532428167121164,2.896040564415714,2.7654147907632947,2.850780915814365,2.5514804771588726,2.736684613211098,2.543231175221608,2.732084495462223
2022-11-29,2.899452010182233,2.850585307679508,2.8902430218859143,2.762839084713211,2.8450739779331586,2.5490923136495147,2.731225735335817,2.540850732987032,2.726634793463798
2022-11-30,2.8892415631329844,2.846405924376935,2.883010726759394,2.758788350463217,2.837954709930647,2.5425891085341474,2.7229336825462322,2.5343685536655265,2.7183566788602316
2022-12-01,2.879792746020835,2.838251504811516,2.874171106908747,2.7508849388277907,2.829253236656096,2.531222829816396,2.712393128464832,2.5230390237553344,2.7078338424908686
2022-12-02,2.8339018766853963,2.7839223171747647,2.823762087599776,2.698228102830231,2.7796320151868015,2.487657354701694,2.667439670125897,2.479614402063372,2.662955946823854
2022-12-05,2.825799039795784,2.782673883494303,2.8190864612821724,2.6970180982189818,2.775029460084679,2.482778593683656,2.661009779522662,2.4747514147786935,2.6565368642814913
2022-12-06,2.8333659423800683,2.7869564291122555,2.8250308986748385,2.70116881925984,2.780880997139266,2.4879968061211404,2.6673691533442856,2.4799527559877457,2.6628855485745344
2022-12-07,2.8377603092924466,2.785542662518751,2.8265079637267347,2.6997985709846266,2.7823349784519245,2.49364345706026,2.6724640193993903,2.485581150495374,2.667971850623522
2022-12-08,2.8302900532590725,2.7815530453278376,2.8207600730747897,2.695931761498728,2.776676916483425,2.48886015086208,2.6663831770240978,2.480813309411445,2.6619012295908
2022-12-09,2.852389622953275,2.796078345655508,2.8391428505683307,2.7100099465487846,2.7947724058568,2.50155643590529,2.6835931542397935,2.493468545546093,2.6790822784012036
2022-12-12,2.8464295829502473,2.788641908704822,2.8324033733258096,2.702802416711663,2.7881382539248083,2.496935429780071,2.6783104844548453,2.488862479795736,2.673808488303349
2022-12-13,2.859117919951041,2.80717670237821,2.8481198381214776,2.72076667557807,2.8036091000359016,2.5118047216045425,2.6922526473563186,2.503683697069392,2.687727215697964
2022-12-14,2.874312315078781,2.8249090735876092,2.864680597168143,2.737953212009724,2.8199110456722045,2.522450269062613,2.70511197414515,2.5142948259473266,2.700564927128886
2022-12-15,2.876354547819461,2.832882528449446,2.8697369018334244,2.7456812293657147,2.824888329837848,2.5306758697148264,2.710480904790347,2.5224938320541366,2.705924833090335
2022-12-16,2.847337397409939,2.8031573375371273,2.8402059591867137,2.716871034129014,2.795818900093781,2.5083329345990513,2.684844642654296,2.500223134848698,2.6803316631775886
2022-12-19,2.825476410599998,2.7744963229867836,2.814784935615281,2.6890922579619247,2.7707951591461026,2.489452940232938,2.664433870836558,2.481404182209337,2.6599552000095406
2022-12-20,2.7939795215926866,2.7406200467225537,2.781914734229818,2.656258755363279,2.738438656975506,2.4750520218001597,2.641885041991046,2.4670498240090937,2.637444273692982
2022-12-21,2.7794603569901124,2.7253854859459627,2.766955642172338,2.6414931421965333,2.7237133472960204,2.4706974349037747,2.6327143207873718,2.462709316116033,2.628288967636956
2022-12-22,2.802468681166837,2.746598060632106,2.789177862627362,2.6620527550845905,2.7455882763832045,2.4922597332097345,2.6551025583482364,2.4842019004223057,2.6506395726082
2022-12-23,2.7944314794906377,2.7344525091167267,2.7790174764869175,2.6502810658312685,2.73558667790341,2.488995278946826,2.649568502446047,2.4809480006077327,2.6451148189502867
2022-12-26,2.8015418059331245,2.748513536341699,2.7896851882297806,2.663909268952821,2.7460876734438844,2.494421778662983,2.655824456004588,2.486356955672844,2.6513602568202965
2022-12-27,2.8159503684290903,2.7622188965016985,2.803814810449881,2.677192753091362,2.75999647633417,2.512565616790068,2.672331193815793,2.504442132171768,2.6678392483076414
2022-12-28,2.8179639618047694,2.7611580479701088,2.804282504700731,2.6761645594154384,2.760456861406514,2.511604301745999,2.672764406159201,2.5034839251969654,2.66827173246053
2022-12-29,2.799165600307177,2.7455370562873957,2.786992330203944,2.661024410391759,2.743436899707018,2.4922109392637757,2.6535208772279404,2.4841532642341644,2.649060550149907
2022-12-30,2.795018795679006,2.7360966569275544,2.7801430390252113,2.6518746037690963,2.736694650023397,2.488442629408187,2.6495489879750496,2.4803971378642307,2.6450953372813393
2023-01-04,2.7528982703633673,2.674119236521355,2.7277930961015318,2.5922091883510197,2.6853631592019553,2.4494306945149917,2.6088197126533887,2.4417422957673955,2.6045574786323926
2023-01-05,2.74833524322806,2.662420169844533,2.719565446045981,2.5777575333969707,2.675652120797796,2.440626268994563,2.601968933816504,2.430415169786859,2.5963576962212267
2023-01-06,2.7544990797626423,2.662949113388446,2.7228890387713443,2.582551977953547,2.6811418014884083,2.447675611105127,2.6086435815587263,2.4380705234315867,2.6033564503601387
2023-01-10,2.761235758823367,2.665209417748913,2.727379496730464,2.5816286039483427,2.6839492294291016,2.4538533005975154,2.615125473782906,2.4445767383157233,2.6100133102409453
2023-01-11,2.784842081498571,2.6873051128493457,2.7503446141900314,2.6036819494150367,2.7068857599761342,2.475611805255396,2.6378980780911365,2.4660402497078238,2.6326278028222045
2023-01-12,2.7937630130024718,2.7118411772954647,2.7672786738275055,2.628533816515849,2.724109273479768,2.495256933841415,2.652586833100296,2.4836275260477296,2.646227912236566
2023-01-13,2.7928123409749954,2.7244274583387873,2.7732271266005797,2.6404646646385665,2.7298253969098725,2.5033406230440387,2.656441229727135,2.492542250959323,2.650532768885148
2023-01-15,2.7927555345633595,2.72438156530265,2.773175575327551,2.640411414129674,2.729770108438831,2.5032945815724434,2.6563897943231884,2.4924916311601684,2.6504788986333594
2023-01-16,2.7706979082513197,2.696003350013183,2.74777343412807,2.6126658358342323,2.7046405346507245,2.479071093285631,2.6330383187490014,2.4669273233331728,2.626409909629472
2023-01-17,2.790068397289508,2.7064936227052097,2.7627207682831334,2.6217691785444623,2.718803418011607,2.4907527565079386,2.648437571604734,2.478468416963885,2.6417285881122408
2023-01-18,2.8319177204547215,2.7332828809412044,2.7971180873092716,2.6596540727890146,2.758837913510529,2.5231916257126956,2.6855419616807064,2.5150339858431514,2.6810275967623918
2023-01-19,2.803744542247528,2.706495576099266,2.7694974769667624,2.628601115583927,2.7290124616002247,2.497929777945654,2.658739781380096,2.489865599794792,2.654276761938209
2023-01-20,2.827574603363856,2.7259059363676084,2.791203826547395,2.6506820945274394,2.752072430209566,2.5201873431661275,2.6818841676861074,2.5151483395145964,2.6790340427168213
2023-01-23,2.850153887971468,2.74283118745123,2.811022996473979,2.670021082967728,2.773102089301263,2.538881952401389,2.7025384946261464,2.534335267722104,2.6999484946139125
2023-01-24,2.883658073808635,2.776302271452848,2.8446937691153287,2.706238609698848,2.808202735996672,2.5647661849544554,2.7321981164132048,2.561728277965483,2.730407682719211
2023-01-25,2.8982400979952243,2.781935455184815,2.8547914158896464,2.7142581016947376,2.8194687230625335,2.5777575509607518,2.7460259076827263,2.576070530967616,2.744955112973942
2023-01-26,2.895960386698425,2.7787617750064846,2.8520432646904976,2.70970065147728,2.815996217097025,2.574845532501687,2.7433949542470906,2.571794879319021,2.741596302925817
2023-01-27,2.9020862018053246,2.795761173143074,2.8637485415799486,2.721725884998698,2.825212671226386,2.5840912842120023,2.7512212532719977,2.5788107642689124,2.7482360165408224
2023-01-30,2.8975275628067862,2.7907265451111285,2.858922167889531,2.713839690990925,2.818904472172758,2.5754555687916105,2.744462397862705,2.5711420012090715,2.7419894611052036
2023-01-31,2.8933171167449623,2.776533631228871,2.8495972493233923,2.692320819431926,2.805704806965267,2.5622104194374695,2.7354138380340776,2.558764924265773,2.7333964889546998
2023-02-01,2.8867677969254717,2.7744948714327062,2.84532575430733,2.68981552347284,2.801232757824375,2.560720429322744,2.731517119738631,2.5551655787926704,2.7283842647130534
2023-02-02,2.8666133037776866,2.7481072733846346,2.821862547963985,2.664233291698804,2.7781331524055326,2.5398120210927195,2.7108303427472893,2.534302526190386,2.7077212139772753
2023-02-03,2.861096227741972,2.74260216943672,2.816320788469373,2.6588962070244375,2.7726772715775496,2.5361795002183336,2.7062827565719414,2.530677885172885,2.703178843558439
2023-02-06,2.8842118954348357,2.7648547092660776,2.8391230153188087,2.6804695851863496,2.7951261404655097,2.5554250679327497,2.727483619798493,2.5498817043813746,2.7243553909092357
2023-02-07,2.887090065519337,2.7704289816387084,2.843399730846518,2.685873727221121,2.799336581260902,2.558839018703048,2.7306661390971754,2.553288249428647,2.727534260085608
2023-02-08,2.89100044103323,2.77361036835274,2.8469581528244308,2.6889580159893876,2.8028398596449677,2.5645221764481767,2.7355472851023106,2.558959078966662,2.7324098077649333
2023-02-09,2.893206270183181,2.7827182493334255,2.852715433464642,2.697787918650242,2.80850792176437,2.5690485455376675,2.739005020797214,2.563475629216326,2.7358635776839786
2023-02-10,2.8949223025804227,2.7957148636691658,2.860225336433398,2.710387868051054,2.8159014464503622,2.576903677403662,2.7440064222178426,2.5713137213137816,2.7408592428544254
2023-02-13,2.892626996934743,2.7968119844487997,2.859656723903934,2.7114515040067624,2.815341645506083,2.5750507715678697,2.7419322441740075,2.569464834899573,2.7387874437446493
2023-02-14,2.918062272350487,2.8223414275403673,2.8852823847668003,2.7362017722593235,2.8405701946594766,2.5989035478333107,2.7666877885438272,2.5932658684580145,2.7635145952733517
2023-02-15,2.912983910775397,2.8264113891705964,2.8848665885399662,2.7401475160722417,2.8401608418781916,2.598644048122549,2.7641467611669985,2.5930069316677846,2.76097648227342
2023-02-16,2.929569130840188,2.8373990952158166,2.8986742581870013,2.7507998703411567,2.8537545390026557,2.6110960522336386,2.778634661973428,2.605431924231325,2.7754477664924875
2023-02-17,2.92470095356774,2.8425327086809005,2.898907448478229,2.7557768026584837,2.853984115627267,2.6124657185642075,2.7770619895195146,2.606798619409067,2.773876897781544
2023-02-20,2.9426023002194164,2.8604266553228643,2.9169050103585628,2.773124614668997,2.8717027757222815,2.6276833880007846,2.7936476286916148,2.6219832778702292,2.790443514410217
2023-02-21,2.946517141157176,2.8670234912344585,2.922216954590405,2.7795201109532077,2.876932402652501,2.6307349385337164,2.797127321354222,2.6250282088179455,2.7939192161138924
2023-02-22,2.9179390728609906,2.8422884948211147,2.8954498202078653,2.7555400423610097,2.8505800689866816,2.6092907623798234,2.77216951569905,2.603630550507981,2.7689900352790846
2023-02-24,2.930845982621529,2.841117649996621,2.901210262344356,2.7544049324651767,2.8562512436097847,2.6099147759781607,2.7786087203368783,2.604253210462934,2.775421854609142
2023-02-27,2.9429282403594526,2.858381332056061,2.916016871394272,2.7711417159690517,2.8708283999301583,2.6210978717636135,2.790289453452334,2.615412047284058,2.787089190758062
2023-02-28,2.9378011739116014,2.845105117458389,2.9066825664397564,2.7582706998841187,2.8616387453640586,2.6126614605252434,2.78336423292061,2.606993936756263,2.7801719129596236
2023-03-01,2.9469852523646085,2.8678896025790914,2.9228881034285545,2.7803597880287847,2.87759315093693,2.6216610049786397,2.792513137026814,2.6157149133680013,2.789175349713818
2023-03-02,2.9429473227581133,2.867661829215192,2.9207695767352377,2.780138966452808,2.8755074542947585,2.621594723933173,2.7905647000229314,2.6141974567495305,2.7864554565081514
2023-03-03,2.976164907239838,2.904188841113201,2.95585631230738,2.8155511507177606,2.9100504632634223,2.6525214374569357,2.8227740040431533,2.6458924992846002,2.8190732998593493
2023-03-06,2.9937381016357203,2.9263132024313863,2.975845386427193,2.837000262458179,2.9297297738443757,2.667339239879287,2.8389917692273205,2.6606478915029443,2.835256324286373
2023-03-07,3.0109041412461153,2.9525654734669917,2.997736083810177,2.862451297486232,2.9512812389123058,2.685766985054998,2.8569392282520054,2.680752390480861,2.8540985884833954
2023-03-08,3.019801997327607,2.9527415521838494,3.0022383612132657,2.862622002168671,2.9557137461312952,2.6887747316183113,2.8627568366816916,2.683590101127467,2.8598222245105305
2023-03-09,3.0507678625633834,2.9889493937510467,3.036045797598297,2.89772475738429,2.9889972807552128,2.7172690338899295,2.892603830215128,2.715452074286098,2.891463497870967
2023-03-10,2.9960294537514858,2.916962247852861,2.97221655390973,2.827934704960277,2.9261571760477305,2.664233795876942,2.8384234803910893,2.6548420559723214,2.8332452258592626
2023-03-13,2.9500168775839835,2.8588433076987156,2.9197816320309515,2.771589591821292,2.8745348194165286,2.620900057581934,2.793544226343096,2.6033530853211673,2.7840191914664927
2023-03-14,2.869738289828721,2.7524374252818156,2.825747320171146,2.668431284606254,2.7819577236859603,2.547237651729625,2.7162774425599556,2.5170726413173288,2.7000282866989296
2023-03-15,2.8943910676170836,2.793727366176561,2.859013803759385,2.7084610302459033,2.814708688465277,2.575529902970708,2.7430257396209665,2.550595583287128,2.7295676057694176
2023-03-16,2.8505428734373917,2.7233033345065008,2.8013816886925507,2.640186384809686,2.757969677691721,2.52832894788325,2.697112330827916,2.4945041023861747,2.678911949223625
2023-03-17,2.8716487360529546,2.7399830639598433,2.820348131100496,2.6563570383123754,2.7766422039190246,2.5466192391643423,2.7168532386683304,2.5130201333209436,2.6987717334973405
2023-03-20,2.825105455087786,2.697360785689749,2.7755469499154453,2.615035619081394,2.732535290629815,2.509714094201834,2.675146311718962,2.471926320913879,2.6548368114167507
2023-03-22,2.8698537307194627,2.7421845230742448,2.8205798058314238,2.6584913074945526,2.776870288469433,2.5476856851689083,2.7165707532327006,2.5163995614201897,2.6997240587316873
2023-03-23,2.864876866003649,2.738704234025525,2.8163382052180994,2.6551172390809445,2.772694418425145,2.5410090688567606,2.71065689325607,2.5077043116624647,2.692732944486735
2023-03-24,2.8607614952327225,2.7282632726864153,2.808976749667216,2.6449949425219983,2.765447040720436,2.535420641157701,2.7057307544073304,2.499965171194016,2.686659267593859
2023-03-27,2.8719967532111337,2.7384976423032654,2.819763762783928,2.6549169526694336,2.776066891349444,2.5455405180650565,2.716443615875512,2.5104669307052085,2.6975751652024984
2023-03-28,2.8827139543094424,2.758062275182409,2.835048461963164,2.6738844605106693,2.791114729007242,2.5582408954852434,2.728285361516151,2.5250394677815162,2.7104162702887287
2023-03-29,2.924045375631503,2.793591749976838,2.873650609407567,2.708329553138843,2.8291186727665574,2.5877869893396936,2.7636036355508558,2.5571843805026986,2.747113637276021
2023-03-30,2.9400617757037577,2.812165195969604,2.891058145004642,2.726336125747834,2.8462564500047884,2.6028430675653644,2.7792107068642657,2.5733040058236285,2.7632872983318166
2023-03-31,2.966338798573926,2.853611457531787,2.9252097697452735,2.766517421048736,2.87987883922035,2.6327032742043848,2.807563626514258,2.605568702105612,2.7929244081427655
2023-04-03,2.994770678862847,2.881220594778968,2.9533780919348445,2.7932839098686673,2.9076106469864476,2.6526699262557814,2.8316712522361542,2.6285948311999796,2.8186714303132065
2023-04-04,3.004958759020469,2.886243834172606,2.960976245001896,2.798153836801403,2.9150910541904973,2.6600717848960485,2.840438530579689,2.6359295120701858,2.8273984592608676
2023-04-05,2.9444780448383208,2.8220194073126317,2.898237424653999,2.7358895802937315,2.85332447492282,2.6042838317386656,2.7820688526237976,2.580647879077984,2.7692967486470637
2023-04-06,2.9190143310803416,2.7927881916963,2.8706999005341354,2.7075505199680623,2.8262136899741486,2.5879267462264206,2.7612999623623824,2.564439247161358,2.7486232055678905
2023-04-07,2.92009839646813,2.803688899994239,2.876821294670115,2.7181185317162706,2.8322402230525854,2.5909930118912023,2.763449063342863,2.567477684019919,2.7507624403147752
2023-04-10,2.938896362424282,2.8208690487975963,2.894895573309445,2.734774331452163,2.850034411054395,2.6085259282117175,2.781694180456673,2.584851475142518,2.768923796549473
2023-04-11,2.961249962688121,2.84839152543692,2.920023767708248,2.7614568046011017,2.8747732028037576,2.6268180399667167,2.802025505150568,2.602977571395583,2.789161782865804
2023-04-12,2.9836830567951957,2.8758876141097165,2.945177635247426,2.7881136951610332,2.8995372698460122,2.6485204237832143,2.8242146101625205,2.624482988771534,2.811249020680582
2023-04-13,2.984326686977119,2.8705089094687795,2.9427382976773213,2.7828991520064097,2.897135733818573,2.6478450877083204,2.8241584449810344,2.623813781910093,2.811193113345891
2023-04-14,3.000898810246898,2.8903947488994386,2.961101763420699,2.802178062970932,2.9152146274952155,2.664687006640649,2.8409824391780814,2.640502846996866,2.827939870848028
2023-04-17,3.01084981983227,2.9020020583882977,2.9719575005631533,2.8134311099923397,2.925902137158297,2.673699315211733,2.8504971991249186,2.6494333616804506,2.8374109498114706
2023-04-18,3.028091284233672,2.9205240044546548,2.9899519857782133,2.831387754485428,2.94361776826602,2.6926191038591725,2.868746679110179,2.6681814381575917,2.855576648888263
2023-04-19,3.0319067358271288,2.9317774236760874,2.9976009690445147,2.8422977121954327,2.951148217971885,2.699691698848839,2.8743254332038077,2.67518984370741,2.8611297916720644
2023-04-20,3.0297845649740656,2.929439480785874,2.9953563022885694,2.8400311248090806,2.9489383360145607,2.6965696853263528,2.8716557929803934,2.672096164947412,2.858472407407909
2023-04-21,3.0269365369480394,2.917041604286147,2.987597785550162,2.82801163938475,2.9413000502376665,2.690574891416203,2.8671096724232648,2.666155778572779,2.8539471574789075
2023-04-24,3.0297807639399865,2.9085259270544204,2.9846357708972078,2.8197558660378146,2.9383839368673605,2.6893633297193067,2.867807676868346,2.664955212764489,2.8546419574794473
2023-04-25,3.0334975455883844,2.905900525679155,2.9851228996880734,2.8172105935821876,2.9388635167974217,2.6901283195403005,2.8699731626582206,2.6657132596927866,2.85679750181527
2023-04-26,3.0140351717366856,2.8806485245673126,2.962584006517189,2.7927292996036868,2.9166739008000944,2.6710235571408267,2.850574977014124,2.6467818882479253,2.837488370632846
2023-04-27,3.0233527005632643,2.8987019006444377,2.976431132319174,2.8102316751616088,2.9303064426415744,2.682376990050536,2.861039798042014,2.658032279699741,2.84790514907468
2023-04-28,3.063252644649367,2.9229611891753273,3.008538783353405,2.8337505547784585,2.9619165328808825,2.7090407506864342,2.8941347779027797,2.6844540454438133,2.880848194333435
2023-05-01,3.0926212947247627,2.954026331558904,3.03894280665651,2.8638675692601216,2.9918493958992496,2.7357907597459827,2.922297172524845,2.710961276838309,2.9088812991889985
2023-05-02,3.081877909447548,2.9409538325595936,3.0269402096409235,2.8511940512439318,2.980032798840678,2.724717678640826,2.911307340577214,2.6999886927748413,2.8979419200819536
2023-05-08,3.0794182023865853,2.9392438239833387,3.024852120371314,2.8495362332169307,2.9779770679443347,2.723181079516197,2.909324543770681,2.6984660395126894,2.8959682260289186
2023-05-09,3.1208429198943493,2.9977394230660686,3.0752935327755253,2.9062465094144576,3.027636807804948,2.767427465134879,2.95252757470238,2.742310853895877,2.938972917655445
2023-05-10,3.1003766774766195,2.972089366103235,3.052044330490588,2.8813793085026873,3.0047478901000906,2.7449462462318714,2.9308511231947083,2.7200336699829384,2.9173959798216504
2023-05-11,3.0937968520581114,2.959168129280759,3.042165185224749,2.8688524360454974,2.995021838418282,2.7334571634475484,2.9216062376588035,2.7086488597872997,2.908193536312012
2023-05-12,3.1078847523392743,2.965300285331812,3.0522410893809457,2.874797434794031,3.004941599888233,2.742613317361202,2.9331524238990596,2.7177219143022553,2.9196867155639414
2023-05-15,3.1374954803752835,2.9935093758252505,3.0812994720322258,2.902145565905594,3.033549675167113,2.7716980804474103,2.962676167908636,2.7465427099686783,2.949074920035049
2023-05-16,3.15501145098444,3.00779873730355,3.097255507195937,2.9159988069840312,3.049258445355526,2.787933792816393,2.97962308568731,2.7626310703001113,2.96594403679318
2023-05-17,3.1596502754861038,3.011327435269414,3.1013497284923415,2.919419806843846,3.053289219967504,2.789161409418728,2.982470411113592,2.7638475453027693,2.968778290531331
2023-05-18,3.1764104722440627,3.0379602909047403,3.12328359588817,2.945239810787598,3.0748831860580155,2.811328419743625,3.0022280793056275,2.785813372331021,2.9884452539256587
2023-05-19,3.175406351339504,3.026900718455204,3.1171015041529238,2.934517783522731,3.068796895989319,2.807916856741744,2.9999316001712897,2.782432771984066,2.9861593176182017
2023-05-22,3.1997890295102276,3.0433222912601536,3.1375280524800417,2.9504381594821156,3.0889069013961112,2.827561691690562,3.0219435479280645,2.801899314389184,3.008070211482937
2023-05-23,3.181781189335149,3.025753466609765,3.1196434838830998,2.9334055465332276,3.071299483567952,2.8102561262976162,3.00419284613605,2.7847508108031773,2.9904010007757793
2023-05-24,3.178802992732268,3.0289506684090965,3.11982478609321,2.936505167700333,3.0714779762024977,2.8088690145247557,3.0020449214557563,2.783376288175862,2.9882629369288454
2023-05-25,3.165674053852612,3.0107727750489364,3.104024038206343,2.9188820752060427,3.055922086859489,2.795631943246138,2.988772246439122,2.770259353875516,2.9750511949783363
2023-05-26,3.1533383052689947,2.9996040413586487,3.092218324310842,2.9080542183709146,3.0442993218936443,2.78631298303507,2.9779669341093786,2.7610249706601317,2.9642954883844275
2023-05-29,3.1754601959460484,3.0369091182805072,3.122276009868222,2.944220720620366,3.0738912142385737,2.812519476712107,3.002415236389536,2.78699361950766,2.9886315517965634
2023-05-30,3.1700715412507527,3.0376156136611647,3.1199918499911217,2.944905653312699,3.0716424511708804,2.809825841326898,2.998430663407131,2.7843244310117163,2.984665271452885
2023-05-31,3.1254528990502077,2.977714470011682,3.0672582194602422,2.886832730662475,3.0197260148688203,2.763219789939241,2.9524583564486737,2.738141366708215,2.9389040171734333
2023-06-01,3.1498241161473293,3.0081499755772643,3.094887550846075,2.916339325242256,3.046927184379065,2.7883002666089287,2.97736803801855,2.7629942180507214,2.9636993417450137
2023-06-02,3.1972305081791155,3.0529639088177714,3.141230389194042,2.9597855087401355,3.0925518643210244,2.826977179677272,3.020423209539993,2.8013201072885576,3.0065568527639535
2023-06-05,3.2467105415908804,3.1042811844635594,3.1919373953992247,3.009536548497184,3.142473082170381,2.869379048147286,3.0664472024878076,2.8433371449871836,3.052369555749336
2023-06-06,3.277335932950794,3.1354975534522733,3.2230412538959037,3.03980017405182,3.1730949352864024,2.8970980065227008,3.095720768810054,2.8708045317097777,3.081508731065233
2023-06-07,3.2386199783746688,3.0990834184592635,3.1852888484730704,3.0044974216169402,3.13592756540019,2.864373696753695,3.059951028197613,2.838377221149202,3.0459032045217187
2023-06-08,3.2287944025182513,3.0947559315182676,3.1782356119661785,3.000302012329517,3.1289836303790843,2.8571307983637513,3.051440209669095,2.8312000578382785,3.0374314580165516
2023-06-09,3.272598610776598,3.1424652789371064,3.224298222101108,3.046555240123621,3.1743324247044877,2.898083773431592,3.094008098996862,2.8717813519978326,3.079803923888838
2023-06-12,3.2854407814791338,3.1506490074587585,3.234817166180704,3.0544891960462213,3.1846883604664584,2.905359641051193,3.1039622365244286,2.8789911853163614,3.0897123633096233
2023-06-13,3.3125163189771096,3.1773974446299817,3.261878674007475,3.0804212539038884,3.2113305057764343,2.9276532009115512,3.1286614142619817,2.901082413342119,3.114298150443667
2023-06-14,3.356094161017501,3.2431436081620815,3.3171085216473735,3.1441608027126797,3.265704476202958,2.976170846442335,3.175161123436049,2.949159722547423,3.160584385706081
2023-06-15,3.354492411857912,3.2423380701390974,3.3159072327132293,3.143379850222452,3.2645218032141647,2.973376579452818,3.172912227880253,2.9463908157592336,3.1583458145273555
2023-06-16,3.3652346393868164,3.2535743077129857,3.326964780764253,3.154273150679723,3.2754079963942795,2.9841775368831054,3.1837559395675767,2.9570937458871964,3.169139744192558
2023-06-19,3.352598227417942,3.2434606496412495,3.31555413296162,3.1444681678842765,3.2641741753232316,2.9723755026244376,3.1714825112329708,2.945398824501418,3.1569226615169366
2023-06-20,3.3377602474353214,3.2367686439218097,3.30482205656207,3.1379804064352808,3.2536084100767098,2.9660193015120884,3.161076118774308,2.939100310983164,3.146564043406626
2023-06-21,3.3601004418451033,3.2596949619879783,3.3275910243557068,3.1602069986937162,3.2760245353125743,2.9863787741283088,3.1825046409285025,2.959275005148937,3.1678941900972646
2023-06-22,3.373227498379238,3.2895162724462,3.349380669051348,3.1891181437914207,3.2974765136705475,3.003411941159729,3.197802881399869,2.9761535826057846,3.183122198403896
2023-06-23,3.3340454553995436,3.2346053746009824,3.301884232950525,3.1358831614698897,3.250716112867889,2.964502144790338,3.1585104013893837,2.9375969236685795,3.1440101048851843
2023-06-26,3.32732323556008,3.2226226063892747,3.292417603836073,3.124266114964634,3.2413961847220754,2.957443602825796,3.151564733508355,2.930602443601475,3.1370963236313614
2023-06-27,3.3229393237659712,3.219898363541056,3.2888624810824907,3.121625017740668,3.2378961544354388,2.9522742417708407,3.1467328480829,2.925479998620602,3.1322866207421147
2023-06-28,3.3796216260377854,3.279308335222207,3.3472708349751055,3.1792217593034025,3.2953993749390684,3.002708839513484,3.2004495141103058,2.975456862167695,3.1857566807794715
2023-06-29,3.3746446024003034,3.281129996883275,3.34576281957448,3.18098782269206,3.293914728714241,2.9996357530150926,3.196456518386664,2.9724116663800286,3.1817820163622286
2023-06-30,3.3643744210846993,3.2732633669770452,3.336670561906708,3.173361287333475,3.284963370514574,2.992725029548146,3.187912917872455,2.96556366323977,3.173277638369058
2023-07-03,3.4073880112871247,3.312921318895972,3.3782107326521924,3.211808853338737,3.3258598080777295,3.0256732447401915,3.2258553439766495,2.9982128471031095,3.211045875897411
2023-07-04,3.3868436230595385,3.2850009755582903,3.3537912069560964,3.184740656636104,3.3018187030454196,3.01564740268921,3.210785831502708,2.988277997564239,3.1960455455287273
2023-07-05,3.390134080212389,3.285644588621889,3.355750496065164,3.1853646262196857,3.303747629751285,3.016011458494613,3.212537479643831,2.9886387492728774,3.197789152088792
2023-07-06,3.3537936654357186,3.2388772961993904,3.313891399638679,3.140024701304318,3.262537208784444,2.974238774602465,3.1730671048772834,2.9472451858003055,3.1584999805049203
2023-07-07,3.3238574171157746,3.202447516942968,3.280477587055347,3.104706782078894,3.2296411981148254,2.94498425817535,3.1433014106006194,2.9182561774399205,3.1288709365278646
2023-07-10,3.3109346186156063,3.1855861756526727,3.2654746982866034,3.0883600596480143,3.2148708037522895,2.932003744510668,3.1302645902602655,2.905393472288562,3.115893966476534
2023-07-11,3.2987154131270935,3.1809111790884312,3.257033847197687,3.083827746952051,3.2065607575164954,2.9236563303711165,3.1200306394650648,2.897121817589298,3.105706998373198
2023-07-12,3.2839086652256184,3.1484024396283887,3.2331191651321203,3.0523111948947745,3.1830166727333706,2.906615147170645,3.1039373651484103,2.8802352967165263,3.0896876061147482
2023-07-13,3.30146294129515,3.1798078388592383,3.2578333056582243,3.0827580813683397,3.2073478270549436,2.927855549453328,3.123569736803111,2.901282925409507,3.109229848191294
2023-07-14,3.2910434957652632,3.174900764325611,3.250166303101617,3.07800077387021,3.1997996372972755,2.923639787505651,3.116390227385476,2.897105424863529,3.1020832989359137
2023-07-15,3.291008630680034,3.1748680373933547,3.2501323338836987,3.0779690457847395,3.199766194488189,2.923610430984432,3.116358074190808,2.897076334776152,3.1020512933522384
2023-07-18,3.3060106823890547,3.1965577862466397,3.2686277287054786,3.0989968097090848,3.2179749727854485,2.945081731690935,3.1349054075338096,2.9183527663056172,3.120513478382061
2023-07-19,3.34690573665934,3.2370669588686876,3.3095539184492235,3.138269616620261,3.2582669439910523,2.9791661028827825,3.1724332848628514,2.9521277946469886,3.15786907027294
2023-07-20,3.3342425814692596,3.2121427191029555,3.2905688406356446,3.114106080503142,3.239576071144337,2.962921113927948,3.1577791413670235,2.936030241922119,3.143282201979249
2023-07-21,3.3439510985448275,3.2159313592122842,3.2973131847977757,3.1177790889068886,3.246215900614971,2.9665830549778747,3.164326893169151,2.9396589479366595,3.1497998939333782
2023-07-24,3.3740028682311,3.2459999195592566,3.327540972130932,3.1469299376694964,3.2759752587292406,2.991982260090521,3.19209207923766,2.9648276350073224,3.1774376137664397
2023-07-25,3.3895475159531454,3.26087013665666,3.342828377992779,3.161346306284138,3.291025761125156,3.0107143929357405,3.2094360596479925,2.9833897588083023,3.194701970295083
2023-07-26,3.38792876835918,3.2569101856641582,3.3400069389462765,3.157507215514321,3.288248044911361,3.007653728069159,3.2070382251807215,2.9803568719162317,3.1923151439633966
2023-07-27,3.4092615389029395,3.2737530614998755,3.3591693919883903,3.1738360360680398,3.3071135442660764,3.0258460715300965,3.226834331180244,2.9983841053520677,3.2120203687024063
2023-07-28,3.403463012145435,3.2625686387906563,3.3505925349562715,3.162992969052816,3.298669599722582,3.0298133128235616,3.226204388842833,3.0023153407669634,3.211393318345553
2023-07-31,3.449651772399054,3.3069567229034824,3.3961205904125134,3.2060263006092167,3.3434921231721395,3.0735086160643283,3.27136150621461,3.0456140742842974,3.256343125464092
2023-08-01,3.4788285200275024,3.3325974895189683,3.423691959156077,3.230884494720948,3.370636228266471,3.093331054462719,3.2957505307074886,3.0652566082460466,3.280620183225299
2023-08-02,3.426389868945632,3.2873779843331725,3.374660412235607,3.1870451175914796,3.32236450570799,3.054745578236554,3.2503558278055387,3.027021325988126,3.2354338812998056
2023-08-03,3.3802236017596985,3.2427671215224017,3.3290279908260985,3.1437958066846745,3.2774392336270504,3.0078424496822613,3.203501301721191,2.9805438807301914,3.1887944580438314
2023-08-04,3.392006398817233,3.2634929312391336,3.345472183936787,3.1638890515079465,3.293628596953172,3.0247714065091524,3.2181010292416543,2.997319193773222,3.203327160178583
2023-08-07,3.4079790573643476,3.26974595057719,3.35654390733958,3.1699512247190995,3.304528745814695,3.0322858036877194,3.2296701271056536,3.004765391804744,3.214843145870072
2023-08-08,3.4298502079776942,3.284397200301847,3.3748320290427882,3.1841553089844665,3.3225334630308354,3.0469310114259844,3.24783197905398,3.0192776826033927,3.2329216191984638
2023-08-09,3.4177369417347636,3.2705518850007707,3.361759504386561,3.1707325615115254,3.3096635186179486,3.0249175658089578,3.230367110426792,2.9974640265608206,3.2155369294345117
2023-08-10,3.472186705820545,3.3106606805969907,3.4091554667472335,3.2096172111583283,3.3563250026861047,3.065973646826102,3.2780305884254224,3.038147490900962,3.262981590815316
2023-08-14,3.4381158173826276,3.27932631390943,3.3762945842502083,3.1792391892696568,3.323973353542826,3.03271664491701,3.244175030700598,3.0051923228062876,3.2292814594031953
2023-08-15,3.4479315152147865,3.2922669059777223,3.387771805344113,3.1917848262382513,3.3352727162426397,3.044186149292196,3.254934616862984,3.0165577322824655,3.239991649752432
2023-08-16,3.406040474061846,3.234228617022954,3.3373458893259973,3.135517902772747,3.285628232626164,2.9942191932546227,3.208473050898399,2.96704426621903,3.1937433825891555
2023-08-17,3.394499244695197,3.2240321437956445,3.3264291403974626,3.125632632392943,3.2748806566548496,2.9855695804913513,3.198398312131504,2.958473155589556,3.1837148955931136
2023-08-18,3.3669095749240006,3.2060218635365514,3.303601652252413,3.108172037341279,3.252406917936547,2.966720989213197,3.175288451981347,2.939795630308795,3.16071112970315
2023-08-21,3.378571408276151,3.210465546311934,3.311622727745048,3.112480096092327,3.2603036936884755,2.9702126486312586,3.1826725811219414,2.9432556001330776,3.168061359299859
2023-08-22,3.4101693541279476,3.2545663154199476,3.3498244180245793,3.155234881680585,3.2979133860245065,3.0092130538246784,3.2184163567747195,2.9819020455469736,3.203641040085349
2023-08-23,3.431347164402801,3.2728547585564916,3.369639670904958,3.172965149901778,3.317421569011661,3.0269067844677777,3.2378737876602917,2.999435191473932,3.223009144522312
2023-08-24,3.4459580835784958,3.2861829363864614,3.383675592608421,3.1858865432681127,3.331239981051997,3.0378501339544526,3.2506245144933663,3.0102792213368144,3.235701334483182
2023-08-25,3.423665221740876,3.265876869703375,3.3622752632575263,3.1662002306541575,3.3101712849579883,3.017211120379213,3.2290698911003717,2.989827523269156,3.214245665467573
2023-08-28,3.472671964808854,3.3152191957462858,3.4117358104201614,3.2140365975262086,3.358865359695178,3.0682238956467174,3.2794591988215838,3.0403773169189816,3.2644036426532654
2023-08-29,3.4845887709746166,3.3206848886028713,3.420407324809301,3.2193354739608178,3.367402494724456,3.074726747449525,3.288568223687713,3.046821150155726,3.273470849211193
2023-08-30,3.495141623418789,3.3352039991022564,3.4330581146860584,3.2334114519741046,3.37985723983105,3.09015120405987,3.3017838672554722,3.0621056175214982,3.286625821536539
2023-08-31,3.519679583986439,3.356290991209445,3.455964337687266,3.253854855671577,3.4024084932795793,3.113322380305213,3.3257508947354903,3.085066496863657,3.3104828196164227
2023-09-01,3.551900461838153,3.3958484717184376,3.4921410863483255,3.292205016718232,3.4380246237938192,3.144234286212093,3.3574876928860493,3.115697852572528,3.342073918394558
2023-09-04,3.5960738438307707,3.443189751681203,3.538198021360092,3.3381014107091005,3.4833678309414156,3.196350705109366,3.406191043979482,3.1673412734060387,3.3905536789526254
2023-09-05,3.6023975283145795,3.4482154382692243,3.5438907642384567,3.342973710146291,3.4889723554176046,3.1978677950121406,3.4099898154631374,3.168844594508083,3.3943350107872488
2023-09-06,3.6198615031713213,3.4636585322974547,3.5604163383509255,3.3579454711235006,3.5052418386132014,3.216773473147298,3.428337823794303,3.1875786885370943,3.41259878587956
2023-09-07,3.6174287851287064,3.4622169682002553,3.558479223577264,3.356547904479333,3.5033347426149906,3.208138816860947,3.422577896969388,3.179022398642585,3.406865302104118
2023-09-08,3.5849469966651264,3.4336893236629034,3.5278432892776777,3.3288909417958665,3.473173562441985,3.179257446891446,3.3918058410147567,3.1504031501381315,3.376234516520225
2023-09-11,3.5880669791316193,3.468983412935329,3.5475244781492834,3.3631078330178656,3.492549758962405,3.1988552712671483,3.403743956405386,3.1698231086285755,3.3881178256285036
2023-09-12,3.6163914889337003,3.4898121655127587,3.5721581446380415,3.3833008788202585,3.516801686324033,3.2221297988056308,3.4295575876187776,3.192886401268467,3.413812949932347
2023-09-13,3.623369256038204,3.50367293633991,3.582715232340815,3.3967386101067896,3.5271951746110823,3.237061331063323,3.4408276291686795,3.2076824179631886,3.4250312522370603
2023-09-14,3.669198027496325,3.5473388208362158,3.6276961289808165,3.4390717840382607,3.571479018369056,3.2813405281108916,3.486128985868829,3.251559745985379,3.470124636500613
2023-09-15,3.7048505054190635,3.5834666143985805,3.663798564540419,3.474096934365062,3.6070219873854183,3.3163976615972683,3.5216969260653888,3.2862987080276893,3.5055292890668177
2023-09-19,3.7201739889924297,3.6081050192104036,3.683999925907987,3.497983359392846,3.626910295474506,3.3469523230254095,3.5452527983555266,3.3165760615363644,3.5289770195150068
2023-09-20,3.6750177589096644,3.558843220496,3.636472346401553,3.450225062104024,3.580119233884464,3.3020492571894215,3.49993621569506,3.272080526832538,3.4838684791914734
2023-09-21,3.651047893728539,3.5570783629035443,3.6237816048169766,3.448514069087679,3.5676251561873906,3.2944916145417658,3.484572161961439,3.264591475819046,3.4685749597624236
2023-09-22,3.637524737434103,3.5388671836754666,3.6077700001127497,3.4308587066313287,3.5518616775997747,3.2783631153639567,3.469569481506579,3.248609355633576,3.453641154596009
2023-09-25,3.6467418501919906,3.5264408569338435,3.6059116755688474,3.4188116392845784,3.550032150847287,3.2730922780368967,3.471111626860715,3.2433863553586937,3.455176220168208
2023-09-26,3.6321562282972413,3.5255546534846043,3.5982858970855847,3.417952483328205,3.5425245463282296,3.2643681775782016,3.4595600865449545,3.234741433069035,3.4436777114206145
2023-09-27,3.639888191156898,3.5212044976662487,3.599850080470021,3.413735097031976,3.544064490121693,3.264137119905693,3.4630910996063378,3.2345124724291705,3.4471925140758746
2023-09-28,3.6263598385921094,3.5150032384098893,3.5900111578601788,3.4077231041519096,3.5343780377797542,3.258009776958303,3.4534256987378154,3.228440740005516,3.4375714857629607
2023-09-29,3.577291989146962,3.449613473687994,3.5322680292748836,3.344329076634978,3.4775297338245643,3.1988476795924523,3.3986472919039366,3.1698155858543813,3.383044559228393
2023-10-02,3.557697427969196,3.4371705741678316,3.516250078318685,3.3322659423214294,3.461760007330576,3.1887665220826493,3.384015107531577,3.159825922888592,3.3684795492467874
2023-10-03,3.484849949538743,3.348856679294254,3.4350778044365256,3.2466474436840067,3.3818456311711578,3.105819429664489,3.305356552728544,3.0776316414835185,3.290182105291049
2023-10-04,3.3892264259583476,3.2390677610703853,3.331665627768277,3.1402093530663238,3.2800359960520535,3.0009418956768052,3.204229301643047,2.97370595475545,3.1895191158159455
2023-10-05,3.4576134873857853,3.296733487698223,3.3949570275394607,3.196115085044052,3.3423465916171504,3.0615917589848856,3.2689352782605257,3.033805372186412,3.253928035996271
2023-10-06,3.465730250804203,3.296648177468027,3.3989244924147752,3.1960323785363363,3.346252574107002,3.0638666134561023,3.274002606923435,3.0360595805391313,3.258972101234731
2023-10-10,3.5464247697615137,3.4048585365469473,3.494151689942597,3.300940088638084,3.4400040697826473,3.153576655743803,3.3599816637392417,3.124955432650301,3.3445564397629446
2023-10-11,3.5337675225350127,3.3887998980093244,3.479682744071338,3.2853715699613737,3.4257593439953093,3.1412333330137296,3.3474124425964114,3.112724135417667,3.3320449222241035
2023-10-12,3.5752516819813436,3.425998187628479,3.5192102356997785,3.321434544124513,3.4646742922105,3.180259797532558,3.3878499500243566,3.1513964036478117,3.372296786493382
2023-10-13,3.525715536987886,3.382369544878364,3.472414505691346,3.2791374752974547,3.418603738908304,3.1363228712576734,3.3409774287525646,3.107858240018086,3.3256394506634495
2023-10-16,3.481413084630228,3.3656873889619945,3.4419883599822105,3.262964469388933,3.388649096306928,3.114400417786966,3.3082752135545967,3.0861347502955407,3.2930873669377436
2023-10-17,3.5017566494994914,3.3774738917636924,3.458070478980929,3.2743912406293108,3.4044819964542103,3.12681368551187,3.324537089199589,3.0984353577163968,3.309274586498506
2023-10-18,3.5127627007863227,3.4081877502165883,3.4792196425293285,3.304167692589262,3.425303418972415,3.1459988349025796,3.339951393323409,3.117446386576441,3.324618125624971
2023-10-19,3.4722970606773385,3.3649369295745855,3.4370995864088845,3.262236914499294,3.3838360823107427,3.1043484117498585,3.2986059721669276,3.0761739742295844,3.28346251573699
2023-10-20,3.4661164729254335,3.3676424057244003,3.435429155333005,3.2648598177964265,3.3821915373083447,3.10202214760803,3.2944321917593573,3.073868822790013,3.2793078965939917
2023-10-23,3.4401946185143615,3.327913602238331,3.4022977985220395,3.2263435626589105,3.3495736052949194,3.0682917398416065,3.2642061382504584,3.040444545373698,3.249220606832028
2023-10-24,3.4425028743383392,3.326226977910464,3.4025757664125527,3.2247084151781653,3.3498472656163605,3.0693180268679394,3.265848486443881,3.0414615180268147,3.2508554152257534
2023-10-25,3.4651853871115064,3.358187753418812,3.4301329475619493,3.2556937274920394,3.376977402976602,3.0956751946138334,3.290621587200107,3.0675794734558637,3.275514786007832
2023-10-26,3.4297452234836436,3.321833701844421,3.3940240781974618,3.2204492246916314,3.3414280998577306,3.0616302196131158,3.255701800920616,3.03384348375377,3.2407553117712244
2023-10-27,3.4764543845097573,3.382216732527127,3.4479927128102785,3.2789893268763612,3.394560401824779,3.1149742458471996,3.3062213840637567,3.0867033704085065,3.2910429663019025
2023-10-30,3.4399567591066456,3.336974596280398,3.4068149852074625,3.235128009400332,3.354020790752423,3.071592589388845,3.265844495040771,3.0437154370789044,3.2508514421466383
2023-10-31,3.4795096470823985,3.3765442788760653,3.446601066791326,3.2734900001182163,3.3931903216468995,3.103246493564358,3.301451516275271,3.075082056830385,3.2862949963349943
2023-11-01,3.559562113442077,3.4547675417051233,3.5261725195783127,3.3493258392184146,3.471528684063629,3.180691097699895,3.3806251038787187,3.1518237894221737,3.3651051086448205
2023-11-02,3.567007146529116,3.451534763481029,3.5282103204699706,3.346191727441656,3.4735349058830445,3.1796635677183915,3.3836144322193666,3.150805585094696,3.368080713381054
2023-11-06,3.6175880189312317,3.477566288791595,3.5665483053549663,3.3714287540445844,3.5112787807157417,3.2194491999202612,3.4287767856929485,3.1902301309557304,3.4130357325631593
2023-11-07,3.5713191671952305,3.4420946502986625,3.525528493642356,3.3370397325172036,3.4708946383674695,3.1789262321192737,3.3852702194656863,3.1500749414041573,3.3697288991307923
2023-11-08,3.506732738437759,3.340736131041518,3.441811472198493,3.238774739728335,3.3884749496899866,3.0872429882323797,3.3058771999711456,3.059223796071913,3.2907003623121764
2023-11-09,3.5535730842192446,3.394750684860262,3.49257743564849,3.291140735013124,3.438454211144802,3.1325923063984926,3.3522200130536848,3.1041615330100867,3.3368304217719196
2023-11-10,3.5666027800363693,3.419897201651113,3.5118643018390605,3.3155197641191947,3.45744219566187,3.154384448354862,3.369988347031798,3.125755893899209,3.3545171837181806
2023-11-13,3.571154321054686,3.424295923580556,3.5163635435746365,3.3197842342579147,3.461871714256002,3.1632253312941634,3.3768480204829077,3.1345165387753298,3.3613453653309477
2023-11-14,3.5867506118377057,3.454684500243595,3.5395968723733766,3.3492453322351037,3.4847450044604056,3.1871633445799774,3.3969755203362837,3.1582372955002733,3.3813804625391928
2023-11-15,3.6197280197895676,3.487899601742671,3.572881712595991,3.3814466877127605,3.517514041407894,3.2115729618209308,3.4256073338870903,3.1824253759983643,3.4098808312843225
2023-11-16,3.608871979841721,3.483742401591345,3.565383047133254,3.37741636795389,3.5101315800843054,3.2082304378006268,3.4186758618419515,3.1791131880491705,3.4029811806952157
2023-11-17,3.6440668784977386,3.516469295224053,3.5995170831923744,3.4091444159797444,3.543736653183868,3.2424834498519965,3.453591753543469,3.2130553266997746,3.4377367782333335
2023-11-20,3.61909022267746,3.5002981793658363,3.578893224407765,3.3934668528617964,3.5234323949692383,3.220430548619348,3.430011647620103,3.191202573132758,3.414264925405268
2023-11-21,3.6084223224310774,3.4802677919416842,3.5633871150107117,3.37404780560047,3.5081665782086513,3.2048103189995913,3.4166447836812064,3.1757241095537614,3.4009594269411725
2023-11-22,3.6266970807536905,3.491480950533418,3.578161242308577,3.384918731460799,3.522711756135079,3.2199048814095117,3.433344525632292,3.1906816767720647,3.4175825026227002
2023-11-24,3.6445241980612963,3.5046276025856673,3.593700376559183,3.397664139331593,3.538010085974864,3.233467811813435,3.4490177442188537,3.2041215127662848,3.4331837675704264
2023-11-27,3.631055085848117,3.4998434963418865,3.584587498942563,3.3930260470529006,3.5290384273663276,3.2251378689540773,3.438194954140671,3.1958671707814132,3.422410663466071
2023-11-28,3.6273202323451557,3.502088667177198,3.58388337673853,3.3952026938464663,3.528345216692484,3.226407247735284,3.4370959869098043,3.1971250289378648,3.421316741445975
2023-11-29,3.601977898963549,3.459824741788994,3.549762339431389,3.3542286903395198,3.494752940907886,3.1940498828527524,3.407866139143984,3.165061332946284,3.3922210839804907
2023-11-30,3.617329611176868,3.4726123132100226,3.5638921299475186,3.366625976948321,3.508663767109441,3.207178023392196,3.422132813645031,3.178070325140785,3.4064222620974496
2023-12-01,3.6342222910118727,3.4956970372768703,3.5840423372119083,3.389006140555554,3.5285017138122083,3.226907411447671,3.440647558880672,3.197620653265687,3.4248520086275307
2023-12-04,3.6076640447082573,3.4557547485756106,3.550470700331935,3.3502829159073846,3.4954503245926776,3.1912003148737287,3.4090396295892336,3.162237627069169,3.393389187088914
2023-12-05,3.584192554724209,3.432123099007232,3.526782556807444,3.327372519312753,3.4721292677638074,3.1685360924750463,3.3858462677870262,3.139779100563222,3.3703023028917554
2023-12-06,3.64842690660573,3.485597995144349,3.585869443538744,3.3792153276115617,3.5303005061251844,3.2215007132544615,3.444489155996256,3.1922630251703628,3.4286759694873656
2023-12-07,3.614353654900476,3.4510831616147293,3.5513744966170337,3.3457539087515187,3.4963401150697035,3.1855684451790363,3.4092038221202903,3.15665687108331,3.393552625834141
2023-12-08,3.557772510951869,3.4016190688156756,3.498117460918512,3.2977994915221616,3.443908384622854,3.1283572629051615,3.351919795894842,3.0999649259138575,3.3365315828696813
2023-12-11,3.6159183484187984,3.4673906910837466,3.560505872476348,3.3615637220501116,3.505329985260277,3.183441916323293,3.408810805932471,3.154549642172815,3.393161413930788
2023-12-12,3.603283059856558,3.444352649222544,3.5424653234510055,3.339228815877919,3.487569004176679,3.166223006396512,3.3936499492440704,3.1374870075855106,3.3780701586966497
2023-12-13,3.5968391976429297,3.438168975376994,3.536117903905034,3.33323387169074,3.4813199483232626,3.157223877757818,3.385802031181976,3.1285695532159186,3.37025826937101
2023-12-14,3.541496829148567,3.36585007047509,3.471755497524075,3.2631221857587898,3.4179549431551157,3.0886034008600936,3.3230218962385663,3.060571861870115,3.3077663495846097
2023-12-15,3.5549789814051134,3.376418033334798,3.4838210167458126,3.273367607671157,3.4298334873368934,3.1102154082390854,3.3409256720945226,3.081987723046805,3.3255879316132666
2023-12-18,3.525978243660158,3.3470442948623793,3.454462819045338,3.2448903743776083,3.400930243135502,3.0871810622873097,3.3149176228078105,3.059162432154179,3.299699281783332
2023-12-19,3.5467148118866922,3.3635038514126037,3.473125707895068,3.2608475747942056,3.419303919865612,3.102383909740276,3.332838564318718,3.074227301642406,3.3175379506617264
2023-12-20,3.5665875378055385,3.3775460749050406,3.4901234267370493,3.2744612206952803,3.4360382311325615,3.1197800900270174,3.351519896838332,3.0914655977197834,3.3361335196959616
2023-12-21,3.532047059089786,3.3431537505586446,3.4554608946096486,3.241118571960277,3.401912851879439,3.0831559798259196,3.3156445589636507,3.055173880526085,3.300422880673037
2023-12-22,3.550683832887731,3.3703095121175513,3.4785716457035476,3.2674455224062715,3.424665463921892,3.102614158889195,3.334840121086485,3.0744554610966777,3.3195303185515366
2023-12-25,3.548381559415578,3.3652669222133973,3.474851388831354,3.262556835552907,3.4210028585410726,3.0982433264264544,3.331420127682772,3.070124297424227,3.3161260258776277
2023-12-26,3.549529799072762,3.370102766392338,3.4778966106631626,3.2672450866920753,3.424000889658315,3.100440830038353,3.333135197005996,3.0723018569383624,3.3178332215482267
2023-12-27,3.589256654954882,3.4106334789300234,3.518263286179709,3.306538776106965,3.463742017228766,3.137774033371557,3.371843629395362,3.1092962316784996,3.3563639487299066
2023-12-28,3.5891790245919037,3.4066765977218836,3.5161965660313466,3.3027026614297386,3.4617073243040335,3.137469085608565,3.37164430841242,3.1089940515596495,3.356165542802793
2023-12-29,3.5958725138526577,3.4062997436400453,3.5193039110104025,3.302337309174144,3.464766515868309,3.1402991895940877,3.3763215712048162,3.1117984700945267,3.360821332910696
2024-01-04,3.6393292185852757,3.463290265258298,3.569946942924415,3.3575884438285875,3.5146247508132253,3.191788333569594,3.424348692757977,3.16282030902643,3.4086279684073735
2024-01-05,3.6716829011788765,3.5090427194266463,3.609396110807099,3.4019445039987235,3.553462589037759,3.232889721671479,3.461618004771967,3.2035486692533865,3.445726182021791
2024-01-09,3.6923312770823262,3.5117121661256494,3.6208993004212418,3.4045324774867964,3.564787517832932,3.239263069933988,3.47475118962645,3.209864174297738,3.458799074190725
2024-01-10,3.7288480780096696,3.5369190844843335,3.6518012118268106,3.4289700646664363,3.5952105533597516,3.262163024916738,3.5042152862868345,3.232556293926558,3.4881279051456
2024-01-11,3.779562401772111,3.591121604101718,3.704610829641149,3.4815182889141516,3.6472017993974912,3.305639916817424,3.551396917837201,3.275638598360903,3.5350929321703863
2024-01-12,3.7910849016523813,3.5985328083980535,3.7140819649284578,3.4887032985420907,3.6565261638856112,3.3081528856390205,3.558165876763034,3.278128759986379,3.5418308157160636
2024-01-15,3.8446471005663456,3.6495682160391976,3.766656049826867,3.5381810730852554,3.7082855269768564,3.3590597936480924,3.6106730230979123,3.32857364720757,3.5940969088031482
2024-01-16,3.817638970353967,3.630244095010467,3.74344981737114,3.519446736519801,3.685438913213121,3.341028595200568,3.588294168366478,3.310706096265639,3.571820792384334
2024-01-17,3.7999960550857654,3.6146925333913122,3.726781290675296,3.5043698184515235,3.6690286927192517,3.3224396373103056,3.5700221131216323,3.2922858479927197,3.553632621687937
2024-01-18,3.787613569341504,3.619544702363713,3.7232088802537673,3.509073896141073,3.6655116426654817,3.3185761254793054,3.562124088382463,3.288457400612694,3.5457708557182386
2024-01-19,3.8031277170361566,3.632741396937246,3.7376196210201607,3.521867819203576,3.6796990653316652,3.3259983499302384,3.573404452083946,3.2958122624575923,3.556999432786923
2024-01-22,3.853979283442013,3.6733239258649886,3.7834768336169744,3.561211743539345,3.724845645091206,3.3662836548381634,3.618938585052772,3.3357319460963915,3.602324524674606
2024-01-23,3.846373346560317,3.6703140904009315,3.7781951034686148,3.5582937701678032,3.719645764027614,3.3581239853868934,3.6109831635488323,3.327646332152638,3.5944056254409653
2024-01-24,3.822169028582821,3.6780497522490223,3.77031061300848,3.565793334696674,3.711883456698743,3.353479667036141,3.5971045403394375,3.3230441646947115,3.5805907171243625
2024-01-25,3.829169901705364,3.6752779320901245,3.7723157241812633,3.5631061122518086,3.7138574953801764,3.35935699654659,3.603550982970516,3.3288681527527477,3.5870075650042232
2024-01-26,3.784325822882027,3.6253736179234437,3.7246005591970226,3.5147249094909303,3.6668817552574473,3.3162219694700252,3.55931447879588,3.2861246104466115,3.5429741446714385
2024-01-29,3.8402503611206176,3.7001847076195817,3.7905872383233623,3.587252717152251,3.7318458623966477,3.3799980234870826,3.6198364307870023,3.349321845912764,3.60321824851981
2024-01-30,3.8310281478887367,3.6813588237467023,3.776361214376624,3.5690014112277892,3.7178402940595707,3.3655516064258357,3.6077482024371457,3.3350065416072066,3.5911855156007126
2024-01-31,3.8700678165854923,3.7184395389930316,3.8146202441716124,3.604950399462735,3.755506437341077,3.4027501022472335,3.6460693994111546,3.3718674314136345,3.6293307851127525
2024-02-01,3.847720458597808,3.6915199984006715,3.7897854621442892,3.57885246036916,3.7310565110565204,3.3792316420053257,3.6229497606323946,3.348562419954135,3.6063172854865546
2024-02-02,3.8503104073789194,3.6961547577279354,3.793440004702791,3.583345763894208,3.734654420474885,3.378429201284549,3.623738929723823,3.3477672620228374,3.6071028316088096
2024-02-05,3.88140756270531,3.728929047498281,3.8255778262180256,3.615119761497436,3.7662942136540334,3.406311297426618,3.653325721726959,3.3753963059067527,3.636553794628617
2024-02-06,3.8476920232712515,3.697979304919489,3.7930870827365952,3.5851146247451253,3.7343069676142884,3.373556176700345,3.619893976923637,3.3429384640229185,3.60327553046987
2024-02-07,3.8693750422451014,3.737276334836364,3.823936895513561,3.623212284317372,3.7646787118663356,3.410840010617103,3.6500885781960073,3.379883917413436,3.633331512388293
2024-02-08,3.8711992891162312,3.733601155887763,3.8229487804244964,3.61964927416757,3.7637059092437193,3.4036404156942384,3.64708799518857,3.372749664556094,3.6303447046539326
2024-02-09,3.8644871901768876,3.727218861989788,3.8163671700163744,3.6134617719382818,3.757226291700259,3.395675706004081,3.6396584230507125,3.364857240958143,3.6229492406826496
2024-02-13,3.928917931783025,3.7918813847499533,3.8812893701208697,3.6761507533806563,3.821142415668642,3.4571648078493125,3.702953801940494,3.425788280167248,3.6859540389997525
2024-02-14,3.8813617563878444,3.738984699238004,3.830716930694201,3.6248685083510126,3.7713536792645184,3.4165970977923634,3.6588179747094016,3.3855887544313674,3.6420208334162028
2024-02-15,3.892330922987975,3.74979748956933,3.8416692421157994,3.6353512854448624,3.7821362666296494,3.4249836851675988,3.6684778912424227,3.3938992268379615,3.6516364025714623
2024-02-16,3.954012846503505,3.818479432150928,3.907300934470314,3.701937011459506,3.846750888100179,3.4883111329552277,3.731464615256444,3.4566519275339758,3.7143339630058323
2024-02-19,3.988557902874721,3.852511467153244,3.9417823617716734,3.7349303671103424,3.8806979690440344,3.531461914592518,3.7708595999437184,3.499411081415635,3.7535480906161465
2024-02-20,3.9783880124382556,3.8430945197286817,3.9319401706882253,3.725800830910034,3.8710082988788574,3.517227702142129,3.7584412912383307,3.485306055794861,3.741186792696042
2024-02-21,3.9654264379203594,3.824694397847197,3.916112004835008,3.70796229245022,3.855425416455926,3.5042234297273076,3.745368003919699,3.4724198075229684,3.728173523081427
2024-02-22,4.009026156836705,3.8756212081062995,3.963724846218432,3.7573347840725067,3.9023004186501162,3.5484458590660073,3.78960031736179,3.5162408830485194,3.7722027719207563
2024-02-26,4.024737093078988,3.88495520675042,3.976253266128353,3.766383903141905,3.9146346901135236,3.5633757408970976,3.8050002258218885,3.5310352642955762,3.7875319814720556
2024-02-27,4.029096676477793,3.8853087919040403,3.9785817354392377,3.766726696651769,3.9169270759675388,3.568494732048299,3.8097967739340715,3.5361077965197416,3.7923065092768837
2024-02-28,4.036106053766625,3.911924590528783,3.9956957996086793,3.792530164175748,3.933775929599983,3.5802420077347175,3.819393989021014,3.547748456310983,3.8018596648399714
2024-02-29,4.03124319024254,3.9010188018595553,3.987702931584363,3.781957227112413,3.9259069241953166,3.575800977141655,3.814723929132408,3.5433477316122257,3.7972110445682965
2024-03-01,4.077550358597008,3.9497618656573845,4.035543064973654,3.829212621604213,3.9730056961323785,3.6225376055188034,3.8616006979392163,3.5896601878149057,3.843872608433383
2024-03-04,4.065756701240663,3.938173776974826,4.023787106165364,3.817978208757874,3.9614319152169375,3.611674783791065,3.850226321646024,3.5788959548573276,3.832550450372155
2024-03-05,4.08667139259844,3.968743444250178,4.049753510024393,3.8476148703467206,3.986995926994042,3.6407313289860213,3.8756168804200737,3.6076887887323648,3.8578244445053316
2024-03-06,4.113806303538644,4.000707925689812,4.079510536458507,3.8786037754845015,4.016291819422703,3.6692193775662547,3.9036498288106194,3.635918285552828,3.885728697399617
2024-03-07,4.109092348693424,3.980483397920671,4.0668459581053416,3.858996513164982,4.003823499514793,3.667818758953326,3.9006711534058454,3.6345303786707897,3.882763696693061
2024-03-08,4.127270380829932,3.989154071761144,4.080270830370751,3.8674025525255917,4.017040331331868,3.685925992525372,3.9189299039401453,3.65247327465785,3.9009386237590493
2024-03-11,4.03627129586605,3.880403230665262,3.9796836786383984,3.761970856261767,3.9180119427467055,3.5855572937106266,3.8223438675786867,3.5530155018277796,3.8047960009018778
2024-03-12,4.025971955296843,3.8672118219213742,3.9678481103919028,3.7491820577020274,3.906359786072075,3.566713017109707,3.807422991116342,3.534342252065116,3.78994362417685
2024-03-13,4.013410911354438,3.850653337332232,3.953173239480659,3.733128948593175,3.891912326391513,3.5564691687849934,3.7960151529111035,3.5241913748333054,3.778588157822714
2024-03-14,4.0562121870457535,3.9032273920363068,4.00121133683067,3.784098409712383,3.939205994512535,3.5932965197181677,3.835911253437039,3.5606844881873547,3.8183011007162633
2024-03-15,4.085521642812887,3.9593083090296766,4.044364533477471,3.8384677014535717,3.9816904614910036,3.6283778846467394,3.868488107020612,3.595447461752198,3.850728398345888
2024-03-18,4.147169834384835,4.015188540493459,4.103417997716159,3.892642432715166,4.039828795296193,3.683372091962802,3.926991466456099,3.649942552779593,3.9089631767255923
2024-03-19,4.198118487618976,4.078896630494692,4.1611757388463815,3.9544061112933977,4.096691485350924,3.7329589502063856,3.9775462850482346,3.6990793707396428,3.959285904944057
2024-03-21,4.257207029612044,4.154700186931496,4.229140573722866,4.027896094979283,4.163603093467471,3.804291591224722,4.043545930191442,3.769764611153743,4.024982554591879
2024-03-22,4.2828064839056,4.179565989340425,4.254511356725895,4.052002977284893,4.188580714512145,3.8308528158942425,4.069824818980984,3.7960847715271036,4.051140800536907
2024-03-25,4.238217336290931,4.14272946137264,4.213628190534662,4.016290723577455,4.148331100138434,3.7927228019156045,4.028387810892523,3.7583008178335873,4.009894024180236
2024-03-26,4.240791022107265,4.138635283170959,4.212810228348026,4.0123215022982475,4.147525813619519,3.7911118817621463,4.02874788676288,3.756704518065213,4.010252446990694
2024-03-27,4.267984196319553,4.1603881001950125,4.237379365279273,4.03341040951268,4.1717142114151295,3.8150125610144014,4.0543633715504255,3.7803882795927257,4.035750334532286
2024-03-28,4.241917004051615,4.149560104046026,4.218948462778508,4.022912890692395,4.153568926024431,3.7969633956917557,4.032399898601229,3.762502924839393,4.013887692933805
2024-03-29,4.278882535562817,4.179599142924626,4.252586531798376,4.05203511900062,4.1866857179087225,3.826539273496227,4.065667648632493,3.7918103779663523,4.04700271519844
2024-04-01,4.197068070906781,4.078833978613144,4.16062805074278,3.954345371587118,4.096152284574155,3.7333430288501215,3.977253619123644,3.6994599635633882,3.958994582609369
2024-04-02,4.189796620195836,4.077970848322022,4.156583672236305,3.953508584581403,4.092170580356202,3.7361610364411253,3.9753093671044155,3.702252395488174,3.9570592563897025
2024-04-03,4.191169175641849,4.0832569274192885,4.1599600327279065,3.9586333291828555,4.095494618595753,3.7495060503162803,3.983068144168871,3.7154762927199103,3.964782413952036
2024-04-04,4.234905811335943,4.132167060125166,4.206583955316662,4.00605069353338,4.141396026916461,3.796108321459026,4.028614614505494,3.761655611087238,4.0101197865683185
2024-04-05,4.20533886628316,4.104628961030606,4.177883672288667,3.9793530747364745,4.113140501918965,3.771847330488648,4.001682384297386,3.7376148079577893,3.983311198607317
2024-04-08,4.242822352086534,4.150370680445059,4.219792190443448,4.023698727784231,4.154399578743238,3.812242357119709,4.040959637561788,3.7776432175075847,4.022408135283889
2024-04-09,4.282059451992035,4.203131149988931,4.266149652593561,4.074848914243771,4.200038655867507,3.8506942791001744,4.080032749791072,3.815746157631094,4.061301868109384
2024-04-10,4.2698210096916105,4.174577916194168,4.24552064994247,4.047167143303303,4.179729333499056,3.830891330329827,4.0636856450093175,3.7961229364134708,4.045029810687365
2024-04-11,4.282474943727107,4.1885867954730305,4.258937586364669,4.060748462677408,4.192938352451848,3.86034860785348,4.085372152938168,3.825312865651743,4.0666167587746616
2024-04-12,4.304453934313764,4.205356266484754,4.278384545147935,4.077006118769044,4.212083948663908,3.872279904839747,4.102141494064058,3.837135876602782,4.08330911411054
2024-04-15,4.30778010125914,4.211945558014374,4.2833939035810955,4.083394300930617,4.217015678859444,3.87801066038601,4.1067700578774105,3.8428146209722485,4.087916428809864
2024-04-16,4.206374179340291,4.0989279109399135,4.1754891469179,3.973826024320222,4.110783083652223,3.7725695946632425,4.002557655365883,3.7383305170090027,3.9841824514240436
2024-04-17,4.148913233898826,4.041252512253802,4.117592129207694,3.917910915481589,4.0537832753369,3.715373516803564,3.9448654580175666,3.6816535391691425,3.926755111195451
2024-04-18,4.172939796113035,4.06926457795976,4.143788007930433,3.9450680351274863,4.079573205887751,3.739250385629149,3.96896797196632,3.7053137063685955,3.9507469737439114
2024-04-19,4.113285004746113,4.007786920921528,4.082864337938228,3.8854667152797466,4.019593648239319,3.69229363460924,3.915690447682739,3.658783125311684,3.897714039409688
2024-04-22,4.176847206284738,4.065650982899748,4.143881720669447,3.9415647292868297,4.079665466393935,3.7436334299427143,3.9731540559281466,3.709656971059586,3.9549138399572032
2024-04-23,4.184250534272734,4.076627416647148,4.153149519589014,3.952206155295623,4.0887896455453445,3.753717054395447,3.9820330605003282,3.7196490785788305,3.9637520822134205
2024-04-24,4.228598963873072,4.141413565377656,4.2081738745054835,4.0150149895651035,4.142961307695745,3.8036994469350733,4.029669884421365,3.7691778410457526,4.011170211881916
2024-04-25,4.153609758310329,4.063864441484978,4.131452689689468,3.9398327142522174,4.067429043665737,3.734330566635785,3.9571885195137066,3.7004385386560976,3.9390215991734365
2024-04-26,4.1883266692921035,4.099640468901904,4.166907161996033,3.97451683456005,4.102334090684056,3.766210360775873,3.9906191535516884,3.7320289982405797,3.9722987576662177
2024-04-30,4.269468765918662,4.1893676768244905,4.252889229243067,4.061505511033407,4.186983724559276,3.842081042120802,4.069479131964226,3.8072110926462712,4.050796700522755
2024-05-01,4.241679904326574,4.158877888502245,4.223572846328824,4.031946290441217,4.1581216471553155,3.809054614515441,4.038721877148653,3.774484406209641,4.020180648127883
2024-05-02,4.247868640913,4.160106076555741,4.2272776520478486,4.033136993414235,4.161769040823965,3.817563885140332,4.046179353456078,3.782916448417562,4.027603888164443
2024-05-07,4.265587305703076,4.177040527922044,4.244698106092637,4.049554594555107,4.178919536317342,3.830973461949613,4.0617238342472595,3.796204322623309,4.043077006334695
2024-05-08,4.210086145639533,4.121238037661084,4.188730715648023,3.9954552317853844,4.123819452523398,3.7751358663284207,4.005698913854348,3.740873497712246,3.9873092888172166
2024-05-09,4.2258373379396685,4.148003971282874,4.210163842612315,4.02140425209082,4.144920437977908,3.795792270385272,4.024148616353279,3.761342428429027,4.005674291213045
2024-05-10,4.264046494605753,4.181428281946297,4.246158993957518,4.053808431536078,4.180357785325006,3.832655008364087,4.061881759146854,3.797870607663057,4.043234206222313
2024-05-13,4.244062004917047,4.155479343659131,4.223033106139462,4.0286514713480726,4.1575902711268,3.7997345637323563,4.034914935464606,3.765248942320051,4.016391183601159
2024-05-14,4.257079516050013,4.182436314277549,4.243202231717105,4.054785698079505,4.17744684297248,3.8145933771478724,4.048989620229651,3.7799729001540814,4.030401253381177
2024-05-15,4.238623207125709,4.1607152654032875,4.222984001453201,4.03372758943073,4.157541927398316,3.7928119314562228,4.028655639250482,3.7583891384525465,4.01016062297422
2024-05-16,4.2345337354778065,4.136682774648273,4.208744825770522,4.0104285855774,4.1435234111330494,3.777949039271651,4.018829215223326,3.7436611388675423,4.000379310738339
2024-05-17,4.2518956093326254,4.164219376734284,4.231371184081032,4.0371247530554095,4.165799136853988,3.796584665298665,4.036974413646184,3.7621276317266545,4.018441206995359
2024-05-20,4.304812197466656,4.234467694827543,4.29338707774019,4.105229047804937,4.226853992369496,3.8555408836367437,4.093422212186844,3.820548775366381,4.074629861283878
2024-05-21,4.2951662889603766,4.235524715416814,4.2891214436442615,4.106253807453594,4.222654461280896,3.8503330770011717,4.086069123183992,3.815388233729195,4.067310529323812
2024-05-22,4.250895042981408,4.196176213026659,4.247100012853667,4.068106246380688,4.181284221587578,3.80771481573329,4.042398690158093,3.773156767169913,4.0238405813832445
2024-05-23,4.264870514056866,4.204546539721899,4.258308186056525,4.076221105381948,4.192318705735373,3.811899083365765,4.051270352219117,3.777303059236716,4.032671514836785
2024-05-24,4.249516739239118,4.184711721787787,4.240592387183539,4.05699165870545,4.174877442267064,3.79294846969353,4.033914171124265,3.7585244374964617,4.015395013635325
2024-05-27,4.294720985601628,4.24363238138945,4.293016636309006,4.114114022304548,4.226489291536799,3.838759587704364,4.079721468158828,3.8039197830774856,4.060992015529252
2024-05-28,4.309582178548153,4.263395003969673,4.310450536415616,4.133273477075272,4.243653024723182,3.8511740727365744,4.093378030442115,3.8162215967576136,4.074585882371597
2024-05-29,4.264788884543971,4.2340645462484146,4.2732561379100185,4.104838203576834,4.207035014520404,3.8201286615254855,4.055594381014941,3.7854579474116385,4.036975692597892
2024-05-30,4.240014097473202,4.199331264316024,4.243284830040164,4.071165003498198,4.177528161298842,3.7914804858885978,4.0286119458207486,3.75706977681526,4.0101171301351455
2024-05-31,4.318913915001168,4.283766612822793,4.325440740253018,4.15302333147055,4.2584109307282265,3.8677408609078774,4.1066034858821885,3.8326380281144314,4.087750621524271
2024-06-03,4.352802117628853,4.327755252721667,4.3646781804046215,4.195669410104442,4.297040322290671,3.906188511054189,4.143156007740037,3.870736735174088,4.124135335669762
2024-06-04,4.327359927519663,4.269829491660216,4.322712395550517,4.139511580109386,4.2557248662086495,3.859550569682472,4.106313997418469,3.8245220703135634,4.087462462063158
2024-06-05,4.274414435560118,4.189618200893379,4.255719609042444,4.061748388948387,4.189770242974293,3.789714598741171,4.044079998801972,3.7553199165019717,4.025514171365237
2024-06-06,4.288372819182767,4.211398023221165,4.273700662845748,4.082863477247509,4.207472650812049,3.8066626993274153,4.059711173881953,3.7721141995594727,4.041073585822468
2024-06-07,4.284230472125233,4.203297848496571,4.26753919706292,4.075010525006943,4.201406667062757,3.799118033100771,4.053738574962513,3.7646380071956234,4.035128406301487
2024-06-10,4.324702637995094,4.257900203628259,4.315364593432503,4.127946381534783,4.248490930354439,3.84446476970905,4.097048857560993,3.8095731860056596,4.078239857216815
2024-06-11,4.314106616986153,4.247180763798479,4.30464668077317,4.117554105825804,4.237939109357714,3.8351112915643184,4.087045565957388,3.800304598134387,4.068282489379745
2024-06-12,4.286189421278824,4.229620580329263,4.281794998199612,4.100529870323744,4.215441551143316,3.8154841299987683,4.063350344721233,3.7808555687124894,4.0446960497178095
2024-06-13,4.235749474926375,4.173584978247263,4.228249376221333,4.046204510454011,4.162725706535165,3.762056044516951,4.011010412920405,3.727912385714729,3.9925964035053365
2024-06-14,4.2682183304652295,4.197746386201325,4.25671186995817,4.069628496871487,4.190747127177177,3.7877093416358365,4.040067706608148,3.753332858704039,4.021520299065311
2024-06-17,4.193235904120327,4.112686916493565,4.176225782808913,3.9871650962741185,4.11150830416006,3.7101033305551527,3.963225225163371,3.676431184063851,3.945030591119263
2024-06-18,4.205429238733303,4.128630854510615,4.190379067212489,4.00262241516309,4.125442260172683,3.7225011284210527,3.9756032086073954,3.6887164620270103,3.957351748905856
2024-06-19,4.223021529506636,4.15150005915788,4.2107313701945515,4.024793637140489,4.145479170788001,3.7444709311695994,3.9956269973936878,3.7104868712949384,3.9772836111705794
2024-06-20,4.213413546404448,4.140634620091246,4.200435201929798,4.014259818184216,4.135342558563676,3.7338509305198633,3.9854222532554355,3.6999632556204323,3.9671257156403574
2024-06-21,4.2148849237847505,4.149488395417021,4.205637554206653,4.02284337065635,4.140464291846274,3.7368091570755353,3.9876913517596235,3.7028946339109585,3.9693843970184557
2024-06-24,4.235867580681075,4.169879163006433,4.22643987422237,4.0426117990511035,4.160944245742082,3.757776885609299,4.008797245347027,3.7236720635867457,3.990393396286667
2024-06-25,4.3104064650860625,4.27283065406277,4.315725920305737,4.142421145126778,4.248846657874233,3.848639289264387,4.092458930473742,3.8137098184668985,4.073671001867581
2024-06-26,4.325530529985553,4.284874755275638,4.329382013474572,4.154097652710993,4.262291127447017,3.8562515848661447,4.10369379546821,3.821253026415348,4.084854289107696
2024-06-27,4.31249519778807,4.2742641647691855,4.31749600654124,4.14381090417477,4.250589313715856,3.8430406258325642,4.090483844353834,3.8081619673705918,4.071704983102444
2024-06-28,4.333762195058692,4.324671518181528,4.35357722317085,4.1926797931036175,4.286111392624401,3.8808965740755137,4.120681429406109,3.845674342693535,4.10176393510264
2024-07-01,4.355074616875244,4.368897378514636,4.386561644870452,4.235555852053226,4.318584666527378,3.913976109463929,4.148372889400567,3.8784536549177355,4.129328267328141
2024-07-02,4.401278684908082,4.443467524729603,4.447266529343266,4.307850069981652,4.378348829097434,3.9708432621707574,4.200514829959764,3.934804692862822,4.181230831250149
2024-07-03,4.417819184219788,4.435915957656457,4.4518055228643485,4.3005289815381165,4.382817483457857,3.969496244962512,4.2076787116945455,3.933469900909973,4.1883618245672665
2024-07-04,4.4523797398889275,4.4715069591575185,4.487078187743622,4.335033723038707,4.417543540453618,3.99967440415618,4.240131549522285,3.963374169242209,4.220665675780715
2024-07-05,4.423033799611295,4.436351772169979,4.454650469594477,4.300951494715522,4.385618343065105,3.966214727856993,4.2084232517816496,3.93021816618916,4.189102946570954
2024-07-08,4.396171204116127,4.402111247479816,4.42393258130567,4.267756012614704,4.3553764789145655,3.9330501958886783,4.178054103680207,3.897354628796807,4.158873219144478
2024-07-09,4.420726953185921,4.409798812309696,4.440158547961824,4.275208948076949,4.371350997563538,3.9441351211136815,4.195623627187142,3.908338949485288,4.176362083331699
2024-07-10,4.437172668978194,4.441833146331893,4.464522784218177,4.306265573852048,4.395337669956796,3.963233900986902,4.213577485035146,3.927264392700093,4.194233517432713
2024-07-11,4.470970065475464,4.460289346627302,4.490809070505042,4.324158479176931,4.4212166070580565,3.9851515259083983,4.241289236946337,3.9489830976963622,4.221818048417487
2024-07-12,4.43710406757521,4.4006402721374585,4.443808523192817,4.266329932375286,4.3749444104326365,3.943338019582701,4.2030011180436935,3.907549082286381,4.183705705119834
2024-07-15,4.436963686401449,4.400501325969778,4.443668071154129,4.266195226933008,4.374806134929004,3.943213551811863,4.202868297967453,3.9074257441598252,4.183573494802703
2024-07-16,4.4423729417973945,4.43317042698927,4.462792847351886,4.297867246212957,4.393634541303956,3.9658995778507626,4.217466871363229,3.929905876420566,4.198105048111198
2024-07-17,4.470887478195538,4.450072155162585,4.485638227576573,4.3142531228935015,4.416125894834732,3.984697209681283,4.241009141236168,3.9485329047513202,4.221539238589056
2024-07-18,4.429779770057304,4.419987093877519,4.4498324195071906,4.285086276811925,4.380874956578369,3.9630544974608366,4.209961403713346,3.9270866174040986,4.19063403705398
2024-07-19,4.404838249890497,4.390472846580409,4.422454706840967,4.256472823112374,4.353921506542347,3.933294461649359,4.1823113948014505,3.8975966776509106,4.1631109656146945
2024-07-22,4.364878638363996,4.346163677812934,4.380086288325424,4.213515998354796,4.312209656268865,3.896944078452773,4.144016224389188,3.861576203170864,4.124991603179955
2024-07-23,4.377087221817415,4.368415695685035,4.397405707318764,4.235088870489919,4.329260682414882,3.906451352078109,4.15486911103244,3.8709971907061043,4.1357946656800975
2024-07-24,4.302050757759759,4.287143927789103,4.31881603746324,4.156297568636234,4.25188888859035,3.831449211549744,4.0793846778837635,3.7966757544164147,4.060656771413049
2024-07-25,4.204799259063659,4.164072483165192,4.208054203044431,4.036982342771469,4.142843490740563,3.7325366163855573,3.980648723881097,3.6986608699350474,3.9623741008974442
2024-07-26,4.1904547314490035,4.156253817738429,4.1969049451615765,4.029402307985935,4.131867008923111,3.719564873615932,3.966942580414492,3.6858068560758785,3.948730880492327
2024-07-29,4.287812080512076,4.260789450758531,4.2984147097386165,4.13074744700518,4.231803712951387,3.8114488988671997,4.062004202269288,3.7768569605214934,4.043356087224837
2024-07-30,4.276686299916055,4.2374282867620625,4.281083791181797,4.1080992805907846,4.214741365446517,3.792445669730111,4.046634700416539,3.7580262008436898,4.028057144688242
2024-07-31,4.341695684823499,4.330248024978832,4.360421004215539,4.198086101367004,4.292849118039755,3.8637779333890867,4.115398720335534,3.828711067323266,4.096505478239003
2024-08-01,4.188246036367892,4.193530784907042,4.214506060979389,4.065541558409687,4.14919536653857,3.7331647072957383,3.9730950953084108,3.699283260419323,3.954855150017743
2024-08-02,3.9618954642401425,3.895572243430461,3.9508967355088136,3.776676901110402,3.889671100588246,3.496960150487423,3.740040935315477,3.4652224483345737,3.722870910332796
2024-08-05,3.493772835489832,3.3588136042812633,3.4456461682528325,3.2563004769881534,3.3922502208298404,3.0400469264118555,3.2748638802351793,3.012456076150752,3.2598294205565246
2024-08-06,3.8101214495820903,3.6675988253514484,3.7599770719150176,3.5556613767344487,3.701710050799082,3.319190439670713,3.573454774499812,3.2890661394129106,3.5570495241793454
2024-08-07,3.882212045153488,3.7623616585917015,3.8438667811485026,3.6475319880382924,3.7842997511852183,3.4071841038397657,3.654472926163926,3.3762611909056517,3.637695732404288
2024-08-08,3.8507365935646822,3.732177224144026,3.8128626751165955,3.6182688017262272,3.7537761047056675,3.3763466194035483,3.6231339457968206,3.345703581233247,3.60650062508166
2024-08-09,3.8761222101992105,3.7805300739773484,3.8499324174836325,3.6651458918318798,3.7902713905215206,3.4051426381641288,3.6504980913293075,3.3742382531590676,3.6337391455018686
2024-08-13,3.9697967686011575,3.8866065571677044,3.9503668925211937,3.767984853294255,3.8891494683880743,3.4927816443295674,3.7415651124793814,3.4610818654524134,3.724388090204308
2024-08-14,4.016513568884597,3.938095082560175,3.999744779083559,3.817901916146808,3.937762163486779,3.5382729227146874,3.787931088233746,3.5061602742073954,3.7705412059991645
2024-08-15,4.050905688517273,3.989021201007387,4.042639077854682,3.8672737370717436,3.979991744637436,3.5780884827183455,3.8254310358582013,3.5456144762515502,3.807868996406975
2024-08-16,4.161590823972076,4.120256830776786,4.1642746630336696,3.9945039719592144,4.099742386617431,3.6855449937122335,3.9351120150018923,3.6520957337127857,3.9170464449250413
2024-08-19,4.110311002496141,4.059778270363845,4.108083460187159,3.935871255672369,4.044421958762408,3.6345672000445615,3.8836621635241806,3.6015806041768763,3.8658327927966165
2024-08-20,4.1537631094108995,4.091663031446912,4.145967855978493,3.9667828735695654,4.0817192736095445,3.6673040710220652,3.9216925801308067,3.6340203619429654,3.903688616874837
2024-08-21,4.134855477433122,4.059528637280214,4.120307202918495,3.935629241549209,4.056456274520594,3.6400959821637113,3.8982460323724375,3.6070592081891517,3.880349709064193
2024-08-22,4.149183666065748,4.05806612112399,4.126781299932949,3.934211362316183,4.062830044767029,3.64582842892663,3.908092541369697,3.6127396284261337,3.8901510140627797
2024-08-23,4.175347164436903,4.08880344131447,4.15539060214723,3.964010559946566,4.090995998847971,3.6681115442872634,3.9323599040524075,3.6348205067443304,3.9143069685468284
2024-08-26,4.151557472343776,4.055020978321227,4.126445457850043,3.9312591592083668,4.062499407108874,3.640725922339499,3.906503250815013,3.6076834311554737,3.8885690197273086
2024-08-27,4.185815490658803,4.092547690127348,4.162539071544656,3.967640531904461,4.098033690969536,3.6727921160291874,3.9398158832531935,3.6394585985649917,3.921728718349765
2024-08-28,4.191740586872666,4.0916447260432625,4.1650664543586835,3.966765126858476,4.100521907835215,3.6725414142737645,3.9424928375638935,3.639210172127931,3.9243933831232143
2024-08-29,4.197042592259302,4.097819406323336,4.170836861115178,3.9727513519695163,4.106202892660166,3.6813903238193717,3.9497164721324665,3.6479787707625038,3.9315838549568993
2024-08-30,4.224811974531575,4.122189868019343,4.197054787493083,3.9963780116757817,4.132014529201548,3.7104689412203826,3.978361653875663,3.6767934765207237,3.9600975305228454
2024-09-02,4.22501102231401,4.137599672277692,4.204894813229465,4.011317498908058,4.139733060860601,3.7200249821659077,3.9835554142749507,3.686262788773831,3.965267447066584
2024-09-03,4.253981027275203,4.1879049245564755,4.244872565285966,4.060087402894875,4.179091291978891,3.758467362881878,4.017795451234931,3.724356274227429,3.9993502926213953
2024-09-04,4.107752391068327,4.012280793625037,4.0828660937846495,3.8898234321303984,4.019595376876016,3.610993400463912,3.869898965621798,3.5782207556272656,3.852132779884963
2024-09-05,4.093100809361346,3.9885114612310777,4.063497220724791,3.866779554877584,4.000526656320811,3.592908886854517,3.853309017510469,3.560300373401076,3.835618993994438
2024-09-06,4.065865218354703,3.9594835740128373,4.035194259881458,3.838637617237987,3.9726622963480582,3.574687582785864,3.83071340677914,3.542244442198135,3.813127116673375
2024-09-09,4.039135885496573,3.9111409277094826,3.997328772898338,3.791770419244078,3.935383597286091,3.54040921860673,3.7997591795613577,3.5082771815105445,3.782314996150103
2024-09-10,4.0318768086162535,3.9059105805919794,3.99105880797846,3.7866997056469227,3.9292107957721045,3.5326936587683377,3.7922059969487054,3.50063164653076,3.774796489183092
2024-09-11,3.945607749842303,3.8127301475278728,3.900781678047133,3.6963631986594976,3.840332658264238,3.4457078079292858,3.704962557994332,3.41443526165833,3.6879535731246786
2024-09-12,4.02964018460129,3.892845002486881,3.9833067802412803,3.774032897294852,3.921578898438705,3.5145169026754712,3.781419387290688,3.482619858995199,3.764059399399458
2024-09-13,4.000052931756803,3.866942804840579,3.955421850223639,3.748921251193626,3.894126091217314,3.488701542941795,3.75364913010124,3.4570387942385707,3.736416631726292
2024-09-17,3.9864589100854655,3.8341642396303155,3.93200135872584,3.717143108639625,3.871068538707319,3.4643551794267284,3.734205019774558,3.43291339338836,3.7170617866953246
2024-09-18,4.003924543802658,3.8636585863683153,3.9556796224623603,3.7457372691577864,3.8943798688517623,3.486891343515453,3.7545050886215656,3.455245023815637,3.7372686606561576
2024-09-19,4.073833719493802,3.935358606892848,4.026900869206549,3.815248959457152,3.964497425384927,3.543580477193061,3.8178145783603763,3.5114196583961617,3.8002875050412794
2024-09-20,4.106394180983547,3.9807873695412357,4.0661874009019785,3.8592912073783734,4.003175147737085,3.5711531530300054,3.847927384862876,3.538742090210981,3.830262067698621
2024-09-24,4.130460904820309,4.004627336975505,4.090277323177591,3.8824035638451457,4.02689175709534,3.5978057554766876,3.873543401128664,3.5651527990353027,3.8557604842785107
2024-09-25,4.126766023407401,3.976020589798018,4.073902670669867,3.854669912784427,4.0107708567263085,3.582163839616037,3.86342653729894,3.5496528460353427,3.845690065610139
2024-09-26,4.224333083067473,4.065186039530281,4.167761762805308,3.941113976284688,4.103175448049969,3.666993870393137,3.9548418710674813,3.633712976632126,3.936685723874654
2024-09-27,4.288799065062481,4.096511945241801,4.215758985164246,3.971483795431689,4.150428874605049,3.7091301586306544,4.007793408727991,3.6754668444506624,3.9893941681465552
2024-09-30,4.153344370049577,4.016371865350105,4.107632351603718,3.8937896417446343,4.0439778408474885,3.5997150673680025,3.8853535337030336,3.5670447823985487,3.8675163981224285
2024-10-01,4.212397125597274,4.0767416834989305,4.167693819469967,3.9523169346504208,4.103108557608217,3.6492981303599783,3.9397578457269073,3.6158199225071517,3.921478357954678
2024-10-02,4.17474046622666,4.051318828207776,4.136070282356925,3.927670001070818,4.071975079149651,3.6261904915381793,3.9096747172333135,3.5871175332785468,3.8883860067995446
2024-10-03,4.222134539279002,4.104921458756981,4.1869150911583075,3.9796366452462237,4.122031964117617,3.6715055986039515,3.956298951975362,3.636644296708365,3.9373031868461057
2024-10-04,4.2476582424979785,4.140848731526228,4.21790591515534,4.014467394802038,4.152542534389242,3.6970860093506066,3.9820430374996416,3.6632154703948867,3.963592338719409
2024-10-07,4.303311595235799,4.210643471114487,4.281113216293574,4.082131954550999,4.214770334567852,3.746194118997929,4.03457707921497,3.7188192444097883,4.019649316486073
2024-10-08,4.247298927244127,4.1593490408649,4.227184689798474,4.03240306293413,4.161677519177352,3.7058575228359474,3.986609841502393,3.6758930161519143,3.970299701152021
2024-10-09,4.2466351350231335,4.149821484516109,4.22198625777633,4.023166293664304,4.156559645398679,3.704883768186113,3.9857737972250455,3.6778039217355536,3.9710269473221773
2024-10-10,4.255981669902758,4.156368380576572,4.229956409685858,4.0295133742933995,4.164406286712071,3.712712083271802,3.994370294738131,3.685322909725808,3.979454764851834
2024-10-11,4.244038474633896,4.148794498680008,4.220176756928454,4.022170652089049,4.154778185738845,3.7061678073952193,3.985252619017909,3.676989769121434,3.969376795133887
2024-10-15,4.249552456594029,4.140773309853258,4.2188044190348135,4.0143942750464925,4.15342711447516,3.7039125462588243,3.986613786657001,3.6789751146036838,3.973019968350334
2024-10-16,4.215309937129002,4.104125345791012,4.183132065388189,3.978864830154276,4.118307562546053,3.67317518283207,3.954008741487554,3.644586466132411,3.9384333228627875
2024-10-17,4.221303086448318,4.098339005720946,4.1831391227596475,3.973255092863063,4.118314510551948,3.671849774758443,3.9560959177873087,3.642269937520124,3.9399667699110776
2024-10-18,4.216246036699695,4.084238175336139,4.173429721394828,3.9595846287892464,4.108755572310581,3.667613897878245,3.951444534639182,3.6370952342497262,3.934806801442418
2024-10-21,4.195902599147483,4.0709662118759935,4.156581917623298,3.946717734094418,4.092168852933805,3.656509107512534,3.9359368320527146,3.6263451852782196,3.919508172320272
2024-10-22,4.1556139186355505,4.028876939172701,4.115137213213249,3.9059130527613664,4.051366402298397,3.623364931645287,3.8992051801124137,3.5901829857583936,3.8811454899822584
2024-10-23,4.136934576391925,4.011387628421785,4.0969569089706575,3.8889575268971712,4.033467831734213,3.6087494757908285,3.882580627013828,3.5719423827911885,3.8625595662936103
2024-10-24,4.1267596281713415,4.005133726272344,4.088726711388,3.882894497818599,4.025365174582565,3.60352679221213,3.8750032427290866,3.5668771532226926,3.855076740032399
2024-10-25,4.096899539856101,3.9727057108600308,4.057379367302643,3.851456206059777,3.9945036090870274,3.576635789168243,3.846523843399994,3.5372875024480934,3.8251323164773434
2024-10-28,4.149595068405386,4.016157130038801,4.105657930997308,3.8935814602915966,4.042034017131687,3.6192638801941284,3.8941768003796984,3.5850927308166765,3.8755836269829453
2024-10-29,4.1873414513751355,4.055071492695944,4.144222105317815,3.9313081318522416,4.080000576223039,3.650276389281488,3.928568909604791,3.6197908559678975,3.9119690303340704
2024-10-30,4.222831668116045,4.089132413988456,4.1791893072648545,3.964329492165326,4.114425903936475,3.6742268017622965,3.9580938525958453,3.6460041556391873,3.9427032194854656
2024-10-31,4.221943578631115,4.08344527679114,4.175842966232946,3.958815930012097,4.111131419955777,3.671282577431581,3.956089265348465,3.6427030332207297,3.9404997524291296
2024-11-01,4.153638820865241,4.014092340552468,4.106605050044975,3.8915796894935215,4.042966459013912,3.6166979609196908,3.8946863250008112,3.582108767499129,3.875848505952891
2024-11-05,4.181129107023547,4.046794769627385,4.136922610525254,3.9232840196354473,4.072814199092922,3.646306025987698,3.923516454520198,3.611433668448785,3.904539189900108
2024-11-06,4.242229071951822,4.125089934171757,4.2071764758097405,3.999189565964881,4.141979365331188,3.716434287256993,3.9899210898852937,3.6808912405923913,3.9706226393209283
2024-11-07,4.2912545621251175,4.17720524853273,4.258069858089459,4.049714287788002,4.192084071051652,3.7540107373474565,4.033137958537558,3.7181083189259976,4.01363047662033
2024-11-08,4.276579909562346,4.185185734990134,4.254897822383932,4.05745120472341,4.188961191249978,3.7572200634878223,4.027986068507254,3.721286951875,4.008503505252031
2024-11-11,4.265203459549629,4.180375404021338,4.246813410763075,4.052787688114988,4.181002060867174,3.751661064073174,4.019659328572909,3.715781117338385,4.000217040093894
2024-11-12,4.272399635144261,4.183080017287119,4.251754228795179,4.055409754863856,4.185866312807757,3.7537302681858953,4.024147223018041,3.7178305321012477,4.004683227490907
2024-11-13,4.235795266071578,4.132810460004377,4.207945229824304,4.006674456439101,4.142736206239491,3.7211130951614497,3.9894239563567955,3.6855253015499545,3.97012791032791
2024-11-14,4.207729918882961,4.108122009514971,4.181442732981982,3.982739513159641,4.116644409120492,3.6999789886837555,3.9648868660078844,3.664593316373134,3.945709500979055
2024-11-15,4.226904136988503,4.1196675372656895,4.196827090963421,3.9939326640608472,4.131790361203646,3.7142240936239466,3.9815462903602046,3.6787021846976615,3.9622883470266794
2024-11-18,4.20355702544779,4.098911303980296,4.174668419920124,3.973809924215578,4.109975075167462,3.6935954944570852,3.9594934230358785,3.658270872286368,3.9403421450123366
2024-11-19,4.231044304903669,4.12629438883016,4.202263524547504,4.0003572599011195,4.1371425483191,3.716551157071283,3.9847402816358404,3.6810069926930495,3.965466889605124
2024-11-20,4.2098574011107,4.100185499084858,4.1784347172954925,3.975045230075204,4.1136830075782305,3.7018849682263824,3.966910528674172,3.6664810676048076,3.9477233755936387
2024-11-21,4.186681502375506,4.077155663828318,4.155197682473824,3.9527182800368807,4.090806068781812,3.6772776782547987,3.9427956793297563,3.6421091155911016,3.9237251649539635
2024-11-22,4.210481629430573,4.099333650524395,4.17830755667863,3.9742193804745534,4.113557817524009,3.6977575304583454,3.964980843106995,3.662393103617781,3.9458030235297277
2024-11-25,4.23214875253914,4.133072602804802,4.206276710924621,4.006928598474544,4.141093543780979,3.7250280593473297,3.9898223068642555,3.6894028239989454,3.9705243340936125
2024-11-26,4.192432470987043,4.092517576466056,4.1658985853766595,3.9676113373312654,4.101341143616158,3.6926179117629103,3.953751556727933,3.657302638948224,3.93462805096369
2024-11-27,4.154346103206125,4.0614935304912905,4.131201508885004,3.9375341649698807,4.0671817553204495,3.6636070278567874,3.9202752259426363,3.6285692078693965,3.9013136384971223
2024-11-28,4.1873661320113955,4.09708573380028,4.165730820043442,3.9720400715984576,4.1011759780823605,3.6926611605754167,3.9513996004733025,3.6573454741399205,3.9322874706512114
2024-11-29,4.182467985173682,4.094139019246057,4.16180216501786,3.9691832926464397,4.097308204019868,3.686177969846041,3.9456124585163046,3.6509242870228302,3.9265283199427743
2024-12-02,4.229842153020358,4.14994137056495,4.213793517941248,4.023282520714695,4.148493865525278,3.7283454603756527,3.990556994030467,3.6926884982347468,3.971255467724894
2024-12-03,4.281483681088681,4.199686838569524,4.264771747025732,4.071509725399355,4.198682103209893,3.77278337069818,4.038698655584801,3.736701415513354,4.019164277687764
2024-12-04,4.257906378533936,4.165558811952775,4.235701258658878,4.038423307859206,4.170062109813387,3.7510058795525127,4.015922354359034,3.7151321988383756,3.9964981408771187
2024-12-05,4.250850057618501,4.175758291496205,4.237364690334406,4.04831149280045,4.171699763882641,3.755701962095646,4.015106961554296,3.7197833692242983,3.995686691964347
2024-12-06,4.230560487369962,4.1526088126017004,4.215505564403033,4.0258685507240815,4.150179381014818,3.737943729367138,3.996032496624347,3.7021949717856844,3.9767044864075034
2024-12-09,4.233918946721076,4.162713695932069,4.222308602769533,4.035665026588848,4.1568769951267095,3.7470097890537235,4.002468565272335,3.7111743259482117,3.9831094250782724
2024-12-10,4.235759870375939,4.153815856077507,4.2187081999896465,4.0270387544653685,4.153332386502157,3.7415909353167156,4.000436977245715,3.705807296771079,3.9810876634367403
2024-12-11,4.244249744002579,4.17229620625247,4.232319377877272,4.044955072600121,4.166732636829795,3.756163193117114,4.0122403314624115,3.7202401891478014,3.9928339271890603
2024-12-12,4.277503172580963,4.202089126202389,4.2640086690332755,4.073838693685891,4.197930850364414,3.782597761442659,4.042073305891027,3.7464219438829716,4.022522605485189
2024-12-13,4.241501455096193,4.170384410264901,4.229979841422507,4.043101625841929,4.164429355335473,3.754231511152875,4.009910155531207,3.718326981306038,3.990515021852938
2024-12-16,4.223315578834556,4.154409617323814,4.212811110453789,4.027614393740825,4.147526682055606,3.740156928818678,3.99379939314714,3.7043870047520118,3.9744821840053257
2024-12-17,4.197839021082598,4.122680962531043,4.1840127421249935,3.996854117670668,4.119174591750166,3.7173862089875245,3.9695956445974083,3.6818340583819205,3.950395504148016
2024-12-18,4.192892462598703,4.108155499745448,4.174174369073845,3.9827719812469855,4.109488680450606,3.703949488215428,3.9600714232480985,3.66852584304178,3.940917349553094
2024-12-19,4.177486623674051,4.109253934396248,4.167058343341309,3.9838368909736768,4.102482929226049,3.699052268563332,3.9501834447987285,3.663675459171826,3.9310771972784746
2024-12-20,4.171262328139349,4.080679277531532,4.149450846289392,3.9561343508089752,4.085148289264189,3.681581705275068,3.937897726461996,3.6463719799749827,3.9188509025049223
2024-12-23,4.206962191249741,4.119267235297758,4.186823893999642,3.9935445795635562,4.121942180208732,3.7116713071562843,3.970840764452726,3.6761738124403776,3.9516346016075437
2024-12-24,4.21377683711468,4.1243986078530215,4.192823451691683,3.998519339365056,4.127848764899066,3.7137448116442675,3.975164998914,3.67822748645079,3.9559379206113188
2024-12-25,4.224118939308031,4.125406032280908,4.198486345539518,3.999496016558716,4.133423902904486,3.7177477323089474,3.98218574142244,3.6821921241848483,3.962924705191978
2024-12-26,4.272832733839812,4.165858273605984,4.243288154559115,4.03871362975231,4.177531434298914,3.7567219625960275,4.02602238005969,3.720793614695374,4.006549314772864
2024-12-27,4.329212270302099,4.218035772213822,4.297861124744677,4.089298637919535,4.231258706666287,3.803258798236012,4.077522300092221,3.7668853836954224,4.0578001399891255
2024-12-30,4.310305117571259,4.19811193299091,4.278328220154304,4.069982886940586,4.21202849651858,3.786090046851842,4.059415411299571,3.7498808299492175,4.039780830597262
2025-01-06,4.276880392198388,4.16703668949555,4.245900271694101,4.039856079639495,4.180103072388057,3.753841623133906,4.026389105904068,3.717940822078427,4.006914266837655
2025-01-07,4.293931231824272,4.197337779311331,4.269801214300354,4.069232360923643,4.20363363062736,3.7774653536716194,4.047084668192289,3.741338621174336,4.0275097288289725
2025-01-08,4.265266107597465,4.16184560430774,4.237490529418153,4.0348234296729695,4.171823652883074,3.7481266451145596,4.017857123470911,3.7122805006774224,3.998423551897638
2025-01-09,4.2136721794912235,4.11301462478738,4.1870028618742445,3.987482802702401,4.122118374682135,3.7081181299062855,3.972114388110966,3.6726546168876304,3.9529020650027973
2025-01-10,4.182078933067685,4.075555013939656,4.1522363856508555,3.95116648300078,4.087890662117537,3.67725151393211,3.9406891099041017,3.642083201497442,3.921628784583429
2025-01-14,4.141989700101036,4.039701261951245,4.114070812362963,3.916407010324813,4.05031652708103,3.6437548613746493,3.903854142702382,3.6089069025351037,3.8849719807532566
2025-01-15,4.150274230444708,4.0668898948417365,4.13203466927208,3.9427658288484477,4.068002004518724,3.6599797651155233,3.9164552568567763,3.6249766353604667,3.897512145837961
2025-01-16,4.14598199262541,4.072300634452597,4.132660666539905,3.94801142924534,4.068618300930579,3.664435372793487,3.9168243867474497,3.6293896307225983,3.897879490321157
2025-01-17,4.137797645517585,4.058336525926656,4.121483941476571,3.934473514192305,4.057614777581729,3.6519826322842848,3.906293450887441,3.6170559851045767,3.887399490492341
2025-01-20,4.180202620096563,4.103081016789201,4.1653284990156365,3.977852374737761,4.100779891679761,3.687825198218648,3.945476593067804,3.652555761715864,3.92639311164828
2025-01-21,4.178023407282706,4.097281072864448,4.161291929698682,3.9722294487901584,4.096805875635108,3.6869871349114565,3.944001348056087,3.651725713436232,3.9249250021017237
2025-01-22,4.198967953654993,4.100099921800821,4.173124444300526,3.974962264664301,4.108455025986327,3.699185963076489,3.960402535645588,3.6638078750641463,3.9412468604261184
2025-01-23,4.214903773023366,4.111418136153622,4.186800846486281,3.985935039917058,4.121919489854453,3.7129746752052584,3.9752986957299146,3.6774647154037874,3.956070970762465
2025-01-24,4.21535978995281,4.115858439508019,4.189289372676269,3.9902398223891975,4.12436945224331,3.7179959417342525,3.978206267704055,3.6824379597973795,3.9589644793923084
2025-01-27,4.240883039150598,4.147052059014029,4.217850545252544,4.020481392789811,4.1524880225340475,3.7426857627610817,4.003461672776751,3.7068916535599903,3.9840977291202506
2025-01-28,4.237558380268376,4.167738088165488,4.226739019219126,4.0405360711759615,4.161238754995723,3.756003106598592,4.009038828254524,3.7200816336566462,3.9896479090120773
2025-01-29,4.256390990827043,4.186720041395462,4.245757715151035,4.058938683121485,4.179962724992801,3.7737873956849888,4.027441391111003,3.737695838256668,4.00796146235144
2025-01-30,4.271296541266585,4.203568977769754,4.2617404113827,4.075273379242287,4.195697743092125,3.7876958983031725,4.041916831418148,3.751471323439487,4.022366887848048
2025-01-31,4.2795780573191315,4.2116799598446555,4.269983418861526,4.083136808985955,4.203813011629558,3.793509637473904,4.048932993372735,3.7572294614649624,4.029349114030077
2025-02-03,4.185132743906599,4.121127253840104,4.176968104664299,3.995347829157083,4.112239122518914,3.7161331781757205,3.9629802984502622,3.6805930112429537,3.9438121551075067
2025-02-04,4.200386698824456,4.132803442032116,4.190497402572279,4.006667652659819,4.125558761731692,3.7368764157815426,3.98126298762332,3.7011378657198915,3.9620064145684872
2025-02-05,4.204074256060761,4.128686768988347,4.19025135745249,4.002676623095409,4.125316529485203,3.74100419583069,3.985209881576705,3.705226168714538,3.965934218184964
2025-02-06,4.214336980910149,4.137315573903013,4.199745571436562,4.011042071396455,4.13466361502777,3.750156112480542,3.994948784437166,3.7142905587258395,3.975626015919491
2025-02-07,4.197920508825926,4.123057101411698,4.18432751191074,3.9972187765534746,4.119484483661023,3.7390524888832575,3.9812556572058835,3.703293127403505,3.961999119606814
2025-02-10,4.1976131648110915,4.119924291882692,4.1825865103089335,3.994181582363654,4.117770461738921,3.740018875455667,3.981625432101149,3.7042502716967878,3.962367105974844
2025-02-12,4.194293185656208,4.1160539142514185,4.178968348725886,3.9904293311191137,4.114208369513034,3.746598432121031,3.9835618614825705,3.7107669031301915,3.9642941692345186
2025-02-13,4.240929992712915,4.164836723017293,4.226963166545813,4.037723257537258,4.161459428791385,3.7804905644465863,4.0237142151223635,3.744334899591179,4.004252313967843
2025-02-14,4.219141349658408,4.151163338866432,4.209160769845262,4.024467193766485,4.1439329094711015,3.7646657688372143,4.004960193596677,3.728661448363364,3.9855890018945854
2025-02-17,4.226617063515754,4.167135776371821,4.220985765906693,4.039952142321286,4.155574657794041,3.7740339352619805,4.013494867266892,3.737940019990897,3.9940823950546855
2025-02-18,4.240254307205002,4.183771922812275,4.236221867781549,4.056080542992357,4.170574651242519,3.7876573099173854,4.027215706650815,3.7514331041033566,4.007736869481862
2025-02-19,4.223725589034291,4.167761917792366,4.219860161893912,4.0405591735074715,4.15446649686443,3.774471101820702,4.012358974541811,3.738373005598148,3.992951996415604
2025-02-20,4.186037805373343,4.120880618162777,4.177294763787486,3.9951087209574783,4.1125607195223965,3.7326202999448137,3.9721999542602426,3.696922454308992,3.9529872172857177
2025-02-21,4.190293281076201,4.119959974126703,4.178951791370318,3.994216175562883,4.1141920687408895,3.7286754969220546,3.9721113290795267,3.6930153783942843,3.952899020767281
2025-02-25,4.185329919940926,4.115801677038056,4.174367631439064,3.990184792345916,4.109678947898014,3.7141475573528804,3.962014894646058,3.678626380400323,3.9428514207684793
2025-02-26,4.183895996801381,4.103205046306093,4.1672684116742715,3.9779726187949183,4.102689742205124,3.706509940821739,3.957263514694959,3.6710618081206845,3.9381230222922095
2025-02-27,4.2109987585083415,4.1264008978806395,4.192548432069896,4.000460518227642,4.127578007158087,3.7340534101607,3.9847821032879764,3.698341858617726,3.965508508974287
2025-02-28,4.15207609443658,4.075004300056422,4.13709806696596,3.950632577255496,4.072986936547868,3.6787044009075647,3.9273718124302306,3.64352219342577,3.9083759002147693
2025-03-03,4.224002530690523,4.153991019621748,4.213029736542568,4.027208571906839,4.147741920174012,3.7443977144396876,3.996455959564696,3.7085872325615363,3.9771259011422746
2025-03-04,4.196888989274197,4.129626127361767,4.187152593091291,4.00358731165387,4.122265785568017,3.71972879586886,3.970464723704908,3.6841542413490735,3.951260379693636
2025-03-05,4.213084252878388,4.130819243908292,4.195834226353121,4.004744013524613,4.130812882661432,3.72570713600507,3.9813165262699495,3.690075406137621,3.962059694259387
2025-03-06,4.249329714604403,4.174279506587346,4.235948850813819,4.046877841347463,4.170305865121181,3.763731688437791,4.018755096005086,3.72773630127492,3.999317181118206
2025-03-07,4.209073042923517,4.110617906018497,4.183589606391553,3.9851592333145742,4.118758013199991,3.7134813346515396,3.9728945657208166,3.6779665292860275,3.9536784690495375
2025-03-10,4.200285548393537,4.0929150795635145,4.170230058678001,3.967996708381389,4.1056054936235356,3.7005205127890655,3.9618208622465145,3.665129661477537,3.942658326864857
2025-03-11,4.160138616199803,4.0442405769926175,4.125525592742636,3.9208077825842724,4.061593796822346,3.663180944466976,3.922902190463188,3.628147199434404,3.903927896915522
2025-03-12,4.197575262204178,4.08841135633929,4.1665945696114255,3.9636304416541814,4.102026342431941,3.698844246402787,3.9596441675178458,3.663469426483121,3.940492160373381
2025-03-13,4.2091611958911646,4.113088381465149,4.1848863619518415,3.9875543082794556,4.120034673402737,3.7159903030524393,3.9742751989914753,3.680451502541565,3.9550524244731107
2025-03-14,4.236124505062044,4.144157747623438,4.2140884651246475,4.01767541762354,4.148784242017578,3.740113503094242,3.999904138140532,3.7043439943403276,3.98055740156777
2025-03-17,4.2907912246499205,4.190835513640048,4.26502140793957,4.0629285485358615,4.198927895217768,3.779509778984304,4.046789192461183,3.743363494115399,4.027215682254901
2025-03-18,4.341755627245583,4.257343613819275,4.324164087736667,4.1274067792007445,4.257154062039739,3.8291717801778056,4.0974011969380415,3.7925505403683726,4.077582886585501
2025-03-19,4.36701737271066,4.27627318292048,4.346361452017218,4.145758605814423,4.279007441697906,3.8443813079127915,4.117468332788322,3.807614607989646,4.0975529617119095
2025-03-21,4.371304707505978,4.3096712870956555,4.3654359386039125,4.1781373786101215,4.297786337781928,3.8629499884948344,4.129405846905163,3.8260057023615164,4.1094327364597625
2025-03-24,4.359876064857283,4.287479150863261,4.348482690207454,4.1566225604889775,4.281095807817898,3.84795228061467,4.115995707938216,3.8111514288030284,4.096087459653767
2025-03-25,4.372176444205271,4.28996271124926,4.355876332413825,4.159030321032537,4.288374873392996,3.855120881544632,4.125640169130595,3.8182514710292224,4.105685272515678
2025-03-26,4.38744300332536,4.31294188374163,4.375142665139217,4.181308154566472,4.307342642644658,3.8739425892953108,4.142906600566443,3.8368931726812643,4.122868189674933
2025-03-27,4.393888955960306,4.335300011611491,4.389695215755538,4.202983898154741,4.321669677584198,3.890007033298149,4.154528875337708,3.8528039803653353,4.134434249826895
2025-03-28,4.351950138284513,4.291954028916644,4.346799260300474,4.160960862418302,4.279438465422639,3.855956736647207,4.116517871457751,3.819079332222954,4.096607097572761
2025-03-31,4.208205290182896,4.135265174443721,4.195655641330986,4.00905425143264,4.130637065107571,3.7269737871958357,3.9796844181287936,3.691329943393657,3.9604354802989863
2025-04-01,4.219042840947162,4.138222150732367,4.202571857754104,4.011252209006696,4.137101283428849,3.731087649059731,3.987019173160555,3.6950401291312023,3.967544532834563
2025-04-02,4.183996883579864,4.114684458329826,4.173165435352057,3.9831723362416773,4.105438207647629,3.7047865877589135,3.9564072771946415,3.661909887374629,3.93327932674797
2025-04-03,4.082355454244657,3.986479473434877,4.057443831159943,3.8348670960667364,3.9791254392879423,3.59837489575408,3.851525950181666,3.5425163596660316,3.8213887263609903
2025-04-04,3.967372360629303,3.841958351693079,3.9267925104208796,3.660657980332336,3.832913106565636,3.471326253318271,3.72931438504809,3.395448733689033,3.6883674304676197
2025-04-07,3.676953030707264,3.5765820421783694,3.647398271614138,3.343339331727,3.5268865760551655,3.2222745428192687,3.4590228112756907,3.117311536534583,3.402489026861863
2025-04-08,3.8805904166630203,3.7862420897955964,3.85527960788772,3.5907290313326476,3.754303416580043,3.41031838353573,3.655713340486387,3.3225442918408006,3.608422481492345
2025-04-09,3.7617724237879266,3.6687193385494217,3.7364274218979494,3.452742836650467,3.6248905643234903,3.3064400853393012,3.5440696241328693,3.201968200357369,3.4878206610243216
2025-04-10,4.027747204780289,3.8955250976644513,3.9840619386633778,3.722684718419776,3.8945006163369724,3.5235924721705696,3.7857673614261844,3.4403889201605926,3.740882605369129
2025-04-11,3.9325680529824374,3.796810349255647,3.886533265084809,3.6168395390893573,3.7932523337479225,3.444518088896528,3.6985457254890677,3.3546138127798013,3.650079402228303
2025-04-14,3.9650049844217943,3.823682116709926,3.9163332273934364,3.647495674750829,3.824964777901402,3.4701865000364265,3.7275868261865748,3.380662532244795,3.6793159700535956
2025-04-15,3.9888774901374275,3.853665251751588,3.943447569245989,3.6809525837724277,3.853922500056703,3.49310613090398,3.7511125461552095,3.4047501411396417,3.7034727189454957
2025-04-16,3.9728298589451363,3.832768345501496,3.924844150860179,3.6503427376681277,3.8302694218003195,3.474955988123369,3.7338324253717854,3.382414706489053,3.683935883258286
2025-04-17,4.019324475982181,3.8842866942868364,3.9741604345173447,3.7086932554523555,3.8831558287196737,3.517910230147662,3.778751592569295,3.4346321703584928,3.7338316302577983
2025-04-18,4.073214754339468,3.9223105776694545,4.020307959899287,3.751075537883567,3.931433636159784,3.5579542581392993,3.8256103113694784,3.4817335776696217,3.7844580996735258
2025-04-21,4.032188357541107,3.8811226502556706,3.9789606426513,3.7002480291971658,3.885107755959109,3.5199925497552487,3.7859423902005633,3.4374827278988165,3.741410552498046
2025-04-22,4.050276868211414,3.8883266757305646,3.9916276138991442,3.7108452111997403,3.899441184309981,3.5301931502364754,3.7999394142821625,3.4486762152636525,3.7559251735264487
2025-04-23,4.118478213956142,3.9525907317640225,4.058226842828341,3.781421291039761,3.9692747268146618,3.5877575572961153,3.8629212416209846,3.507341209322855,3.819488826413134
2025-04-24,4.1113002367040545,3.9701837121750105,4.063585141855391,3.8072416794478063,3.979070681726829,3.5985087460775667,3.8652739570007695,3.5160900017706576,3.8208107806455853
2025-04-25,4.153629347358061,3.999778467707651,4.0996945498126465,3.8474695194040325,4.02056915687662,3.632041908151191,3.903191254345338,3.5524389891404597,3.860228549944756
2025-04-28,4.190905045890378,4.032809868570752,4.135032158602739,3.883926723655842,4.057645531399048,3.6645250162911323,3.9381597594265862,3.5858154884797484,3.895674378250332
2025-04-30,4.204281319921041,4.055734142670476,4.153334559642456,3.905026420100815,4.075084611800952,3.680280260034456,3.9528980686642967,3.5986073356388912,3.9088314481973385
2025-05-01,4.221735778269208,4.053075997244089,4.1606766903004875,3.904830299730824,4.083543758092585,3.683921973643421,3.9631183490016038,3.6030584681344,3.9194777010766875
2025-05-02,4.233632456162808,4.042735027749919,4.1612312479411875,3.8948675625315015,4.084088035036156,3.684652035860684,3.9690949973222667,3.6037725052049443,3.9253885363728167
2025-05-07,4.24597731879161,4.074762463709026,4.183753255909516,3.925723559912465,4.106192517528915,3.7098660967995856,3.988451804107769,3.6284331077996614,3.94453219191844
2025-05-08,4.249192979651198,4.074791436242694,4.185352703087734,3.9257514727439546,4.107762313268208,3.712418541799838,3.9913340857776736,3.6309295256495515,3.94738273478357
2025-05-09,4.292690929767281,4.1368152232344,4.2386223165084385,3.9855066717370025,4.16004438504928,3.7622049343182935,4.0385305471378095,3.6796230876861205,3.994059483136892
2025-05-12,4.301300658839081,4.1559960688236615,4.25270994812971,4.003985956873114,4.173870852341838,3.77819626283091,4.0511733400297185,3.695263400381755,4.006563057457768
2025-05-13,4.327043351424027,4.196027165760882,4.285942055193985,4.042552872558438,4.206486884173137,3.7966899315426748,4.073203837932939,3.7133511259458487,4.028350962251741
2025-05-14,4.306890133282392,4.206016275448972,4.281138334246637,4.052176619609791,4.2017722172691,3.7951990020544386,4.062942545479459,3.7118929229338375,4.0182026640143755
2025-05-15,4.280217253170716,4.158654065111044,4.243684990517341,4.006546734032635,4.165013204399388,3.7666600210609418,4.0350721325385495,3.683980383559707,3.9906391515421284
2025-05-16,4.2877885373768185,4.165287374460957,4.250820585689703,4.012937422821752,4.172016515950681,3.7764164358583887,4.043873787730212,3.693522641296455,3.999343885597063
2025-05-19,4.286468309491326,4.1578262249279305,4.246340405267988,4.005749173011684,4.16761939159856,3.7725937873331667,4.041197932072097,3.689783901377954,3.996697495643575
2025-05-20,4.272783975909421,4.155878541804238,4.238597501916255,4.003872728533258,4.16002003048377,3.760887671371863,4.028478258103513,3.6783347391684664,3.984117886836941
2025-05-21,4.27866171435838,4.152457291688851,4.239737827613043,4.000576614391158,4.161139216190308,3.7580239683744288,4.029696728062029,3.6755338955542567,3.9853229393767013
2025-05-22,4.25732375099581,4.1323762761210014,4.2189160894540265,3.9812300839801757,4.1407034829620795,3.7411210239304893,4.01058932198597,3.6590019772479336,3.966425938216139
2025-05-23,4.282498792173725,4.15813977186816,4.244545287709632,4.006051251628869,4.165857552925164,3.763302830946843,4.034337208051085,3.6806968850610198,3.9899123198184894
2025-05-26,4.3045403290144995,4.180583168545088,4.266926273399842,4.0276737564702625,4.187823627489015,3.781820082849119,4.054643177061208,3.698807676155514,4.009994685704429
2025-05-27,4.325516683341647,4.209636235356968,4.292174942244517,4.055664175516013,4.212604222506451,3.8020759692302426,4.0753843814732305,3.718618938032729,4.030507494313053
2025-05-28,4.326756662347014,4.211134297154901,4.293554880924067,4.057107444061536,4.213958579117376,3.8023406535136104,4.076108763378123,3.7188778123941826,4.031223899545818
2025-05-29,4.377827207311083,4.272409034462389,4.350171562744878,4.116140990683661,4.2695256694880985,3.848849737074374,4.125096734545231,3.7643660036663356,4.079672430147696
2025-05-30,4.381598974331369,4.272370174321946,4.352010224768727,4.116103551895452,4.271330245375534,3.8491206571768393,4.127012817830215,3.764630976968257,4.0815674141092
2025-06-02,4.354819428009755,4.248313478848412,4.32646732656431,4.092926756429409,4.246260875585421,3.8313483197236944,4.104886407279101,3.7472487491639677,4.059684652828097
2025-06-03,4.344103870165013,4.238924829613063,4.316363746039653,4.083881507331522,4.23634460084049,3.822156268920163,4.094911966105815,3.7382584674142083,4.049820047152306
2025-06-04,4.361103931558956,4.262102980019626,4.336610710130048,4.106211891479465,4.25621621548058,3.839473235909278,4.112200814257305,3.755195320311455,4.0669185157923184
2025-06-05,4.315668816457199,4.216639562653654,4.290891164278466,4.062411348439891,4.211344243928382,3.797944001402378,4.068539967612038,3.714577668489357,4.023738449045292
2025-06-06,4.337579526346466,4.2356046968030805,4.3114322068192665,4.080682812018539,4.231504485229453,3.8159516261949302,4.088513206917994,3.7321900189853756,4.043491749144867
2025-06-09,4.355164574253244,4.258037071514883,4.331590012228789,4.102294698035263,4.251288594061749,3.834457884499023,4.106714861695717,3.750290057795399,4.061492972863547
2025-06-10,4.3564714595162135,4.25162842403611,4.328975928722994,4.096120453863079,4.248722971885889,3.8291494711779013,4.104487098729511,3.7450981661902385,4.059289741342205
2025-06-11,4.355724132206001,4.249370387108255,4.327454909424025,4.093945007111082,4.247230150086319,3.8217167034901927,4.1001531664105,3.7378285506146436,4.0550035329612175
2025-06-12,4.352506112452988,4.246027596041631,4.324154231762218,4.090724482292031,4.243990662217731,3.8191428625345623,4.097257701460317,3.7353112064588325,4.052139951986063
2025-06-13,4.326732832114373,4.2180649625249735,4.297112966985013,4.0637846127484165,4.217450703405427,3.7940090253632053,4.071646524592299,3.710729066689079,4.026810797569612
2025-06-16,4.353835602029699,4.249378514830615,4.32652093060624,4.093952837553087,4.2463134858858895,3.8196767473428785,4.098170295714561,3.7358333722900783,4.053042497031314
2025-06-17,4.363680375953665,4.259085462050883,4.336354030562312,4.103304742538181,4.255964294381037,3.8298103821032354,4.1082387371109075,3.745744569866333,4.063000067828442
2025-06-18,4.3942699904057445,4.291405442485736,4.368006537293787,4.134442584260008,4.2870300093866325,3.8610708219771364,4.139401875766151,3.776318831050771,4.093820047525884
2025-06-19,4.378509948480158,4.285490949519391,4.357166170003907,4.128744420357276,4.276390606838193,3.8544687625413223,4.1284374013306255,3.7698616893611465,4.0829763105315315
2025-06-20,4.346883707698979,4.254007432377086,4.325424650211664,4.0984124473661545,4.245237528945322,3.8252951194276044,4.097903588213766,3.741328418944658,4.052778726432
2025-06-23,4.333424252997294,4.245595118946487,4.31445520179872,4.0903078235207175,4.234471438251271,3.8162148842549914,4.08669583720084,3.7324474984296727,4.0416943917475585
2025-06-24,4.342844577832205,4.270557350574981,4.331845422573483,4.114357034164219,4.25153926946781,3.828131643880304,4.097519449397028,3.7441026805936533,4.052398817634499
2025-06-25,4.334546117095904,4.25825431509706,4.3214585220455515,4.102503995695286,4.241344927062968,3.816533210044909,4.087395102367529,3.732758836845957,4.042385956819963
2025-06-26,4.370627905664981,4.2927824492214235,4.356963625333625,4.1357692254648875,4.27619181705335,3.8477615844907924,4.121129546515564,3.7633017364508667,4.075748927580035
2025-06-27,4.418539536691275,4.335050566266722,4.402286326217878,4.1764913397956525,4.320674300570333,3.8842947102350274,4.163281182368954,3.799032946020976,4.117436402503131
2025-06-30,4.443596715973308,4.364146575708027,4.4295489845627465,4.204523130797083,4.347431548633546,3.90847300891978,4.188042978594728,3.822680521741757,4.141925529397354
2025-07-01,4.426439859395755,4.339699631634568,4.4085773279609155,4.180970360501442,4.326848676233748,3.8894141218268885,4.169767441987616,3.8040399845575927,4.123851237413408
2025-07-02,4.43387909160611,4.340012495464813,4.412440848593177,4.18127178099414,4.330640572777623,3.8920537808150755,4.1746863359776745,3.806621702014808,4.128715966046317
2025-07-03,4.442681194164971,4.336395412415479,4.414986893939187,4.177786996722322,4.333139418122842,3.89020762389303,4.177842572037973,3.8048160689479102,4.131837446599829
2025-07-04,4.438134799103556,4.346329787129427,4.417768893955785,4.187358010791212,4.335869843880093,3.888741747522605,4.174915419399623,3.8033823691281303,4.1289425268716435
2025-07-07,4.410595452252144,4.326507857499341,4.393986519862774,4.168261089965814,4.312528360628934,3.8717530534123803,4.1528375678896925,3.7867665833937076,4.107107789914405
2025-07-08,4.41971883981028,4.3246570515529505,4.397589714765173,4.166477979275735,4.316064757505717,3.872302253391448,4.157429139854724,3.787303728221811,4.11164880089238
2025-07-09,4.445000254713189,4.34299557489977,4.419494203623313,4.184145751028762,4.3375631688000595,3.8896003912149792,4.178609364215874,3.8042221652609074,4.1325957950966385
2025-07-10,4.418302664895338,4.316335312243694,4.392657575691345,4.158460616703866,4.311224053161655,3.868802950903613,4.154886343634106,3.7838812367706987,4.109134005166533
2025-07-11,4.436463439514523,4.330954206075187,4.409126778911249,4.172544808468485,4.3273879411576095,3.8823953335556625,4.17072626220697,3.79717526139092,4.1247994993975725
2025-07-14,4.44676395216397,4.324737443782157,4.411098535875224,4.166555431071033,4.32932314459735,3.888029142928857,4.178597825076607,3.802685406479544,4.132584383022846
2025-07-15,4.446526980677318,4.3252823078490215,4.411257284219398,4.167080366137381,4.329478949976669,3.884259208430523,4.176465372074237,3.798998223494748,4.130475411941149
2025-07-16,4.433936437899157,4.316975051905802,4.400767864451608,4.159076957186559,4.3191839888905,3.871278257303886,4.163576823235936,3.7863022092425753,4.117728787863248
2025-07-17,4.4550416871527,4.3380612826645,4.421988355644027,4.1793919359408855,4.340011082847229,3.890114522415267,4.183614543367747,3.8047250110834256,4.137545858745532
2025-07-18,4.443761511690991,4.3310898805653215,4.412830003542883,4.172675520515418,4.331022513357024,3.8745831896195257,4.169976078562255,3.7895345970215977,4.124057576545857
2025-07-22,4.454215113860291,4.342154917915095,4.423656040545545,4.183335841994815,4.34164785128106,3.889371814024922,4.182827099821856,3.8039986054281663,4.136767086287286
2025-07-23,4.579726799062295,4.45720122779396,4.544594772870794,4.294174206978021,4.460344554307686,3.991007366131423,4.296424747908455,3.9034032180396196,4.249113831794482
2025-07-24,4.647513568168084,4.542141473412645,4.6214955723444575,4.376007670003127,4.535819724107609,4.060201005427983,4.365443381063866,3.9710780303163675,4.317372452857255
2025-07-25,4.618318085878997,4.515260574808399,4.5933029693062455,4.350109969731722,4.508149771181572,4.038078221219138,4.339833397805995,3.9494408497374436,4.292044478907282
2025-07-28,4.594319315085072,4.4698690720765875,4.558296038648083,4.3063787109697325,4.473791818420577,4.0068016859219435,4.311764319672696,3.9188508464304497,4.264284488883022
2025-07-29,4.565599646722531,4.44796916399429,4.53287040576397,4.285279816031857,4.44883754002122,3.981513212250174,4.28468151010776,3.8941174644909973,4.237499906939107
2025-07-30,4.593608551535553,4.465752070869717,4.555850918818409,4.302412293594991,4.471392027578493,4.002653981581164,4.309206207381426,3.9147941857966786,4.261754545742414
2025-07-31,4.625754515715834,4.499100871486329,4.5887980883636255,4.334541325272653,4.503728404220503,4.03298183521894,4.340604137976879,3.9444563313718892,4.292806731922983
2025-08-01,4.659469950405135,4.5344600727017665,4.623544417427523,4.368607224943472,4.53783058656413,4.065910801251167,4.374137602259793,3.9766624939231523,4.325970935946779
2025-08-04,4.615552790348592,4.492938632794489,4.580586556232297,4.328604477215911,4.495669102026358,4.022050144065825,4.329930888196876,3.933764595047924,4.282251012707261
2025-08-05,4.650351395224399,4.527574140547801,4.6155096860167975,4.361973153306281,4.529944807460768,4.052906426801161,4.362862419318146,3.963943570498575,4.314819911873405
2025-08-06,4.714857435040483,4.581230551136152,4.674869302322871,4.413667021860104,4.588203982275894,4.1018644361837815,4.419475056821297,4.011826932728041,4.370809148316127
2025-08-07,4.750206325962162,4.6123166205782775,4.708255868295359,4.443616084236354,4.6209716095704945,4.135586831621055,4.4542065748740995,4.044809108603464,4.4051582135078835
2025-08-08,4.79562235925826,4.666455001919965,4.7583897951989265,4.495774294934882,4.670176125930296,4.180230056607202,4.499537778424766,4.088472397615008,4.449990243700614
2025-08-12,4.855607206286352,4.726465293051521,4.81874559948379,4.553589643886025,4.729413020838925,4.235042223552313,4.557177225361805,4.14208141639481,4.506994982665584
2025-08-13,4.886330322130005,4.7663053992078765,4.854300120376352,4.591972554487655,4.764308412302833,4.265239477525605,4.587841303432911,4.1716158290184495,4.537321397281502
2025-08-14,4.840196313346042,4.7065679221760135,4.80095542562963,4.534420041161455,4.71195265109501,4.2273470696689674,4.545804385572556,4.134555174101583,4.4957473771119645
2025-08-15,4.913834609248145,4.770327235302821,4.869996656594278,4.595847287518757,4.779713957426253,4.297618905515069,4.618168322640546,4.203284516098541,4.567314464623131
2025-08-18,4.9286497198692345,4.797875512109201,4.891391844197894,4.622387955902984,4.800712509175214,4.306661955666012,4.62998655175722,4.212129067817396,4.579002555013035
2025-08-19,4.938724694633384,4.790366976524301,4.8925624670291,4.615154053237833,4.801861430351087,4.298230928438531,4.63018047666649,4.203883104883223,4.579194344480477
2025-08-20,4.930168732769219,4.759787886196015,4.8727275455441035,4.58569342665859,4.782394219642037,4.285061747271531,4.619080714439787,4.191002992312536,4.568216809442752
2025-08-21,4.910396240570892,4.7372409379336045,4.851422570911231,4.563971157744465,4.761484208445732,4.2654725347869915,4.5992627617132325,4.171843770583228,4.54861708595423
2025-08-22,4.938562801154838,4.7521585848588614,4.873002626101386,4.578343175380955,4.782664200603375,4.2853758814062735,4.6231897084407585,4.19131023108209,4.572280556457707
2025-08-25,4.939110342574071,4.755269770666484,4.874860440178295,4.581340566157234,4.784487573492488,4.285154571484522,4.6233276707865905,4.191093778998319,4.572416999604354
2025-08-26,4.884519131387686,4.703307567209375,4.821283761264029,4.531278937251667,4.731904128768289,4.239559339664837,4.573177720778687,4.1464993800697245,4.522819285517515
2025-08-27,4.891109055466497,4.69884646839873,4.822278947477814,4.526981008020203,4.732880865668061,4.2380590605373225,4.575463903135993,4.145032032646617,4.5250802931334775
2025-08-28,4.93034885844364,4.725497751739197,4.855335013464311,4.5526574914578015,4.765324119968723,4.26593001428993,4.608874230546369,4.172291208234964,4.558122716230337
2025-08-29,4.907369997982335,4.699685357163982,4.83077441584171,4.52778921350929,4.741218840327408,4.243529434368827,4.586039022828679,4.150382329666607,4.535538962840412
2025-09-01,4.908269746118479,4.684348149150764,4.8234320557000645,4.5130129806915456,4.734012596930515,4.235920185277173,4.582401056222415,4.142940106521824,4.531941056410465
2025-09-02,4.9478459225669384,4.719433398371007,4.860941600027187,4.546814948461695,4.770826768520197,4.2651431812119975,4.616682036830483,4.1715216464459965,4.565844545338121
2025-09-03,4.904189579691282,4.659945733514423,4.808863758306024,4.489503110156623,4.7197143747138846,4.217317747044761,4.570434397100842,4.124745998969933,4.520106170481508
2025-09-04,4.952408933093195,4.721952565975341,4.864480652640026,4.549241974749432,4.774300212212761,4.2698023415262565,4.621332199177689,4.1760785363977355,4.5704435015188905
2025-09-05,4.986993016210724,4.764590988313364,4.903426011513946,4.590320850050916,4.8125235804227975,4.300309228325462,4.653977303994673,4.20591578528756,4.602729128419665
2025-09-08,5.0425473421530285,4.820936289736475,4.959732186589874,4.644605260309701,4.867785920394897,4.349467859844774,4.706500094921263,4.253995365920583,4.654673554426258
2025-09-09,5.008666564262459,4.771964421770195,4.917871655532577,4.59742459209643,4.826701423080323,4.3143432499617695,4.671685578948459,4.219641754746318,4.620242405262227
2025-09-10,5.027413706425125,4.807877547774472,4.945572922646476,4.632024156149733,4.853889148739931,4.342146850187367,4.6954757323610385,4.246835055243501,4.64377058877693
2025-09-11,5.036288372384007,4.819344021127472,4.9558370212489775,4.643071230670491,4.863962965789548,4.356962307027203,4.707632113148948,4.261325307102243,4.655793107215223
2025-09-12,5.044783478025081,4.825895216317612,4.963384010645833,4.649382808715241,4.87137004491102,4.365383532436617,4.716152686969921,4.26956168337203,4.664219855081608
2025-09-16,5.062444140156885,4.83967354391242,4.979155423912542,4.662657178874697,4.886849078970962,4.375138960451497,4.729673447750475,4.279102975986467,4.677591729377092
2025-09-17,5.016817715981346,4.782958796221942,4.927537191816249,4.608016835250755,4.8361877742913695,4.328887411047768,4.6833574769939075,4.23386666589746,4.631785775933936
2025-09-18,5.025719914407839,4.79724735793711,4.939267758480813,4.621782777158308,4.847700873204736,4.338105677833566,4.692499201446839,4.242882588178583,4.640826834511376
2025-09-19,5.012209832244199,4.803052971225403,4.935618470322522,4.627376043776566,4.844119237574404,4.333509052358295,4.683706334184205,4.238386860402042,4.632130791615482
2025-09-22,5.024296800542636,4.81906624052349,4.949801856226173,4.642803610196598,4.858039684003345,4.338927872783746,4.692279609594509,4.243686735633089,4.640609660737405
2025-09-24,5.038145846382595,4.852886588394975,4.974018948490993,4.675386941771384,4.8818078263797275,4.362040145121159,4.711245781855659,4.266291684695239,4.6593669833066595
2025-09-25,5.064373803730051,4.889962772814402,5.005994767093485,4.711107024103378,4.91319085952155,4.390766671339699,4.7390272193740035,4.294387652604524,4.686842500126499
2025-09-26,5.080573289914483,4.891276961927289,5.014631113498544,4.712373145308869,4.921667100546795,4.398494000530726,4.750768902717353,4.301945363945044,4.698454887641739
2025-09-29,5.041355623533057,4.876536103652629,4.987771945984332,4.6981714500842875,4.8953058631774224,4.376496570179323,4.720563569668373,4.280430785658133,4.66858216648798
2025-09-30,5.040259607233273,4.886996341443428,4.992618817348706,4.70824909321155,4.900062880552123,4.3801340400975555,4.72201944475442,4.283988411711356,4.67002200992257
2025-10-01,4.973324437874167,4.800283772572752,4.915079146331665,4.624708131600185,4.823960682963845,4.309194207088744,4.652413742736507,4.2146057353465665,4.601182784620169
2025-10-02,4.955251123874474,4.797168326778814,4.904553347775398,4.62170663665126,4.813630017499357,4.303013687185309,4.640623795056598,4.208560880234306,4.5895226642404925
2025-10-03,4.997750121689454,4.83933883504068,4.94714347530504,4.662334712346843,4.855430585622202,4.338545161088432,4.679682886225191,4.2433124246068195,4.628151648635619
2025-10-06,5.131686947048085,4.966629271414491,5.078494833026594,4.784969361476636,4.984346879020165,4.450602759480967,4.80282146053961,4.352910315576186,4.749934258607215
2025-10-07,5.144263172391054,4.981020836945278,5.092077167005169,4.798834539722343,4.997677416157991,4.4607867342205685,4.814201378938619,4.362870748149762,4.761188864823107
2025-10-08,5.163657887769361,5.032164174686427,5.127844150847081,4.848107253823138,5.032781331815252,4.495284424654644,4.841895685683963,4.396611200998344,4.788578210327386
2025-10-09,5.191195276481789,5.068609166436456,5.160109866487987,4.88321923004952,5.064448887723398,4.524056468677145,4.870307778516542,4.42475168757827,4.8166774378779005
2025-10-10,5.09099975274624,4.952209152505925,5.051007007841292,4.771076674224245,4.957368638384295,4.428369155681912,4.77178832727349,4.331164747939718,4.719242852719288
2025-10-14,5.014465897950143,4.857268950040786,4.964582930165067,4.679609013736129,4.872546738195226,4.350192087911979,4.693788761722653,4.254703696902909,4.642102194543588
2025-10-15,5.084606932913828,4.949040337380166,5.046225735266551,4.768023761985312,4.952676003692483,4.425174918809561,4.767073844129811,4.32804062579639,4.714580284022997
2025-10-16,5.114064403032328,4.990392399652476,5.081952457867353,4.807863327250574,4.987740404493852,4.4512859848093305,4.794947569642103,4.353578543845572,4.742147072589601
2025-10-17,5.0666605414975985,4.927259795116805,5.026206925281552,4.7470398669307,4.933028313510437,4.406416220026971,4.748553258758729,4.309693687673554,4.69626364167717
2025-10-20,5.1646759162251925,5.045603953784488,5.135227794664379,4.861055458268226,5.040028093548122,4.501472323475958,4.845712231952108,4.402663273058394,4.792352729954559
2025-10-21,5.158628916489157,5.025040509442861,5.121712102391155,4.841244144444698,5.026762962674749,4.489493755770807,4.836417508135606,4.390947639525722,4.783160356795775
2025-10-22,5.195459843663876,5.054047853228098,5.154762409422144,4.869190512833625,5.059200564782616,4.526095872725942,4.87340339298413,4.426746325923093,4.8197389643851505
2025-10-23,5.200550565711341,5.055294138332687,5.157916004910087,4.870391213694357,5.062295697168258,4.529393531740148,4.8775646668374035,4.429971600052448,4.823854415562653
2025-10-24,5.210219007208946,5.0834696595696,5.177118268884107,4.897536184356495,5.081141978922175,4.552052563001543,4.894318843838752,4.452133256854681,4.840424100687806
2025-10-27,5.283605145949255,5.180739667812761,5.263179681548219,4.991248435422407,5.165607937384278,4.633393890959888,4.972554250644528,4.531689111350632,4.917798003106631
2025-10-28,5.214297106271182,5.118435373374827,5.19703438500003,4.9312229888504655,5.100688879031048,4.565826853653191,4.903662014867199,4.465605196523882,4.849664387572645
2025-10-29,5.177402284921164,5.115645650493888,5.177374803365684,4.928535303141944,5.081393757625245,4.553568113236331,4.879787385617582,4.4536155401783795,4.826052658443001
2025-10-30,5.221364326357171,5.175091577356059,5.22953215943565,4.9858069300655,5.132584191699261,4.602056388789357,4.926525189881538,4.501039479416642,4.872275800291897
2025-10-31,5.262692561281217,5.217207737710497,5.271515937438947,5.026382645687945,5.173789651139592,4.633506547075527,4.962833479641566,4.531799294621164,4.908184274262783
2025-11-04,5.24684786684797,5.215864464072551,5.262994841242448,5.02508850375578,5.165426523750618,4.626171835128578,4.9514659772395255,4.524625582425072,4.896941947322696
2025-11-05,5.208399179364602,5.132312647702678,5.201557941418746,4.944592686657738,5.1051285752518805,4.574361838221858,4.9055973710391605,4.473952834895582,4.851578432193986
2025-11-06,5.274121185231519,5.238456782637474,5.288071697733925,5.0468544835038704,5.190038491567555,4.656928786667081,4.980794762661629,4.554707407036901,4.925947773124127
2025-11-07,5.263248213627712,5.1856216130895305,5.255962188166048,4.995951818199171,5.158524245897616,4.626898366082914,4.959593314190775,4.52533616574527,4.904979788523573
2025-11-10,5.299316503953108,5.220604362771064,5.291701259043238,5.029655035463597,5.193600766056177,4.666508955580201,4.9978101156518795,4.564077287554332,4.942775758248023
2025-11-11,5.299552396458851,5.191734941590452,5.2772544261179,5.001841545008843,5.179421756532558,4.64470761016317,4.986254256898313,4.5427544900619985,4.931347149078982
2025-11-12,5.3642459068010115,5.277330161012265,5.3528850546790325,5.084306025452256,5.253650302552827,4.716519650572831,5.055210776016652,4.612990228539418,4.999544340085474
2025-11-13,5.412842540263302,5.350383438893996,5.414114840985024,5.1546872996156825,5.313744977119121,4.770547170295596,5.107054430790495,4.665831823405469,5.050817108379054
2025-11-14,5.407229891832453,5.310928421458839,5.3913941145859905,5.116675392693146,5.291445460148144,4.763182140758995,5.10046463958991,4.658628459102488,5.044299881944988
2025-11-17,5.393407017600561,5.324591824433517,5.3913548402995675,5.129839041726432,5.291406913950226,4.764586358586476,5.0946937742157985,4.660001853808078,5.0385925635765005
2025-11-18,5.256650233054604,5.133827575665596,5.226522022054089,4.946052204469774,5.129629857914055,4.608883138612652,4.946839053643911,4.507716379453245,4.892365973995489
2025-11-19,5.263764157591737,5.12756293154364,5.226929305119958,4.940016696573776,5.130029590540548,4.608835960739486,4.9501705219255845,4.507670237152557,4.895660757166714
2025-11-20,5.33747034627415,5.240528056836668,5.3208887506517835,5.048849998578733,5.222247163756413,4.6938129218467735,5.030424999732942,4.590781921250233,4.975031497194382
2025-11-21,5.353027554470848,5.185569587448152,5.300963756966281,4.995901695452656,5.202691550655269,4.669144715947894,5.02456430323391,4.566655191967274,4.969235336893865
2025-11-25,5.3596992296141766,5.205924018026107,5.314579036717539,5.015511640420036,5.216054422798771,4.684670929055061,5.036021320659616,4.581840598719663,4.980566193145537
2025-11-26,5.462784365832234,5.313047187990403,5.42032579079198,5.1187166630162615,5.319840784893646,4.77886438621682,5.135070580501351,4.67396647323537,5.078524752812481
2025-11-27,5.472278860535082,5.325173212823408,5.431205445210538,5.1303991651986545,5.3305187462441825,4.788743902427261,5.144837674378448,4.683629130261707,5.088184294437133
2025-11-28,5.488581036523853,5.350844593603945,5.452333291127779,5.155131587086605,5.35125491243523,4.810723664669877,5.164292526604381,4.705126428261619,5.107424915776765
2025-12-01,5.415969326219562,5.296971049291856,5.388738131391459,5.103228526713008,5.288838715043215,4.7551722275923005,5.100329082162674,4.650794366613353,5.044165817234708
2025-12-02,5.413878738018276,5.296564334254358,5.387491212397016,5.1028366877238405,5.287614912124697,4.751160243506664,5.0971931092245395,4.646870447122877,5.041064376672052
2025-12-03,5.394036184025918,5.302463545223208,5.380620524795522,5.108520128584889,5.280871597140792,4.754103612654145,5.089428547394287,4.649749208184472,5.033385315823422
2025-12-04,5.472341090301166,5.384722622793441,5.461418206765806,5.187770490221967,5.360171406868203,4.817237640602387,5.160157536725901,4.711497419914748,5.10333545914296
2025-12-05,5.413877994622052,5.352107095827076,5.415743347105229,5.156347911906991,5.315343293089617,4.776453505315218,5.110757352920719,4.671608512097669,5.054479255062584
2025-12-08,5.466573711148657,5.426885504824429,5.4799956814964474,5.2283912186244255,5.378404482068275,4.849293665711476,5.17463332214845,4.742849802932187,5.117651841640985
2025-12-09,5.465206095613095,5.425742544338043,5.478733931055307,5.227290063170723,5.377166122656643,4.840908832665702,5.169492640950613,4.734649020199651,5.112567768053239
2025-12-10,5.487912644393846,5.444782540412498,5.499715048525621,5.24563365051743,5.397758280534096,4.862769993806161,5.191908234559488,4.756030320437255,5.134736527996661
2025-12-11,5.434007827672384,5.3743008191566926,5.437046766416887,5.177729875477439,5.336251777798114,4.806776501301246,5.136497694525423,4.701265906648458,5.079936151893119
2025-12-12,5.533303171866122,5.466005457571505,5.533091497935408,5.26608031621714,5.430515978812447,4.8936710764676175,5.2298528561604165,4.786253112438404,5.172263315022362
2025-12-15,5.564662059346208,5.456426627323808,5.543819717216403,5.256851842185906,5.441045312413993,4.9014402319015415,5.248785050985743,4.793851731919687,5.190987034304932
2025-12-16,5.4649803595348985,5.333666554249712,5.431786052766389,5.138581853352033,5.331088590175128,4.8017953856082665,5.148410091488108,4.6963941283625035,5.091717373181496
2025-12-17,5.457547219732047,5.322998120028194,5.4226615401130935,5.128303628806726,5.322133232798318,4.793101043057182,5.140247408449276,4.687890629977447,5.083644575113349
2025-12-18,5.453485982362529,5.2987687464887765,5.40831656427611,5.104960471164346,5.3080541920798545,4.780018776541865,5.13131920820396,4.67509552424838,5.074814689480215
2025-12-19,5.495102430449882,5.35185902868117,5.456025186643409,5.156108918088874,5.354878365544077,4.82516791701847,5.175127896491232,4.719253623710604,5.118140969882272
2025-12-22,5.516432071311642,5.423155753085358,5.502902335228065,5.224797886643703,5.400886479547817,4.865546300627953,5.2068258116721955,4.758745686255524,5.149489837309788
2025-12-23,5.544130313999711,5.436784959231047,5.523614486241441,5.237928589634506,5.4212146572176945,4.881117388532038,5.2282184745299,4.773974982785763,5.17064693070281
2025-12-24,5.528819077607793,5.435555880413711,5.515372174108528,5.236744465722209,5.413125145638706,4.87728689798766,5.218954757872633,4.770228572983445,5.161485223261901
2025-12-25,5.545727781834098,5.441515643290527,5.526815524435555,5.242486243738814,5.424356352790306,4.891075478330701,5.234311110273345,4.783714488679811,5.176672476203674
2025-12-26,5.544057697855001,5.425525784744772,5.517851244007972,5.227081231797184,5.415558257165336,4.878465847703871,5.226762280269236,4.771381644299528,5.169206771608256
2025-12-29,5.565919383175301,5.463770390992918,5.548180713401941,5.2639269996487075,5.445325462033411,4.907094907972445,5.252409636727396,4.79938228567397,5.19457170721626
2025-12-30,5.538311626586102,5.438080547918548,5.521378787575254,5.239176790745558,5.419020405173412,4.88285675667356,5.226411496638068,4.775676171126979,5.168859850699216
2026-01-05,5.630596719165674,5.5581026231065636,5.628342502929389,5.354808926967382,5.524001167844789,4.9692251649187655,5.316192831476228,4.860148759562235,5.257652540919966
2026-01-06,5.7226729612823215,5.647172198985205,5.719459783747229,5.440620685471684,5.613429265972546,5.058798859782998,5.407574267062473,4.947756277341302,5.348027712068436
2026-01-07,5.675696937633372,5.568709154447401,5.656253869277304,5.365027512797726,5.551395097802282,5.001815751472476,5.354916861505425,4.892023970194799,5.295950153766551
2026-01-08,5.662230262939196,5.566961408489266,5.648638311182112,5.363343692563859,5.543920721147035,4.994423726326985,5.344605423048967,4.884794202846935,5.285752261718666
2026-01-09,5.706901201096157,5.606165829711193,5.690814769511511,5.401114169104364,5.5853152888987125,5.036619115126894,5.388264518685617,4.926063386618863,5.328930596738646
2026-01-13,5.82372749295976,5.7290709269925,5.81143367779443,5.519523877726097,5.7036980969584965,5.156126225226814,5.507341709165169,5.042947269645824,5.446696545592795
2026-01-14,5.892693706135558,5.8141044143750635,5.88895702315683,5.601447172095357,5.779784271546173,5.236198989775598,5.58273118629218,5.121262406187409,5.521255856840614
2026-01-15,5.930108619965256,5.845718889885273,5.923663990414746,5.631905313508521,5.813847821794812,5.273628048035364,5.620415286683872,5.157869882209429,5.558524991437006
2026-01-16,5.906068651747462,5.823671788968541,5.900485959217255,5.6106646094754815,5.791099477795375,5.263609762227827,5.603707582299666,5.148071501632075,5.5420012671867385
2026-01-19,5.911604217830696,5.833510065683883,5.908233937573972,5.620143040435405,5.798703819831892,5.265465888219964,5.607313679990859,5.149886884944138,5.545567655632365
2026-01-20,5.879091894552531,5.790144598326771,5.870027537388338,5.578363712583379,5.761205711084114,5.227316253713853,5.571558553678682,5.112574649601777,5.51020625384252
2026-01-21,5.835504743273781,5.803214925044479,5.854860437564298,5.5909559777739135,5.746319787369058,5.207785840896609,5.540534852607425,5.093472936864432,5.479524176285008
2026-01-22,5.872023532129826,5.846768337073793,5.895164428442835,5.632916376015735,5.7858766005100435,5.243517528730384,5.576887966424955,5.128420300394743,5.515476980724575
2026-01-23,5.88585334447556,5.85616137042024,5.906832434584752,5.641965848871051,5.797328298682431,5.261221949527419,5.592887055721632,5.1457361023396695,5.531299892940067
2026-01-26,5.78802280000414,5.7733487756853465,5.816007180970564,5.562182215566366,5.708186813996052,5.171263759591655,5.498583453776498,5.057752529303909,5.4380347334354875
2026-01-27,5.790849874551968,5.774290549606206,5.817896990073108,5.563089543073712,5.710041588769269,5.180475222344366,5.504845380005815,5.066761796903092,5.444227705247136
2026-01-28,5.740189062546976,5.77318133903043,5.792015111081279,5.562020903090643,5.684639522405599,5.160467345715476,5.470226938802347,5.047193100868574,5.409990471737012
2026-01-29,5.768671799322687,5.821651191442356,5.830791970206253,5.608717917518762,5.722697514608494,5.199902615258108,5.504767475983691,5.085762751063477,5.444150659080292
2026-01-30,5.8084345568102576,5.8474306235200695,5.863717997752175,5.63355443860925,5.755013141193318,5.223667951068775,5.5362510639341505,5.109006428604236,5.475287559383257
2026-02-02,5.773198523351261,5.7785713134512955,5.811260505554623,5.567213733288665,5.7035281350817195,5.165116942048959,5.4883195945134,5.051740636772598,5.4278838966534275
2026-02-03,5.938627737260998,5.995097953340439,6.003396201723784,5.775820673970984,5.892101913147058,5.33909929597088,5.659387216166949,5.221904011048507,5.597067773944455
2026-02-04,6.0085723806980695,6.124363913171607,6.103597698228763,5.900358589622146,5.990445818732977,5.437731758717247,5.74503597716018,5.31837145326737,5.6817733969603275
2026-02-05,6.023734438312034,6.094984886760455,6.096456096509484,5.872054133306778,5.983436611987465,5.440113303255171,5.753508203309776,5.3207007219858715,5.690152329545116
2026-02-06,6.100739875868257,6.1939968828615966,6.184998710829219,5.967444657115228,6.0703377742127,5.522708467436767,5.833992744433135,5.401482890517288,5.76975059950187
2026-02-09,6.234152630008692,6.348314996398432,6.329740417845775,6.116118416488522,6.212396179183464,5.670889786920471,5.976134307802682,5.54641157299344,5.910326943421417
2026-02-10,6.353370208157033,6.51835691572171,6.475244120773541,6.279940866215445,6.355202453762594,5.818213129974445,6.11107268243093,5.690501111952788,6.0437794179124165
2026-02-12,6.431705037569526,6.653150023878797,6.582447575607399,6.409803768683738,6.460418511490247,5.923330472927311,6.204154862165646,5.793311088761154,6.135836605134632
2026-02-13,6.3261546522045995,6.450364050218059,6.427357878925278,6.214434914300231,6.308203953625861,5.761438232895473,6.067972613135191,5.634972445721147,6.001153953406148
2026-02-16,6.280089271135691,6.404544133718916,6.381133777570632,6.17029091147407,6.262836780300367,5.716330982325555,6.022111573938985,5.5908553166660315,5.955797921956061
2026-02-17,6.257908630568504,6.3832703020437735,6.359273251651772,6.149795193512464,6.2413815169359514,5.702084043966342,6.003999292367896,5.576921104088401,5.937885087293582
2026-02-18,6.34146849511704,6.477302384827714,6.44861064346664,6.240387949792186,6.329062722630289,5.782731763984158,6.086564680748047,5.655798575605133,6.019541290853151
2026-02-19,6.416214377556601,6.584860379448898,6.540313203224083,6.344011892856828,6.41906524947204,5.8742130999222555,6.170696301345875,5.745271861002116,6.1027464797599364
2026-02-20,6.356651942453969,6.542885414739847,6.489229433929883,6.303572208494264,6.3689284994266755,5.83665510640746,6.122430564311534,5.708538279903549,6.055012230269308
2026-02-24,6.393728002154686,6.6437515812080665,6.558608064277251,6.400749084356105,6.437020950243743,5.901239055349298,6.17436645002983,5.771704586303439,6.106376213888372
2026-02-25,6.432920241554897,6.708446569031902,6.610863861410158,6.4630777820827205,6.488308000425674,5.957079293730328,6.22266279379051,5.82631910995537,6.154140733073424
2026-02-26,6.46904747212759,6.726419430491652,6.638083834552417,6.480393266433031,6.51502335460824,5.976388405164412,6.25009373963434,5.845204378960109,6.18126961772594
2026-02-27,6.576724486637322,6.868280738690513,6.763609198940459,6.617065841778526,6.638221660168499,6.092395920266588,6.3629088732676395,5.958665484446754,6.292842465589819
2026-03-02,6.550668459133386,6.950949771614596,6.792031854629125,6.696711164203001,6.666117400901357,6.12143665828817,6.36595037452487,5.987068767089043,6.295850474764845
2026-03-03,6.3449551571334215,6.725427830442442,6.575202444018878,6.479437935242595,6.453307694169633,5.92315588969841,6.162893679614382,5.793140337701335,6.095029778114065
2026-03-04,6.113825149981224,6.397673678515524,6.2952489838139165,6.16367175070102,6.178544166486393,5.640469781700814,5.903598580188902,5.516659298599044,5.838589957069443
2026-03-05,6.221228479113735,6.56856854197272,6.434423186486143,6.328315947195181,6.315138280596384,5.7912364655014335,6.0341803884870515,5.664116595650077,5.967733838407179
2026-03-06,6.226861892846316,6.529373674432668,6.418194294356714,6.2905546749001635,6.29921024867062,5.775757693914935,6.028869142230199,5.648977589058714,5.962481077970716
2026-03-09,6.01302730834638,6.278172314695692,6.184608467627513,6.048541280258294,6.0699547655559165,5.544806783671208,5.80487875311739,5.423096140203263,5.740957202559749
2026-03-10,6.1360971251796474,6.450366162537916,6.332539177828702,6.2144369493596745,6.2151430542014925,5.695197363436259,5.942877357124761,5.570185588847096,5.877436208119314
2026-03-11,6.206904340004443,6.562847788638686,6.424202245534497,6.322804436685333,6.305106821117153,5.768375329249235,6.015333128557017,5.641757270139391,5.949094118742796
2026-03-12,6.123942940861105,6.47708550314185,6.339292402809655,6.240179000791725,6.221771084152066,5.693341171485424,5.936006461279679,5.568370141024154,5.870640972479177
2026-03-13,6.101163422235945,6.497374531225907,6.337395563254436,6.259725935433115,6.219909409260605,5.690934723354766,5.923686589000058,5.566016515356366,5.858456762867507
2026-03-16,6.06461611589465,6.4417203588640515,6.291257724023741,6.206107375432567,6.174626898883964,5.647274053634912,5.8832259004473615,5.5233142141447695,5.81844161505027
2026-03-17,6.105471091651276,6.481793111582253,6.33201616465252,6.244714423293019,6.21462973693366,5.680340768289111,5.920271129927108,5.5556551016827225,5.855078913785927
2026-03-18,6.267557368035188,6.718875911188544,6.531876602835847,6.473125659617513,6.410785051461169,5.86903752946784,6.097146002482402,5.740209896311596,6.030006094306767
2026-03-19,6.078383829013409,6.499174547331724,6.326465533986238,6.261460113976714,6.209182006937332,5.686175467905958,5.910143286729176,5.561361727396815,5.845062595301697
2026-03-23,5.859844083023706,6.226531222930902,6.079964573178121,5.9987890180329,5.967250817662658,5.448117737776752,5.680171308983815,5.32852945608826,5.617622998683918
2026-03-24,5.992930646034386,6.395105982290639,6.231320019984842,6.161197970780226,6.115800353247041,5.585796370507322,5.816427202652601,5.463185989828696,5.752378484098484
2026-03-25,6.1412773122980076,6.556407235322121,6.387033045409496,6.316599453666347,6.268626684240002,5.732519958805725,5.964801115966811,5.606688938880243,5.899118549230033
2026-03-26,6.145919461675117,6.605721674662799,6.413533129019696,6.364110163330477,6.29463549460194,5.7535837567538595,5.978009323676638,5.627290378354553,5.912181312193671
2026-03-27,6.1746312815734665,6.657307192326923,6.45362105637311,6.413808884138854,6.33398024972327,5.786514347101435,6.0090834029288835,5.659498129566817,5.94291321318304
2026-03-30,6.085027917389954,6.577938539141617,6.368391595596948,6.33734322644639,6.250330819963574,5.696259627617853,5.918615134642592,5.571224535920968,5.853441153815328
2026-03-31,6.008696852527342,6.414502852468525,6.24897028306986,6.17988537916883,6.133123405965254,5.5777248543472675,5.819891053568613,5.4552916465556205,5.755804192146941
2026-04-01,6.267477767214901,6.715791336963987,6.530327815140922,6.470153907076477,6.409264976051571,5.863801572546317,6.0943851754860665,5.73508887066017,6.0272756686934645
2026-04-02,6.177380566500324,6.584758576540397,6.4196828561387305,6.343913813501298,6.30067121466869,5.762374784212328,5.997873100118611,5.635888439376056,5.931826354800865
2026-04-03,6.231432113489803,6.694099172538597,6.501002577399651,6.449255157343533,6.380483385832819,5.8423475155186795,6.065711245656736,5.714105738443388,5.998917487415176
2026-04-06,6.219031454348605,6.66938530450784,6.482526529385495,6.4254452261269295,6.362349857044506,5.821927261918556,6.049070532268446,5.694133717270907,5.982460016476454
2026-04-07,6.227794802089578,6.662676718603805,6.483830304402592,6.418982014106174,6.3636294619571965,5.8209140137996895,6.052804648741581,5.693142710338316,5.986153014000327
2026-04-08,6.3926817001568175,6.838328174905923,6.655131656712176,6.588208825847856,6.5317551347852145,5.993983237559098,6.222908641026914,5.8624129980103055,6.154383873115206
2026-04-09,6.340086652524138,6.81632668404522,6.617034299715872,6.567012063633048,6.494364047723642,5.9654142474631735,6.182491183779581,5.834471108245099,6.114411480553412
2026-04-10,6.330588528116183,6.821062584783122,6.614388624852975,6.5715747436100465,6.491767419848779,5.9697919225504075,6.180148188898634,5.838752691678908,6.112094286015953
2026-04-13,6.29896151100492,6.792144170962585,6.583852016895957,6.5437140524748765,6.461796916467226,5.943819582454198,6.151274583072319,5.813350454446298,6.083538627511729
2026-04-14,6.329941467423953,6.834265287762591,6.620470574398162,6.584294543255459,6.497736618839939,5.979390664670784,6.184821691498915,5.848140737714545,6.116716325434065
2026-04-15,6.326566911649673,6.748721499651069,6.577121830246199,6.5018796129657845,6.455191497750485,5.917850830751676,6.151201122747351,5.7879517268407525,6.083465976109405
2026-04-16,6.376977256345607,6.822966086567393,6.6394811984121995,6.573408622729971,6.516394813361744,5.975955385387281,6.205904895765324,5.844780864133783,6.13756736789921
2026-04-17,6.289216747575471,6.710698657046404,6.539177137769943,6.465247497509389,6.417950245029412,5.877594106998104,6.112121927322233,5.748578653671072,6.044817108839681
2026-04-20,6.289940465498709,6.657800640080913,6.513835580870761,6.414284283500332,6.393078483967745,5.866080060159687,6.106490384453161,5.737317344593285,6.039247578799392
2026-04-21,6.271734530644984,6.670364180484497,6.510459139187604,6.4263882986417125,6.389764636633257,5.8698714552729285,6.0996090614937994,5.741025517124229,6.0324420308651705
2026-04-22,6.21710716578877,6.62103298484883,6.458015523819989,6.378861445562451,6.338293250095226,5.825950063359266,6.050225455577061,5.6980682166713486,5.983602222122599
2026-04-23,6.172615525680228,6.573450841476646,6.411702685718314,6.3330196712428535,6.292838985073738,5.79194915614548,6.010925045009002,5.664813642460125,5.944734575663474
2026-04-24,6.168981731753745,6.595030490149658,6.420301442587671,6.353810020610401,6.301278333418942,5.802878239103343,6.014837751236089,5.675502827839729,5.9486041963655145
2026-04-27,6.164004053447086,6.5792912906786185,6.410055952083276,6.338646499613061,6.291222779500188,5.806157215841319,6.014121606149373,5.678709829776009,5.947895937249602
2026-04-28,6.261526412231137,6.689881624326959,6.5146302469527555,6.44519187058094,6.39385841808915,5.914961662045738,6.118077613683834,5.7851259765001455,6.050707213003435
2026-04-30,6.194756837615478,6.6402013420925705,6.455691189181016,6.397328699127968,6.336012005260985,5.854418856813375,6.054153061666889,5.725912109149601,5.9874865786146465
2026-05-01,6.1835860379988485,6.6397962103307275,6.449674840316133,6.396938385504413,6.3301071908083335,5.847348422603487,6.045053366445364,5.718996873692502,5.978487086455563
2026-05-07,6.320036086575469,6.792659827228411,6.595078977201042,6.544210848047525,6.472815745155133,5.98988584990528,6.18542830885634,5.858405549592848,6.117316262906565
2026-05-08,6.2817671523471885,6.752877500769332,6.555799518508346,6.5058836037874075,6.43426447085407,5.948873567005518,6.145523041296611,5.818293502091103,6.0778504199560865
2026-05-11,6.315137347338589,6.797153269467572,6.594706596976747,6.548539937711152,6.472450268321977,5.996314134587936,6.186356629019331,5.8646927309520445,6.118234360691663
2026-05-12,6.368978742924027,6.9366367967421585,6.690530536802241,6.682921702076163,6.566497770802151,6.1028750656471065,6.267756148205169,5.968914608552048,6.198737533252137
2026-05-13,6.4329605537687495,7.057360336310713,6.7825314520311775,6.799229645849874,6.6567931220361825,6.1796198313699815,6.338700145209256,6.043974797123121,6.268900316645376
2026-05-14,6.35117193094827,6.901452351995797,6.664155510712782,6.649024166965,6.540611699575272,6.057357470293367,6.235523911460205,5.924396141939084,6.1668602280463665
2026-05-15,6.323640232820683,6.842812603501091,6.621316956667309,6.592529231551398,6.498567310405137,6.013346352066522,6.19931687270615,5.881351084700137,6.131051890136324
2026-05-18,6.235798627764978,6.718810511059431,6.515280445287607,6.47306265156981,6.39449656268664,5.916932642595575,6.106543261924828,5.787053693268152,6.039299874000504
2026-05-19,6.280942461043203,6.6736662640864886,6.516897862712293,6.429569604916272,6.396083995530005,5.925830746008534,6.133208972149656,5.795756479885723,6.065671949574758
2026-05-20,6.186620680501663,6.549061665290299,6.407189210638732,6.309522555910529,6.288409183298588,5.820942342875256,6.032887246307528,5.69317041757977,5.966454935914087
2026-05-21,6.235483566781818,6.577000746454189,6.446241516843741,6.336439734554497,6.326737516190771,5.864564702724437,6.079319983388457,5.735835249837104,6.012376369886531
2026-05-22,6.264599394459528,6.643430905603221,6.493689890893063,6.400440137813024,6.373306265964683,5.907980962303553,6.115993856341418,5.77829850580464,6.048646401359969
2026-05-25,6.316658056455968,6.711153281570234,6.5537309220442035,6.4656854936429085,6.43223422317853,5.967383824236842,6.172145711987757,5.836397452050366,6.104179929934848
2026-05-26,6.314243996843924,6.68491440621805,6.539728171224875,6.440406333919347,6.418491063120529,5.959672321166023,6.166979605107577,5.828855219440624,6.099070710644602
2026-05-27,6.28844078413903,6.644242418336212,6.506517688860088,6.401221968578239,6.385896255098044,5.916379409844014,6.131988692299108,5.786512604188465,6.064465107072944
2026-05-28,6.253097092713663,6.585703057005006,6.459653813742846,6.34482374855759,6.339901168490816,5.870394422309934,6.0909428601292515,5.74153700483345,6.02387125906121
2026-05-29,6.3239111505604235,6.639825867024623,6.522870998349759,6.396966957472221,6.401946397866017,5.923601322230634,6.153059595441536,5.793575992818003,6.085303983870328
2026-06-01,6.2445632706118674,6.526090295671014,6.42628832174983,6.2873913893159,6.3071542244945675,5.838485212450494,6.070334833147114,5.710328214414411,6.0034901613733185
2026-06-02,6.216402570825127,6.523137524447106,6.410344407458073,6.284546618936285,6.291505887329257,5.826410713776739,6.050370344569647,5.698518755634826,5.983745515641884
2026-06-03,6.303055543592164,6.688936813258242,6.536563631420307,6.444281617012748,6.415385189310072,5.958040036669372,6.160916186117413,5.82725876421705,6.0930740601710625
2026-06-04,6.231417219317122,6.601237215970326,6.456522870365171,6.359789728630468,6.336828268278057,5.887676511048267,6.0895175570484685,5.758439745070947,6.022461650982305
2026-06-05,6.241956862249588,6.59791861167182,6.460312123777481,6.356592505921978,6.340547274408897,5.881307846499593,6.09132956222458,5.7522108751608405,6.02425370291126
2026-06-08,6.147141793469752,6.4500620151731205,6.338727237369486,6.214143926518145,6.221216396062302,5.739861099265015,5.971712897290284,5.613868938480359,5.9059542201301705
2026-06-09,6.175769730664691,6.464851774103273,6.360739552688269,6.228392733803141,6.242820634870554,5.768241884394992,6.000381395674171,5.641626754451074,5.934307029772432
2026-06-10,6.142570237163987,6.364848439542904,6.29441972788375,6.132047130826298,6.177730283762613,5.681894660728024,5.939356734573478,5.557174885584407,5.873954353587481
2026-06-11,6.12313908540115,6.345617249421541,6.274952869880633,6.113519342564533,6.158624313170468,5.6651957241753115,5.921231200743403,5.540842497117562,5.856028412595841
2026-06-12,6.191571443804765,6.452220603064343,6.362651331889414,6.216223561691038,6.244696972448498,5.753406751624524,6.000349689633544,5.62711725855595,5.934275672869033
2026-06-15,6.322063770864024,6.585464521753818,6.49539937037,6.344593937994692,6.374984054162911,5.890098939333533,6.134835588406572,5.760809000122796,6.067280654030631
2026-06-16,6.2984557551144364,6.594442475583712,6.4876721782923,6.353243513321775,6.367400113057841,5.881412791058533,6.118845381913427,5.7523135161463115,6.051466526803953
2026-06-17,6.319610258509435,6.619471458214082,6.510880352128999,6.377357033476088,6.390178040895521,5.907548927430738,6.14271452833562,5.777875954263601,6.075072833481393
2026-06-18,6.3628650266696605,6.662119819617525,6.554135196682484,6.41844548431078,6.432631003149335,5.952054817440288,6.186875112966156,5.821404922854153,6.1187471352517395
2026-06-19,6.3483382766406455,6.711451859182786,6.570949255953339,6.465973150451986,6.449133354063494,5.974104522696057,6.191277047967294,5.842970628591154,6.123100597490104
2026-06-22,6.399532446292134,6.827776256038016,6.654563987323913,6.57804285497938,6.531197989166933,6.06244706438895,6.2620852906595665,5.929374017484944,6.193129121456516
2026-06-23,6.285453932960855,6.679859752318382,6.523037587244763,6.435536559526887,6.402109898443687,5.926699071058599,6.13606816375861,5.796605744866661,6.06849965663963
2026-06-24,6.244960787489454,6.5938047533877135,6.459832322491034,6.352629116514157,6.340076367944821,5.864165451490732,6.083878054146467,5.735444762321674,6.016884248562534
2026-06-25,6.2862791030018945,6.607763595307522,6.487965375370819,6.366077398489299,6.367687874686297,5.8931242024192585,6.119015164283972,5.763767857519164,6.0516344395829265
2026-06-26,6.263637010197962,6.57892092962348,6.462114080774958,6.3382896849194985,6.3423158257280985,5.853921101403408,6.087630044960443,5.7254252796625025,6.02059492360047
2026-06-29,6.308459762807866,6.564014653902191,6.477838499009977,6.323928622572726,6.357748735976314,5.859404370539161,6.112266631943571,5.730788188929849,6.044960220017957
2026-06-30,6.304500144272442,6.580662267940742,6.48399758765737,6.339967331878981,6.363793644022218,5.874673134793474,6.118279608830233,5.745721797930813,6.0509069838410205
2026-07-01,6.281344755653502,6.535273797526001,6.449785274861065,6.2962389945237405,6.330215578056421,5.855919823922769,6.097337269976753,5.726807210630459,6.029893695471393
2026-07-02,6.330642341219713,6.498390269149788,6.456894523825689,6.260704521628995,6.337193031820587,5.845230995782657,6.115699250002179,5.713051400225894,6.046313849844689
2026-07-03,6.406217558920153,6.573867819671482,6.532940555905475,6.3334213980031295,6.411829280378678,5.909262519701407,6.1857155488203714,5.781341844709248,6.118541097183388
2026-07-06,6.497664380394573,6.621756371043437,6.603521143861616,6.379558373114028,6.4811014062477,5.957605844167989,6.255267693589243,5.8373168062106195,6.191902830291855
2026-07-07,6.454341088765244,6.5379609854621865,6.539928994242432,6.29882789561551,6.418688163169601,5.893468901829029,6.200850077083525,5.763148395135594,6.132061474490116
2026-07-08,6.388746495636302,6.4446544191290345,6.460209198244329,6.208934119227089,6.340446256966368,5.815929241836612,6.128645390195075,5.6786076206218965,6.0560695876394055
2026-07-09,6.378709037987465,6.470298130119905,6.467710018819666,6.233639883378261,6.347808023169542,5.827103759197531,6.129591281671755,5.6892100428648495,6.056833538873633
2026-07-10,6.376062891031188,6.516511520171814,6.4891559000129915,6.278162968030677,6.3688563287223285,5.853236152412153,6.141911833200444,5.7205279310249395,6.072051110493525
2026-07-13,6.344587245957046,6.466612128967545,6.4483727257613035,6.230088701758581,6.328829215575343,5.810162519287362,6.104210340751335,5.674254772486668,6.032582231726963
2026-07-14,6.404958128477225,6.505018937410801,6.498319822419624,6.267090739082125,6.37785036525261,5.844461104611036,6.1513678143724615,5.718337451022034,6.084767166067145
2026-07-15,6.465511094909637,6.617232664673055,6.584781124249161,6.3752001262629525,6.462708799512991,5.924855277447427,6.222611630141132,5.806385791734909,6.160185751875627
2026-07-16,6.403300146104246,6.487341813110161,6.488745656909258,6.250060174980149,6.368453690932795,5.8330196380424635,6.144606530387553,5.704816604607344,6.076853147608296
2026-07-17,6.292970141603765,6.275206198600646,6.32742102571907,6.045683653110829,6.210119785234464,5.679448364625766,6.011106328926017,5.543058947271713,5.938737204870867
2026-07-21,6.430492290584585,6.454347179817108,6.4864248076581035,6.218272356567954,6.36617586687232,5.809360698700182,6.145487161446511,5.67786103497596,6.075713864653266
2026-07-22,6.44796251833103,6.518373120929944,6.526988368234189,6.279956478700423,6.40598743766383,5.848205078768964,6.174189279966296,5.715285004742324,6.103801600681909
2026-07-23,6.4646754965667395,6.568429652989912,6.560269813896058,6.328182138229165,6.438651893426435,5.879173187436065,6.19842337511673,5.746111962195656,6.128052791998596
2026-07-24,6.43425833406328,6.502183431235844,6.511963574990547,6.264358944653751,6.391241182370854,5.83340911655437,6.159834943039902,5.689552418753195,6.083676576631117
2026-07-27,6.5148510371146475,6.553445304253981,6.578636169190578,6.313745858473843,6.456677763039591,5.886369490744138,6.226522707019349,5.740739485432668,6.149307858260369
2026-07-28,6.418742754990507,6.349683105697311,6.428745025278633,6.117436485690095,6.309565384290743,5.742345991071028,6.104895755359873,5.582865484993992,6.020062717038118
2026-07-29,6.478929738553827,6.317374108987922,6.443702324168205,6.086309225951933,6.324245396477421,5.728052601433443,6.126666353861494,5.568658083577784,6.041471865911271
2026-07-30,6.411444190941381,6.27383039555866,6.38756764721879,6.0443581715732355,6.269151375304443,5.687494252074505,6.072796841971558,5.526590816018949,5.986933041506216
2026-07-31,6.410416966620801,6.405406671492934,6.451967819269402,6.171121900983502,6.332357661245967,5.762285747031081,6.111235708546989,5.6016349853677285,6.025947899605432
2026-08-03,6.326349161021316,6.3330962878505686,6.373108166431538,6.101456348888289,6.25495995239199,5.698167589250525,6.037123654782608,5.536169700053631,5.951219315578623
2026-08-04,6.32032214327979,6.372448981310272,6.389873044210521,6.139369674446939,6.271414033568051,5.707774392132072,6.0393370485607845,5.545503383241107,5.953401214204342
2026-08-05,6.407646155806037,6.5677633727563265,6.532131947245987,6.327540227925487,6.411035662155015,5.833190728068271,6.147441302219943,5.667354155094775,6.059967214714026
2026-08-06,6.449737460075877,6.5335317219191404,6.536109189467516,6.294560637241834,6.414939172054261,5.834646550588932,6.168296008763426,5.66876858884059,6.080525172360626
2026-08-07,6.500075543417653,6.579846960507378,6.584768186191729,6.339181845208718,6.462696101308444,5.884897826695518,6.218934621362376,5.71759123012182,6.130443230470009
2026-08-10,6.5116244740203815,6.6121113581913376,6.606819451926613,6.370266137179694,6.48433856844838,5.8845937262751,6.224283997031474,5.7172957752221665,6.135716488005988
2026-08-12,6.559343002649748,6.7080699281308025,6.679137477046275,6.462714917235445,6.555315921907116,5.958990860532474,6.2864638006143645,5.789577812209545,6.197011513465378
2026-08-13,6.590659184155956,6.775609780084464,6.7288945801641775,6.527784425067846,6.604150600249596,5.999192349574482,6.322702480330372,5.828636380081657,6.2327345403618235
2026-08-14,6.611815663794161,6.7913486240678,6.747470145581649,6.542947603579835,6.622381801532404,6.017349698325979,6.342415828626515,5.846277518643635,6.252167380545873
2026-08-17,6.602133700233307,6.8279808522228675,6.761025216853496,6.578239967834495,6.635685581374681,6.031824016752319,6.345463827267648,5.860340334776317,6.255172008150709
2026-08-18,6.578097444999669,6.762852550153383,6.716148373300469,6.5154938048057565,6.591640689638423,6.005352810574205,6.3199722153584155,5.8346217002729,6.23004312528291
2026-08-19,6.4135739753283705,6.497799304498544,6.499914716538348,6.260135172157675,6.379415692339552,5.805841484074239,6.135781650891503,5.64078244523409,6.048473472633101
2026-08-20,6.510934888131941,6.567229194183004,6.583889248015509,6.327025587519043,6.461833457375638,5.869454396337045,6.215935019951226,5.702586853736549,6.127486311434082
